date,model_id,rule_version,rule_status,actual,fitted,residual
2022-02-25,M1_absdev_dii,RQI_DII_v1.0,frozen_confirmed_by_researcher,8.244235,5.39467939302142,2.84955560697858
2022-02-26,M1_absdev_dii,RQI_DII_v1.0,frozen_confirmed_by_researcher,13.726671,5.369084691143513,8.357586308856487
2022-02-27,M1_absdev_dii,RQI_DII_v1.0,frozen_confirmed_by_researcher,25.797639,5.338923303476065,20.458715696523935
2022-02-28,M1_absdev_dii,RQI_DII_v1.0,frozen_confirmed_by_researcher,24.356061,5.315294241897533,19.040766758102468
2022-03-01,M1_absdev_dii,RQI_DII_v1.0,frozen_confirmed_by_researcher,5.005775000000001,5.282343847193914,-0.2765688471939134
2022-03-02,M1_absdev_dii,RQI_DII_v1.0,frozen_confirmed_by_researcher,5.1391160000000005,5.256252510293649,-0.11713651029364858
2022-03-03,M1_absdev_dii,RQI_DII_v1.0,frozen_confirmed_by_researcher,3.4462909999999995,5.234480244224073,-1.7881892442240739
2022-03-04,M1_absdev_dii,RQI_DII_v1.0,frozen_confirmed_by_researcher,6.9268279999999995,5.263687181373058,1.6631408186269416
2022-03-05,M1_absdev_dii,RQI_DII_v1.0,frozen_confirmed_by_researcher,1.582515,5.277381172262523,-3.6948661722625227
2022-03-06,M1_absdev_dii,RQI_DII_v1.0,frozen_confirmed_by_researcher,11.706273,5.256235696806527,6.450037303193472
2022-03-07,M1_absdev_dii,RQI_DII_v1.0,frozen_confirmed_by_researcher,0.706601,5.259510890686784,-4.5529098906867835
2022-03-08,M1_absdev_dii,RQI_DII_v1.0,frozen_confirmed_by_researcher,14.313039999999999,5.231772284015165,9.081267715984835
2022-03-09,M1_absdev_dii,RQI_DII_v1.0,frozen_confirmed_by_researcher,0.849056,5.223271406146097,-4.374215406146097
2022-03-10,M1_absdev_dii,RQI_DII_v1.0,frozen_confirmed_by_researcher,0.25866700000000004,5.2136777796309275,-4.9550107796309275
2022-03-11,M1_absdev_dii,RQI_DII_v1.0,frozen_confirmed_by_researcher,3.2308499999999998,5.164741388645098,-1.933891388645098
2022-03-12,M1_absdev_dii,RQI_DII_v1.0,frozen_confirmed_by_researcher,7.491574,5.158063635981506,2.333510364018494
2022-03-13,M1_absdev_dii,RQI_DII_v1.0,frozen_confirmed_by_researcher,3.452289,5.136674918127824,-1.6843859181278238
2022-03-14,M1_absdev_dii,RQI_DII_v1.0,frozen_confirmed_by_researcher,10.941313000000001,5.111959464538387,5.829353535461614
2022-03-15,M1_absdev_dii,RQI_DII_v1.0,frozen_confirmed_by_researcher,7.202201,5.0982089803741815,2.103992019625818
2022-03-16,M1_absdev_dii,RQI_DII_v1.0,frozen_confirmed_by_researcher,1.4953049999999999,5.094569016190917,-3.599264016190917
2022-03-17,M1_absdev_dii,RQI_DII_v1.0,frozen_confirmed_by_researcher,0.732325,5.054028173347774,-4.321703173347774
2022-03-18,M1_absdev_dii,RQI_DII_v1.0,frozen_confirmed_by_researcher,6.61743,5.010909037957958,1.6065209620420413
2022-03-19,M1_absdev_dii,RQI_DII_v1.0,frozen_confirmed_by_researcher,1.809569,4.965699590986446,-3.1561305909864465
2022-03-20,M1_absdev_dii,RQI_DII_v1.0,frozen_confirmed_by_researcher,1.098468,4.9431464734104225,-3.8446784734104225
2022-03-21,M1_absdev_dii,RQI_DII_v1.0,frozen_confirmed_by_researcher,4.612519,4.914371039377272,-0.30185203937727234
2022-03-22,M1_absdev_dii,RQI_DII_v1.0,frozen_confirmed_by_researcher,9.610303,4.885443432221649,4.724859567778351
2022-03-23,M1_absdev_dii,RQI_DII_v1.0,frozen_confirmed_by_researcher,4.474431,4.918945195481143,-0.4445141954811431
2022-03-24,M1_absdev_dii,RQI_DII_v1.0,frozen_confirmed_by_researcher,11.153319000000002,4.91770306206746,6.2356159379325415
2022-03-25,M1_absdev_dii,RQI_DII_v1.0,frozen_confirmed_by_researcher,2.616764,4.888574056477211,-2.271810056477211
2022-03-26,M1_absdev_dii,RQI_DII_v1.0,frozen_confirmed_by_researcher,8.306303,4.9155204666869565,3.3907825333130432
2022-03-27,M1_absdev_dii,RQI_DII_v1.0,frozen_confirmed_by_researcher,7.239913,4.889518537150082,2.350394462849918
2022-03-28,M1_absdev_dii,RQI_DII_v1.0,frozen_confirmed_by_researcher,6.601159000000001,4.857490587711538,1.7436684122884625
2022-03-29,M1_absdev_dii,RQI_DII_v1.0,frozen_confirmed_by_researcher,6.924678999999999,4.857717431331935,2.0669615686680647
2022-03-30,M1_absdev_dii,RQI_DII_v1.0,frozen_confirmed_by_researcher,10.908890000000001,4.838633340754228,6.070256659245773
2022-03-31,M1_absdev_dii,RQI_DII_v1.0,frozen_confirmed_by_researcher,78.603676,6.912036321275366,71.69163967872463
2022-04-01,M1_absdev_dii,RQI_DII_v1.0,frozen_confirmed_by_researcher,75.398704,6.915439715076474,68.48326428492352
2022-04-02,M1_absdev_dii,RQI_DII_v1.0,frozen_confirmed_by_researcher,55.911086999999995,6.877400187440827,49.03368681255917
2022-04-03,M1_absdev_dii,RQI_DII_v1.0,frozen_confirmed_by_researcher,32.681375,6.866782620166191,25.81459237983381
2022-04-04,M1_absdev_dii,RQI_DII_v1.0,frozen_confirmed_by_researcher,10.914974,6.8626573430343,4.052316656965701
2022-04-05,M1_absdev_dii,RQI_DII_v1.0,frozen_confirmed_by_researcher,4.016879,6.854482021694423,-2.837603021694423
2022-04-06,M1_absdev_dii,RQI_DII_v1.0,frozen_confirmed_by_researcher,20.06369,6.859073855786221,13.20461614421378
2022-04-07,M1_absdev_dii,RQI_DII_v1.0,frozen_confirmed_by_researcher,14.919605,6.866155642837867,8.053449357162133
2022-04-08,M1_absdev_dii,RQI_DII_v1.0,frozen_confirmed_by_researcher,34.684625,6.861211939158238,27.82341306084176
2022-04-09,M1_absdev_dii,RQI_DII_v1.0,frozen_confirmed_by_researcher,16.626347000000003,6.841605386715628,9.784741613284375
2022-04-10,M1_absdev_dii,RQI_DII_v1.0,frozen_confirmed_by_researcher,13.035145,6.815345465716973,6.219799534283027
2022-04-11,M1_absdev_dii,RQI_DII_v1.0,frozen_confirmed_by_researcher,22.633172,6.796094317389986,15.837077682610012
2022-04-12,M1_absdev_dii,RQI_DII_v1.0,frozen_confirmed_by_researcher,21.560414,6.791607288714516,14.768806711285485
2022-04-13,M1_absdev_dii,RQI_DII_v1.0,frozen_confirmed_by_researcher,24.905146,6.799426655414408,18.10571934458559
2022-04-14,M1_absdev_dii,RQI_DII_v1.0,frozen_confirmed_by_researcher,0.578524,6.817982918742388,-6.239458918742388
2022-04-15,M1_absdev_dii,RQI_DII_v1.0,frozen_confirmed_by_researcher,5.672137,6.808625345667281,-1.1364883456672805
2022-04-16,M1_absdev_dii,RQI_DII_v1.0,frozen_confirmed_by_researcher,0.412932,6.7995803462323465,-6.386648346232347
2022-04-17,M1_absdev_dii,RQI_DII_v1.0,frozen_confirmed_by_researcher,21.719978,6.769804886173375,14.950173113826626
2022-04-18,M1_absdev_dii,RQI_DII_v1.0,frozen_confirmed_by_researcher,1.5450549999999998,6.765264330105765,-5.2202093301057655
2022-04-19,M1_absdev_dii,RQI_DII_v1.0,frozen_confirmed_by_researcher,8.295909,6.777936870838346,1.5179721291616541
2022-04-20,M1_absdev_dii,RQI_DII_v1.0,frozen_confirmed_by_researcher,5.891755,6.749671476079101,-0.8579164760791009
2022-04-21,M1_absdev_dii,RQI_DII_v1.0,frozen_confirmed_by_researcher,11.980356,6.732809782173916,5.247546217826084
2022-04-22,M1_absdev_dii,RQI_DII_v1.0,frozen_confirmed_by_researcher,6.570311,6.72058277314801,-0.15027177314800966
2022-04-23,M1_absdev_dii,RQI_DII_v1.0,frozen_confirmed_by_researcher,5.369788,6.693783142887213,-1.3239951428872132
2022-04-24,M1_absdev_dii,RQI_DII_v1.0,frozen_confirmed_by_researcher,10.521059999999999,6.681161058929661,3.839898941070338
2022-04-25,M1_absdev_dii,RQI_DII_v1.0,frozen_confirmed_by_researcher,7.96164,6.677290801644688,1.2843491983553124
2022-04-26,M1_absdev_dii,RQI_DII_v1.0,frozen_confirmed_by_researcher,5.254713,6.6454192985085,-1.3907062985085004
2022-04-27,M1_absdev_dii,RQI_DII_v1.0,frozen_confirmed_by_researcher,20.662803,6.653649038991119,14.00915396100888
2022-04-28,M1_absdev_dii,RQI_DII_v1.0,frozen_confirmed_by_researcher,24.109295999999997,6.633206833417688,17.47608916658231
2022-04-29,M1_absdev_dii,RQI_DII_v1.0,frozen_confirmed_by_researcher,14.689703999999999,6.130892794009355,8.558811205990644
2022-04-30,M1_absdev_dii,RQI_DII_v1.0,frozen_confirmed_by_researcher,26.172708,6.1188519624267315,20.05385603757327
2022-05-01,M1_absdev_dii,RQI_DII_v1.0,frozen_confirmed_by_researcher,20.396379,6.106181000142328,14.290197999857671
2022-05-02,M1_absdev_dii,RQI_DII_v1.0,frozen_confirmed_by_researcher,17.565199,6.089346045339084,11.475852954660915
2022-05-03,M1_absdev_dii,RQI_DII_v1.0,frozen_confirmed_by_researcher,16.441744,6.101094855600991,10.34064914439901
2022-05-04,M1_absdev_dii,RQI_DII_v1.0,frozen_confirmed_by_researcher,15.682058999999999,6.100929313657929,9.58112968634207
2022-05-05,M1_absdev_dii,RQI_DII_v1.0,frozen_confirmed_by_researcher,0.52329,6.090507529480448,-5.567217529480447
2022-05-06,M1_absdev_dii,RQI_DII_v1.0,frozen_confirmed_by_researcher,7.298161,6.097716287292911,1.200444712707089
2022-05-07,M1_absdev_dii,RQI_DII_v1.0,frozen_confirmed_by_researcher,29.605096999999997,23.30454302179575,6.3005539782042455
2022-05-08,M1_absdev_dii,RQI_DII_v1.0,frozen_confirmed_by_researcher,27.456968,23.27955587458206,4.177412125417941
2022-05-09,M1_absdev_dii,RQI_DII_v1.0,frozen_confirmed_by_researcher,7.970756000000001,23.27685453226053,-15.306098532260528
2022-05-10,M1_absdev_dii,RQI_DII_v1.0,frozen_confirmed_by_researcher,7.970756000000001,23.26825193337828,-15.29749593337828
2022-05-11,M1_absdev_dii,RQI_DII_v1.0,frozen_confirmed_by_researcher,0.0,23.248459280817656,-23.248459280817656
2022-05-12,M1_absdev_dii,RQI_DII_v1.0,frozen_confirmed_by_researcher,0.0,22.359782170652124,-22.359782170652124
2022-05-13,M1_absdev_dii,RQI_DII_v1.0,frozen_confirmed_by_researcher,0.0,22.3399895180915,-22.3399895180915
2022-05-14,M1_absdev_dii,RQI_DII_v1.0,frozen_confirmed_by_researcher,0.0,22.191071268084983,-22.191071268084983
2022-05-15,M1_absdev_dii,RQI_DII_v1.0,frozen_confirmed_by_researcher,2.0,22.134275230027583,-20.134275230027583
2022-05-16,M1_absdev_dii,RQI_DII_v1.0,frozen_confirmed_by_researcher,2.7657000000000003,22.10965145609839,-19.34395145609839
2022-05-17,M1_absdev_dii,RQI_DII_v1.0,frozen_confirmed_by_researcher,2.7657000000000003,21.98460457251707,-19.218904572517072
2022-05-18,M1_absdev_dii,RQI_DII_v1.0,frozen_confirmed_by_researcher,1.988,21.94169422553881,-19.95369422553881
2022-05-19,M1_absdev_dii,RQI_DII_v1.0,frozen_confirmed_by_researcher,4.4593,21.909955251558728,-17.45065525155873
2022-05-20,M1_absdev_dii,RQI_DII_v1.0,frozen_confirmed_by_researcher,5.0120000000000005,21.849815263658854,-16.837815263658854
2022-05-21,M1_absdev_dii,RQI_DII_v1.0,frozen_confirmed_by_researcher,5.0120000000000005,4.578902410615797,0.43309758938420373
2022-05-22,M1_absdev_dii,RQI_DII_v1.0,frozen_confirmed_by_researcher,0.9383,4.546788338722678,-3.608488338722678
2022-05-23,M1_absdev_dii,RQI_DII_v1.0,frozen_confirmed_by_researcher,4.3695,5.115255511103015,-0.745755511103015
2022-05-24,M1_absdev_dii,RQI_DII_v1.0,frozen_confirmed_by_researcher,1.5237,5.069437165003961,-3.5457371650039615
2022-05-25,M1_absdev_dii,RQI_DII_v1.0,frozen_confirmed_by_researcher,1.5237,5.039724047657501,-3.516024047657501
2022-05-26,M1_absdev_dii,RQI_DII_v1.0,frozen_confirmed_by_researcher,1.2672,5.017420034427715,-3.7502200344277155
2022-05-27,M1_absdev_dii,RQI_DII_v1.0,frozen_confirmed_by_researcher,0.7517,5.022823746855352,-4.271123746855352
2022-05-28,M1_absdev_dii,RQI_DII_v1.0,frozen_confirmed_by_researcher,3.1002,4.962597346296974,-1.8623973462969738
2022-05-29,M1_absdev_dii,RQI_DII_v1.0,frozen_confirmed_by_researcher,1.3216,4.927955360973726,-3.606355360973726
2022-05-30,M1_absdev_dii,RQI_DII_v1.0,frozen_confirmed_by_researcher,3.994,4.907510419996186,-0.9135104199961854
2022-05-31,M1_absdev_dii,RQI_DII_v1.0,frozen_confirmed_by_researcher,3.5515999999999996,4.8828068294427,-1.3312068294427002
2022-06-01,M1_absdev_dii,RQI_DII_v1.0,frozen_confirmed_by_researcher,3.5515999999999996,4.83803371432262,-1.2864337143226203
2022-06-02,M1_absdev_dii,RQI_DII_v1.0,frozen_confirmed_by_researcher,2.3883,4.823235123725652,-2.4349351237256522
2022-06-03,M1_absdev_dii,RQI_DII_v1.0,frozen_confirmed_by_researcher,6.816800000000001,4.781719030028938,2.0350809699710624
2022-06-04,M1_absdev_dii,RQI_DII_v1.0,frozen_confirmed_by_researcher,2.9930000000000003,4.764575278572494,-1.7715752785724934
2022-06-05,M1_absdev_dii,RQI_DII_v1.0,frozen_confirmed_by_researcher,2.1656,4.748069462709822,-2.5824694627098217
2022-06-06,M1_absdev_dii,RQI_DII_v1.0,frozen_confirmed_by_researcher,3.994,4.729329760571915,-0.7353297605719145
2022-06-07,M1_absdev_dii,RQI_DII_v1.0,frozen_confirmed_by_researcher,3.278,4.744193422793728,-1.466193422793728
2022-06-08,M1_absdev_dii,RQI_DII_v1.0,frozen_confirmed_by_researcher,3.278,4.716971369746119,-1.438971369746119
2022-06-09,M1_absdev_dii,RQI_DII_v1.0,frozen_confirmed_by_researcher,5.9837,4.701662501820721,1.282037498179279
2022-06-10,M1_absdev_dii,RQI_DII_v1.0,frozen_confirmed_by_researcher,9.5606,4.679426581394438,4.881173418605563
2022-06-11,M1_absdev_dii,RQI_DII_v1.0,frozen_confirmed_by_researcher,5.0,4.731969705226987,0.26803029477301266
2022-06-12,M1_absdev_dii,RQI_DII_v1.0,frozen_confirmed_by_researcher,4.2396,4.7198955800588465,-0.4802955800588462
2022-06-13,M1_absdev_dii,RQI_DII_v1.0,frozen_confirmed_by_researcher,7.1648000000000005,4.683376500265382,2.4814234997346185
2022-06-14,M1_absdev_dii,RQI_DII_v1.0,frozen_confirmed_by_researcher,3.52,4.629264180470528,-1.1092641804705283
2022-06-15,M1_absdev_dii,RQI_DII_v1.0,frozen_confirmed_by_researcher,3.8787000000000003,4.633166681870534,-0.7544666818705341
2022-06-16,M1_absdev_dii,RQI_DII_v1.0,frozen_confirmed_by_researcher,5.12,4.595017682916392,0.5249823170836079
2022-06-17,M1_absdev_dii,RQI_DII_v1.0,frozen_confirmed_by_researcher,9.935,4.535999100305332,5.399000899694668
2022-06-18,M1_absdev_dii,RQI_DII_v1.0,frozen_confirmed_by_researcher,4.2012,4.457081908293958,-0.25588190829395785
2022-06-19,M1_absdev_dii,RQI_DII_v1.0,frozen_confirmed_by_researcher,2.5912,4.406630873722634,-1.8154308737226335
2022-06-20,M1_absdev_dii,RQI_DII_v1.0,frozen_confirmed_by_researcher,5.9719999999999995,4.331547944419555,1.640452055580445
2022-06-21,M1_absdev_dii,RQI_DII_v1.0,frozen_confirmed_by_researcher,0.5906,4.334642791095121,-3.7440427910951204
2022-06-22,M1_absdev_dii,RQI_DII_v1.0,frozen_confirmed_by_researcher,1.4814,4.299763041301418,-2.818363041301418
2022-06-23,M1_absdev_dii,RQI_DII_v1.0,frozen_confirmed_by_researcher,7.6398,4.2806306525726825,3.3591693474273177
2022-06-24,M1_absdev_dii,RQI_DII_v1.0,frozen_confirmed_by_researcher,0.11,4.284542690955277,-4.174542690955277
2022-06-25,M1_absdev_dii,RQI_DII_v1.0,frozen_confirmed_by_researcher,0.0726,4.256124640951839,-4.183524640951839
2022-06-26,M1_absdev_dii,RQI_DII_v1.0,frozen_confirmed_by_researcher,2.9930000000000003,4.219059720282303,-1.2260597202823025
2022-06-27,M1_absdev_dii,RQI_DII_v1.0,frozen_confirmed_by_researcher,1.9895,4.193986816238066,-2.204486816238066
2022-06-28,M1_absdev_dii,RQI_DII_v1.0,frozen_confirmed_by_researcher,2.4457999999999998,4.200841744997547,-1.755041744997547
2022-06-29,M1_absdev_dii,RQI_DII_v1.0,frozen_confirmed_by_researcher,3.6763,4.190704029237253,-0.5144040292372529
2022-06-30,M1_absdev_dii,RQI_DII_v1.0,frozen_confirmed_by_researcher,1.4503000000000001,4.166415978047127,-2.7161159780471262
2022-07-01,M1_absdev_dii,RQI_DII_v1.0,frozen_confirmed_by_researcher,9.7403,4.137955748521335,5.602344251478664
2022-07-02,M1_absdev_dii,RQI_DII_v1.0,frozen_confirmed_by_researcher,7.0325,4.119283928854912,2.9132160711450874
2022-07-03,M1_absdev_dii,RQI_DII_v1.0,frozen_confirmed_by_researcher,4.5639,4.093364194438124,0.4705358055618767
2022-07-04,M1_absdev_dii,RQI_DII_v1.0,frozen_confirmed_by_researcher,1.8833,4.072598996218801,-2.1892989962188008
2022-07-05,M1_absdev_dii,RQI_DII_v1.0,frozen_confirmed_by_researcher,0.0,4.03720852806677,-4.03720852806677
2022-07-06,M1_absdev_dii,RQI_DII_v1.0,frozen_confirmed_by_researcher,5.317399999999999,4.024873350916295,1.2925266490837046
2022-07-07,M1_absdev_dii,RQI_DII_v1.0,frozen_confirmed_by_researcher,7.2564,4.032686533610644,3.2237134663893565
2022-07-08,M1_absdev_dii,RQI_DII_v1.0,frozen_confirmed_by_researcher,2.8204000000000002,4.542952032269824,-1.7225520322698236
2022-07-09,M1_absdev_dii,RQI_DII_v1.0,frozen_confirmed_by_researcher,1.6595,4.517387845740046,-2.8578878457400463
2022-07-10,M1_absdev_dii,RQI_DII_v1.0,frozen_confirmed_by_researcher,0.0,4.505285831387255,-4.505285831387255
2022-07-11,M1_absdev_dii,RQI_DII_v1.0,frozen_confirmed_by_researcher,3.994,4.480371686415992,-0.48637168641599215
2022-07-12,M1_absdev_dii,RQI_DII_v1.0,frozen_confirmed_by_researcher,3.994,4.457492520910364,-0.46349252091036375
2022-07-13,M1_absdev_dii,RQI_DII_v1.0,frozen_confirmed_by_researcher,6.514,4.450019216627766,2.0639807833722346
2022-07-14,M1_absdev_dii,RQI_DII_v1.0,frozen_confirmed_by_researcher,0.9998,4.430428326983957,-3.4306283269839573
2022-07-15,M1_absdev_dii,RQI_DII_v1.0,frozen_confirmed_by_researcher,0.2079,4.416293073290149,-4.208393073290148
2022-07-16,M1_absdev_dii,RQI_DII_v1.0,frozen_confirmed_by_researcher,0.2079,4.4462573828960785,-4.238357382896078
2022-07-17,M1_absdev_dii,RQI_DII_v1.0,frozen_confirmed_by_researcher,0.2781,4.42757059584747,-4.14947059584747
2022-07-18,M1_absdev_dii,RQI_DII_v1.0,frozen_confirmed_by_researcher,1.5151,4.41052060472785,-2.89542060472785
2022-07-19,M1_absdev_dii,RQI_DII_v1.0,frozen_confirmed_by_researcher,2.2733,4.388389316221634,-2.115089316221634
2022-07-20,M1_absdev_dii,RQI_DII_v1.0,frozen_confirmed_by_researcher,1.0,4.378522402067148,-3.378522402067148
2022-07-21,M1_absdev_dii,RQI_DII_v1.0,frozen_confirmed_by_researcher,2.4509,4.338657139379393,-1.887757139379393
2022-07-22,M1_absdev_dii,RQI_DII_v1.0,frozen_confirmed_by_researcher,2.4622,4.310857981170102,-1.8486579811701018
2022-07-23,M1_absdev_dii,RQI_DII_v1.0,frozen_confirmed_by_researcher,0.9393,4.287853314638426,-3.3485533146384254
2022-07-24,M1_absdev_dii,RQI_DII_v1.0,frozen_confirmed_by_researcher,0.8601,4.255045975363487,-3.3949459753634867
2022-07-25,M1_absdev_dii,RQI_DII_v1.0,frozen_confirmed_by_researcher,0.9137,4.236399752333028,-3.3226997523330284
2022-07-26,M1_absdev_dii,RQI_DII_v1.0,frozen_confirmed_by_researcher,0.0,4.223571110441327,-4.223571110441327
2022-07-27,M1_absdev_dii,RQI_DII_v1.0,frozen_confirmed_by_researcher,3.7178,4.1977356429521535,-0.4799356429521535
2022-07-28,M1_absdev_dii,RQI_DII_v1.0,frozen_confirmed_by_researcher,0.1973,5.295902214966787,-5.098602214966787
2022-07-29,M1_absdev_dii,RQI_DII_v1.0,frozen_confirmed_by_researcher,0.481,5.325757028672911,-4.844757028672911
2022-07-30,M1_absdev_dii,RQI_DII_v1.0,frozen_confirmed_by_researcher,0.0638,5.3109184131880625,-5.247118413188063
2022-07-31,M1_absdev_dii,RQI_DII_v1.0,frozen_confirmed_by_researcher,0.0,5.309597536995028,-5.309597536995028
2022-08-01,M1_absdev_dii,RQI_DII_v1.0,frozen_confirmed_by_researcher,0.2092,5.285003727197392,-5.075803727197392
2022-08-02,M1_absdev_dii,RQI_DII_v1.0,frozen_confirmed_by_researcher,1.0951,5.257385928653434,-4.162285928653434
2022-08-03,M1_absdev_dii,RQI_DII_v1.0,frozen_confirmed_by_researcher,0.8715,5.256070155451454,-4.384570155451454
2022-08-04,M1_absdev_dii,RQI_DII_v1.0,frozen_confirmed_by_researcher,6.1002,5.233268619843358,0.8669313801566423
2022-08-05,M1_absdev_dii,RQI_DII_v1.0,frozen_confirmed_by_researcher,0.294,5.234298196153389,-4.94029819615339
2022-08-06,M1_absdev_dii,RQI_DII_v1.0,frozen_confirmed_by_researcher,0.15719999999999998,5.198720464857644,-5.041520464857644
2022-08-07,M1_absdev_dii,RQI_DII_v1.0,frozen_confirmed_by_researcher,0.15719999999999998,5.18094203425315,-5.02374203425315
2022-08-08,M1_absdev_dii,RQI_DII_v1.0,frozen_confirmed_by_researcher,0.4386,5.162684648856327,-4.724084648856327
2022-08-09,M1_absdev_dii,RQI_DII_v1.0,frozen_confirmed_by_researcher,0.5865,5.160407518184201,-4.573907518184201
2022-08-10,M1_absdev_dii,RQI_DII_v1.0,frozen_confirmed_by_researcher,0.5,5.150596321135993,-4.650596321135993
2022-08-11,M1_absdev_dii,RQI_DII_v1.0,frozen_confirmed_by_researcher,1.0,5.146597921610493,-4.146597921610493
2022-08-12,M1_absdev_dii,RQI_DII_v1.0,frozen_confirmed_by_researcher,0.3039,5.1422880887568,-4.8383880887568
2022-08-13,M1_absdev_dii,RQI_DII_v1.0,frozen_confirmed_by_researcher,0.0017,5.119597354299913,-5.117897354299913
2022-08-14,M1_absdev_dii,RQI_DII_v1.0,frozen_confirmed_by_researcher,0.0,5.10053383280308,-5.10053383280308
2022-08-15,M1_absdev_dii,RQI_DII_v1.0,frozen_confirmed_by_researcher,1.4613,5.104917751757256,-3.643617751757256
2022-08-16,M1_absdev_dii,RQI_DII_v1.0,frozen_confirmed_by_researcher,1.0576,5.092808403673928,-4.035208403673928
2022-08-17,M1_absdev_dii,RQI_DII_v1.0,frozen_confirmed_by_researcher,1.7933000000000001,5.078688051682207,-3.2853880516822063
2022-08-18,M1_absdev_dii,RQI_DII_v1.0,frozen_confirmed_by_researcher,0.7203999999999999,5.087941547710756,-4.367541547710756
2022-08-19,M1_absdev_dii,RQI_DII_v1.0,frozen_confirmed_by_researcher,0.0,5.112622254763437,-5.112622254763437
2022-08-20,M1_absdev_dii,RQI_DII_v1.0,frozen_confirmed_by_researcher,0.23879999999999998,5.136281698134383,-4.897481698134382
2022-08-21,M1_absdev_dii,RQI_DII_v1.0,frozen_confirmed_by_researcher,0.055400000000000005,5.120735693831421,-5.065335693831421
2022-08-22,M1_absdev_dii,RQI_DII_v1.0,frozen_confirmed_by_researcher,0.9215,5.0855123220837015,-4.1640123220837015
2022-08-23,M1_absdev_dii,RQI_DII_v1.0,frozen_confirmed_by_researcher,0.5754,5.101049657656773,-4.525649657656773
2022-08-24,M1_absdev_dii,RQI_DII_v1.0,frozen_confirmed_by_researcher,0.0,1.4123284132254526,-1.4123284132254526
2022-08-25,M1_absdev_dii,RQI_DII_v1.0,frozen_confirmed_by_researcher,1.2970000000000002,1.4049641304903844,-0.10796413049038422
2022-08-26,M1_absdev_dii,RQI_DII_v1.0,frozen_confirmed_by_researcher,0.16469999999999999,1.4007323032797103,-1.2360323032797103
2022-08-27,M1_absdev_dii,RQI_DII_v1.0,frozen_confirmed_by_researcher,0.4125,1.3682816637404471,-0.9557816637404472
2022-08-28,M1_absdev_dii,RQI_DII_v1.0,frozen_confirmed_by_researcher,0.9199,1.3430930207634901,-0.4231930207634901
2022-08-29,M1_absdev_dii,RQI_DII_v1.0,frozen_confirmed_by_researcher,0.2417,1.3288404422426936,-1.0871404422426936
2022-08-30,M1_absdev_dii,RQI_DII_v1.0,frozen_confirmed_by_researcher,0.0804,1.2993129186801866,-1.2189129186801866
2022-08-31,M1_absdev_dii,RQI_DII_v1.0,frozen_confirmed_by_researcher,0.4778,1.2670142383715586,-0.7892142383715586
2022-09-01,M1_absdev_dii,RQI_DII_v1.0,frozen_confirmed_by_researcher,0.034300000000000004,1.2574301686679803,-1.2231301686679803
2022-09-02,M1_absdev_dii,RQI_DII_v1.0,frozen_confirmed_by_researcher,0.0,1.2657641480060136,-1.2657641480060136
2022-09-03,M1_absdev_dii,RQI_DII_v1.0,frozen_confirmed_by_researcher,0.0,1.2637977707158257,-1.2637977707158257
2022-09-04,M1_absdev_dii,RQI_DII_v1.0,frozen_confirmed_by_researcher,0.0,1.2415814053341592,-1.2415814053341592
2022-09-05,M1_absdev_dii,RQI_DII_v1.0,frozen_confirmed_by_researcher,3.673,1.2184084350166415,2.4545915649833585
2022-09-06,M1_absdev_dii,RQI_DII_v1.0,frozen_confirmed_by_researcher,0.8797999999999999,1.2010818031000383,-0.3212818031000384
2022-09-07,M1_absdev_dii,RQI_DII_v1.0,frozen_confirmed_by_researcher,0.2703,1.2134021416427458,-0.9431021416427459
2022-09-08,M1_absdev_dii,RQI_DII_v1.0,frozen_confirmed_by_researcher,0.030000000000000002,1.1777036482558003,-1.1477036482558003
2022-09-09,M1_absdev_dii,RQI_DII_v1.0,frozen_confirmed_by_researcher,0.0,1.1632559826844044,-1.1632559826844044
2022-09-10,M1_absdev_dii,RQI_DII_v1.0,frozen_confirmed_by_researcher,0.4919,1.1372723280508978,-0.6453723280508978
2022-09-11,M1_absdev_dii,RQI_DII_v1.0,frozen_confirmed_by_researcher,0.19069999999999998,1.1210965859592363,-0.9303965859592364
2022-09-12,M1_absdev_dii,RQI_DII_v1.0,frozen_confirmed_by_researcher,0.0713,1.11110247450506,-1.03980247450506
2022-09-13,M1_absdev_dii,RQI_DII_v1.0,frozen_confirmed_by_researcher,0.92,1.1062737848566542,-0.18627378485665413
2022-09-14,M1_absdev_dii,RQI_DII_v1.0,frozen_confirmed_by_researcher,0.4682,1.1015752146149396,-0.6333752146149396
2022-09-15,M1_absdev_dii,RQI_DII_v1.0,frozen_confirmed_by_researcher,0.0,1.1525260637427834,-1.1525260637427834
2022-09-16,M1_absdev_dii,RQI_DII_v1.0,frozen_confirmed_by_researcher,0.1435,1.1824285724910908,-1.0389285724910908
2022-09-17,M1_absdev_dii,RQI_DII_v1.0,frozen_confirmed_by_researcher,0.37070000000000003,1.17980535483332,-0.80910535483332
2022-09-18,M1_absdev_dii,RQI_DII_v1.0,frozen_confirmed_by_researcher,0.8611,1.1613377053351996,-0.30023770533519967
2022-09-19,M1_absdev_dii,RQI_DII_v1.0,frozen_confirmed_by_researcher,0.37070000000000003,1.1434951169861165,-0.7727951169861165
2022-09-20,M1_absdev_dii,RQI_DII_v1.0,frozen_confirmed_by_researcher,0.1057,1.1428271578810723,-1.0371271578810723
2022-09-21,M1_absdev_dii,RQI_DII_v1.0,frozen_confirmed_by_researcher,0.5078,1.1030665496928407,-0.5952665496928407
2022-09-22,M1_absdev_dii,RQI_DII_v1.0,frozen_confirmed_by_researcher,0.9493,1.10710554132271,-0.15780554132270996
2022-09-23,M1_absdev_dii,RQI_DII_v1.0,frozen_confirmed_by_researcher,0.7509,1.8365159807795521,-1.085615980779552
2022-09-24,M1_absdev_dii,RQI_DII_v1.0,frozen_confirmed_by_researcher,0.33859999999999996,1.8358714756430743,-1.4972714756430743
2022-09-25,M1_absdev_dii,RQI_DII_v1.0,frozen_confirmed_by_researcher,0.36019999999999996,1.8189463668834946,-1.4587463668834948
2022-09-26,M1_absdev_dii,RQI_DII_v1.0,frozen_confirmed_by_researcher,0.1459,1.8288036744644955,-1.6829036744644956
2022-09-27,M1_absdev_dii,RQI_DII_v1.0,frozen_confirmed_by_researcher,2.5963000000000003,1.8313428782184076,0.7649571217815927
2022-09-28,M1_absdev_dii,RQI_DII_v1.0,frozen_confirmed_by_researcher,0.39530000000000004,1.8246228150917432,-1.4293228150917432
2022-09-29,M1_absdev_dii,RQI_DII_v1.0,frozen_confirmed_by_researcher,0.9021,1.8434770386783441,-0.9413770386783441
2022-09-30,M1_absdev_dii,RQI_DII_v1.0,frozen_confirmed_by_researcher,0.9009,1.8617887149110288,-0.9608887149110288
2022-10-01,M1_absdev_dii,RQI_DII_v1.0,frozen_confirmed_by_researcher,0.0595,2.003745057295845,-1.944245057295845
2022-10-02,M1_absdev_dii,RQI_DII_v1.0,frozen_confirmed_by_researcher,0.0,1.9847047969683729,-1.9847047969683729
2022-10-03,M1_absdev_dii,RQI_DII_v1.0,frozen_confirmed_by_researcher,0.40240000000000004,1.9566283197359553,-1.5542283197359552
2022-10-04,M1_absdev_dii,RQI_DII_v1.0,frozen_confirmed_by_researcher,0.2173,1.9584743734691585,-1.7411743734691585
2022-10-05,M1_absdev_dii,RQI_DII_v1.0,frozen_confirmed_by_researcher,0.8351000000000001,2.0036047403025634,-1.1685047403025632
2022-10-06,M1_absdev_dii,RQI_DII_v1.0,frozen_confirmed_by_researcher,0.30960000000000004,2.018978467394305,-1.709378467394305
2022-10-07,M1_absdev_dii,RQI_DII_v1.0,frozen_confirmed_by_researcher,0.0,2.0250151167963963,-2.0250151167963963
2022-10-08,M1_absdev_dii,RQI_DII_v1.0,frozen_confirmed_by_researcher,1.0,2.0193550687741606,-1.0193550687741606
2022-10-09,M1_absdev_dii,RQI_DII_v1.0,frozen_confirmed_by_researcher,0.4588,2.0051560055126743,-1.5463560055126742
2022-10-10,M1_absdev_dii,RQI_DII_v1.0,frozen_confirmed_by_researcher,0.2082,1.9855480767832603,-1.7773480767832603
2022-10-11,M1_absdev_dii,RQI_DII_v1.0,frozen_confirmed_by_researcher,0.3506,1.975141090817317,-1.624541090817317
2022-10-12,M1_absdev_dii,RQI_DII_v1.0,frozen_confirmed_by_researcher,0.4421,1.9634431738897717,-1.5213431738897718
2022-10-13,M1_absdev_dii,RQI_DII_v1.0,frozen_confirmed_by_researcher,0.0,1.9653474331934433,-1.9653474331934433
2022-10-14,M1_absdev_dii,RQI_DII_v1.0,frozen_confirmed_by_researcher,0.0,1.996182392015868,-1.996182392015868
2022-10-15,M1_absdev_dii,RQI_DII_v1.0,frozen_confirmed_by_researcher,0.7149,2.0247839410857864,-1.3098839410857863
2022-10-16,M1_absdev_dii,RQI_DII_v1.0,frozen_confirmed_by_researcher,0.2598,2.0065512201378226,-1.7467512201378226
2022-10-17,M1_absdev_dii,RQI_DII_v1.0,frozen_confirmed_by_researcher,0.038,1.9871617801767059,-1.9491617801767058
2022-10-18,M1_absdev_dii,RQI_DII_v1.0,frozen_confirmed_by_researcher,0.38680000000000003,1.9978748122868808,-1.6110748122868808
2022-10-19,M1_absdev_dii,RQI_DII_v1.0,frozen_confirmed_by_researcher,0.0797,2.00839898964378,-1.92869898964378
2022-10-20,M1_absdev_dii,RQI_DII_v1.0,frozen_confirmed_by_researcher,0.4422,2.0161150004752812,-1.5739150004752813
2022-10-21,M1_absdev_dii,RQI_DII_v1.0,frozen_confirmed_by_researcher,0.041999999999999996,2.0555858438266625,-2.0135858438266627
2022-10-22,M1_absdev_dii,RQI_DII_v1.0,frozen_confirmed_by_researcher,1.6963,2.0441433568852574,-0.34784335688525747
2022-10-23,M1_absdev_dii,RQI_DII_v1.0,frozen_confirmed_by_researcher,0.0,2.015629536271888,-2.015629536271888
2022-10-24,M1_absdev_dii,RQI_DII_v1.0,frozen_confirmed_by_researcher,0.9390000000000001,1.9944043769095003,-1.0554043769095003
2022-10-25,M1_absdev_dii,RQI_DII_v1.0,frozen_confirmed_by_researcher,0.0753,2.783282709228587,-2.707982709228587
2022-10-26,M1_absdev_dii,RQI_DII_v1.0,frozen_confirmed_by_researcher,0.1484,2.76159425066362,-2.61319425066362
2022-10-27,M1_absdev_dii,RQI_DII_v1.0,frozen_confirmed_by_researcher,0.0,2.7361451519545312,-2.7361451519545312
2022-10-28,M1_absdev_dii,RQI_DII_v1.0,frozen_confirmed_by_researcher,0.8449,2.714082591298819,-1.8691825912988191
2022-10-29,M1_absdev_dii,RQI_DII_v1.0,frozen_confirmed_by_researcher,0.5363,2.7105591251964825,-2.1742591251964827
2022-10-30,M1_absdev_dii,RQI_DII_v1.0,frozen_confirmed_by_researcher,0.3883,2.6975360153487884,-2.3092360153487883
2022-10-31,M1_absdev_dii,RQI_DII_v1.0,frozen_confirmed_by_researcher,0.3169,2.679268404433799,-2.362368404433799
2022-11-01,M1_absdev_dii,RQI_DII_v1.0,frozen_confirmed_by_researcher,0.0,2.6968271364892757,-2.6968271364892757
2022-11-02,M1_absdev_dii,RQI_DII_v1.0,frozen_confirmed_by_researcher,0.5412,2.7357976795584023,-2.1945976795584023
2022-11-03,M1_absdev_dii,RQI_DII_v1.0,frozen_confirmed_by_researcher,0.2311,2.7850347140725376,-2.5539347140725375
2022-11-04,M1_absdev_dii,RQI_DII_v1.0,frozen_confirmed_by_researcher,0.0216,2.829594381986425,-2.807994381986425
2022-11-05,M1_absdev_dii,RQI_DII_v1.0,frozen_confirmed_by_researcher,0.0073,2.806692837245265,-2.799392837245265
2022-11-06,M1_absdev_dii,RQI_DII_v1.0,frozen_confirmed_by_researcher,0.9762000000000001,20.02352982927937,-19.04732982927937
2022-11-07,M1_absdev_dii,RQI_DII_v1.0,frozen_confirmed_by_researcher,0.1333,19.951727299931875,-19.818427299931876
2022-11-08,M1_absdev_dii,RQI_DII_v1.0,frozen_confirmed_by_researcher,0.8080999999999999,19.819756704099547,-19.011656704099547
2022-11-09,M1_absdev_dii,RQI_DII_v1.0,frozen_confirmed_by_researcher,0.8611,19.850786233430597,-18.989686233430596
2022-11-10,M1_absdev_dii,RQI_DII_v1.0,frozen_confirmed_by_researcher,12.045599999999999,19.817864899836522,-7.772264899836523
2022-11-11,M1_absdev_dii,RQI_DII_v1.0,frozen_confirmed_by_researcher,1.6746,19.71156125076061,-18.03696125076061
2022-11-12,M1_absdev_dii,RQI_DII_v1.0,frozen_confirmed_by_researcher,10.2976,19.621721112356084,-9.324121112356085
2022-11-13,M1_absdev_dii,RQI_DII_v1.0,frozen_confirmed_by_researcher,3.0311999999999997,19.582342236871867,-16.55114223687187
2022-11-14,M1_absdev_dii,RQI_DII_v1.0,frozen_confirmed_by_researcher,4.1428,19.567478644922602,-15.4246786449226
2022-11-15,M1_absdev_dii,RQI_DII_v1.0,frozen_confirmed_by_researcher,2.875,19.54184768094379,-16.66684768094379
2022-11-16,M1_absdev_dii,RQI_DII_v1.0,frozen_confirmed_by_researcher,2.9200999999999997,19.47946038851468,-16.559360388514683
2022-11-17,M1_absdev_dii,RQI_DII_v1.0,frozen_confirmed_by_researcher,0.8248,19.465409601760342,-18.640609601760342
2022-11-18,M1_absdev_dii,RQI_DII_v1.0,frozen_confirmed_by_researcher,0.0104,19.47993729475462,-19.46953729475462
2022-11-19,M1_absdev_dii,RQI_DII_v1.0,frozen_confirmed_by_researcher,0.0,19.421254926956536,-19.421254926956536
2022-11-20,M1_absdev_dii,RQI_DII_v1.0,frozen_confirmed_by_researcher,0.8682,19.394395041245645,-18.526195041245643
2022-11-21,M1_absdev_dii,RQI_DII_v1.0,frozen_confirmed_by_researcher,1.8009,2.139848684391353,-0.33894868439135317
2022-11-22,M1_absdev_dii,RQI_DII_v1.0,frozen_confirmed_by_researcher,2.6976,2.8644768005093795,-0.16687680050937947
2022-11-23,M1_absdev_dii,RQI_DII_v1.0,frozen_confirmed_by_researcher,0.3982,2.8426082782895605,-2.4444082782895604
2022-11-24,M1_absdev_dii,RQI_DII_v1.0,frozen_confirmed_by_researcher,1.2782,2.8638836661990013,-1.5856836661990013
2022-11-25,M1_absdev_dii,RQI_DII_v1.0,frozen_confirmed_by_researcher,0.1927,2.8173734851050085,-2.6246734851050086
2022-11-26,M1_absdev_dii,RQI_DII_v1.0,frozen_confirmed_by_researcher,1.6916000000000002,2.8038424595234517,-1.1122424595234515
2022-11-27,M1_absdev_dii,RQI_DII_v1.0,frozen_confirmed_by_researcher,0.7417,2.7588390664553515,-2.0171390664553517
2022-11-28,M1_absdev_dii,RQI_DII_v1.0,frozen_confirmed_by_researcher,1.5294,2.7198593059055156,-1.1904593059055155
2022-11-29,M1_absdev_dii,RQI_DII_v1.0,frozen_confirmed_by_researcher,0.8682,2.7724417133432837,-1.9042417133432838
2022-11-30,M1_absdev_dii,RQI_DII_v1.0,frozen_confirmed_by_researcher,1.0096,2.8045800491250077,-1.7949800491250076
2022-12-01,M1_absdev_dii,RQI_DII_v1.0,frozen_confirmed_by_researcher,0.08929999999999999,2.794380753794087,-2.705080753794087
2022-12-02,M1_absdev_dii,RQI_DII_v1.0,frozen_confirmed_by_researcher,0.16949999999999998,2.7951003756008106,-2.6256003756008104
2022-12-03,M1_absdev_dii,RQI_DII_v1.0,frozen_confirmed_by_researcher,0.0,2.755524400926589,-2.755524400926589
2022-12-04,M1_absdev_dii,RQI_DII_v1.0,frozen_confirmed_by_researcher,0.7566,2.720127830237942,-1.963527830237942
2022-12-05,M1_absdev_dii,RQI_DII_v1.0,frozen_confirmed_by_researcher,0.0078000000000000005,2.682384750625374,-2.674584750625374
2022-12-06,M1_absdev_dii,RQI_DII_v1.0,frozen_confirmed_by_researcher,0.0,2.703259342647158,-2.703259342647158
2022-12-07,M1_absdev_dii,RQI_DII_v1.0,frozen_confirmed_by_researcher,0.3085,2.7030078055736055,-2.3945078055736055
2022-12-08,M1_absdev_dii,RQI_DII_v1.0,frozen_confirmed_by_researcher,0.17989999999999998,2.713044853089201,-2.533144853089201
2022-12-09,M1_absdev_dii,RQI_DII_v1.0,frozen_confirmed_by_researcher,0.2626,2.6987188046165045,-2.4361188046165045
2022-12-10,M1_absdev_dii,RQI_DII_v1.0,frozen_confirmed_by_researcher,0.7462,2.6854044112718043,-1.9392044112718043
2022-12-11,M1_absdev_dii,RQI_DII_v1.0,frozen_confirmed_by_researcher,0.0947,2.6595308091759478,-2.5648308091759477
2022-12-12,M1_absdev_dii,RQI_DII_v1.0,frozen_confirmed_by_researcher,0.5607,2.638148542440973,-2.0774485424409734
2022-12-13,M1_absdev_dii,RQI_DII_v1.0,frozen_confirmed_by_researcher,0.031200000000000002,2.6505145136745227,-2.6193145136745226
2022-12-14,M1_absdev_dii,RQI_DII_v1.0,frozen_confirmed_by_researcher,0.0,2.279021034836177,-2.279021034836177
2022-12-15,M1_absdev_dii,RQI_DII_v1.0,frozen_confirmed_by_researcher,0.3239,2.2509371002150544,-1.9270371002150544
2022-12-16,M1_absdev_dii,RQI_DII_v1.0,frozen_confirmed_by_researcher,0.3671,2.246118594882546,-1.879018594882546
2022-12-17,M1_absdev_dii,RQI_DII_v1.0,frozen_confirmed_by_researcher,0.5147,2.257336685667667,-1.7426366856676672
2022-12-18,M1_absdev_dii,RQI_DII_v1.0,frozen_confirmed_by_researcher,1.0524,2.2314549689461103,-1.1790549689461103
2022-12-19,M1_absdev_dii,RQI_DII_v1.0,frozen_confirmed_by_researcher,0.3606,2.2073172803803516,-1.8467172803803515
2022-12-20,M1_absdev_dii,RQI_DII_v1.0,frozen_confirmed_by_researcher,0.571,2.2375246867848944,-1.6665246867848944
2022-12-21,M1_absdev_dii,RQI_DII_v1.0,frozen_confirmed_by_researcher,0.0577,2.22629732926859,-2.16859732926859
2022-12-22,M1_absdev_dii,RQI_DII_v1.0,frozen_confirmed_by_researcher,0.0479,2.9715118901128506,-2.9236118901128507
2022-12-23,M1_absdev_dii,RQI_DII_v1.0,frozen_confirmed_by_researcher,0.33009999999999995,2.9606600709415716,-2.6305600709415717
2022-12-24,M1_absdev_dii,RQI_DII_v1.0,frozen_confirmed_by_researcher,2.1706000000000003,2.9478895946340344,-0.7772895946340341
2022-12-25,M1_absdev_dii,RQI_DII_v1.0,frozen_confirmed_by_researcher,0.6642,2.9094352424039016,-2.2452352424039015
2022-12-26,M1_absdev_dii,RQI_DII_v1.0,frozen_confirmed_by_researcher,3.83,2.874961069297285,0.955038930702715
2022-12-27,M1_absdev_dii,RQI_DII_v1.0,frozen_confirmed_by_researcher,1.0551,2.841954804298666,-1.7868548042986663
2022-12-28,M1_absdev_dii,RQI_DII_v1.0,frozen_confirmed_by_researcher,0.2289,2.8624252482124746,-2.6335252482124747
2022-12-29,M1_absdev_dii,RQI_DII_v1.0,frozen_confirmed_by_researcher,0.6625,2.809899685699321,-2.147399685699321
2022-12-30,M1_absdev_dii,RQI_DII_v1.0,frozen_confirmed_by_researcher,0.6057,2.782688348254368,-2.1769883482543677
2022-12-31,M1_absdev_dii,RQI_DII_v1.0,frozen_confirmed_by_researcher,0.42169999999999996,2.753258176273647,-2.331558176273647
2023-01-01,M1_absdev_dii,RQI_DII_v1.0,frozen_confirmed_by_researcher,2.4048,2.7296498430846157,-0.32484984308461584
2023-01-02,M1_absdev_dii,RQI_DII_v1.0,frozen_confirmed_by_researcher,4.1658,2.701834772942817,1.4639652270571828
2023-01-03,M1_absdev_dii,RQI_DII_v1.0,frozen_confirmed_by_researcher,0.8502,2.6679032233484747,-1.8177032233484747
2023-01-04,M1_absdev_dii,RQI_DII_v1.0,frozen_confirmed_by_researcher,0.0,2.720847946618676,-2.720847946618676
2023-01-05,M1_absdev_dii,RQI_DII_v1.0,frozen_confirmed_by_researcher,0.9265,2.70766793066727,-1.7811679306672703
2023-01-06,M1_absdev_dii,RQI_DII_v1.0,frozen_confirmed_by_researcher,0.5836,2.743823942834979,-2.1602239428349788
2023-01-07,M1_absdev_dii,RQI_DII_v1.0,frozen_confirmed_by_researcher,1.2625,2.728346088486859,-1.465846088486859
2023-01-08,M1_absdev_dii,RQI_DII_v1.0,frozen_confirmed_by_researcher,1.4,2.692194339058034,-1.292194339058034
2023-01-09,M1_absdev_dii,RQI_DII_v1.0,frozen_confirmed_by_researcher,0.0,2.653002729523962,-2.653002729523962
2023-01-10,M1_absdev_dii,RQI_DII_v1.0,frozen_confirmed_by_researcher,0.2497,2.681362506601573,-2.4316625066015733
2023-01-11,M1_absdev_dii,RQI_DII_v1.0,frozen_confirmed_by_researcher,0.0,2.6519053415521796,-2.6519053415521796
2023-01-12,M1_absdev_dii,RQI_DII_v1.0,frozen_confirmed_by_researcher,0.0,2.614585554957017,-2.614585554957017
2023-01-13,M1_absdev_dii,RQI_DII_v1.0,frozen_confirmed_by_researcher,0.0,2.5781340623618973,-2.5781340623618973
2023-01-14,M1_absdev_dii,RQI_DII_v1.0,frozen_confirmed_by_researcher,0.3,2.624287520379795,-2.3242875203797952
2023-01-15,M1_absdev_dii,RQI_DII_v1.0,frozen_confirmed_by_researcher,0.2,2.5716765494784397,-2.3716765494784395
2023-01-16,M1_absdev_dii,RQI_DII_v1.0,frozen_confirmed_by_researcher,0.0,2.5222427126377625,-2.5222427126377625
2023-01-17,M1_absdev_dii,RQI_DII_v1.0,frozen_confirmed_by_researcher,0.3,2.510697680702634,-2.2106976807026344
2023-01-18,M1_absdev_dii,RQI_DII_v1.0,frozen_confirmed_by_researcher,0.3017,2.528781726400098,-2.227081726400098
2023-01-19,M1_absdev_dii,RQI_DII_v1.0,frozen_confirmed_by_researcher,0.5,2.574216074173023,-2.074216074173023
2023-01-20,M1_absdev_dii,RQI_DII_v1.0,frozen_confirmed_by_researcher,0.0848,2.569895181060531,-2.485095181060531
2023-01-21,M1_absdev_dii,RQI_DII_v1.0,frozen_confirmed_by_researcher,4.75,2.5232793602291963,2.2267206397708037
2023-01-22,M1_absdev_dii,RQI_DII_v1.0,frozen_confirmed_by_researcher,0.0,2.478550791954092,-2.478550791954092
2023-01-23,M1_absdev_dii,RQI_DII_v1.0,frozen_confirmed_by_researcher,0.3322,2.4394564869797932,-2.1072564869797934
2023-01-24,M1_absdev_dii,RQI_DII_v1.0,frozen_confirmed_by_researcher,1.0,2.420586014772624,-1.4205860147726241
2023-01-25,M1_absdev_dii,RQI_DII_v1.0,frozen_confirmed_by_researcher,3.8000000000000003,3.2164074652589534,0.5835925347410469
2023-01-26,M1_absdev_dii,RQI_DII_v1.0,frozen_confirmed_by_researcher,0.0,3.209873385706686,-3.209873385706686
2023-01-27,M1_absdev_dii,RQI_DII_v1.0,frozen_confirmed_by_researcher,0.0,3.2243654469490934,-3.2243654469490934
2023-01-28,M1_absdev_dii,RQI_DII_v1.0,frozen_confirmed_by_researcher,0.4576,3.2370250178390165,-2.7794250178390163
2023-01-29,M1_absdev_dii,RQI_DII_v1.0,frozen_confirmed_by_researcher,0.3,3.212251835934808,-2.912251835934808
2023-01-30,M1_absdev_dii,RQI_DII_v1.0,frozen_confirmed_by_researcher,2.0181999999999998,3.209280709414969,-1.1910807094149694
2023-01-31,M1_absdev_dii,RQI_DII_v1.0,frozen_confirmed_by_researcher,0.5545,3.247443745124855,-2.692943745124855
2023-02-01,M1_absdev_dii,RQI_DII_v1.0,frozen_confirmed_by_researcher,2.872,3.2679972022906156,-0.39599720229061575
2023-02-02,M1_absdev_dii,RQI_DII_v1.0,frozen_confirmed_by_researcher,0.0,3.2494029501468162,-3.2494029501468162
2023-02-03,M1_absdev_dii,RQI_DII_v1.0,frozen_confirmed_by_researcher,0.1,3.222068758580207,-3.1220687585802067
2023-02-04,M1_absdev_dii,RQI_DII_v1.0,frozen_confirmed_by_researcher,0.0,3.2671817686854183,-3.2671817686854183
2023-02-05,M1_absdev_dii,RQI_DII_v1.0,frozen_confirmed_by_researcher,0.2,3.2509781584674897,-3.0509781584674895
2023-02-06,M1_absdev_dii,RQI_DII_v1.0,frozen_confirmed_by_researcher,0.3298,3.222759222812641,-2.892959222812641
2023-02-07,M1_absdev_dii,RQI_DII_v1.0,frozen_confirmed_by_researcher,1.0,3.225055264746203,-2.225055264746203
2023-02-08,M1_absdev_dii,RQI_DII_v1.0,frozen_confirmed_by_researcher,0.0,3.230324203269163,-3.230324203269163
2023-02-09,M1_absdev_dii,RQI_DII_v1.0,frozen_confirmed_by_researcher,1.8347,3.2341101032344,-1.3994101032344
2023-02-10,M1_absdev_dii,RQI_DII_v1.0,frozen_confirmed_by_researcher,0.0,3.217894661559683,-3.217894661559683
2023-02-11,M1_absdev_dii,RQI_DII_v1.0,frozen_confirmed_by_researcher,0.0,3.2169625145016028,-3.2169625145016028
2023-02-12,M1_absdev_dii,RQI_DII_v1.0,frozen_confirmed_by_researcher,0.0,3.207569097353911,-3.207569097353911
2023-02-13,M1_absdev_dii,RQI_DII_v1.0,frozen_confirmed_by_researcher,0.0,3.1984111004453837,-3.1984111004453837
2023-02-14,M1_absdev_dii,RQI_DII_v1.0,frozen_confirmed_by_researcher,2.0042,3.2176623474970256,-1.2134623474970256
2023-02-15,M1_absdev_dii,RQI_DII_v1.0,frozen_confirmed_by_researcher,0.38439999999999996,3.185820772378662,-2.801420772378662
2023-02-16,M1_absdev_dii,RQI_DII_v1.0,frozen_confirmed_by_researcher,0.7952,3.1000671142907947,-2.304867114290795
2023-02-17,M1_absdev_dii,RQI_DII_v1.0,frozen_confirmed_by_researcher,0.2,3.0540967729286024,-2.854096772928602
2023-02-18,M1_absdev_dii,RQI_DII_v1.0,frozen_confirmed_by_researcher,0.1156,2.998794569752647,-2.883194569752647
2023-02-19,M1_absdev_dii,RQI_DII_v1.0,frozen_confirmed_by_researcher,0.5769,2.9847600695064784,-2.4078600695064782
2023-02-20,M1_absdev_dii,RQI_DII_v1.0,frozen_confirmed_by_researcher,0.0,2.9580716208525644,-2.9580716208525644
2023-02-21,M1_absdev_dii,RQI_DII_v1.0,frozen_confirmed_by_researcher,0.6,2.9288141696499395,-2.3288141696499394
2023-02-22,M1_absdev_dii,RQI_DII_v1.0,frozen_confirmed_by_researcher,0.2764,2.8869602507895706,-2.610560250789571
2023-02-23,M1_absdev_dii,RQI_DII_v1.0,frozen_confirmed_by_researcher,1.05,2.8631749544146032,-1.8131749544146032
2023-02-24,M1_absdev_dii,RQI_DII_v1.0,frozen_confirmed_by_researcher,0.0492,2.8239372054560476,-2.7747372054560477
2023-02-25,M1_absdev_dii,RQI_DII_v1.0,frozen_confirmed_by_researcher,0.9,2.7684042351739038,-1.8684042351739039
2023-02-26,M1_absdev_dii,RQI_DII_v1.0,frozen_confirmed_by_researcher,1.0,2.738183929719611,-1.7381839297196109
2023-02-27,M1_absdev_dii,RQI_DII_v1.0,frozen_confirmed_by_researcher,0.4702,2.71199305648409,-2.2417930564840898
2023-02-28,M1_absdev_dii,RQI_DII_v1.0,frozen_confirmed_by_researcher,0.46780000000000005,2.6966871568835984,-2.2288871568835984
2023-03-01,M1_absdev_dii,RQI_DII_v1.0,frozen_confirmed_by_researcher,1.3871,2.695678795137127,-1.3085787951371268
2023-03-02,M1_absdev_dii,RQI_DII_v1.0,frozen_confirmed_by_researcher,1.0,3.5511065365048466,-2.5511065365048466
2023-03-03,M1_absdev_dii,RQI_DII_v1.0,frozen_confirmed_by_researcher,0.6813,3.44568765999378,-2.7643876599937798
2023-03-04,M1_absdev_dii,RQI_DII_v1.0,frozen_confirmed_by_researcher,2.8174,3.384529063746527,-0.5671290637465267
2023-03-05,M1_absdev_dii,RQI_DII_v1.0,frozen_confirmed_by_researcher,0.0221,3.332401040131373,-3.310301040131373
2023-03-06,M1_absdev_dii,RQI_DII_v1.0,frozen_confirmed_by_researcher,0.0,3.2761195349708885,-3.2761195349708885
2023-03-07,M1_absdev_dii,RQI_DII_v1.0,frozen_confirmed_by_researcher,0.1626,3.283910401187825,-3.121310401187825
2023-03-08,M1_absdev_dii,RQI_DII_v1.0,frozen_confirmed_by_researcher,0.0483,3.2725334943973223,-3.2242334943973225
2023-03-09,M1_absdev_dii,RQI_DII_v1.0,frozen_confirmed_by_researcher,0.3619,3.2569480843664564,-2.8950480843664566
2023-03-10,M1_absdev_dii,RQI_DII_v1.0,frozen_confirmed_by_researcher,0.0,20.465208839743042,-20.465208839743042
2023-03-11,M1_absdev_dii,RQI_DII_v1.0,frozen_confirmed_by_researcher,24.4083,20.581907474466988,3.826392525533013
2023-03-12,M1_absdev_dii,RQI_DII_v1.0,frozen_confirmed_by_researcher,389.34999999999997,20.78392220074629,368.56607779925366
2023-03-13,M1_absdev_dii,RQI_DII_v1.0,frozen_confirmed_by_researcher,80.77000000000001,20.79243306394781,59.9775669360522
2023-03-14,M1_absdev_dii,RQI_DII_v1.0,frozen_confirmed_by_researcher,5.73,20.980771893211312,-15.250771893211311
2023-03-15,M1_absdev_dii,RQI_DII_v1.0,frozen_confirmed_by_researcher,27.64,21.111869096995562,6.528130903004438
2023-03-16,M1_absdev_dii,RQI_DII_v1.0,frozen_confirmed_by_researcher,20.0,21.235644889201154,-1.2356448892011542
2023-03-17,M1_absdev_dii,RQI_DII_v1.0,frozen_confirmed_by_researcher,40.0,21.309107260866853,18.690892739133147
2023-03-18,M1_absdev_dii,RQI_DII_v1.0,frozen_confirmed_by_researcher,30.0,21.40856948891117,8.59143051108883
2023-03-19,M1_absdev_dii,RQI_DII_v1.0,frozen_confirmed_by_researcher,50.0,21.389561872638453,28.610438127361547
2023-03-20,M1_absdev_dii,RQI_DII_v1.0,frozen_confirmed_by_researcher,40.0,21.375004172892176,18.624995827107824
2023-03-21,M1_absdev_dii,RQI_DII_v1.0,frozen_confirmed_by_researcher,60.0,4.254062007025084,55.745937992974916
2023-03-22,M1_absdev_dii,RQI_DII_v1.0,frozen_confirmed_by_researcher,20.0,4.252886953026916,15.747113046973084
2023-03-23,M1_absdev_dii,RQI_DII_v1.0,frozen_confirmed_by_researcher,40.0,4.311055945454427,35.68894405454557
2023-03-24,M1_absdev_dii,RQI_DII_v1.0,frozen_confirmed_by_researcher,20.0,4.3498332796877435,15.650166720312257
2023-03-25,M1_absdev_dii,RQI_DII_v1.0,frozen_confirmed_by_researcher,60.0,4.422641713256553,55.57735828674345
2023-03-26,M1_absdev_dii,RQI_DII_v1.0,frozen_confirmed_by_researcher,60.0,4.404992383818637,55.59500761618136
2023-03-27,M1_absdev_dii,RQI_DII_v1.0,frozen_confirmed_by_researcher,10.0,4.391183762953318,5.608816237046682
2023-03-28,M1_absdev_dii,RQI_DII_v1.0,frozen_confirmed_by_researcher,4.470000000000001,4.447097204017496,0.022902795982504998
2023-03-29,M1_absdev_dii,RQI_DII_v1.0,frozen_confirmed_by_researcher,0.0,4.480663931372163,-4.480663931372163
2023-03-30,M1_absdev_dii,RQI_DII_v1.0,frozen_confirmed_by_researcher,0.2,5.158914221030557,-4.958914221030557
2023-03-31,M1_absdev_dii,RQI_DII_v1.0,frozen_confirmed_by_researcher,10.0,5.19307906292326,4.80692093707674
2023-04-01,M1_absdev_dii,RQI_DII_v1.0,frozen_confirmed_by_researcher,10.0,5.234565830749773,4.765434169250227
2023-04-02,M1_absdev_dii,RQI_DII_v1.0,frozen_confirmed_by_researcher,0.0,5.2233850453272055,-5.2233850453272055
2023-04-03,M1_absdev_dii,RQI_DII_v1.0,frozen_confirmed_by_researcher,0.0,5.198860554112315,-5.198860554112315
2023-04-04,M1_absdev_dii,RQI_DII_v1.0,frozen_confirmed_by_researcher,1.61,5.148243731936731,-3.5382437319367304
2023-04-05,M1_absdev_dii,RQI_DII_v1.0,frozen_confirmed_by_researcher,10.78,5.136299032151385,5.6437009678486145
2023-04-06,M1_absdev_dii,RQI_DII_v1.0,frozen_confirmed_by_researcher,0.0,5.130132805158752,-5.130132805158752
2023-04-07,M1_absdev_dii,RQI_DII_v1.0,frozen_confirmed_by_researcher,5.6499999999999995,5.079794450556449,0.5702055494435507
2023-04-08,M1_absdev_dii,RQI_DII_v1.0,frozen_confirmed_by_researcher,10.0,5.0765584278825315,4.9234415721174685
2023-04-09,M1_absdev_dii,RQI_DII_v1.0,frozen_confirmed_by_researcher,30.0,5.055727933824926,24.944272066175074
2023-04-10,M1_absdev_dii,RQI_DII_v1.0,frozen_confirmed_by_researcher,0.0,5.040682370643992,-5.040682370643992
2023-04-11,M1_absdev_dii,RQI_DII_v1.0,frozen_confirmed_by_researcher,0.0,5.040143568444961,-5.040143568444961
2023-04-12,M1_absdev_dii,RQI_DII_v1.0,frozen_confirmed_by_researcher,3.89,5.030421316873003,-1.1404213168730029
2023-04-13,M1_absdev_dii,RQI_DII_v1.0,frozen_confirmed_by_researcher,10.0,5.0616736359685035,4.9383263640314965
2023-04-14,M1_absdev_dii,RQI_DII_v1.0,frozen_confirmed_by_researcher,10.0,5.067658355151622,4.932341644848378
2023-04-15,M1_absdev_dii,RQI_DII_v1.0,frozen_confirmed_by_researcher,0.0,5.064519767412349,-5.064519767412349
2023-04-16,M1_absdev_dii,RQI_DII_v1.0,frozen_confirmed_by_researcher,8.5,5.046678380976829,3.4533216190231713
2023-04-17,M1_absdev_dii,RQI_DII_v1.0,frozen_confirmed_by_researcher,10.0,5.028279911247836,4.971720088752164
2023-04-18,M1_absdev_dii,RQI_DII_v1.0,frozen_confirmed_by_researcher,0.49,5.038192908805314,-4.548192908805314
2023-04-19,M1_absdev_dii,RQI_DII_v1.0,frozen_confirmed_by_researcher,9.72,5.067079531708714,4.652920468291287
2023-04-20,M1_absdev_dii,RQI_DII_v1.0,frozen_confirmed_by_researcher,5.21,5.09235744803928,0.11764255196071982
2023-04-21,M1_absdev_dii,RQI_DII_v1.0,frozen_confirmed_by_researcher,0.0,5.107321914054182,-5.107321914054182
2023-04-22,M1_absdev_dii,RQI_DII_v1.0,frozen_confirmed_by_researcher,0.42,5.130101543581503,-4.710101543581503
2023-04-23,M1_absdev_dii,RQI_DII_v1.0,frozen_confirmed_by_researcher,0.0,5.1098259409108095,-5.1098259409108095
2023-04-24,M1_absdev_dii,RQI_DII_v1.0,frozen_confirmed_by_researcher,0.0,5.082626875074766,-5.082626875074766
2023-04-25,M1_absdev_dii,RQI_DII_v1.0,frozen_confirmed_by_researcher,17.080000000000002,5.0798762250406355,12.000123774959366
2023-04-26,M1_absdev_dii,RQI_DII_v1.0,frozen_confirmed_by_researcher,11.96,5.0586603827450745,6.901339617254926
2023-04-27,M1_absdev_dii,RQI_DII_v1.0,frozen_confirmed_by_researcher,51.86,5.031531555174183,46.828468444825816
2023-04-28,M1_absdev_dii,RQI_DII_v1.0,frozen_confirmed_by_researcher,20.0,5.780950091565671,14.219049908434329
2023-04-29,M1_absdev_dii,RQI_DII_v1.0,frozen_confirmed_by_researcher,0.0,5.756159634742232,-5.756159634742232
2023-04-30,M1_absdev_dii,RQI_DII_v1.0,frozen_confirmed_by_researcher,0.0,5.733999297065168,-5.733999297065168
2023-05-01,M1_absdev_dii,RQI_DII_v1.0,frozen_confirmed_by_researcher,2.77,5.715074531977876,-2.9450745319778764
2023-05-02,M1_absdev_dii,RQI_DII_v1.0,frozen_confirmed_by_researcher,13.95,5.7205309390620585,8.22946906093794
2023-05-03,M1_absdev_dii,RQI_DII_v1.0,frozen_confirmed_by_researcher,10.0,5.732131872047205,4.267868127952795
2023-05-04,M1_absdev_dii,RQI_DII_v1.0,frozen_confirmed_by_researcher,7.8100000000000005,5.719566635937838,2.0904333640621626
2023-05-05,M1_absdev_dii,RQI_DII_v1.0,frozen_confirmed_by_researcher,8.6,5.71550277619275,2.8844972238072497
2023-05-06,M1_absdev_dii,RQI_DII_v1.0,frozen_confirmed_by_researcher,10.0,5.641764390889364,4.358235609110636
2023-05-07,M1_absdev_dii,RQI_DII_v1.0,frozen_confirmed_by_researcher,12.54,5.621618980662333,6.918381019337666
2023-05-08,M1_absdev_dii,RQI_DII_v1.0,frozen_confirmed_by_researcher,12.85,5.602686607409112,7.247313392590888
2023-05-09,M1_absdev_dii,RQI_DII_v1.0,frozen_confirmed_by_researcher,0.86,5.617627218870467,-4.757627218870467
2023-05-10,M1_absdev_dii,RQI_DII_v1.0,frozen_confirmed_by_researcher,30.0,5.617972224515114,24.382027775484886
2023-05-11,M1_absdev_dii,RQI_DII_v1.0,frozen_confirmed_by_researcher,12.83,5.601300826576306,7.228699173423694
2023-05-12,M1_absdev_dii,RQI_DII_v1.0,frozen_confirmed_by_researcher,10.0,5.616730201847361,4.383269798152639
2023-05-13,M1_absdev_dii,RQI_DII_v1.0,frozen_confirmed_by_researcher,0.0,5.587405972357232,-5.587405972357232
2023-05-14,M1_absdev_dii,RQI_DII_v1.0,frozen_confirmed_by_researcher,10.0,5.566313455850064,4.433686544149936
2023-05-15,M1_absdev_dii,RQI_DII_v1.0,frozen_confirmed_by_researcher,20.0,5.554095278286638,14.445904721713362
2023-05-16,M1_absdev_dii,RQI_DII_v1.0,frozen_confirmed_by_researcher,30.0,5.563411447497089,24.43658855250291
2023-05-17,M1_absdev_dii,RQI_DII_v1.0,frozen_confirmed_by_researcher,0.87,5.564031179476871,-4.6940311794768705
2023-05-18,M1_absdev_dii,RQI_DII_v1.0,frozen_confirmed_by_researcher,5.93,5.5762889659471,0.3537110340528997
2023-05-19,M1_absdev_dii,RQI_DII_v1.0,frozen_confirmed_by_researcher,0.38,5.531788541775171,-5.151788541775171
2023-05-20,M1_absdev_dii,RQI_DII_v1.0,frozen_confirmed_by_researcher,2.2,5.529749509439625,-3.329749509439625
2023-05-21,M1_absdev_dii,RQI_DII_v1.0,frozen_confirmed_by_researcher,10.0,5.510067647562721,4.489932352437279
2023-05-22,M1_absdev_dii,RQI_DII_v1.0,frozen_confirmed_by_researcher,1.72,5.492270680263601,-3.7722706802636017
2023-05-23,M1_absdev_dii,RQI_DII_v1.0,frozen_confirmed_by_researcher,0.0,5.4959703202179355,-5.4959703202179355
2023-05-24,M1_absdev_dii,RQI_DII_v1.0,frozen_confirmed_by_researcher,0.0,5.504433330127938,-5.504433330127938
2023-05-25,M1_absdev_dii,RQI_DII_v1.0,frozen_confirmed_by_researcher,5.6899999999999995,5.529639815021653,0.16036018497834625
2023-05-26,M1_absdev_dii,RQI_DII_v1.0,frozen_confirmed_by_researcher,10.0,5.5240935289423305,4.4759064710576695
2023-05-27,M1_absdev_dii,RQI_DII_v1.0,frozen_confirmed_by_researcher,8.05,5.499648384381317,2.550351615618684
2023-05-28,M1_absdev_dii,RQI_DII_v1.0,frozen_confirmed_by_researcher,10.0,5.484534741830771,4.515465258169229
2023-05-29,M1_absdev_dii,RQI_DII_v1.0,frozen_confirmed_by_researcher,5.37,5.4692332408569655,-0.09923324085696539
2023-05-30,M1_absdev_dii,RQI_DII_v1.0,frozen_confirmed_by_researcher,1.24,7.449915224710679,-6.209915224710679
2023-05-31,M1_absdev_dii,RQI_DII_v1.0,frozen_confirmed_by_researcher,3.15,7.445122409005506,-4.295122409005506
2023-06-01,M1_absdev_dii,RQI_DII_v1.0,frozen_confirmed_by_researcher,1.09,7.458131981261118,-6.368131981261119
2023-06-02,M1_absdev_dii,RQI_DII_v1.0,frozen_confirmed_by_researcher,11.04,7.422600264963478,3.6173997350365212
2023-06-03,M1_absdev_dii,RQI_DII_v1.0,frozen_confirmed_by_researcher,2.44,7.395316535860587,-4.955316535860588
2023-06-04,M1_absdev_dii,RQI_DII_v1.0,frozen_confirmed_by_researcher,0.0,7.3775729252233475,-7.3775729252233475
2023-06-05,M1_absdev_dii,RQI_DII_v1.0,frozen_confirmed_by_researcher,10.0,7.357040145198027,2.6429598548019726
2023-06-06,M1_absdev_dii,RQI_DII_v1.0,frozen_confirmed_by_researcher,0.0,7.35376593393994,-7.35376593393994
2023-06-07,M1_absdev_dii,RQI_DII_v1.0,frozen_confirmed_by_researcher,10.0,7.3659985471326195,2.6340014528673805
2023-06-08,M1_absdev_dii,RQI_DII_v1.0,frozen_confirmed_by_researcher,10.0,7.377399263538308,2.622600736461692
2023-06-09,M1_absdev_dii,RQI_DII_v1.0,frozen_confirmed_by_researcher,4.75,7.3788021940122235,-2.6288021940122235
2023-06-10,M1_absdev_dii,RQI_DII_v1.0,frozen_confirmed_by_researcher,0.0,7.394507678783867,-7.394507678783867
2023-06-11,M1_absdev_dii,RQI_DII_v1.0,frozen_confirmed_by_researcher,2.27,7.361774601967028,-5.091774601967028
2023-06-12,M1_absdev_dii,RQI_DII_v1.0,frozen_confirmed_by_researcher,10.0,7.337432996166086,2.6625670038339138
2023-06-13,M1_absdev_dii,RQI_DII_v1.0,frozen_confirmed_by_researcher,2.43,7.335575873286473,-4.905575873286473
2023-06-14,M1_absdev_dii,RQI_DII_v1.0,frozen_confirmed_by_researcher,10.0,7.34375217477961,2.6562478252203903
2023-06-15,M1_absdev_dii,RQI_DII_v1.0,frozen_confirmed_by_researcher,0.0,7.34498601608837,-7.34498601608837
2023-06-16,M1_absdev_dii,RQI_DII_v1.0,frozen_confirmed_by_researcher,2.8400000000000003,7.300475715370538,-4.4604757153705386
2023-06-17,M1_absdev_dii,RQI_DII_v1.0,frozen_confirmed_by_researcher,3.23,7.250722090010498,-4.020722090010498
2023-06-18,M1_absdev_dii,RQI_DII_v1.0,frozen_confirmed_by_researcher,2.19,7.231846596840597,-5.041846596840598
2023-06-19,M1_absdev_dii,RQI_DII_v1.0,frozen_confirmed_by_researcher,0.0,7.214230928070208,-7.214230928070208
2023-06-20,M1_absdev_dii,RQI_DII_v1.0,frozen_confirmed_by_researcher,23.509999999999998,7.16929209805383,16.340707901946168
2023-06-21,M1_absdev_dii,RQI_DII_v1.0,frozen_confirmed_by_researcher,20.0,7.128895121155523,12.871104878844477
2023-06-22,M1_absdev_dii,RQI_DII_v1.0,frozen_confirmed_by_researcher,0.0,7.133150824979083,-7.133150824979083
2023-06-23,M1_absdev_dii,RQI_DII_v1.0,frozen_confirmed_by_researcher,14.92,7.11886724027562,7.80113275972438
2023-06-24,M1_absdev_dii,RQI_DII_v1.0,frozen_confirmed_by_researcher,2.7099999999999995,7.09802490387446,-4.388024903874461
2023-06-25,M1_absdev_dii,RQI_DII_v1.0,frozen_confirmed_by_researcher,10.0,7.075848952105844,2.9241510478941564
2023-06-26,M1_absdev_dii,RQI_DII_v1.0,frozen_confirmed_by_researcher,0.0,7.055874761538689,-7.055874761538689
2023-06-27,M1_absdev_dii,RQI_DII_v1.0,frozen_confirmed_by_researcher,10.0,7.05656287966525,2.9434371203347496
2023-06-28,M1_absdev_dii,RQI_DII_v1.0,frozen_confirmed_by_researcher,0.0,7.068248725602302,-7.068248725602302
2023-06-29,M1_absdev_dii,RQI_DII_v1.0,frozen_confirmed_by_researcher,10.0,7.072619662572805,2.927380337427195
2023-06-30,M1_absdev_dii,RQI_DII_v1.0,frozen_confirmed_by_researcher,4.51,9.678600330197469,-5.168600330197469
2023-07-01,M1_absdev_dii,RQI_DII_v1.0,frozen_confirmed_by_researcher,10.0,9.787567176915815,0.21243282308418543
2023-07-02,M1_absdev_dii,RQI_DII_v1.0,frozen_confirmed_by_researcher,1.5899999999999999,9.763477080278307,-8.173477080278307
2023-07-03,M1_absdev_dii,RQI_DII_v1.0,frozen_confirmed_by_researcher,10.0,9.74266544293809,0.25733455706190966
2023-07-04,M1_absdev_dii,RQI_DII_v1.0,frozen_confirmed_by_researcher,4.970000000000001,9.66145912542811,-4.691459125428109
2023-07-05,M1_absdev_dii,RQI_DII_v1.0,frozen_confirmed_by_researcher,10.0,9.634990511840215,0.3650094881597852
2023-07-06,M1_absdev_dii,RQI_DII_v1.0,frozen_confirmed_by_researcher,0.0,9.626720769606067,-9.626720769606067
2023-07-07,M1_absdev_dii,RQI_DII_v1.0,frozen_confirmed_by_researcher,9.200000000000001,9.638199975899852,-0.4381999758998507
2023-07-08,M1_absdev_dii,RQI_DII_v1.0,frozen_confirmed_by_researcher,2.7,9.631321512145178,-6.931321512145177
2023-07-09,M1_absdev_dii,RQI_DII_v1.0,frozen_confirmed_by_researcher,2.76,9.611910967602569,-6.851910967602569
2023-07-10,M1_absdev_dii,RQI_DII_v1.0,frozen_confirmed_by_researcher,7.28,9.59110098156566,-2.3111009815656596
2023-07-11,M1_absdev_dii,RQI_DII_v1.0,frozen_confirmed_by_researcher,1.1400000000000001,9.594858327675468,-8.454858327675467
2023-07-12,M1_absdev_dii,RQI_DII_v1.0,frozen_confirmed_by_researcher,9.99,9.585741160914353,0.40425883908564764
2023-07-13,M1_absdev_dii,RQI_DII_v1.0,frozen_confirmed_by_researcher,1.96,9.581827638731,-7.621827638730999
2023-07-14,M1_absdev_dii,RQI_DII_v1.0,frozen_confirmed_by_researcher,0.0,9.525243368978323,-9.525243368978323
2023-07-15,M1_absdev_dii,RQI_DII_v1.0,frozen_confirmed_by_researcher,0.35,9.536181038488763,-9.186181038488764
2023-07-16,M1_absdev_dii,RQI_DII_v1.0,frozen_confirmed_by_researcher,0.5,9.514430663696544,-9.014430663696544
2023-07-17,M1_absdev_dii,RQI_DII_v1.0,frozen_confirmed_by_researcher,9.9,9.49005810454247,0.40994189545753024
2023-07-18,M1_absdev_dii,RQI_DII_v1.0,frozen_confirmed_by_researcher,0.0,9.521172918710676,-9.521172918710676
2023-07-19,M1_absdev_dii,RQI_DII_v1.0,frozen_confirmed_by_researcher,10.0,9.516866422531933,0.48313357746806673
2023-07-20,M1_absdev_dii,RQI_DII_v1.0,frozen_confirmed_by_researcher,0.8500000000000001,9.5221636142941,-8.672163614294101
2023-07-21,M1_absdev_dii,RQI_DII_v1.0,frozen_confirmed_by_researcher,0.0,9.513438239922948,-9.513438239922948
2023-07-22,M1_absdev_dii,RQI_DII_v1.0,frozen_confirmed_by_researcher,1.5899999999999999,9.504466996288102,-7.914466996288102
2023-07-23,M1_absdev_dii,RQI_DII_v1.0,frozen_confirmed_by_researcher,0.0,9.486281323475964,-9.486281323475964
2023-07-24,M1_absdev_dii,RQI_DII_v1.0,frozen_confirmed_by_researcher,0.72,9.468131063814212,-8.748131063814212
2023-07-25,M1_absdev_dii,RQI_DII_v1.0,frozen_confirmed_by_researcher,0.0,9.475787532116328,-9.475787532116328
2023-07-26,M1_absdev_dii,RQI_DII_v1.0,frozen_confirmed_by_researcher,0.0,9.473185267336333,-9.473185267336333
2023-07-27,M1_absdev_dii,RQI_DII_v1.0,frozen_confirmed_by_researcher,0.0,9.473541368568306,-9.473541368568306
2023-07-28,M1_absdev_dii,RQI_DII_v1.0,frozen_confirmed_by_researcher,0.0,7.0884582812250585,-7.0884582812250585
2023-07-29,M1_absdev_dii,RQI_DII_v1.0,frozen_confirmed_by_researcher,0.0,7.0749835481297225,-7.0749835481297225
2023-07-30,M1_absdev_dii,RQI_DII_v1.0,frozen_confirmed_by_researcher,4.21,7.046380299747824,-2.836380299747824
2023-07-31,M1_absdev_dii,RQI_DII_v1.0,frozen_confirmed_by_researcher,0.0,7.026943790931824,-7.026943790931824
2023-08-01,M1_absdev_dii,RQI_DII_v1.0,frozen_confirmed_by_researcher,0.0,7.022154552079627,-7.022154552079627
2023-08-02,M1_absdev_dii,RQI_DII_v1.0,frozen_confirmed_by_researcher,10.0,7.049571173742777,2.950428826257223
2023-08-03,M1_absdev_dii,RQI_DII_v1.0,frozen_confirmed_by_researcher,10.0,7.05837864865515,2.9416213513448497
2023-08-04,M1_absdev_dii,RQI_DII_v1.0,frozen_confirmed_by_researcher,0.0,7.061591732725873,-7.061591732725873
2023-08-05,M1_absdev_dii,RQI_DII_v1.0,frozen_confirmed_by_researcher,0.8200000000000001,7.059137607343786,-6.239137607343785
2023-08-06,M1_absdev_dii,RQI_DII_v1.0,frozen_confirmed_by_researcher,4.43,7.03987575155702,-2.60987575155702
2023-08-07,M1_absdev_dii,RQI_DII_v1.0,frozen_confirmed_by_researcher,4.8,7.020404280603628,-2.2204042806036286
2023-08-08,M1_absdev_dii,RQI_DII_v1.0,frozen_confirmed_by_researcher,2.1,6.971693832162231,-4.871693832162231
2023-08-09,M1_absdev_dii,RQI_DII_v1.0,frozen_confirmed_by_researcher,0.0,6.9185113760883326,-6.9185113760883326
2023-08-10,M1_absdev_dii,RQI_DII_v1.0,frozen_confirmed_by_researcher,0.0,6.901300938396702,-6.901300938396702
2023-08-11,M1_absdev_dii,RQI_DII_v1.0,frozen_confirmed_by_researcher,3.19,6.9114174357333695,-3.7214174357333696
2023-08-12,M1_absdev_dii,RQI_DII_v1.0,frozen_confirmed_by_researcher,0.0,6.899283504651322,-6.899283504651322
2023-08-13,M1_absdev_dii,RQI_DII_v1.0,frozen_confirmed_by_researcher,0.32,6.869914708486675,-6.549914708486675
2023-08-14,M1_absdev_dii,RQI_DII_v1.0,frozen_confirmed_by_researcher,10.0,6.843320607049748,3.1566793929502523
2023-08-15,M1_absdev_dii,RQI_DII_v1.0,frozen_confirmed_by_researcher,2.02,6.86761841986592,-4.8476184198659205
2023-08-16,M1_absdev_dii,RQI_DII_v1.0,frozen_confirmed_by_researcher,3.86,6.838374632870227,-2.9783746328702274
2023-08-17,M1_absdev_dii,RQI_DII_v1.0,frozen_confirmed_by_researcher,14.66,6.809722195039541,7.850277804960459
2023-08-18,M1_absdev_dii,RQI_DII_v1.0,frozen_confirmed_by_researcher,2.4499999999999997,6.778774460513517,-4.328774460513518
2023-08-19,M1_absdev_dii,RQI_DII_v1.0,frozen_confirmed_by_researcher,10.319999999999999,6.836479609548832,3.483520390451167
2023-08-20,M1_absdev_dii,RQI_DII_v1.0,frozen_confirmed_by_researcher,10.0,6.773054195580045,3.2269458044199553
2023-08-21,M1_absdev_dii,RQI_DII_v1.0,frozen_confirmed_by_researcher,10.0,6.752181434774656,3.2478185652253444
2023-08-22,M1_absdev_dii,RQI_DII_v1.0,frozen_confirmed_by_researcher,0.0,6.732987403612981,-6.732987403612981
2023-08-23,M1_absdev_dii,RQI_DII_v1.0,frozen_confirmed_by_researcher,6.06,6.725839310141652,-0.665839310141652
2023-08-24,M1_absdev_dii,RQI_DII_v1.0,frozen_confirmed_by_researcher,10.0,6.685434175534141,3.314565824465859
2023-08-25,M1_absdev_dii,RQI_DII_v1.0,frozen_confirmed_by_researcher,5.02,6.69158347343776,-1.6715834734377601
2023-08-26,M1_absdev_dii,RQI_DII_v1.0,frozen_confirmed_by_researcher,0.0,6.6562652688504045,-6.6562652688504045
2023-08-27,M1_absdev_dii,RQI_DII_v1.0,frozen_confirmed_by_researcher,3.9800000000000004,6.6242057670581005,-2.6442057670581
2023-08-28,M1_absdev_dii,RQI_DII_v1.0,frozen_confirmed_by_researcher,2.41,6.590935559835174,-4.180935559835174
2023-08-29,M1_absdev_dii,RQI_DII_v1.0,frozen_confirmed_by_researcher,0.0,6.57429095173714,-6.57429095173714
2023-08-30,M1_absdev_dii,RQI_DII_v1.0,frozen_confirmed_by_researcher,11.02,7.336789675898956,3.6832103241010437
2023-08-31,M1_absdev_dii,RQI_DII_v1.0,frozen_confirmed_by_researcher,1.49,7.326629269468214,-5.836629269468213
2023-09-01,M1_absdev_dii,RQI_DII_v1.0,frozen_confirmed_by_researcher,6.69,7.28666186086744,-0.5966618608674397
2023-09-02,M1_absdev_dii,RQI_DII_v1.0,frozen_confirmed_by_researcher,10.0,7.280081492238452,2.719918507761548
2023-09-03,M1_absdev_dii,RQI_DII_v1.0,frozen_confirmed_by_researcher,0.0,7.2572786189023475,-7.2572786189023475
2023-09-04,M1_absdev_dii,RQI_DII_v1.0,frozen_confirmed_by_researcher,0.0,7.2269034216783155,-7.2269034216783155
2023-09-05,M1_absdev_dii,RQI_DII_v1.0,frozen_confirmed_by_researcher,6.840000000000001,7.243134405817273,-0.4031344058172719
2023-09-06,M1_absdev_dii,RQI_DII_v1.0,frozen_confirmed_by_researcher,1.95,7.261427507856695,-5.311427507856695
2023-09-07,M1_absdev_dii,RQI_DII_v1.0,frozen_confirmed_by_researcher,0.0,7.245546662791497,-7.245546662791497
2023-09-08,M1_absdev_dii,RQI_DII_v1.0,frozen_confirmed_by_researcher,10.0,7.263201653315434,2.736798346684566
2023-09-09,M1_absdev_dii,RQI_DII_v1.0,frozen_confirmed_by_researcher,0.16,7.21291680550496,-7.05291680550496
2023-09-10,M1_absdev_dii,RQI_DII_v1.0,frozen_confirmed_by_researcher,0.0,7.186075297537997,-7.186075297537997
2023-09-11,M1_absdev_dii,RQI_DII_v1.0,frozen_confirmed_by_researcher,0.0,7.15233259017603,-7.15233259017603
2023-09-12,M1_absdev_dii,RQI_DII_v1.0,frozen_confirmed_by_researcher,3.1100000000000003,7.1486120100563255,-4.038612010056325
2023-09-13,M1_absdev_dii,RQI_DII_v1.0,frozen_confirmed_by_researcher,10.0,7.104648401002464,2.895351598997536
2023-09-14,M1_absdev_dii,RQI_DII_v1.0,frozen_confirmed_by_researcher,1.9900000000000002,7.0756803449546055,-5.085680344954605
2023-09-15,M1_absdev_dii,RQI_DII_v1.0,frozen_confirmed_by_researcher,0.78,7.066126357229848,-6.286126357229848
2023-09-16,M1_absdev_dii,RQI_DII_v1.0,frozen_confirmed_by_researcher,8.940000000000001,7.059907965655356,1.8800920343446457
2023-09-17,M1_absdev_dii,RQI_DII_v1.0,frozen_confirmed_by_researcher,1.81,7.027353843551538,-5.217353843551537
2023-09-18,M1_absdev_dii,RQI_DII_v1.0,frozen_confirmed_by_researcher,8.0,7.006587392635595,0.9934126073644052
2023-09-19,M1_absdev_dii,RQI_DII_v1.0,frozen_confirmed_by_researcher,7.87,6.995332225833096,0.8746677741669044
2023-09-20,M1_absdev_dii,RQI_DII_v1.0,frozen_confirmed_by_researcher,0.0,6.992682481815336,-6.992682481815336
2023-09-21,M1_absdev_dii,RQI_DII_v1.0,frozen_confirmed_by_researcher,2.8699999999999997,6.991852015985273,-4.121852015985274
2023-09-22,M1_absdev_dii,RQI_DII_v1.0,frozen_confirmed_by_researcher,8.620000000000001,7.013146584124939,1.6068534158750616
2023-09-23,M1_absdev_dii,RQI_DII_v1.0,frozen_confirmed_by_researcher,0.0,7.004276693278257,-7.004276693278257
2023-09-24,M1_absdev_dii,RQI_DII_v1.0,frozen_confirmed_by_researcher,3.73,6.981180331881376,-3.251180331881376
2023-09-25,M1_absdev_dii,RQI_DII_v1.0,frozen_confirmed_by_researcher,10.0,6.96003641571545,3.03996358428455
2023-09-26,M1_absdev_dii,RQI_DII_v1.0,frozen_confirmed_by_researcher,10.0,6.982971372469166,3.0170286275308342
2023-09-27,M1_absdev_dii,RQI_DII_v1.0,frozen_confirmed_by_researcher,0.0,6.967998527425607,-6.967998527425607
2023-09-28,M1_absdev_dii,RQI_DII_v1.0,frozen_confirmed_by_researcher,10.0,6.979508419151955,3.020491580848045
2023-09-29,M1_absdev_dii,RQI_DII_v1.0,frozen_confirmed_by_researcher,10.0,7.66042836296964,2.3395716370303603
2023-09-30,M1_absdev_dii,RQI_DII_v1.0,frozen_confirmed_by_researcher,1.07,7.732787771657797,-6.662787771657797
2023-10-01,M1_absdev_dii,RQI_DII_v1.0,frozen_confirmed_by_researcher,1.2,7.699229590958396,-6.499229590958396
2023-10-02,M1_absdev_dii,RQI_DII_v1.0,frozen_confirmed_by_researcher,0.0,7.673531325279583,-7.673531325279583
2023-10-03,M1_absdev_dii,RQI_DII_v1.0,frozen_confirmed_by_researcher,0.0,7.6207767306482594,-7.6207767306482594
2023-10-04,M1_absdev_dii,RQI_DII_v1.0,frozen_confirmed_by_researcher,0.01,7.635036215471899,-7.6250362154719
2023-10-05,M1_absdev_dii,RQI_DII_v1.0,frozen_confirmed_by_researcher,8.17,7.634071356783153,0.5359286432168471
2023-10-06,M1_absdev_dii,RQI_DII_v1.0,frozen_confirmed_by_researcher,10.0,7.616856843914832,2.3831431560851684
2023-10-07,M1_absdev_dii,RQI_DII_v1.0,frozen_confirmed_by_researcher,10.0,7.531440388468042,2.4685596115319584
2023-10-08,M1_absdev_dii,RQI_DII_v1.0,frozen_confirmed_by_researcher,0.0,7.5048887678897245,-7.5048887678897245
2023-10-09,M1_absdev_dii,RQI_DII_v1.0,frozen_confirmed_by_researcher,10.169999999999998,7.481465102089288,2.68853489791071
2023-10-10,M1_absdev_dii,RQI_DII_v1.0,frozen_confirmed_by_researcher,10.0,7.469216626935463,2.530783373064537
2023-10-11,M1_absdev_dii,RQI_DII_v1.0,frozen_confirmed_by_researcher,0.66,7.478075897720714,-6.818075897720714
2023-10-12,M1_absdev_dii,RQI_DII_v1.0,frozen_confirmed_by_researcher,1.61,7.498200008034615,-5.888200008034615
2023-10-13,M1_absdev_dii,RQI_DII_v1.0,frozen_confirmed_by_researcher,0.0,7.504802954691115,-7.504802954691115
2023-10-14,M1_absdev_dii,RQI_DII_v1.0,frozen_confirmed_by_researcher,2.15,7.4933295559344515,-5.343329555934451
2023-10-15,M1_absdev_dii,RQI_DII_v1.0,frozen_confirmed_by_researcher,0.47,7.465663647361197,-6.995663647361197
2023-10-16,M1_absdev_dii,RQI_DII_v1.0,frozen_confirmed_by_researcher,0.35,7.42976296343781,-7.07976296343781
2023-10-17,M1_absdev_dii,RQI_DII_v1.0,frozen_confirmed_by_researcher,0.0,7.3926305730105355,-7.3926305730105355
2023-10-18,M1_absdev_dii,RQI_DII_v1.0,frozen_confirmed_by_researcher,4.79,7.366213271922561,-2.576213271922561
2023-10-19,M1_absdev_dii,RQI_DII_v1.0,frozen_confirmed_by_researcher,0.0,7.3480257795991974,-7.3480257795991974
2023-10-20,M1_absdev_dii,RQI_DII_v1.0,frozen_confirmed_by_researcher,1.04,7.302759794617515,-6.262759794617515
2023-10-21,M1_absdev_dii,RQI_DII_v1.0,frozen_confirmed_by_researcher,1.7899999999999998,7.2712650379196475,-5.4812650379196475
2023-10-22,M1_absdev_dii,RQI_DII_v1.0,frozen_confirmed_by_researcher,1.13,7.24603519403513,-6.11603519403513
2023-10-23,M1_absdev_dii,RQI_DII_v1.0,frozen_confirmed_by_researcher,11.6,7.2286890666890145,4.371310933310985
2023-10-24,M1_absdev_dii,RQI_DII_v1.0,frozen_confirmed_by_researcher,20.0,7.230603953828592,12.769396046171408
2023-10-25,M1_absdev_dii,RQI_DII_v1.0,frozen_confirmed_by_researcher,10.0,7.307831832317504,2.692168167682496
2023-10-26,M1_absdev_dii,RQI_DII_v1.0,frozen_confirmed_by_researcher,10.0,7.259338808389856,2.740661191610144
2023-10-27,M1_absdev_dii,RQI_DII_v1.0,frozen_confirmed_by_researcher,10.0,7.2470533746900685,2.7529466253099315
2023-10-28,M1_absdev_dii,RQI_DII_v1.0,frozen_confirmed_by_researcher,0.0,7.262408843693436,-7.262408843693436
2023-10-29,M1_absdev_dii,RQI_DII_v1.0,frozen_confirmed_by_researcher,0.0,7.234497310068548,-7.234497310068548
2023-10-30,M1_absdev_dii,RQI_DII_v1.0,frozen_confirmed_by_researcher,0.97,9.188750718263435,-8.218750718263435
2023-10-31,M1_absdev_dii,RQI_DII_v1.0,frozen_confirmed_by_researcher,6.579999999999999,9.196892781068925,-2.616892781068926
2023-11-01,M1_absdev_dii,RQI_DII_v1.0,frozen_confirmed_by_researcher,3.61,9.218372295444937,-5.608372295444937
2023-11-02,M1_absdev_dii,RQI_DII_v1.0,frozen_confirmed_by_researcher,10.0,9.20214753424122,0.7978524657587798
2023-11-03,M1_absdev_dii,RQI_DII_v1.0,frozen_confirmed_by_researcher,10.059999999999999,9.255344942980003,0.8046550570199962
2023-11-04,M1_absdev_dii,RQI_DII_v1.0,frozen_confirmed_by_researcher,1.73,9.227557488772533,-7.497557488772532
2023-11-05,M1_absdev_dii,RQI_DII_v1.0,frozen_confirmed_by_researcher,0.0,9.187034339909928,-9.187034339909928
2023-11-06,M1_absdev_dii,RQI_DII_v1.0,frozen_confirmed_by_researcher,0.0,9.162111976803914,-9.162111976803914
2023-11-07,M1_absdev_dii,RQI_DII_v1.0,frozen_confirmed_by_researcher,0.8500000000000001,9.188684049871767,-8.338684049871768
2023-11-08,M1_absdev_dii,RQI_DII_v1.0,frozen_confirmed_by_researcher,5.0600000000000005,9.185229885094657,-4.125229885094656
2023-11-09,M1_absdev_dii,RQI_DII_v1.0,frozen_confirmed_by_researcher,0.0,9.200437135894731,-9.200437135894731
2023-11-10,M1_absdev_dii,RQI_DII_v1.0,frozen_confirmed_by_researcher,5.6499999999999995,9.210907659820606,-3.5609076598206064
2023-11-11,M1_absdev_dii,RQI_DII_v1.0,frozen_confirmed_by_researcher,0.0,9.183433778314225,-9.183433778314225
2023-11-12,M1_absdev_dii,RQI_DII_v1.0,frozen_confirmed_by_researcher,3.76,9.14780436249248,-5.38780436249248
2023-11-13,M1_absdev_dii,RQI_DII_v1.0,frozen_confirmed_by_researcher,22.05,9.117728031860537,12.932271968139464
2023-11-14,M1_absdev_dii,RQI_DII_v1.0,frozen_confirmed_by_researcher,0.0,9.15842087973624,-9.15842087973624
2023-11-15,M1_absdev_dii,RQI_DII_v1.0,frozen_confirmed_by_researcher,6.68,9.19224054408187,-2.5122405440818696
2023-11-16,M1_absdev_dii,RQI_DII_v1.0,frozen_confirmed_by_researcher,6.81,9.106881002613221,-2.2968810026132216
2023-11-17,M1_absdev_dii,RQI_DII_v1.0,frozen_confirmed_by_researcher,10.0,9.070693551148679,0.929306448851321
2023-11-18,M1_absdev_dii,RQI_DII_v1.0,frozen_confirmed_by_researcher,3.6900000000000004,8.987660322280817,-5.297660322280817
2023-11-19,M1_absdev_dii,RQI_DII_v1.0,frozen_confirmed_by_researcher,0.0,8.964646844276416,-8.964646844276416
2023-11-20,M1_absdev_dii,RQI_DII_v1.0,frozen_confirmed_by_researcher,4.64,8.93412640944183,-4.294126409441831
2023-11-21,M1_absdev_dii,RQI_DII_v1.0,frozen_confirmed_by_researcher,10.0,8.904158318026077,1.0958416819739227
2023-11-22,M1_absdev_dii,RQI_DII_v1.0,frozen_confirmed_by_researcher,0.0,8.922778202398831,-8.922778202398831
2023-11-23,M1_absdev_dii,RQI_DII_v1.0,frozen_confirmed_by_researcher,0.68,8.892958860738702,-8.212958860738702
2023-11-24,M1_absdev_dii,RQI_DII_v1.0,frozen_confirmed_by_researcher,0.0,8.868861124814003,-8.868861124814003
2023-11-25,M1_absdev_dii,RQI_DII_v1.0,frozen_confirmed_by_researcher,10.0,8.79293319599887,1.2070668040011299
2023-11-26,M1_absdev_dii,RQI_DII_v1.0,frozen_confirmed_by_researcher,5.57,8.773879659680432,-3.2038796596804318
2023-11-27,M1_absdev_dii,RQI_DII_v1.0,frozen_confirmed_by_researcher,10.0,8.767948006406982,1.2320519935930179
2023-11-28,M1_absdev_dii,RQI_DII_v1.0,frozen_confirmed_by_researcher,10.0,8.808209287686793,1.1917907123132068
2023-11-29,M1_absdev_dii,RQI_DII_v1.0,frozen_confirmed_by_researcher,8.56,8.744347281393402,-0.18434728139340173
2023-11-30,M1_absdev_dii,RQI_DII_v1.0,frozen_confirmed_by_researcher,10.0,8.748154966810773,1.2518450331892268
2023-12-01,M1_absdev_dii,RQI_DII_v1.0,frozen_confirmed_by_researcher,0.0,8.71689994961983,-8.71689994961983
2023-12-02,M1_absdev_dii,RQI_DII_v1.0,frozen_confirmed_by_researcher,3.83,8.695153613772163,-4.865153613772163
2023-12-03,M1_absdev_dii,RQI_DII_v1.0,frozen_confirmed_by_researcher,10.0,8.679470734050284,1.320529265949716
2023-12-04,M1_absdev_dii,RQI_DII_v1.0,frozen_confirmed_by_researcher,0.0,8.665820694859946,-8.665820694859946
2023-12-05,M1_absdev_dii,RQI_DII_v1.0,frozen_confirmed_by_researcher,0.0,8.67923262602244,-8.67923262602244
2023-12-06,M1_absdev_dii,RQI_DII_v1.0,frozen_confirmed_by_researcher,18.17,8.681763564027278,9.488236435972723
2023-12-07,M1_absdev_dii,RQI_DII_v1.0,frozen_confirmed_by_researcher,10.0,8.665244486055457,1.3347555139445433
2023-12-08,M1_absdev_dii,RQI_DII_v1.0,frozen_confirmed_by_researcher,10.0,8.630477946917892,1.3695220530821075
2023-12-09,M1_absdev_dii,RQI_DII_v1.0,frozen_confirmed_by_researcher,6.1499999999999995,8.569568164217799,-2.4195681642177993
2023-12-10,M1_absdev_dii,RQI_DII_v1.0,frozen_confirmed_by_researcher,0.0,8.5388468168658,-8.5388468168658
2023-12-11,M1_absdev_dii,RQI_DII_v1.0,frozen_confirmed_by_researcher,2.04,8.519411854646705,-6.479411854646705
2023-12-12,M1_absdev_dii,RQI_DII_v1.0,frozen_confirmed_by_researcher,20.0,8.600726495338478,11.399273504661522
2023-12-13,M1_absdev_dii,RQI_DII_v1.0,frozen_confirmed_by_researcher,13.82,8.608537098304964,5.211462901695036
2023-12-14,M1_absdev_dii,RQI_DII_v1.0,frozen_confirmed_by_researcher,10.0,8.526526616619009,1.4734733833809912
2023-12-15,M1_absdev_dii,RQI_DII_v1.0,frozen_confirmed_by_researcher,10.0,8.990903391391043,1.0090966086089566
2023-12-16,M1_absdev_dii,RQI_DII_v1.0,frozen_confirmed_by_researcher,15.76,8.944104983085168,6.815895016914832
2023-12-17,M1_absdev_dii,RQI_DII_v1.0,frozen_confirmed_by_researcher,1.5899999999999999,8.921946032047146,-7.331946032047146
2023-12-18,M1_absdev_dii,RQI_DII_v1.0,frozen_confirmed_by_researcher,20.0,8.914118979248826,11.085881020751174
2023-12-19,M1_absdev_dii,RQI_DII_v1.0,frozen_confirmed_by_researcher,2.1599999999999997,8.856532870689335,-6.696532870689335
2023-12-20,M1_absdev_dii,RQI_DII_v1.0,frozen_confirmed_by_researcher,10.0,8.778090392272333,1.2219096077276674
2023-12-21,M1_absdev_dii,RQI_DII_v1.0,frozen_confirmed_by_researcher,0.0,8.724268101756365,-8.724268101756365
2023-12-22,M1_absdev_dii,RQI_DII_v1.0,frozen_confirmed_by_researcher,10.0,8.30507396539278,1.6949260346072208
2023-12-23,M1_absdev_dii,RQI_DII_v1.0,frozen_confirmed_by_researcher,0.0,8.218622901048093,-8.218622901048093
2023-12-24,M1_absdev_dii,RQI_DII_v1.0,frozen_confirmed_by_researcher,10.0,8.194727203062541,1.8052727969374587
2023-12-25,M1_absdev_dii,RQI_DII_v1.0,frozen_confirmed_by_researcher,13.450000000000001,8.16870270334502,5.281297296654982
2023-12-26,M1_absdev_dii,RQI_DII_v1.0,frozen_confirmed_by_researcher,11.09,8.161398479044976,2.9286015209550236
2023-12-27,M1_absdev_dii,RQI_DII_v1.0,frozen_confirmed_by_researcher,0.0,8.224654547430077,-8.224654547430077
2023-12-28,M1_absdev_dii,RQI_DII_v1.0,frozen_confirmed_by_researcher,20.0,8.165382877951885,11.834617122048115
2023-12-29,M1_absdev_dii,RQI_DII_v1.0,frozen_confirmed_by_researcher,10.0,8.158004200766442,1.8419957992335583
2023-12-30,M1_absdev_dii,RQI_DII_v1.0,frozen_confirmed_by_researcher,0.0,8.15317237203405,-8.15317237203405
2023-12-31,M1_absdev_dii,RQI_DII_v1.0,frozen_confirmed_by_researcher,4.53,8.154834188423933,-3.6248341884239332
2024-01-01,M1_absdev_dii,RQI_DII_v1.0,frozen_confirmed_by_researcher,0.0,8.17542161681979,-8.17542161681979
2024-01-02,M1_absdev_dii,RQI_DII_v1.0,frozen_confirmed_by_researcher,30.0,8.133943977052837,21.866056022947163
2024-01-03,M1_absdev_dii,RQI_DII_v1.0,frozen_confirmed_by_researcher,5.13,8.073338678193409,-2.9433386781934088
2024-01-04,M1_absdev_dii,RQI_DII_v1.0,frozen_confirmed_by_researcher,23.57,8.01605064508999,15.55394935491001
2024-01-05,M1_absdev_dii,RQI_DII_v1.0,frozen_confirmed_by_researcher,0.0,7.975192483236583,-7.975192483236583
2024-01-06,M1_absdev_dii,RQI_DII_v1.0,frozen_confirmed_by_researcher,18.39,7.897695685020949,10.492304314979052
2024-01-07,M1_absdev_dii,RQI_DII_v1.0,frozen_confirmed_by_researcher,4.319999999999999,7.872318886767147,-3.5523188867671474
2024-01-08,M1_absdev_dii,RQI_DII_v1.0,frozen_confirmed_by_researcher,0.0,7.852695853912394,-7.852695853912394
2024-01-09,M1_absdev_dii,RQI_DII_v1.0,frozen_confirmed_by_researcher,25.98,7.847825893937198,18.132174106062802
2024-01-10,M1_absdev_dii,RQI_DII_v1.0,frozen_confirmed_by_researcher,30.41,7.866372961929301,22.5436270380707
2024-01-11,M1_absdev_dii,RQI_DII_v1.0,frozen_confirmed_by_researcher,0.0,7.846003733505739,-7.846003733505739
2024-01-12,M1_absdev_dii,RQI_DII_v1.0,frozen_confirmed_by_researcher,3.89,7.824060776690743,-3.934060776690743
2024-01-13,M1_absdev_dii,RQI_DII_v1.0,frozen_confirmed_by_researcher,13.3,7.785576449528548,5.514423550471452
2024-01-14,M1_absdev_dii,RQI_DII_v1.0,frozen_confirmed_by_researcher,16.66,7.744086279071723,8.915913720928277
2024-01-15,M1_absdev_dii,RQI_DII_v1.0,frozen_confirmed_by_researcher,0.91,7.724494277522837,-6.8144942775228365
2024-01-16,M1_absdev_dii,RQI_DII_v1.0,frozen_confirmed_by_researcher,4.8999999999999995,7.708086211774514,-2.8080862117745147
2024-01-17,M1_absdev_dii,RQI_DII_v1.0,frozen_confirmed_by_researcher,2.18,7.693884938901675,-5.5138849389016755
2024-01-18,M1_absdev_dii,RQI_DII_v1.0,frozen_confirmed_by_researcher,6.12,7.616389114447998,-1.4963891144479975
2024-01-19,M1_absdev_dii,RQI_DII_v1.0,frozen_confirmed_by_researcher,12.43,7.607261952305265,4.822738047694735
2024-01-20,M1_absdev_dii,RQI_DII_v1.0,frozen_confirmed_by_researcher,10.0,7.604660108629673,2.3953398913703268
2024-01-21,M1_absdev_dii,RQI_DII_v1.0,frozen_confirmed_by_researcher,4.41,7.550868755851951,-3.140868755851951
2024-01-22,M1_absdev_dii,RQI_DII_v1.0,frozen_confirmed_by_researcher,4.25,7.52573539569164,-3.2757353956916404
2024-01-23,M1_absdev_dii,RQI_DII_v1.0,frozen_confirmed_by_researcher,20.0,7.541227405204324,12.458772594795676
2024-01-24,M1_absdev_dii,RQI_DII_v1.0,frozen_confirmed_by_researcher,20.0,7.5127098599715225,12.487290140028477
2024-01-25,M1_absdev_dii,RQI_DII_v1.0,frozen_confirmed_by_researcher,2.9,7.466395636366599,-4.5663956363665985
2024-01-26,M1_absdev_dii,RQI_DII_v1.0,frozen_confirmed_by_researcher,0.0,7.408284719763202,-7.408284719763202
2024-01-27,M1_absdev_dii,RQI_DII_v1.0,frozen_confirmed_by_researcher,4.62,7.3719262923715405,-2.7519262923715404
2024-01-28,M1_absdev_dii,RQI_DII_v1.0,frozen_confirmed_by_researcher,2.4899999999999998,7.338686061519127,-4.8486860615191265
2024-01-29,M1_absdev_dii,RQI_DII_v1.0,frozen_confirmed_by_researcher,14.74,7.313572118810782,7.426427881189218
2024-01-30,M1_absdev_dii,RQI_DII_v1.0,frozen_confirmed_by_researcher,10.0,7.236268865233086,2.763731134766914
2024-01-31,M1_absdev_dii,RQI_DII_v1.0,frozen_confirmed_by_researcher,12.899999999999999,7.16127249180056,5.738727508199439
2024-02-01,M1_absdev_dii,RQI_DII_v1.0,frozen_confirmed_by_researcher,16.26,7.087773716301939,9.172226283698063
2024-02-02,M1_absdev_dii,RQI_DII_v1.0,frozen_confirmed_by_researcher,20.0,7.082195481124671,12.917804518875329
2024-02-03,M1_absdev_dii,RQI_DII_v1.0,frozen_confirmed_by_researcher,0.0,7.035363577327303,-7.035363577327303
2024-02-04,M1_absdev_dii,RQI_DII_v1.0,frozen_confirmed_by_researcher,1.39,7.003661059090348,-5.613661059090348
2024-02-05,M1_absdev_dii,RQI_DII_v1.0,frozen_confirmed_by_researcher,9.86,6.973578250726916,2.886421749273083
2024-02-06,M1_absdev_dii,RQI_DII_v1.0,frozen_confirmed_by_researcher,2.4699999999999998,7.471495462851436,-5.0014954628514365
2024-02-07,M1_absdev_dii,RQI_DII_v1.0,frozen_confirmed_by_researcher,20.0,7.394234334755623,12.605765665244377
2024-02-08,M1_absdev_dii,RQI_DII_v1.0,frozen_confirmed_by_researcher,10.0,7.329800064881169,2.6701999351188306
2024-02-09,M1_absdev_dii,RQI_DII_v1.0,frozen_confirmed_by_researcher,1.18,7.264693260555987,-6.084693260555987
2024-02-10,M1_absdev_dii,RQI_DII_v1.0,frozen_confirmed_by_researcher,6.33,7.202439331808563,-0.8724393318085628
2024-02-11,M1_absdev_dii,RQI_DII_v1.0,frozen_confirmed_by_researcher,0.0,7.178156662274802,-7.178156662274802
2024-02-12,M1_absdev_dii,RQI_DII_v1.0,frozen_confirmed_by_researcher,10.0,7.163578401271337,2.8364215987286627
2024-02-13,M1_absdev_dii,RQI_DII_v1.0,frozen_confirmed_by_researcher,0.01,7.17648276748767,-7.16648276748767
2024-02-14,M1_absdev_dii,RQI_DII_v1.0,frozen_confirmed_by_researcher,9.909999999999998,7.143687295878493,2.766312704121505
2024-02-15,M1_absdev_dii,RQI_DII_v1.0,frozen_confirmed_by_researcher,50.0,7.086118918404367,42.91388108159563
2024-02-16,M1_absdev_dii,RQI_DII_v1.0,frozen_confirmed_by_researcher,13.89,7.04907446458995,6.840925535410051
2024-02-17,M1_absdev_dii,RQI_DII_v1.0,frozen_confirmed_by_researcher,5.5,7.029760957737352,-1.529760957737352
2024-02-18,M1_absdev_dii,RQI_DII_v1.0,frozen_confirmed_by_researcher,10.0,7.008861679764436,2.9911383202355637
2024-02-19,M1_absdev_dii,RQI_DII_v1.0,frozen_confirmed_by_researcher,0.0,6.998448168974477,-6.998448168974477
2024-02-20,M1_absdev_dii,RQI_DII_v1.0,frozen_confirmed_by_researcher,10.65,6.987233110028427,3.6627668899715733
2024-02-21,M1_absdev_dii,RQI_DII_v1.0,frozen_confirmed_by_researcher,11.21,6.975301836940304,4.234698163059697
2024-02-22,M1_absdev_dii,RQI_DII_v1.0,frozen_confirmed_by_researcher,20.89,6.942988038035281,13.94701196196472
2024-02-23,M1_absdev_dii,RQI_DII_v1.0,frozen_confirmed_by_researcher,10.0,6.93479712009966,3.0652028799003403
2024-02-24,M1_absdev_dii,RQI_DII_v1.0,frozen_confirmed_by_researcher,10.0,6.895497931306409,3.1045020686935914
2024-02-25,M1_absdev_dii,RQI_DII_v1.0,frozen_confirmed_by_researcher,7.09,6.864717655222478,0.22528234477752207
2024-02-26,M1_absdev_dii,RQI_DII_v1.0,frozen_confirmed_by_researcher,5.04,6.839254894876859,-1.7992548948768592
2024-02-27,M1_absdev_dii,RQI_DII_v1.0,frozen_confirmed_by_researcher,14.879999999999999,6.76835568261248,8.111644317387519
2024-02-28,M1_absdev_dii,RQI_DII_v1.0,frozen_confirmed_by_researcher,10.0,6.760139164605562,3.2398608353944383
2024-02-29,M1_absdev_dii,RQI_DII_v1.0,frozen_confirmed_by_researcher,21.67,7.897117081071485,13.772882918928516
2024-03-01,M1_absdev_dii,RQI_DII_v1.0,frozen_confirmed_by_researcher,30.0,7.847477028752536,22.152522971247464
2024-03-02,M1_absdev_dii,RQI_DII_v1.0,frozen_confirmed_by_researcher,10.0,7.786735129593211,2.213264870406789
2024-03-03,M1_absdev_dii,RQI_DII_v1.0,frozen_confirmed_by_researcher,10.319999999999999,7.769471480734353,2.5505285192656455
2024-03-04,M1_absdev_dii,RQI_DII_v1.0,frozen_confirmed_by_researcher,20.0,7.762154978620231,12.23784502137977
2024-03-05,M1_absdev_dii,RQI_DII_v1.0,frozen_confirmed_by_researcher,30.490000000000002,7.756462468616178,22.733537531383824
2024-03-06,M1_absdev_dii,RQI_DII_v1.0,frozen_confirmed_by_researcher,1.1199999999999999,7.75273620534017,-6.63273620534017
2024-03-07,M1_absdev_dii,RQI_DII_v1.0,frozen_confirmed_by_researcher,34.81,7.673274515414704,27.1367254845853
2024-03-08,M1_absdev_dii,RQI_DII_v1.0,frozen_confirmed_by_researcher,0.0,7.622410245569654,-7.622410245569654
2024-03-09,M1_absdev_dii,RQI_DII_v1.0,frozen_confirmed_by_researcher,0.6499999999999999,7.484860674016687,-6.834860674016687
2024-03-10,M1_absdev_dii,RQI_DII_v1.0,frozen_confirmed_by_researcher,2.7300000000000004,7.456429219273502,-4.726429219273502
2024-03-11,M1_absdev_dii,RQI_DII_v1.0,frozen_confirmed_by_researcher,19.16,7.410869312671252,11.749130687328748
2024-03-12,M1_absdev_dii,RQI_DII_v1.0,frozen_confirmed_by_researcher,13.370000000000001,7.31483375593038,6.055166244069621
2024-03-13,M1_absdev_dii,RQI_DII_v1.0,frozen_confirmed_by_researcher,0.5,7.302841084719802,-6.802841084719802
2024-03-14,M1_absdev_dii,RQI_DII_v1.0,frozen_confirmed_by_researcher,10.0,7.222855846748018,2.7771441532519816
2024-03-15,M1_absdev_dii,RQI_DII_v1.0,frozen_confirmed_by_researcher,30.0,7.24407167011239,22.75592832988761
2024-03-16,M1_absdev_dii,RQI_DII_v1.0,frozen_confirmed_by_researcher,6.8999999999999995,7.15474834954523,-0.2547483495452303
2024-03-17,M1_absdev_dii,RQI_DII_v1.0,frozen_confirmed_by_researcher,10.0,7.1231334915459,2.8768665084541
2024-03-18,M1_absdev_dii,RQI_DII_v1.0,frozen_confirmed_by_researcher,15.31,7.118347844177322,8.191652155822679
2024-03-19,M1_absdev_dii,RQI_DII_v1.0,frozen_confirmed_by_researcher,14.64,7.034118936503091,7.605881063496909
2024-03-20,M1_absdev_dii,RQI_DII_v1.0,frozen_confirmed_by_researcher,60.0,7.010359964002589,52.98964003599741
2024-03-21,M1_absdev_dii,RQI_DII_v1.0,frozen_confirmed_by_researcher,27.16,6.942041246401487,20.217958753598513
2024-03-22,M1_absdev_dii,RQI_DII_v1.0,frozen_confirmed_by_researcher,2.07,6.84306451358205,-4.7730645135820495
2024-03-23,M1_absdev_dii,RQI_DII_v1.0,frozen_confirmed_by_researcher,1.17,6.7855835648012715,-5.6155835648012715
2024-03-24,M1_absdev_dii,RQI_DII_v1.0,frozen_confirmed_by_researcher,10.0,6.7613099545623925,3.2386900454376075
2024-03-25,M1_absdev_dii,RQI_DII_v1.0,frozen_confirmed_by_researcher,0.0,6.743410167997013,-6.743410167997013
2024-03-26,M1_absdev_dii,RQI_DII_v1.0,frozen_confirmed_by_researcher,0.0,6.52603221659075,-6.52603221659075
2024-03-27,M1_absdev_dii,RQI_DII_v1.0,frozen_confirmed_by_researcher,10.0,6.497060608129999,3.502939391870001
2024-03-28,M1_absdev_dii,RQI_DII_v1.0,frozen_confirmed_by_researcher,20.0,6.514733200021823,13.485266799978177
2024-03-29,M1_absdev_dii,RQI_DII_v1.0,frozen_confirmed_by_researcher,5.63,6.426121669498457,-0.796121669498457
2024-03-30,M1_absdev_dii,RQI_DII_v1.0,frozen_confirmed_by_researcher,9.02,6.394820627598506,2.625179372401494
2024-03-31,M1_absdev_dii,RQI_DII_v1.0,frozen_confirmed_by_researcher,20.0,6.378196042953505,13.621803957046495
2024-04-01,M1_absdev_dii,RQI_DII_v1.0,frozen_confirmed_by_researcher,0.0,6.3647862987247095,-6.3647862987247095
2024-04-02,M1_absdev_dii,RQI_DII_v1.0,frozen_confirmed_by_researcher,12.520000000000001,6.30754204649557,6.2124579535044315
2024-04-03,M1_absdev_dii,RQI_DII_v1.0,frozen_confirmed_by_researcher,20.860000000000003,6.255293152422297,14.604706847577706
2024-04-04,M1_absdev_dii,RQI_DII_v1.0,frozen_confirmed_by_researcher,10.0,6.229935359080429,3.7700646409195713
2024-04-05,M1_absdev_dii,RQI_DII_v1.0,frozen_confirmed_by_researcher,11.2,6.183950396996977,5.016049603003022
2024-04-06,M1_absdev_dii,RQI_DII_v1.0,frozen_confirmed_by_researcher,10.0,6.183871454967175,3.816128545032825
2024-04-07,M1_absdev_dii,RQI_DII_v1.0,frozen_confirmed_by_researcher,7.37,6.159514959642024,1.2104850403579759
2024-04-08,M1_absdev_dii,RQI_DII_v1.0,frozen_confirmed_by_researcher,17.95,6.143466081594454,11.806533918405545
2024-04-09,M1_absdev_dii,RQI_DII_v1.0,frozen_confirmed_by_researcher,16.45,6.1813110959510595,10.26868890404894
2024-04-10,M1_absdev_dii,RQI_DII_v1.0,frozen_confirmed_by_researcher,1.35,6.219660439620213,-4.869660439620214
2024-04-11,M1_absdev_dii,RQI_DII_v1.0,frozen_confirmed_by_researcher,2.59,6.218445272201279,-3.6284452722012794
2024-04-12,M1_absdev_dii,RQI_DII_v1.0,frozen_confirmed_by_researcher,6.88,6.1926617628686245,0.6873382371313754
2024-04-13,M1_absdev_dii,RQI_DII_v1.0,frozen_confirmed_by_researcher,4.53,6.227056118788681,-1.697056118788681
2024-04-14,M1_absdev_dii,RQI_DII_v1.0,frozen_confirmed_by_researcher,27.92,6.133560694538659,21.786439305461343
2024-04-15,M1_absdev_dii,RQI_DII_v1.0,frozen_confirmed_by_researcher,9.09,6.6362241192378235,2.4537758807621763
2024-04-16,M1_absdev_dii,RQI_DII_v1.0,frozen_confirmed_by_researcher,8.12,6.595569670069864,1.5244303299301354
2024-04-17,M1_absdev_dii,RQI_DII_v1.0,frozen_confirmed_by_researcher,10.0,6.539298649401331,3.4607013505986686
2024-04-18,M1_absdev_dii,RQI_DII_v1.0,frozen_confirmed_by_researcher,3.1599999999999997,6.398861290765552,-3.2388612907655525
2024-04-19,M1_absdev_dii,RQI_DII_v1.0,frozen_confirmed_by_researcher,10.0,6.3013477284605415,3.6986522715394585
2024-04-20,M1_absdev_dii,RQI_DII_v1.0,frozen_confirmed_by_researcher,0.0,6.12864737276243,-6.12864737276243
2024-04-21,M1_absdev_dii,RQI_DII_v1.0,frozen_confirmed_by_researcher,2.4899999999999998,6.145361476470214,-3.655361476470214
2024-04-22,M1_absdev_dii,RQI_DII_v1.0,frozen_confirmed_by_researcher,2.78,6.159962347922345,-3.3799623479223455
2024-04-23,M1_absdev_dii,RQI_DII_v1.0,frozen_confirmed_by_researcher,0.0,6.184607673000386,-6.184607673000386
2024-04-24,M1_absdev_dii,RQI_DII_v1.0,frozen_confirmed_by_researcher,1.44,6.237994049890403,-4.797994049890404
2024-04-25,M1_absdev_dii,RQI_DII_v1.0,frozen_confirmed_by_researcher,0.0,6.2182013973297785,-6.2182013973297785
2024-04-26,M1_absdev_dii,RQI_DII_v1.0,frozen_confirmed_by_researcher,10.0,6.198408744769154,3.8015912552308464
2024-04-27,M1_absdev_dii,RQI_DII_v1.0,frozen_confirmed_by_researcher,16.95,6.178616092208557,10.771383907791442
2024-04-28,M1_absdev_dii,RQI_DII_v1.0,frozen_confirmed_by_researcher,2.56,6.156127061911803,-3.5961270619118033
2024-04-29,M1_absdev_dii,RQI_DII_v1.0,frozen_confirmed_by_researcher,2.06,6.137022825130828,-4.077022825130827
2024-04-30,M1_absdev_dii,RQI_DII_v1.0,frozen_confirmed_by_researcher,13.64,6.1489458436502105,7.49105415634979
2024-05-01,M1_absdev_dii,RQI_DII_v1.0,frozen_confirmed_by_researcher,0.0,6.10054828425109,-6.10054828425109
2024-05-02,M1_absdev_dii,RQI_DII_v1.0,frozen_confirmed_by_researcher,4.470000000000001,6.10426020293994,-1.6342602029399398
2024-05-03,M1_absdev_dii,RQI_DII_v1.0,frozen_confirmed_by_researcher,8.67,6.057331009536426,2.6126689904635736
2024-05-04,M1_absdev_dii,RQI_DII_v1.0,frozen_confirmed_by_researcher,0.0,5.984386822925046,-5.984386822925046
2024-05-05,M1_absdev_dii,RQI_DII_v1.0,frozen_confirmed_by_researcher,14.51,5.94117390695601,8.56882609304399
2024-05-06,M1_absdev_dii,RQI_DII_v1.0,frozen_confirmed_by_researcher,0.51,5.916983455477123,-5.406983455477123
2024-05-07,M1_absdev_dii,RQI_DII_v1.0,frozen_confirmed_by_researcher,10.0,5.954906758163929,4.045093241836071
2024-05-08,M1_absdev_dii,RQI_DII_v1.0,frozen_confirmed_by_researcher,7.9,5.931343926085049,1.9686560739149517
2024-05-09,M1_absdev_dii,RQI_DII_v1.0,frozen_confirmed_by_researcher,0.29,5.945535508282944,-5.655535508282944
2024-05-10,M1_absdev_dii,RQI_DII_v1.0,frozen_confirmed_by_researcher,0.0,5.92445892121907,-5.92445892121907
2024-05-11,M1_absdev_dii,RQI_DII_v1.0,frozen_confirmed_by_researcher,2.07,5.904543384772069,-3.834543384772069
2024-05-12,M1_absdev_dii,RQI_DII_v1.0,frozen_confirmed_by_researcher,0.0,5.882272372687709,-5.882272372687709
2024-05-13,M1_absdev_dii,RQI_DII_v1.0,frozen_confirmed_by_researcher,1.95,5.863538876918227,-3.913538876918227
2024-05-14,M1_absdev_dii,RQI_DII_v1.0,frozen_confirmed_by_researcher,0.0,5.838705758134097,-5.838705758134097
2024-05-15,M1_absdev_dii,RQI_DII_v1.0,frozen_confirmed_by_researcher,0.0,5.860246260384031,-5.860246260384031
2024-05-16,M1_absdev_dii,RQI_DII_v1.0,frozen_confirmed_by_researcher,3.2899999999999996,5.77182934386019,-2.481829343860191
2024-05-17,M1_absdev_dii,RQI_DII_v1.0,frozen_confirmed_by_researcher,0.0,5.743487094128113,-5.743487094128113
2024-05-18,M1_absdev_dii,RQI_DII_v1.0,frozen_confirmed_by_researcher,2.95,5.698460333530818,-2.7484603335308178
2024-05-19,M1_absdev_dii,RQI_DII_v1.0,frozen_confirmed_by_researcher,0.04,5.662700083498379,-5.622700083498379
2024-05-20,M1_absdev_dii,RQI_DII_v1.0,frozen_confirmed_by_researcher,0.15,5.650338670079549,-5.5003386700795485
2024-05-21,M1_absdev_dii,RQI_DII_v1.0,frozen_confirmed_by_researcher,0.0,5.661831921416308,-5.661831921416308
2024-05-22,M1_absdev_dii,RQI_DII_v1.0,frozen_confirmed_by_researcher,0.0,5.684633713990024,-5.684633713990024
2024-05-23,M1_absdev_dii,RQI_DII_v1.0,frozen_confirmed_by_researcher,0.0,5.662578234925036,-5.662578234925036
2024-05-24,M1_absdev_dii,RQI_DII_v1.0,frozen_confirmed_by_researcher,0.0,5.704042970668439,-5.704042970668439
2024-05-25,M1_absdev_dii,RQI_DII_v1.0,frozen_confirmed_by_researcher,0.0,5.683607574039172,-5.683607574039172
2024-05-26,M1_absdev_dii,RQI_DII_v1.0,frozen_confirmed_by_researcher,5.15,5.671363127005691,-0.5213631270056904
2024-05-27,M1_absdev_dii,RQI_DII_v1.0,frozen_confirmed_by_researcher,0.0,5.668423356623919,-5.668423356623919
2024-05-28,M1_absdev_dii,RQI_DII_v1.0,frozen_confirmed_by_researcher,2.3800000000000003,5.664822232789589,-3.284822232789589
2024-05-29,M1_absdev_dii,RQI_DII_v1.0,frozen_confirmed_by_researcher,2.64,5.6909767688404145,-3.0509767688404144
2024-05-30,M1_absdev_dii,RQI_DII_v1.0,frozen_confirmed_by_researcher,0.0,5.696275321693065,-5.696275321693065
2024-05-31,M1_absdev_dii,RQI_DII_v1.0,frozen_confirmed_by_researcher,3.4499999999999997,5.643403659105019,-2.193403659105019
2024-06-01,M1_absdev_dii,RQI_DII_v1.0,frozen_confirmed_by_researcher,0.0,5.613575373279332,-5.613575373279332
2024-06-02,M1_absdev_dii,RQI_DII_v1.0,frozen_confirmed_by_researcher,1.32,5.60231221827371,-4.2823122182737094
2024-06-03,M1_absdev_dii,RQI_DII_v1.0,frozen_confirmed_by_researcher,0.0,5.581959296644698,-5.581959296644698
2024-06-04,M1_absdev_dii,RQI_DII_v1.0,frozen_confirmed_by_researcher,1.72,5.571312800109098,-3.851312800109098
2024-06-05,M1_absdev_dii,RQI_DII_v1.0,frozen_confirmed_by_researcher,3.09,5.536032434835192,-2.4460324348351925
2024-06-06,M1_absdev_dii,RQI_DII_v1.0,frozen_confirmed_by_researcher,10.0,5.487382056659612,4.512617943340388
2024-06-07,M1_absdev_dii,RQI_DII_v1.0,frozen_confirmed_by_researcher,0.0,5.478135781716475,-5.478135781716475
2024-06-08,M1_absdev_dii,RQI_DII_v1.0,frozen_confirmed_by_researcher,0.0,5.512300963196338,-5.512300963196338
2024-06-09,M1_absdev_dii,RQI_DII_v1.0,frozen_confirmed_by_researcher,0.0,5.497323395126529,-5.497323395126529
2024-06-10,M1_absdev_dii,RQI_DII_v1.0,frozen_confirmed_by_researcher,0.0,5.475050016951485,-5.475050016951485
2024-06-11,M1_absdev_dii,RQI_DII_v1.0,frozen_confirmed_by_researcher,0.77,5.477205084755269,-4.7072050847552696
2024-06-12,M1_absdev_dii,RQI_DII_v1.0,frozen_confirmed_by_researcher,0.0,5.4523553606257735,-5.4523553606257735
2024-06-13,M1_absdev_dii,RQI_DII_v1.0,frozen_confirmed_by_researcher,0.92,5.381556616489291,-4.4615566164892915
2024-06-14,M1_absdev_dii,RQI_DII_v1.0,frozen_confirmed_by_researcher,2.94,5.328718026943392,-2.388718026943392
2024-06-15,M1_absdev_dii,RQI_DII_v1.0,frozen_confirmed_by_researcher,0.0,5.330842032170267,-5.330842032170267
2024-06-16,M1_absdev_dii,RQI_DII_v1.0,frozen_confirmed_by_researcher,0.0,5.3151747750225695,-5.3151747750225695
2024-06-17,M1_absdev_dii,RQI_DII_v1.0,frozen_confirmed_by_researcher,1.77,5.287278727065143,-3.517278727065143
2024-06-18,M1_absdev_dii,RQI_DII_v1.0,frozen_confirmed_by_researcher,0.0,5.27278499049001,-5.27278499049001
2024-06-19,M1_absdev_dii,RQI_DII_v1.0,frozen_confirmed_by_researcher,6.29,5.191910609933387,1.0980893900666127
2024-06-20,M1_absdev_dii,RQI_DII_v1.0,frozen_confirmed_by_researcher,1.69,5.1710070556012795,-3.4810070556012795
2024-06-21,M1_absdev_dii,RQI_DII_v1.0,frozen_confirmed_by_researcher,1.53,5.186555036561174,-3.6565550365611736
2024-06-22,M1_absdev_dii,RQI_DII_v1.0,frozen_confirmed_by_researcher,0.0,5.1518149284209755,-5.1518149284209755
2024-06-23,M1_absdev_dii,RQI_DII_v1.0,frozen_confirmed_by_researcher,1.9000000000000001,5.1279360720344584,-3.227936072034458
2024-06-24,M1_absdev_dii,RQI_DII_v1.0,frozen_confirmed_by_researcher,7.15,5.112449235014424,2.0375507649855766
2024-06-25,M1_absdev_dii,RQI_DII_v1.0,frozen_confirmed_by_researcher,0.0,5.115666130007696,-5.115666130007696
2024-06-26,M1_absdev_dii,RQI_DII_v1.0,frozen_confirmed_by_researcher,0.0,5.055343209379657,-5.055343209379657
2024-06-27,M1_absdev_dii,RQI_DII_v1.0,frozen_confirmed_by_researcher,0.26,5.00639693714308,-4.74639693714308
2024-06-28,M1_absdev_dii,RQI_DII_v1.0,frozen_confirmed_by_researcher,0.81,5.039160763833962,-4.229160763833962
2024-06-29,M1_absdev_dii,RQI_DII_v1.0,frozen_confirmed_by_researcher,1.9900000000000002,5.084035062105414,-3.094035062105414
2024-06-30,M1_absdev_dii,RQI_DII_v1.0,frozen_confirmed_by_researcher,10.0,5.070123764168017,4.929876235831983
2024-07-01,M1_absdev_dii,RQI_DII_v1.0,frozen_confirmed_by_researcher,0.39,5.059355691420052,-4.669355691420052
2024-07-02,M1_absdev_dii,RQI_DII_v1.0,frozen_confirmed_by_researcher,10.0,4.988324052960678,5.011675947039322
2024-07-03,M1_absdev_dii,RQI_DII_v1.0,frozen_confirmed_by_researcher,0.0,4.953459010782922,-4.953459010782922
2024-07-04,M1_absdev_dii,RQI_DII_v1.0,frozen_confirmed_by_researcher,10.39,4.893265904820083,5.496734095179917
2024-07-05,M1_absdev_dii,RQI_DII_v1.0,frozen_confirmed_by_researcher,10.0,4.8492777931629405,5.1507222068370595
2024-07-06,M1_absdev_dii,RQI_DII_v1.0,frozen_confirmed_by_researcher,10.0,4.70288694113367,5.29711305886633
2024-07-07,M1_absdev_dii,RQI_DII_v1.0,frozen_confirmed_by_researcher,2.18,4.659616522165521,-2.479616522165521
2024-07-08,M1_absdev_dii,RQI_DII_v1.0,frozen_confirmed_by_researcher,0.0,4.641114956372576,-4.641114956372576
2024-07-09,M1_absdev_dii,RQI_DII_v1.0,frozen_confirmed_by_researcher,7.5,4.597216925046098,2.902783074953902
2024-07-10,M1_absdev_dii,RQI_DII_v1.0,frozen_confirmed_by_researcher,0.34,4.5607551286897206,-4.220755128689721
2024-07-11,M1_absdev_dii,RQI_DII_v1.0,frozen_confirmed_by_researcher,0.0,4.517926495608577,-4.517926495608577
2024-07-12,M1_absdev_dii,RQI_DII_v1.0,frozen_confirmed_by_researcher,0.0,4.521099946458463,-4.521099946458463
2024-07-13,M1_absdev_dii,RQI_DII_v1.0,frozen_confirmed_by_researcher,30.0,4.50991478787401,25.49008521212599
2024-07-14,M1_absdev_dii,RQI_DII_v1.0,frozen_confirmed_by_researcher,2.48,4.482937288759217,-2.002937288759217
2024-07-15,M1_absdev_dii,RQI_DII_v1.0,frozen_confirmed_by_researcher,1.33,4.463829366348364,-3.1338293663483636
2024-07-16,M1_absdev_dii,RQI_DII_v1.0,frozen_confirmed_by_researcher,0.0,4.44979896061912,-4.44979896061912
2024-07-17,M1_absdev_dii,RQI_DII_v1.0,frozen_confirmed_by_researcher,0.0,4.423690619973883,-4.423690619973883
2024-07-18,M1_absdev_dii,RQI_DII_v1.0,frozen_confirmed_by_researcher,0.0,4.438760547745716,-4.438760547745716
2024-07-19,M1_absdev_dii,RQI_DII_v1.0,frozen_confirmed_by_researcher,4.14,4.434311483162389,-0.29431148316238964
2024-07-20,M1_absdev_dii,RQI_DII_v1.0,frozen_confirmed_by_researcher,20.0,4.36686527051998,15.63313472948002
2024-07-21,M1_absdev_dii,RQI_DII_v1.0,frozen_confirmed_by_researcher,1.73,4.323601394369206,-2.593601394369206
2024-07-22,M1_absdev_dii,RQI_DII_v1.0,frozen_confirmed_by_researcher,0.0,4.326491610403394,-4.326491610403394
2024-07-23,M1_absdev_dii,RQI_DII_v1.0,frozen_confirmed_by_researcher,10.0,4.301016100653783,5.698983899346217
2024-07-24,M1_absdev_dii,RQI_DII_v1.0,frozen_confirmed_by_researcher,1.51,4.255485465012157,-2.745485465012157
2024-07-25,M1_absdev_dii,RQI_DII_v1.0,frozen_confirmed_by_researcher,2.5500000000000003,4.257833753841425,-1.7078337538414243
2024-07-26,M1_absdev_dii,RQI_DII_v1.0,frozen_confirmed_by_researcher,3.76,4.2805079162219215,-0.5205079162219217
2024-07-27,M1_absdev_dii,RQI_DII_v1.0,frozen_confirmed_by_researcher,2.12,4.199035049117811,-2.0790350491178105
2024-07-28,M1_absdev_dii,RQI_DII_v1.0,frozen_confirmed_by_researcher,1.1900000000000002,4.175152705959476,-2.985152705959476
2024-07-29,M1_absdev_dii,RQI_DII_v1.0,frozen_confirmed_by_researcher,1.09,4.131919951837801,-3.0419199518378015
2024-07-30,M1_absdev_dii,RQI_DII_v1.0,frozen_confirmed_by_researcher,0.0,4.2076604413383905,-4.2076604413383905
2024-07-31,M1_absdev_dii,RQI_DII_v1.0,frozen_confirmed_by_researcher,20.0,4.2337066491504345,15.766293350849566
2024-08-05,M1_absdev_dii,RQI_DII_v1.0,frozen_confirmed_by_researcher,0.0,4.179946234492093,-4.179946234492093
2024-08-06,M1_absdev_dii,RQI_DII_v1.0,frozen_confirmed_by_researcher,0.0,4.072185939782173,-4.072185939782173
2024-08-07,M1_absdev_dii,RQI_DII_v1.0,frozen_confirmed_by_researcher,0.0,3.965720586357321,-3.965720586357321
2024-08-08,M1_absdev_dii,RQI_DII_v1.0,frozen_confirmed_by_researcher,50.0,3.9023516975936445,46.097648302406355
2024-08-09,M1_absdev_dii,RQI_DII_v1.0,frozen_confirmed_by_researcher,0.0,3.8811202043407604,-3.8811202043407604
2024-08-10,M1_absdev_dii,RQI_DII_v1.0,frozen_confirmed_by_researcher,1.45,3.872435500919323,-2.422435500919323
2024-08-11,M1_absdev_dii,RQI_DII_v1.0,frozen_confirmed_by_researcher,22.790000000000003,3.8452174816310674,18.944782518368935
2024-08-12,M1_absdev_dii,RQI_DII_v1.0,frozen_confirmed_by_researcher,10.0,3.828600210915056,6.171399789084944
2024-08-13,M1_absdev_dii,RQI_DII_v1.0,frozen_confirmed_by_researcher,0.0,3.803258751944668,-3.803258751944668
2024-08-14,M1_absdev_dii,RQI_DII_v1.0,frozen_confirmed_by_researcher,0.0,3.7886596942869346,-3.7886596942869346
2024-08-15,M1_absdev_dii,RQI_DII_v1.0,frozen_confirmed_by_researcher,0.0,3.768294021391881,-3.768294021391881
2024-08-16,M1_absdev_dii,RQI_DII_v1.0,frozen_confirmed_by_researcher,5.590000000000001,3.736529433639163,1.853470566360838
2024-08-17,M1_absdev_dii,RQI_DII_v1.0,frozen_confirmed_by_researcher,0.0,3.6725191858114385,-3.6725191858114385
2024-08-18,M1_absdev_dii,RQI_DII_v1.0,frozen_confirmed_by_researcher,0.0,3.6486358054826553,-3.6486358054826553
2024-08-19,M1_absdev_dii,RQI_DII_v1.0,frozen_confirmed_by_researcher,1.02,3.6340895140526186,-2.6140895140526186
2024-08-20,M1_absdev_dii,RQI_DII_v1.0,frozen_confirmed_by_researcher,1.07,3.5980390375817706,-2.5280390375817703
2024-08-21,M1_absdev_dii,RQI_DII_v1.0,frozen_confirmed_by_researcher,8.88,3.5958876455942175,5.284112354405783
2024-08-22,M1_absdev_dii,RQI_DII_v1.0,frozen_confirmed_by_researcher,3.93,3.5582943095979545,0.3717056904020457
2024-08-23,M1_absdev_dii,RQI_DII_v1.0,frozen_confirmed_by_researcher,3.4699999999999998,3.5761373730086348,-0.10613737300863502
2024-08-24,M1_absdev_dii,RQI_DII_v1.0,frozen_confirmed_by_researcher,12.28,3.5145683779546744,8.765431622045325
2024-08-25,M1_absdev_dii,RQI_DII_v1.0,frozen_confirmed_by_researcher,10.0,3.5072004430217874,6.492799556978213
2024-08-26,M1_absdev_dii,RQI_DII_v1.0,frozen_confirmed_by_researcher,1.16,3.4963063208437006,-2.3363063208437005
2024-08-27,M1_absdev_dii,RQI_DII_v1.0,frozen_confirmed_by_researcher,10.49,7.448142042088591,3.041857957911409
2024-08-28,M1_absdev_dii,RQI_DII_v1.0,frozen_confirmed_by_researcher,0.0,7.475234377250018,-7.475234377250018
2024-08-29,M1_absdev_dii,RQI_DII_v1.0,frozen_confirmed_by_researcher,3.83,7.4336967080454315,-3.6036967080454314
2024-08-30,M1_absdev_dii,RQI_DII_v1.0,frozen_confirmed_by_researcher,0.0,7.3311258204794,-7.3311258204794
2024-08-31,M1_absdev_dii,RQI_DII_v1.0,frozen_confirmed_by_researcher,0.0,7.295732355291449,-7.295732355291449
2024-09-01,M1_absdev_dii,RQI_DII_v1.0,frozen_confirmed_by_researcher,17.23,7.2786378223949555,9.951362177605045
2024-09-02,M1_absdev_dii,RQI_DII_v1.0,frozen_confirmed_by_researcher,10.0,7.253727337014396,2.7462726629856036
2024-09-03,M1_absdev_dii,RQI_DII_v1.0,frozen_confirmed_by_researcher,0.0,7.2263146595498995,-7.2263146595498995
2024-09-04,M1_absdev_dii,RQI_DII_v1.0,frozen_confirmed_by_researcher,1.11,7.229814355383439,-6.119814355383439
2024-09-05,M1_absdev_dii,RQI_DII_v1.0,frozen_confirmed_by_researcher,0.0,7.164866362833976,-7.164866362833976
2024-09-06,M1_absdev_dii,RQI_DII_v1.0,frozen_confirmed_by_researcher,0.0,7.143395751113786,-7.143395751113786
2024-09-07,M1_absdev_dii,RQI_DII_v1.0,frozen_confirmed_by_researcher,2.26,7.138364848549145,-4.878364848549145
2024-09-08,M1_absdev_dii,RQI_DII_v1.0,frozen_confirmed_by_researcher,6.1899999999999995,7.100376653446602,-0.9103766534466029
2024-09-09,M1_absdev_dii,RQI_DII_v1.0,frozen_confirmed_by_researcher,3.5500000000000003,7.072783480662508,-3.522783480662508
2024-09-10,M1_absdev_dii,RQI_DII_v1.0,frozen_confirmed_by_researcher,10.0,7.032635406154128,2.967364593845872
2024-09-11,M1_absdev_dii,RQI_DII_v1.0,frozen_confirmed_by_researcher,0.0,6.975291688096007,-6.975291688096007
2024-09-12,M1_absdev_dii,RQI_DII_v1.0,frozen_confirmed_by_researcher,1.6400000000000001,6.949339767462845,-5.309339767462845
2024-09-13,M1_absdev_dii,RQI_DII_v1.0,frozen_confirmed_by_researcher,6.930000000000001,6.924196750837126,0.0058032491628745575
2024-09-14,M1_absdev_dii,RQI_DII_v1.0,frozen_confirmed_by_researcher,1.27,6.854163541857105,-5.584163541857105
2024-09-15,M1_absdev_dii,RQI_DII_v1.0,frozen_confirmed_by_researcher,0.0,6.835935581169991,-6.835935581169991
2024-09-16,M1_absdev_dii,RQI_DII_v1.0,frozen_confirmed_by_researcher,0.0,6.820037522236788,-6.820037522236788
2024-09-17,M1_absdev_dii,RQI_DII_v1.0,frozen_confirmed_by_researcher,5.010000000000001,6.84109082827527,-1.8310908282752694
2024-09-18,M1_absdev_dii,RQI_DII_v1.0,frozen_confirmed_by_researcher,0.0,6.7949521116214555,-6.7949521116214555
2024-09-19,M1_absdev_dii,RQI_DII_v1.0,frozen_confirmed_by_researcher,0.5599999999999999,6.7818848065905115,-6.221884806590512
2024-09-20,M1_absdev_dii,RQI_DII_v1.0,frozen_confirmed_by_researcher,6.359999999999999,6.758367453935364,-0.3983674539353643
2024-09-21,M1_absdev_dii,RQI_DII_v1.0,frozen_confirmed_by_researcher,2.69,6.712774872413462,-4.022774872413462
2024-09-22,M1_absdev_dii,RQI_DII_v1.0,frozen_confirmed_by_researcher,10.0,6.681107706055599,3.318892293944401
2024-09-23,M1_absdev_dii,RQI_DII_v1.0,frozen_confirmed_by_researcher,0.0,6.654610368391218,-6.654610368391218
2024-09-24,M1_absdev_dii,RQI_DII_v1.0,frozen_confirmed_by_researcher,0.0,6.641873136408009,-6.641873136408009
2024-09-25,M1_absdev_dii,RQI_DII_v1.0,frozen_confirmed_by_researcher,2.62,6.593518713335953,-3.9735187133359533
2024-09-26,M1_absdev_dii,RQI_DII_v1.0,frozen_confirmed_by_researcher,0.36,6.567642209092327,-6.2076422090923264
2024-09-27,M1_absdev_dii,RQI_DII_v1.0,frozen_confirmed_by_researcher,0.0,6.50800672132948,-6.50800672132948
2024-09-28,M1_absdev_dii,RQI_DII_v1.0,frozen_confirmed_by_researcher,3.23,6.487640285677287,-3.257640285677287
2024-09-29,M1_absdev_dii,RQI_DII_v1.0,frozen_confirmed_by_researcher,0.0,6.471442324534877,-6.471442324534877
2024-09-30,M1_absdev_dii,RQI_DII_v1.0,frozen_confirmed_by_researcher,9.41,6.457638982814302,2.952361017185698
2024-10-01,M1_absdev_dii,RQI_DII_v1.0,frozen_confirmed_by_researcher,2.75,6.564026324725603,-3.814026324725603
2024-10-02,M1_absdev_dii,RQI_DII_v1.0,frozen_confirmed_by_researcher,0.0,6.534250402296635,-6.534250402296635
2024-10-03,M1_absdev_dii,RQI_DII_v1.0,frozen_confirmed_by_researcher,0.0,6.5112503783765305,-6.5112503783765305
2024-10-04,M1_absdev_dii,RQI_DII_v1.0,frozen_confirmed_by_researcher,1.88,6.495868436495442,-4.615868436495442
2024-10-05,M1_absdev_dii,RQI_DII_v1.0,frozen_confirmed_by_researcher,2.11,6.47557212139634,-4.36557212139634
2024-10-06,M1_absdev_dii,RQI_DII_v1.0,frozen_confirmed_by_researcher,20.0,6.44737196236261,13.55262803763739
2024-10-07,M1_absdev_dii,RQI_DII_v1.0,frozen_confirmed_by_researcher,24.87,6.426596980892839,18.443403019107162
2024-10-08,M1_absdev_dii,RQI_DII_v1.0,frozen_confirmed_by_researcher,0.0,6.450986885829792,-6.450986885829792
2024-10-09,M1_absdev_dii,RQI_DII_v1.0,frozen_confirmed_by_researcher,1.76,6.482557697036526,-4.722557697036526
2024-10-10,M1_absdev_dii,RQI_DII_v1.0,frozen_confirmed_by_researcher,1.18,6.508739141150414,-5.328739141150415
2024-10-11,M1_absdev_dii,RQI_DII_v1.0,frozen_confirmed_by_researcher,5.419999999999999,6.4995078676198546,-1.0795078676198555
2024-10-12,M1_absdev_dii,RQI_DII_v1.0,frozen_confirmed_by_researcher,0.76,6.949014067385548,-6.189014067385548
2024-10-13,M1_absdev_dii,RQI_DII_v1.0,frozen_confirmed_by_researcher,0.0,6.921686682390543,-6.921686682390543
2024-10-14,M1_absdev_dii,RQI_DII_v1.0,frozen_confirmed_by_researcher,20.0,6.907364879601374,13.092635120398626
2024-10-15,M1_absdev_dii,RQI_DII_v1.0,frozen_confirmed_by_researcher,0.18,6.906499387840512,-6.726499387840512
2024-10-16,M1_absdev_dii,RQI_DII_v1.0,frozen_confirmed_by_researcher,1.46,6.8851842719909655,-5.4251842719909655
2024-10-17,M1_absdev_dii,RQI_DII_v1.0,frozen_confirmed_by_researcher,6.449999999999999,6.88237231153343,-0.43237231153343103
2024-10-18,M1_absdev_dii,RQI_DII_v1.0,frozen_confirmed_by_researcher,1.69,6.87424975845164,-5.1842497584516405
2024-10-19,M1_absdev_dii,RQI_DII_v1.0,frozen_confirmed_by_researcher,0.0,6.81903523965218,-6.81903523965218
2024-10-20,M1_absdev_dii,RQI_DII_v1.0,frozen_confirmed_by_researcher,8.26,6.79854389019809,1.4614561098019099
2024-10-21,M1_absdev_dii,RQI_DII_v1.0,frozen_confirmed_by_researcher,7.569999999999999,6.7762984034669955,0.7937015965330039
2024-10-22,M1_absdev_dii,RQI_DII_v1.0,frozen_confirmed_by_researcher,1.45,6.801995609683871,-5.351995609683871
2024-10-23,M1_absdev_dii,RQI_DII_v1.0,frozen_confirmed_by_researcher,2.5799999999999996,6.805185120709268,-4.225185120709268
2024-10-24,M1_absdev_dii,RQI_DII_v1.0,frozen_confirmed_by_researcher,3.2899999999999996,6.825970877577902,-3.535970877577902
2024-10-25,M1_absdev_dii,RQI_DII_v1.0,frozen_confirmed_by_researcher,38.63,6.785131020697662,31.84486897930234
2024-10-26,M1_absdev_dii,RQI_DII_v1.0,frozen_confirmed_by_researcher,3.8200000000000003,6.7272998383652975,-2.9072998383652973
2024-10-27,M1_absdev_dii,RQI_DII_v1.0,frozen_confirmed_by_researcher,0.0,6.714714141398417,-6.714714141398417
2024-10-28,M1_absdev_dii,RQI_DII_v1.0,frozen_confirmed_by_researcher,10.0,6.690341593938939,3.309658406061061
2024-10-29,M1_absdev_dii,RQI_DII_v1.0,frozen_confirmed_by_researcher,10.610000000000001,6.66155050792338,3.9484494920766213
2024-10-30,M1_absdev_dii,RQI_DII_v1.0,frozen_confirmed_by_researcher,0.68,6.629754954309334,-5.949754954309334
2024-10-31,M1_absdev_dii,RQI_DII_v1.0,frozen_confirmed_by_researcher,0.0,6.562244966904473,-6.562244966904473
2024-11-01,M1_absdev_dii,RQI_DII_v1.0,frozen_confirmed_by_researcher,2.3800000000000003,6.6026284629767815,-4.222628462976781
2024-11-02,M1_absdev_dii,RQI_DII_v1.0,frozen_confirmed_by_researcher,1.73,6.548286120240391,-4.818286120240391
2024-11-03,M1_absdev_dii,RQI_DII_v1.0,frozen_confirmed_by_researcher,7.640000000000001,6.496222059136045,1.1437779408639557
2024-11-04,M1_absdev_dii,RQI_DII_v1.0,frozen_confirmed_by_researcher,10.0,6.475928260820353,3.5240717391796466
2024-11-05,M1_absdev_dii,RQI_DII_v1.0,frozen_confirmed_by_researcher,20.0,6.402895833072421,13.59710416692758
2024-11-06,M1_absdev_dii,RQI_DII_v1.0,frozen_confirmed_by_researcher,3.04,6.309931249800428,-3.269931249800428
2024-11-07,M1_absdev_dii,RQI_DII_v1.0,frozen_confirmed_by_researcher,10.0,6.089598114733775,3.910401885266225
2024-11-08,M1_absdev_dii,RQI_DII_v1.0,frozen_confirmed_by_researcher,0.0,6.043932380912224,-6.043932380912224
2024-11-09,M1_absdev_dii,RQI_DII_v1.0,frozen_confirmed_by_researcher,1.1500000000000001,5.992962591363067,-4.842962591363067
2024-11-10,M1_absdev_dii,RQI_DII_v1.0,frozen_confirmed_by_researcher,24.44,5.998756712847609,18.441243287152393
2024-11-11,M1_absdev_dii,RQI_DII_v1.0,frozen_confirmed_by_researcher,80.0,5.991071545821654,74.00892845417835
2024-11-12,M1_absdev_dii,RQI_DII_v1.0,frozen_confirmed_by_researcher,1.33,5.973042894785664,-4.643042894785664
2024-11-13,M1_absdev_dii,RQI_DII_v1.0,frozen_confirmed_by_researcher,6.51,6.023885919230935,0.4861140807690649
2024-11-14,M1_absdev_dii,RQI_DII_v1.0,frozen_confirmed_by_researcher,20.330000000000002,5.973100921362061,14.356899078637941
2024-11-15,M1_absdev_dii,RQI_DII_v1.0,frozen_confirmed_by_researcher,0.0,5.92207098679188,-5.92207098679188
2024-11-16,M1_absdev_dii,RQI_DII_v1.0,frozen_confirmed_by_researcher,18.59,5.887413327720566,12.702586672279434
2024-11-17,M1_absdev_dii,RQI_DII_v1.0,frozen_confirmed_by_researcher,10.33,5.844103478221712,4.4858965217782885
2024-11-18,M1_absdev_dii,RQI_DII_v1.0,frozen_confirmed_by_researcher,9.030000000000001,5.828487381477146,3.2015126185228553
2024-11-19,M1_absdev_dii,RQI_DII_v1.0,frozen_confirmed_by_researcher,3.4299999999999997,5.762598441682741,-2.332598441682741
2024-11-20,M1_absdev_dii,RQI_DII_v1.0,frozen_confirmed_by_researcher,0.0,5.724480095966356,-5.724480095966356
2024-11-21,M1_absdev_dii,RQI_DII_v1.0,frozen_confirmed_by_researcher,0.0,5.640604799406674,-5.640604799406674
2024-11-22,M1_absdev_dii,RQI_DII_v1.0,frozen_confirmed_by_researcher,0.0,5.5713955819246905,-5.5713955819246905
2024-11-23,M1_absdev_dii,RQI_DII_v1.0,frozen_confirmed_by_researcher,1.55,5.4536012039090735,-3.9036012039090737
2024-11-24,M1_absdev_dii,RQI_DII_v1.0,frozen_confirmed_by_researcher,20.0,5.390290317819762,14.609709682180238
2024-11-25,M1_absdev_dii,RQI_DII_v1.0,frozen_confirmed_by_researcher,30.0,5.386167719031334,24.613832280968666
2024-11-26,M1_absdev_dii,RQI_DII_v1.0,frozen_confirmed_by_researcher,31.47,5.394681055625057,26.075318944374942
2024-11-27,M1_absdev_dii,RQI_DII_v1.0,frozen_confirmed_by_researcher,3.05,5.415017163796335,-2.3650171637963355
2024-11-28,M1_absdev_dii,RQI_DII_v1.0,frozen_confirmed_by_researcher,10.0,5.2445476032027045,4.7554523967972955
2024-11-29,M1_absdev_dii,RQI_DII_v1.0,frozen_confirmed_by_researcher,1.26,5.21938066621621,-3.9593806662162105
2024-11-30,M1_absdev_dii,RQI_DII_v1.0,frozen_confirmed_by_researcher,2.7399999999999998,5.171119960003949,-2.4311199600039495
2024-12-01,M1_absdev_dii,RQI_DII_v1.0,frozen_confirmed_by_researcher,0.0,5.133197586467105,-5.133197586467105
2024-12-02,M1_absdev_dii,RQI_DII_v1.0,frozen_confirmed_by_researcher,0.0,5.088887051461342,-5.088887051461342
2024-12-03,M1_absdev_dii,RQI_DII_v1.0,frozen_confirmed_by_researcher,10.0,5.08840186679484,4.91159813320516
2024-12-04,M1_absdev_dii,RQI_DII_v1.0,frozen_confirmed_by_researcher,10.0,5.042307350851445,4.957692649148555
2024-12-05,M1_absdev_dii,RQI_DII_v1.0,frozen_confirmed_by_researcher,16.41,4.939676171004123,11.470323828995877
2024-12-06,M1_absdev_dii,RQI_DII_v1.0,frozen_confirmed_by_researcher,5.069999999999999,4.979862552672557,0.09013744732744211
2024-12-07,M1_absdev_dii,RQI_DII_v1.0,frozen_confirmed_by_researcher,1.94,4.6092502797031045,-2.6692502797031046
2024-12-08,M1_absdev_dii,RQI_DII_v1.0,frozen_confirmed_by_researcher,0.0,4.590069164965627,-4.590069164965627
2024-12-09,M1_absdev_dii,RQI_DII_v1.0,frozen_confirmed_by_researcher,7.5600000000000005,4.812072768078053,2.747927231921947
2024-12-10,M1_absdev_dii,RQI_DII_v1.0,frozen_confirmed_by_researcher,10.0,4.850661562044252,5.149338437955748
2024-12-11,M1_absdev_dii,RQI_DII_v1.0,frozen_confirmed_by_researcher,11.13,4.804820991145306,6.325179008854695
2024-12-12,M1_absdev_dii,RQI_DII_v1.0,frozen_confirmed_by_researcher,0.0,4.661731751012837,-4.661731751012837
2024-12-13,M1_absdev_dii,RQI_DII_v1.0,frozen_confirmed_by_researcher,0.78,4.650888769957163,-3.870888769957163
2024-12-14,M1_absdev_dii,RQI_DII_v1.0,frozen_confirmed_by_researcher,0.0,4.567052560230394,-4.567052560230394
2024-12-15,M1_absdev_dii,RQI_DII_v1.0,frozen_confirmed_by_researcher,10.0,4.545570574515921,5.454429425484079
2024-12-16,M1_absdev_dii,RQI_DII_v1.0,frozen_confirmed_by_researcher,6.29,4.507443842658603,1.7825561573413973
2024-12-17,M1_absdev_dii,RQI_DII_v1.0,frozen_confirmed_by_researcher,0.0,4.449396461504477,-4.449396461504477
2024-12-18,M1_absdev_dii,RQI_DII_v1.0,frozen_confirmed_by_researcher,1.69,4.409359886429144,-2.7193598864291437
2024-12-19,M1_absdev_dii,RQI_DII_v1.0,frozen_confirmed_by_researcher,0.98,4.417293263032093,-3.437293263032093
2024-12-20,M1_absdev_dii,RQI_DII_v1.0,frozen_confirmed_by_researcher,10.0,6.70114294990077,3.2988570500992296
2024-12-21,M1_absdev_dii,RQI_DII_v1.0,frozen_confirmed_by_researcher,1.4100000000000001,6.643002736515342,-5.233002736515342
2024-12-22,M1_absdev_dii,RQI_DII_v1.0,frozen_confirmed_by_researcher,10.0,6.598080836386714,3.401919163613286
2024-12-23,M1_absdev_dii,RQI_DII_v1.0,frozen_confirmed_by_researcher,20.0,6.56815518320343,13.43184481679657
2024-12-24,M1_absdev_dii,RQI_DII_v1.0,frozen_confirmed_by_researcher,2.78,6.54602709954824,-3.7660270995482406
2024-12-25,M1_absdev_dii,RQI_DII_v1.0,frozen_confirmed_by_researcher,0.0,6.523532954868159,-6.523532954868159
2024-12-26,M1_absdev_dii,RQI_DII_v1.0,frozen_confirmed_by_researcher,10.0,6.496782547815059,3.5032174521849413
2024-12-27,M1_absdev_dii,RQI_DII_v1.0,frozen_confirmed_by_researcher,2.3800000000000003,6.425428546425678,-4.045428546425677
2024-12-28,M1_absdev_dii,RQI_DII_v1.0,frozen_confirmed_by_researcher,0.09,6.3981830815319825,-6.308183081531983
2024-12-29,M1_absdev_dii,RQI_DII_v1.0,frozen_confirmed_by_researcher,4.51,6.363621604301727,-1.8536216043017273
2024-12-30,M1_absdev_dii,RQI_DII_v1.0,frozen_confirmed_by_researcher,11.23,6.344164033294078,4.885835966705923
2024-12-31,M1_absdev_dii,RQI_DII_v1.0,frozen_confirmed_by_researcher,4.8999999999999995,6.298371321803188,-1.3983713218031886
2022-08-24,M2_absdev_rqi_dii,RQI_DII_v1.0,frozen_confirmed_by_researcher,0.0,-1.6792674684179758,1.6792674684179758
2022-08-25,M2_absdev_rqi_dii,RQI_DII_v1.0,frozen_confirmed_by_researcher,1.2970000000000002,-1.6595597717181363,2.9565597717181364
2022-08-26,M2_absdev_rqi_dii,RQI_DII_v1.0,frozen_confirmed_by_researcher,0.16469999999999999,-1.6318663197885144,1.7965663197885144
2022-08-27,M2_absdev_rqi_dii,RQI_DII_v1.0,frozen_confirmed_by_researcher,0.4125,-1.6761127649697585,2.0886127649697586
2022-08-28,M2_absdev_rqi_dii,RQI_DII_v1.0,frozen_confirmed_by_researcher,0.9199,-1.7018457702716887,2.621745770271689
2022-08-29,M2_absdev_rqi_dii,RQI_DII_v1.0,frozen_confirmed_by_researcher,0.2417,-1.6996988158284125,1.9413988158284126
2022-08-30,M2_absdev_rqi_dii,RQI_DII_v1.0,frozen_confirmed_by_researcher,0.0804,-1.736493187543175,1.816893187543175
2022-08-31,M2_absdev_rqi_dii,RQI_DII_v1.0,frozen_confirmed_by_researcher,0.4778,-1.7803522340171583,2.2581522340171585
2022-09-01,M2_absdev_rqi_dii,RQI_DII_v1.0,frozen_confirmed_by_researcher,0.034300000000000004,-1.766303572299364,1.800603572299364
2022-09-02,M2_absdev_rqi_dii,RQI_DII_v1.0,frozen_confirmed_by_researcher,0.0,-1.7065753621488966,1.7065753621488966
2022-09-03,M2_absdev_rqi_dii,RQI_DII_v1.0,frozen_confirmed_by_researcher,0.0,-1.6731064639571116,1.6731064639571116
2022-09-04,M2_absdev_rqi_dii,RQI_DII_v1.0,frozen_confirmed_by_researcher,0.0,-1.6912620651534098,1.6912620651534098
2022-09-05,M2_absdev_rqi_dii,RQI_DII_v1.0,frozen_confirmed_by_researcher,3.673,-1.7118563962248459,5.384856396224846
2022-09-06,M2_absdev_rqi_dii,RQI_DII_v1.0,frozen_confirmed_by_researcher,0.8797999999999999,-1.717546308990535,2.597346308990535
2022-09-07,M2_absdev_rqi_dii,RQI_DII_v1.0,frozen_confirmed_by_researcher,0.2703,-1.6476554361562137,1.9179554361562137
2022-09-08,M2_absdev_rqi_dii,RQI_DII_v1.0,frozen_confirmed_by_researcher,0.030000000000000002,-1.70018182837822,1.73018182837822
2022-09-09,M2_absdev_rqi_dii,RQI_DII_v1.0,frozen_confirmed_by_researcher,0.0,-1.6985322209596916,1.6985322209596916
2022-09-10,M2_absdev_rqi_dii,RQI_DII_v1.0,frozen_confirmed_by_researcher,0.4919,-1.7262919967756432,2.2181919967756434
2022-09-11,M2_absdev_rqi_dii,RQI_DII_v1.0,frozen_confirmed_by_researcher,0.19069999999999998,-1.7290478776398857,1.9197478776398857
2022-09-12,M2_absdev_rqi_dii,RQI_DII_v1.0,frozen_confirmed_by_researcher,0.0713,-1.7160445597518788,1.7873445597518787
2022-09-13,M2_absdev_rqi_dii,RQI_DII_v1.0,frozen_confirmed_by_researcher,0.92,-1.689872724744447,2.609872724744447
2022-09-14,M2_absdev_rqi_dii,RQI_DII_v1.0,frozen_confirmed_by_researcher,0.4682,-1.6633691685921406,2.1315691685921405
2022-09-15,M2_absdev_rqi_dii,RQI_DII_v1.0,frozen_confirmed_by_researcher,0.0,-1.4949952368513095,1.4949952368513095
2022-09-16,M2_absdev_rqi_dii,RQI_DII_v1.0,frozen_confirmed_by_researcher,0.1435,-1.3802810914836527,1.5237810914836527
2022-09-17,M2_absdev_rqi_dii,RQI_DII_v1.0,frozen_confirmed_by_researcher,0.37070000000000003,-1.34848671551876,1.7191867155187601
2022-09-18,M2_absdev_rqi_dii,RQI_DII_v1.0,frozen_confirmed_by_researcher,0.8611,-1.3570854922882347,2.2181854922882347
2022-09-19,M2_absdev_rqi_dii,RQI_DII_v1.0,frozen_confirmed_by_researcher,0.37070000000000003,-1.364090763483432,1.734790763483432
2022-09-20,M2_absdev_rqi_dii,RQI_DII_v1.0,frozen_confirmed_by_researcher,0.1057,-1.3273117305644462,1.433011730564446
2022-09-21,M2_absdev_rqi_dii,RQI_DII_v1.0,frozen_confirmed_by_researcher,0.5078,-1.3901939137195143,1.8979939137195143
2022-09-22,M2_absdev_rqi_dii,RQI_DII_v1.0,frozen_confirmed_by_researcher,0.9493,-1.341415171258177,2.290715171258177
2022-09-23,M2_absdev_rqi_dii,RQI_DII_v1.0,frozen_confirmed_by_researcher,0.7509,-2.448092796881724,3.198992796881724
2022-09-24,M2_absdev_rqi_dii,RQI_DII_v1.0,frozen_confirmed_by_researcher,0.33859999999999996,-2.4112539713653973,2.7498539713653973
2022-09-25,M2_absdev_rqi_dii,RQI_DII_v1.0,frozen_confirmed_by_researcher,0.36019999999999996,-2.415920257258705,2.7761202572587047
2022-09-26,M2_absdev_rqi_dii,RQI_DII_v1.0,frozen_confirmed_by_researcher,0.1459,-2.35230853579003,2.49820853579003
2022-09-27,M2_absdev_rqi_dii,RQI_DII_v1.0,frozen_confirmed_by_researcher,2.5963000000000003,-2.307353291788786,4.903653291788786
2022-09-28,M2_absdev_rqi_dii,RQI_DII_v1.0,frozen_confirmed_by_researcher,0.39530000000000004,-2.2860032477142056,2.681303247714206
2022-09-29,M2_absdev_rqi_dii,RQI_DII_v1.0,frozen_confirmed_by_researcher,0.9021,-2.199455153012565,3.1015551530125647
2022-09-30,M2_absdev_rqi_dii,RQI_DII_v1.0,frozen_confirmed_by_researcher,0.9009,-2.1142902065585076,3.0151902065585077
2022-10-01,M2_absdev_rqi_dii,RQI_DII_v1.0,frozen_confirmed_by_researcher,0.0595,-1.7139105566043895,1.7734105566043894
2022-10-02,M2_absdev_rqi_dii,RQI_DII_v1.0,frozen_confirmed_by_researcher,0.0,-1.7239691242278639,1.7239691242278639
2022-10-03,M2_absdev_rqi_dii,RQI_DII_v1.0,frozen_confirmed_by_researcher,0.40240000000000004,-1.7570642572052293,2.1594642572052294
2022-10-04,M2_absdev_rqi_dii,RQI_DII_v1.0,frozen_confirmed_by_researcher,0.2173,-1.7138761017898219,1.931176101789822
2022-10-05,M2_absdev_rqi_dii,RQI_DII_v1.0,frozen_confirmed_by_researcher,0.8351000000000001,-1.5603406718442159,2.395440671844216
2022-10-06,M2_absdev_rqi_dii,RQI_DII_v1.0,frozen_confirmed_by_researcher,0.30960000000000004,-1.4826656139245813,1.7922656139245814
2022-10-07,M2_absdev_rqi_dii,RQI_DII_v1.0,frozen_confirmed_by_researcher,0.0,-1.4287941236564734,1.4287941236564734
2022-10-08,M2_absdev_rqi_dii,RQI_DII_v1.0,frozen_confirmed_by_researcher,1.0,-1.4047417200118844,2.4047417200118844
2022-10-09,M2_absdev_rqi_dii,RQI_DII_v1.0,frozen_confirmed_by_researcher,0.4588,-1.402458335934483,1.8612583359344832
2022-10-10,M2_absdev_rqi_dii,RQI_DII_v1.0,frozen_confirmed_by_researcher,0.2082,-1.413964094387694,1.622164094387694
2022-10-11,M2_absdev_rqi_dii,RQI_DII_v1.0,frozen_confirmed_by_researcher,0.3506,-1.402013342055909,1.7526133420559091
2022-10-12,M2_absdev_rqi_dii,RQI_DII_v1.0,frozen_confirmed_by_researcher,0.4421,-1.3933536368269017,1.8354536368269017
2022-10-13,M2_absdev_rqi_dii,RQI_DII_v1.0,frozen_confirmed_by_researcher,0.0,-1.3500170944878107,1.3500170944878107
2022-10-14,M2_absdev_rqi_dii,RQI_DII_v1.0,frozen_confirmed_by_researcher,0.0,-1.2329257986713174,1.2329257986713174
2022-10-15,M2_absdev_rqi_dii,RQI_DII_v1.0,frozen_confirmed_by_researcher,0.7149,-1.1215282672106923,1.8364282672106924
2022-10-16,M2_absdev_rqi_dii,RQI_DII_v1.0,frozen_confirmed_by_researcher,0.2598,-1.1295281266505697,1.3893281266505697
2022-10-17,M2_absdev_rqi_dii,RQI_DII_v1.0,frozen_confirmed_by_researcher,0.038,-1.1404768786880766,1.1784768786880766
2022-10-18,M2_absdev_rqi_dii,RQI_DII_v1.0,frozen_confirmed_by_researcher,0.38680000000000003,-1.0746836077669286,1.4614836077669286
2022-10-19,M2_absdev_rqi_dii,RQI_DII_v1.0,frozen_confirmed_by_researcher,0.0797,-1.009371795503995,1.0890717955039948
2022-10-20,M2_absdev_rqi_dii,RQI_DII_v1.0,frozen_confirmed_by_researcher,0.4422,-0.9512190092324033,1.3934190092324032
2022-10-21,M2_absdev_rqi_dii,RQI_DII_v1.0,frozen_confirmed_by_researcher,0.041999999999999996,-0.8121117392055339,0.854111739205534
2022-10-22,M2_absdev_rqi_dii,RQI_DII_v1.0,frozen_confirmed_by_researcher,1.6963,-0.8028008511163875,2.4991008511163875
2022-10-23,M2_absdev_rqi_dii,RQI_DII_v1.0,frozen_confirmed_by_researcher,0.0,-0.8370109295938448,0.8370109295938448
2022-10-24,M2_absdev_rqi_dii,RQI_DII_v1.0,frozen_confirmed_by_researcher,0.9390000000000001,-0.8526395903147943,1.7916395903147944
2022-10-25,M2_absdev_rqi_dii,RQI_DII_v1.0,frozen_confirmed_by_researcher,0.0753,0.7801739517381918,-0.7048739517381918
2022-10-26,M2_absdev_rqi_dii,RQI_DII_v1.0,frozen_confirmed_by_researcher,0.1484,0.7633641747967772,-0.6149641747967772
2022-10-27,M2_absdev_rqi_dii,RQI_DII_v1.0,frozen_confirmed_by_researcher,0.0,0.7369671742014816,-0.7369671742014816
2022-10-28,M2_absdev_rqi_dii,RQI_DII_v1.0,frozen_confirmed_by_researcher,0.8449,0.7192036765432874,0.12569632345671256
2022-10-29,M2_absdev_rqi_dii,RQI_DII_v1.0,frozen_confirmed_by_researcher,0.5363,0.7487029955894116,-0.21240299558941156
2022-10-30,M2_absdev_rqi_dii,RQI_DII_v1.0,frozen_confirmed_by_researcher,0.3883,0.753984307666542,-0.36568430766654203
2022-10-31,M2_absdev_rqi_dii,RQI_DII_v1.0,frozen_confirmed_by_researcher,0.3169,0.7458955011579746,-0.42899550115797463
2022-11-01,M2_absdev_rqi_dii,RQI_DII_v1.0,frozen_confirmed_by_researcher,0.0,0.8291409222257187,-0.8291409222257187
2022-11-02,M2_absdev_rqi_dii,RQI_DII_v1.0,frozen_confirmed_by_researcher,0.5412,0.9669727469783709,-0.42577274697837086
2022-11-03,M2_absdev_rqi_dii,RQI_DII_v1.0,frozen_confirmed_by_researcher,0.2311,1.1309775491632763,-0.8998775491632763
2022-11-04,M2_absdev_rqi_dii,RQI_DII_v1.0,frozen_confirmed_by_researcher,0.0216,1.283058062400272,-1.261458062400272
2022-11-05,M2_absdev_rqi_dii,RQI_DII_v1.0,frozen_confirmed_by_researcher,0.0073,1.2631556926989163,-1.2558556926989162
2022-11-06,M2_absdev_rqi_dii,RQI_DII_v1.0,frozen_confirmed_by_researcher,0.9762000000000001,28.24030691442448,-27.26410691442448
2022-11-07,M2_absdev_rqi_dii,RQI_DII_v1.0,frozen_confirmed_by_researcher,0.1333,28.095738355365654,-27.962438355365656
2022-11-08,M2_absdev_rqi_dii,RQI_DII_v1.0,frozen_confirmed_by_researcher,0.8080999999999999,27.797779764796445,-26.989679764796445
2022-11-09,M2_absdev_rqi_dii,RQI_DII_v1.0,frozen_confirmed_by_researcher,0.8611,27.915367090786248,-27.054267090786247
2022-11-10,M2_absdev_rqi_dii,RQI_DII_v1.0,frozen_confirmed_by_researcher,12.045599999999999,27.86992067724782,-15.82432067724782
2022-11-11,M2_absdev_rqi_dii,RQI_DII_v1.0,frozen_confirmed_by_researcher,1.6746,27.63739636106621,-25.962796361066207
2022-11-12,M2_absdev_rqi_dii,RQI_DII_v1.0,frozen_confirmed_by_researcher,10.2976,27.446843452114337,-17.149243452114337
2022-11-13,M2_absdev_rqi_dii,RQI_DII_v1.0,frozen_confirmed_by_researcher,3.0311999999999997,27.384934442852284,-24.353734442852286
2022-11-14,M2_absdev_rqi_dii,RQI_DII_v1.0,frozen_confirmed_by_researcher,4.1428,27.385523704410787,-23.242723704410786
2022-11-15,M2_absdev_rqi_dii,RQI_DII_v1.0,frozen_confirmed_by_researcher,2.875,27.35866306386353,-24.48366306386353
2022-11-16,M2_absdev_rqi_dii,RQI_DII_v1.0,frozen_confirmed_by_researcher,2.9200999999999997,27.238097328428154,-24.317997328428156
2022-11-17,M2_absdev_rqi_dii,RQI_DII_v1.0,frozen_confirmed_by_researcher,0.8248,27.240758722626822,-26.415958722626822
2022-11-18,M2_absdev_rqi_dii,RQI_DII_v1.0,frozen_confirmed_by_researcher,0.0104,27.31627693548802,-27.30587693548802
2022-11-19,M2_absdev_rqi_dii,RQI_DII_v1.0,frozen_confirmed_by_researcher,0.0,27.20515638483417,-27.20515638483417
2022-11-20,M2_absdev_rqi_dii,RQI_DII_v1.0,frozen_confirmed_by_researcher,0.8682,27.175162781002257,-26.306962781002255
2022-11-21,M2_absdev_rqi_dii,RQI_DII_v1.0,frozen_confirmed_by_researcher,1.8009,0.1788406336805224,1.6220593663194776
2022-11-22,M2_absdev_rqi_dii,RQI_DII_v1.0,frozen_confirmed_by_researcher,2.6976,0.6179360651874504,2.0796639348125496
2022-11-23,M2_absdev_rqi_dii,RQI_DII_v1.0,frozen_confirmed_by_researcher,0.3982,0.6006672412579803,-0.20246724125798032
2022-11-24,M2_absdev_rqi_dii,RQI_DII_v1.0,frozen_confirmed_by_researcher,1.2782,0.693387754211841,0.584812245788159
2022-11-25,M2_absdev_rqi_dii,RQI_DII_v1.0,frozen_confirmed_by_researcher,0.1927,0.6132984832910324,-0.42059848329103244
2022-11-26,M2_absdev_rqi_dii,RQI_DII_v1.0,frozen_confirmed_by_researcher,1.6916000000000002,0.6172849355700123,1.074315064429988
2022-11-27,M2_absdev_rqi_dii,RQI_DII_v1.0,frozen_confirmed_by_researcher,0.7417,0.5410370090080221,0.20066299099197793
2022-11-28,M2_absdev_rqi_dii,RQI_DII_v1.0,frozen_confirmed_by_researcher,1.5294,0.4801454871930275,1.0492545128069726
2022-11-29,M2_absdev_rqi_dii,RQI_DII_v1.0,frozen_confirmed_by_researcher,0.8682,0.6526788476007823,0.21552115239921765
2022-11-30,M2_absdev_rqi_dii,RQI_DII_v1.0,frozen_confirmed_by_researcher,1.0096,0.7730929198423553,0.23650708015764477
2022-12-01,M2_absdev_rqi_dii,RQI_DII_v1.0,frozen_confirmed_by_researcher,0.08929999999999999,0.7855731502662309,-0.6962731502662309
2022-12-02,M2_absdev_rqi_dii,RQI_DII_v1.0,frozen_confirmed_by_researcher,0.16949999999999998,0.825889625755849,-0.656389625755849
2022-12-03,M2_absdev_rqi_dii,RQI_DII_v1.0,frozen_confirmed_by_researcher,0.0,0.7634781398026007,-0.7634781398026007
2022-12-04,M2_absdev_rqi_dii,RQI_DII_v1.0,frozen_confirmed_by_researcher,0.7566,0.7117214570778572,0.04487854292214288
2022-12-05,M2_absdev_rqi_dii,RQI_DII_v1.0,frozen_confirmed_by_researcher,0.0078000000000000005,0.6539826795509782,-0.6461826795509782
2022-12-06,M2_absdev_rqi_dii,RQI_DII_v1.0,frozen_confirmed_by_researcher,0.0,0.745681419703601,-0.745681419703601
2022-12-07,M2_absdev_rqi_dii,RQI_DII_v1.0,frozen_confirmed_by_researcher,0.3085,0.7835220620818859,-0.4750220620818859
2022-12-08,M2_absdev_rqi_dii,RQI_DII_v1.0,frozen_confirmed_by_researcher,0.17989999999999998,0.8475920052592585,-0.6676920052592585
2022-12-09,M2_absdev_rqi_dii,RQI_DII_v1.0,frozen_confirmed_by_researcher,0.2626,0.8495516583830067,-0.5869516583830068
2022-12-10,M2_absdev_rqi_dii,RQI_DII_v1.0,frozen_confirmed_by_researcher,0.7462,0.8540903841116005,-0.10789038411160057
2022-12-11,M2_absdev_rqi_dii,RQI_DII_v1.0,frozen_confirmed_by_researcher,0.0947,0.8266111717772731,-0.731911171777273
2022-12-12,M2_absdev_rqi_dii,RQI_DII_v1.0,frozen_confirmed_by_researcher,0.5607,0.8105819878843761,-0.2498819878843761
2022-12-13,M2_absdev_rqi_dii,RQI_DII_v1.0,frozen_confirmed_by_researcher,0.031200000000000002,0.8805891948522344,-0.8493891948522344
2022-12-14,M2_absdev_rqi_dii,RQI_DII_v1.0,frozen_confirmed_by_researcher,0.0,-0.027999331466219246,0.027999331466219246
2022-12-15,M2_absdev_rqi_dii,RQI_DII_v1.0,frozen_confirmed_by_researcher,0.3239,-0.06111347600827344,0.38501347600827346
2022-12-16,M2_absdev_rqi_dii,RQI_DII_v1.0,frozen_confirmed_by_researcher,0.3671,-0.034915677518426946,0.40201567751842693
2022-12-17,M2_absdev_rqi_dii,RQI_DII_v1.0,frozen_confirmed_by_researcher,0.5147,0.03216516953068549,0.48253483046931456
2022-12-18,M2_absdev_rqi_dii,RQI_DII_v1.0,frozen_confirmed_by_researcher,1.0524,0.00466527009811557,1.0477347299018844
2022-12-19,M2_absdev_rqi_dii,RQI_DII_v1.0,frozen_confirmed_by_researcher,0.3606,-0.018388474598140192,0.37898847459814017
2022-12-20,M2_absdev_rqi_dii,RQI_DII_v1.0,frozen_confirmed_by_researcher,0.571,0.09710296450413125,0.4738970354958687
2022-12-21,M2_absdev_rqi_dii,RQI_DII_v1.0,frozen_confirmed_by_researcher,0.0577,0.10696229483556863,-0.049262294835568626
2022-12-22,M2_absdev_rqi_dii,RQI_DII_v1.0,frozen_confirmed_by_researcher,0.0479,3.6647935338126842,-3.6168935338126844
2022-12-23,M2_absdev_rqi_dii,RQI_DII_v1.0,frozen_confirmed_by_researcher,0.33009999999999995,3.6756102463893114,-3.3455102463893116
2022-12-24,M2_absdev_rqi_dii,RQI_DII_v1.0,frozen_confirmed_by_researcher,2.1706000000000003,3.6815356121804825,-1.5109356121804822
2022-12-25,M2_absdev_rqi_dii,RQI_DII_v1.0,frozen_confirmed_by_researcher,0.6642,3.6219835450533537,-2.9577835450533536
2022-12-26,M2_absdev_rqi_dii,RQI_DII_v1.0,frozen_confirmed_by_researcher,3.83,3.5725783853614246,0.2574216146385755
2022-12-27,M2_absdev_rqi_dii,RQI_DII_v1.0,frozen_confirmed_by_researcher,1.0551,3.5269154511405247,-2.471815451140525
2022-12-28,M2_absdev_rqi_dii,RQI_DII_v1.0,frozen_confirmed_by_researcher,0.2289,3.6175838724770983,-3.3886838724770985
2022-12-29,M2_absdev_rqi_dii,RQI_DII_v1.0,frozen_confirmed_by_researcher,0.6625,3.522159231827203,-2.859659231827203
2022-12-30,M2_absdev_rqi_dii,RQI_DII_v1.0,frozen_confirmed_by_researcher,0.6057,3.4912696511804313,-2.885569651180431
2022-12-31,M2_absdev_rqi_dii,RQI_DII_v1.0,frozen_confirmed_by_researcher,0.42169999999999996,3.4547234636449957,-3.0330234636449958
2023-01-01,M2_absdev_rqi_dii,RQI_DII_v1.0,frozen_confirmed_by_researcher,2.4048,3.4330192361039735,-1.0282192361039737
2023-01-02,M2_absdev_rqi_dii,RQI_DII_v1.0,frozen_confirmed_by_researcher,4.1658,3.40059052377498,0.7652094762250199
2023-01-03,M2_absdev_rqi_dii,RQI_DII_v1.0,frozen_confirmed_by_researcher,0.8502,3.352568706485471,-2.5023687064854707
2023-01-04,M2_absdev_rqi_dii,RQI_DII_v1.0,frozen_confirmed_by_researcher,0.0,3.526025740200339,-3.526025740200339
2023-01-05,M2_absdev_rqi_dii,RQI_DII_v1.0,frozen_confirmed_by_researcher,0.9265,3.530907042212391,-2.604407042212391
2023-01-06,M2_absdev_rqi_dii,RQI_DII_v1.0,frozen_confirmed_by_researcher,0.5836,3.661563615891083,-3.077963615891083
2023-01-07,M2_absdev_rqi_dii,RQI_DII_v1.0,frozen_confirmed_by_researcher,1.2625,3.660586901771353,-2.398086901771353
2023-01-08,M2_absdev_rqi_dii,RQI_DII_v1.0,frozen_confirmed_by_researcher,1.4,3.606904996956132,-2.206904996956132
2023-01-09,M2_absdev_rqi_dii,RQI_DII_v1.0,frozen_confirmed_by_researcher,0.0,3.545473395921846,-3.545473395921846
2023-01-10,M2_absdev_rqi_dii,RQI_DII_v1.0,frozen_confirmed_by_researcher,0.2497,3.6562545636586776,-3.406554563658678
2023-01-11,M2_absdev_rqi_dii,RQI_DII_v1.0,frozen_confirmed_by_researcher,0.0,3.6196395610874106,-3.6196395610874106
2023-01-12,M2_absdev_rqi_dii,RQI_DII_v1.0,frozen_confirmed_by_researcher,0.0,3.5629799096329293,-3.5629799096329293
2023-01-13,M2_absdev_rqi_dii,RQI_DII_v1.0,frozen_confirmed_by_researcher,0.0,3.5085338517309594,-3.5085338517309594
2023-01-14,M2_absdev_rqi_dii,RQI_DII_v1.0,frozen_confirmed_by_researcher,0.3,3.6646775089005814,-3.3646775089005816
2023-01-15,M2_absdev_rqi_dii,RQI_DII_v1.0,frozen_confirmed_by_researcher,0.2,3.5690351315653857,-3.3690351315653855
2023-01-16,M2_absdev_rqi_dii,RQI_DII_v1.0,frozen_confirmed_by_researcher,0.0,3.4814924111105086,-3.4814924111105086
2023-01-17,M2_absdev_rqi_dii,RQI_DII_v1.0,frozen_confirmed_by_researcher,0.3,3.4905418751464197,-3.19054187514642
2023-01-18,M2_absdev_rqi_dii,RQI_DII_v1.0,frozen_confirmed_by_researcher,0.3017,3.5751265095344706,-3.273426509534471
2023-01-19,M2_absdev_rqi_dii,RQI_DII_v1.0,frozen_confirmed_by_researcher,0.5,3.7294368961741498,-3.2294368961741498
2023-01-20,M2_absdev_rqi_dii,RQI_DII_v1.0,frozen_confirmed_by_researcher,0.0848,3.7569032871013803,-3.6721032871013803
2023-01-21,M2_absdev_rqi_dii,RQI_DII_v1.0,frozen_confirmed_by_researcher,4.75,3.6765447025132687,1.0734552974867313
2023-01-22,M2_absdev_rqi_dii,RQI_DII_v1.0,frozen_confirmed_by_researcher,0.0,3.6009974031464367,-3.6009974031464367
2023-01-23,M2_absdev_rqi_dii,RQI_DII_v1.0,frozen_confirmed_by_researcher,0.3322,3.5398138664154715,-3.2076138664154716
2023-01-24,M2_absdev_rqi_dii,RQI_DII_v1.0,frozen_confirmed_by_researcher,1.0,3.5301881497483407,-2.5301881497483407
2023-01-25,M2_absdev_rqi_dii,RQI_DII_v1.0,frozen_confirmed_by_researcher,3.8000000000000003,3.5316196720086452,0.268380327991355
2023-01-26,M2_absdev_rqi_dii,RQI_DII_v1.0,frozen_confirmed_by_researcher,0.0,3.553443855074306,-3.553443855074306
2023-01-27,M2_absdev_rqi_dii,RQI_DII_v1.0,frozen_confirmed_by_researcher,0.0,3.628871229790775,-3.628871229790775
2023-01-28,M2_absdev_rqi_dii,RQI_DII_v1.0,frozen_confirmed_by_researcher,0.4576,3.6996269278298257,-3.2420269278298255
2023-01-29,M2_absdev_rqi_dii,RQI_DII_v1.0,frozen_confirmed_by_researcher,0.3,3.674953082157998,-3.3749530821579983
2023-01-30,M2_absdev_rqi_dii,RQI_DII_v1.0,frozen_confirmed_by_researcher,2.0181999999999998,3.705860513362552,-1.6876605133625522
2023-01-31,M2_absdev_rqi_dii,RQI_DII_v1.0,frozen_confirmed_by_researcher,0.5545,3.8416337115625367,-3.2871337115625368
2023-02-01,M2_absdev_rqi_dii,RQI_DII_v1.0,frozen_confirmed_by_researcher,2.872,3.9325137635212,-1.0605137635212003
2023-02-02,M2_absdev_rqi_dii,RQI_DII_v1.0,frozen_confirmed_by_researcher,0.0,3.923592231094972,-3.923592231094972
2023-02-03,M2_absdev_rqi_dii,RQI_DII_v1.0,frozen_confirmed_by_researcher,0.1,3.892389451126917,-3.7923894511269167
2023-02-04,M2_absdev_rqi_dii,RQI_DII_v1.0,frozen_confirmed_by_researcher,0.0,4.045880632532743,-4.045880632532743
2023-02-05,M2_absdev_rqi_dii,RQI_DII_v1.0,frozen_confirmed_by_researcher,0.2,4.043053705796268,-3.843053705796268
2023-02-06,M2_absdev_rqi_dii,RQI_DII_v1.0,frozen_confirmed_by_researcher,0.3298,4.009595395087274,-3.679795395087274
2023-02-07,M2_absdev_rqi_dii,RQI_DII_v1.0,frozen_confirmed_by_researcher,1.0,4.053930732193351,-3.0539307321933507
2023-02-08,M2_absdev_rqi_dii,RQI_DII_v1.0,frozen_confirmed_by_researcher,0.0,4.1058450514433105,-4.1058450514433105
2023-02-09,M2_absdev_rqi_dii,RQI_DII_v1.0,frozen_confirmed_by_researcher,1.8347,4.153978572266624,-2.319278572266624
2023-02-10,M2_absdev_rqi_dii,RQI_DII_v1.0,frozen_confirmed_by_researcher,0.0,4.1511214828935294,-4.1511214828935294
2023-02-11,M2_absdev_rqi_dii,RQI_DII_v1.0,frozen_confirmed_by_researcher,0.0,4.18722700574628,-4.18722700574628
2023-02-12,M2_absdev_rqi_dii,RQI_DII_v1.0,frozen_confirmed_by_researcher,0.0,4.201761709367332,-4.201761709367332
2023-02-13,M2_absdev_rqi_dii,RQI_DII_v1.0,frozen_confirmed_by_researcher,0.0,4.216896583810183,-4.216896583810183
2023-02-14,M2_absdev_rqi_dii,RQI_DII_v1.0,frozen_confirmed_by_researcher,2.0042,4.304456834051507,-2.300256834051507
2023-02-15,M2_absdev_rqi_dii,RQI_DII_v1.0,frozen_confirmed_by_researcher,0.38439999999999996,4.261763113033993,-3.877363113033993
2023-02-16,M2_absdev_rqi_dii,RQI_DII_v1.0,frozen_confirmed_by_researcher,0.7952,4.081628111473265,-3.2864281114732647
2023-02-17,M2_absdev_rqi_dii,RQI_DII_v1.0,frozen_confirmed_by_researcher,0.2,4.002915086097744,-3.8029150860977436
2023-02-18,M2_absdev_rqi_dii,RQI_DII_v1.0,frozen_confirmed_by_researcher,0.1156,3.9004117902134965,-3.7848117902134963
2023-02-19,M2_absdev_rqi_dii,RQI_DII_v1.0,frozen_confirmed_by_researcher,0.5769,3.9031147045764953,-3.326214704576495
2023-02-20,M2_absdev_rqi_dii,RQI_DII_v1.0,frozen_confirmed_by_researcher,0.0,3.8735581554333294,-3.8735581554333294
2023-02-21,M2_absdev_rqi_dii,RQI_DII_v1.0,frozen_confirmed_by_researcher,0.6,3.8374522952532857,-3.2374522952532856
2023-02-22,M2_absdev_rqi_dii,RQI_DII_v1.0,frozen_confirmed_by_researcher,0.2764,3.7692335106629287,-3.492833510662929
2023-02-23,M2_absdev_rqi_dii,RQI_DII_v1.0,frozen_confirmed_by_researcher,1.05,3.747078140343774,-2.6970781403437742
2023-02-24,M2_absdev_rqi_dii,RQI_DII_v1.0,frozen_confirmed_by_researcher,0.0492,3.6855289133296765,-3.6363289133296766
2023-02-25,M2_absdev_rqi_dii,RQI_DII_v1.0,frozen_confirmed_by_researcher,0.9,3.58243730913253,-2.68243730913253
2023-02-26,M2_absdev_rqi_dii,RQI_DII_v1.0,frozen_confirmed_by_researcher,1.0,3.54387678732499,-2.54387678732499
2023-02-27,M2_absdev_rqi_dii,RQI_DII_v1.0,frozen_confirmed_by_researcher,0.4702,3.51558873679852,-3.04538873679852
2023-02-28,M2_absdev_rqi_dii,RQI_DII_v1.0,frozen_confirmed_by_researcher,0.46780000000000005,3.515050397147263,-3.047250397147263
2023-03-01,M2_absdev_rqi_dii,RQI_DII_v1.0,frozen_confirmed_by_researcher,1.3871,3.5509616213605284,-2.163861621360528
2023-03-02,M2_absdev_rqi_dii,RQI_DII_v1.0,frozen_confirmed_by_researcher,1.0,2.4197389050431184,-1.4197389050431184
2023-03-03,M2_absdev_rqi_dii,RQI_DII_v1.0,frozen_confirmed_by_researcher,0.6813,2.1894701921994226,-1.5081701921994226
2023-03-04,M2_absdev_rqi_dii,RQI_DII_v1.0,frozen_confirmed_by_researcher,2.8174,2.0720368450401168,0.7453631549598834
2023-03-05,M2_absdev_rqi_dii,RQI_DII_v1.0,frozen_confirmed_by_researcher,0.0221,1.9776256739538667,-1.9555256739538667
2023-03-06,M2_absdev_rqi_dii,RQI_DII_v1.0,frozen_confirmed_by_researcher,0.0,1.8726257852580943,-1.8726257852580943
2023-03-07,M2_absdev_rqi_dii,RQI_DII_v1.0,frozen_confirmed_by_researcher,0.1626,1.9309694048172616,-1.7683694048172616
2023-03-08,M2_absdev_rqi_dii,RQI_DII_v1.0,frozen_confirmed_by_researcher,0.0483,1.940447480286707,-1.892147480286707
2023-03-09,M2_absdev_rqi_dii,RQI_DII_v1.0,frozen_confirmed_by_researcher,0.3619,1.9391965680661087,-1.5772965680661089
2023-03-10,M2_absdev_rqi_dii,RQI_DII_v1.0,frozen_confirmed_by_researcher,0.0,28.894483879448757,-28.894483879448757
2023-03-11,M2_absdev_rqi_dii,RQI_DII_v1.0,frozen_confirmed_by_researcher,24.4083,29.23047255258851,-4.822172552588508
2023-03-12,M2_absdev_rqi_dii,RQI_DII_v1.0,frozen_confirmed_by_researcher,389.34999999999997,29.78396261370017,359.5660373862998
2023-03-13,M2_absdev_rqi_dii,RQI_DII_v1.0,frozen_confirmed_by_researcher,80.77000000000001,29.844141764407482,50.92585823559253
2023-03-14,M2_absdev_rqi_dii,RQI_DII_v1.0,frozen_confirmed_by_researcher,5.73,30.36276704762699,-24.632767047626988
2023-03-15,M2_absdev_rqi_dii,RQI_DII_v1.0,frozen_confirmed_by_researcher,27.64,30.735462849496287,-3.095462849496286
2023-03-16,M2_absdev_rqi_dii,RQI_DII_v1.0,frozen_confirmed_by_researcher,20.0,31.089493741250465,-11.089493741250465
2023-03-17,M2_absdev_rqi_dii,RQI_DII_v1.0,frozen_confirmed_by_researcher,40.0,31.315257636690745,8.684742363309255
2023-03-18,M2_absdev_rqi_dii,RQI_DII_v1.0,frozen_confirmed_by_researcher,30.0,31.607304512824584,-1.6073045128245838
2023-03-19,M2_absdev_rqi_dii,RQI_DII_v1.0,frozen_confirmed_by_researcher,50.0,31.597329166631937,18.402670833368063
2023-03-20,M2_absdev_rqi_dii,RQI_DII_v1.0,frozen_confirmed_by_researcher,40.0,31.598698257382182,8.401301742617818
2023-03-21,M2_absdev_rqi_dii,RQI_DII_v1.0,frozen_confirmed_by_researcher,60.0,4.942981222751513,55.05701877724849
2023-03-22,M2_absdev_rqi_dii,RQI_DII_v1.0,frozen_confirmed_by_researcher,20.0,4.97846748849048,15.02153251150952
2023-03-23,M2_absdev_rqi_dii,RQI_DII_v1.0,frozen_confirmed_by_researcher,40.0,5.165243062379147,34.83475693762085
2023-03-24,M2_absdev_rqi_dii,RQI_DII_v1.0,frozen_confirmed_by_researcher,20.0,5.302582328351974,14.697417671648026
2023-03-25,M2_absdev_rqi_dii,RQI_DII_v1.0,frozen_confirmed_by_researcher,60.0,5.526679100496693,54.47332089950331
2023-03-26,M2_absdev_rqi_dii,RQI_DII_v1.0,frozen_confirmed_by_researcher,60.0,5.520166515741494,54.479833484258506
2023-03-27,M2_absdev_rqi_dii,RQI_DII_v1.0,frozen_confirmed_by_researcher,10.0,5.523445277848396,4.476554722151604
2023-03-28,M2_absdev_rqi_dii,RQI_DII_v1.0,frozen_confirmed_by_researcher,4.470000000000001,5.704470640455469,-1.2344706404554682
2023-03-29,M2_absdev_rqi_dii,RQI_DII_v1.0,frozen_confirmed_by_researcher,0.0,5.828526196314186,-5.828526196314186
2023-03-30,M2_absdev_rqi_dii,RQI_DII_v1.0,frozen_confirmed_by_researcher,0.2,8.222313400126353,-8.022313400126354
2023-03-31,M2_absdev_rqi_dii,RQI_DII_v1.0,frozen_confirmed_by_researcher,10.0,8.347893764960986,1.6521062350390139
2023-04-01,M2_absdev_rqi_dii,RQI_DII_v1.0,frozen_confirmed_by_researcher,10.0,8.492140351187118,1.5078596488128824
2023-04-02,M2_absdev_rqi_dii,RQI_DII_v1.0,frozen_confirmed_by_researcher,0.0,8.502118410527913,-8.502118410527913
2023-04-03,M2_absdev_rqi_dii,RQI_DII_v1.0,frozen_confirmed_by_researcher,0.0,8.4780785668259,-8.4780785668259
2023-04-04,M2_absdev_rqi_dii,RQI_DII_v1.0,frozen_confirmed_by_researcher,1.61,8.387519991476609,-6.777519991476608
2023-04-05,M2_absdev_rqi_dii,RQI_DII_v1.0,frozen_confirmed_by_researcher,10.78,8.395550558484132,2.3844494415158675
2023-04-06,M2_absdev_rqi_dii,RQI_DII_v1.0,frozen_confirmed_by_researcher,0.0,8.41831252996505,-8.41831252996505
2023-04-07,M2_absdev_rqi_dii,RQI_DII_v1.0,frozen_confirmed_by_researcher,5.6499999999999995,8.328463868567326,-2.6784638685673263
2023-04-08,M2_absdev_rqi_dii,RQI_DII_v1.0,frozen_confirmed_by_researcher,10.0,8.358695984246538,1.6413040157534624
2023-04-09,M2_absdev_rqi_dii,RQI_DII_v1.0,frozen_confirmed_by_researcher,30.0,8.344073467267123,21.655926532732877
2023-04-10,M2_absdev_rqi_dii,RQI_DII_v1.0,frozen_confirmed_by_researcher,0.0,8.344198818738562,-8.344198818738562
2023-04-11,M2_absdev_rqi_dii,RQI_DII_v1.0,frozen_confirmed_by_researcher,0.0,8.381307119042049,-8.381307119042049
2023-04-12,M2_absdev_rqi_dii,RQI_DII_v1.0,frozen_confirmed_by_researcher,3.89,8.395003505501762,-4.505003505501762
2023-04-13,M2_absdev_rqi_dii,RQI_DII_v1.0,frozen_confirmed_by_researcher,10.0,8.513158802692743,1.4868411973072568
2023-04-14,M2_absdev_rqi_dii,RQI_DII_v1.0,frozen_confirmed_by_researcher,10.0,8.566897904164023,1.4331020958359773
2023-04-15,M2_absdev_rqi_dii,RQI_DII_v1.0,frozen_confirmed_by_researcher,0.0,8.597378416519007,-8.597378416519007
2023-04-16,M2_absdev_rqi_dii,RQI_DII_v1.0,frozen_confirmed_by_researcher,8.5,8.590376209433686,-0.09037620943368552
2023-04-17,M2_absdev_rqi_dii,RQI_DII_v1.0,frozen_confirmed_by_researcher,10.0,8.581953796765305,1.4180462032346952
2023-04-18,M2_absdev_rqi_dii,RQI_DII_v1.0,frozen_confirmed_by_researcher,0.49,8.645707492004306,-8.155707492004305
2023-04-19,M2_absdev_rqi_dii,RQI_DII_v1.0,frozen_confirmed_by_researcher,9.72,8.757831779148688,0.9621682208513125
2023-04-20,M2_absdev_rqi_dii,RQI_DII_v1.0,frozen_confirmed_by_researcher,5.21,8.860756175931641,-3.650756175931641
2023-04-21,M2_absdev_rqi_dii,RQI_DII_v1.0,frozen_confirmed_by_researcher,0.0,8.937387880239783,-8.937387880239783
2023-04-22,M2_absdev_rqi_dii,RQI_DII_v1.0,frozen_confirmed_by_researcher,0.42,9.03394324584292,-8.61394324584292
2023-04-23,M2_absdev_rqi_dii,RQI_DII_v1.0,frozen_confirmed_by_researcher,0.0,9.020735346488578,-9.020735346488578
2023-04-24,M2_absdev_rqi_dii,RQI_DII_v1.0,frozen_confirmed_by_researcher,0.0,8.989877050584681,-8.989877050584681
2023-04-25,M2_absdev_rqi_dii,RQI_DII_v1.0,frozen_confirmed_by_researcher,17.080000000000002,9.021346555611103,8.058653444388899
2023-04-26,M2_absdev_rqi_dii,RQI_DII_v1.0,frozen_confirmed_by_researcher,11.96,9.005741647442818,2.954258352557183
2023-04-27,M2_absdev_rqi_dii,RQI_DII_v1.0,frozen_confirmed_by_researcher,51.86,8.975062414126995,42.884937585873004
2023-04-28,M2_absdev_rqi_dii,RQI_DII_v1.0,frozen_confirmed_by_researcher,20.0,5.2017369696559115,14.798263030344089
2023-04-29,M2_absdev_rqi_dii,RQI_DII_v1.0,frozen_confirmed_by_researcher,0.0,5.1770190840047405,-5.1770190840047405
2023-04-30,M2_absdev_rqi_dii,RQI_DII_v1.0,frozen_confirmed_by_researcher,0.0,5.159006317568981,-5.159006317568981
2023-05-01,M2_absdev_rqi_dii,RQI_DII_v1.0,frozen_confirmed_by_researcher,2.77,5.149242188832488,-2.3792421888324884
2023-05-02,M2_absdev_rqi_dii,RQI_DII_v1.0,frozen_confirmed_by_researcher,13.95,5.201634432838802,8.748365567161198
2023-05-03,M2_absdev_rqi_dii,RQI_DII_v1.0,frozen_confirmed_by_researcher,10.0,5.269691282285038,4.730308717714962
2023-05-04,M2_absdev_rqi_dii,RQI_DII_v1.0,frozen_confirmed_by_researcher,7.8100000000000005,5.276139879123889,2.5338601208761116
2023-05-05,M2_absdev_rqi_dii,RQI_DII_v1.0,frozen_confirmed_by_researcher,8.6,5.30426154050636,3.2957384594936396
2023-05-06,M2_absdev_rqi_dii,RQI_DII_v1.0,frozen_confirmed_by_researcher,10.0,5.1547577886881015,4.8452422113118985
2023-05-07,M2_absdev_rqi_dii,RQI_DII_v1.0,frozen_confirmed_by_researcher,12.54,5.141881796676159,7.39811820332384
2023-05-08,M2_absdev_rqi_dii,RQI_DII_v1.0,frozen_confirmed_by_researcher,12.85,5.132098271989605,7.7179017280103945
2023-05-09,M2_absdev_rqi_dii,RQI_DII_v1.0,frozen_confirmed_by_researcher,0.86,5.208669162465043,-4.348669162465042
2023-05-10,M2_absdev_rqi_dii,RQI_DII_v1.0,frozen_confirmed_by_researcher,30.0,5.248030606685376,24.751969393314624
2023-05-11,M2_absdev_rqi_dii,RQI_DII_v1.0,frozen_confirmed_by_researcher,12.83,5.24401112088168,7.58598887911832
2023-05-12,M2_absdev_rqi_dii,RQI_DII_v1.0,frozen_confirmed_by_researcher,10.0,5.3218280460155825,4.6781719539844175
2023-05-13,M2_absdev_rqi_dii,RQI_DII_v1.0,frozen_confirmed_by_researcher,0.0,5.285551943974298,-5.285551943974298
2023-05-14,M2_absdev_rqi_dii,RQI_DII_v1.0,frozen_confirmed_by_researcher,10.0,5.270261437575584,4.729738562424416
2023-05-15,M2_absdev_rqi_dii,RQI_DII_v1.0,frozen_confirmed_by_researcher,20.0,5.277594811413394,14.722405188586606
2023-05-16,M2_absdev_rqi_dii,RQI_DII_v1.0,frozen_confirmed_by_researcher,30.0,5.339826976639671,24.66017302336033
2023-05-17,M2_absdev_rqi_dii,RQI_DII_v1.0,frozen_confirmed_by_researcher,0.87,5.379888797050711,-4.509888797050711
2023-05-18,M2_absdev_rqi_dii,RQI_DII_v1.0,frozen_confirmed_by_researcher,5.93,5.449620202165022,0.48037979783497775
2023-05-19,M2_absdev_rqi_dii,RQI_DII_v1.0,frozen_confirmed_by_researcher,0.38,5.374654524133632,-4.994654524133632
2023-05-20,M2_absdev_rqi_dii,RQI_DII_v1.0,frozen_confirmed_by_researcher,2.2,5.4079381984958275,-3.2079381984958273
2023-05-21,M2_absdev_rqi_dii,RQI_DII_v1.0,frozen_confirmed_by_researcher,10.0,5.396243957870979,4.603756042129021
2023-05-22,M2_absdev_rqi_dii,RQI_DII_v1.0,frozen_confirmed_by_researcher,1.72,5.389354991132848,-3.669354991132848
2023-05-23,M2_absdev_rqi_dii,RQI_DII_v1.0,frozen_confirmed_by_researcher,0.0,5.437268604178456,-5.437268604178456
2023-05-24,M2_absdev_rqi_dii,RQI_DII_v1.0,frozen_confirmed_by_researcher,0.0,5.497325759642507,-5.497325759642507
2023-05-25,M2_absdev_rqi_dii,RQI_DII_v1.0,frozen_confirmed_by_researcher,5.6899999999999995,5.600068052013853,0.08993194798614645
2023-05-26,M2_absdev_rqi_dii,RQI_DII_v1.0,frozen_confirmed_by_researcher,10.0,5.624410475747595,4.375589524252405
2023-05-27,M2_absdev_rqi_dii,RQI_DII_v1.0,frozen_confirmed_by_researcher,8.05,5.600572915190895,2.4494270848091055
2023-05-28,M2_absdev_rqi_dii,RQI_DII_v1.0,frozen_confirmed_by_researcher,10.0,5.600524707875138,4.399475292124862
2023-05-29,M2_absdev_rqi_dii,RQI_DII_v1.0,frozen_confirmed_by_researcher,5.37,5.599997581904574,-0.2299975819045743
2023-06-30,M2_absdev_rqi_dii,RQI_DII_v1.0,frozen_confirmed_by_researcher,4.51,3.3113569730402332,1.1986430269597665
2023-07-01,M2_absdev_rqi_dii,RQI_DII_v1.0,frozen_confirmed_by_researcher,10.0,3.6276345390247116,6.372365460975288
2023-07-02,M2_absdev_rqi_dii,RQI_DII_v1.0,frozen_confirmed_by_researcher,1.5899999999999999,3.6047021232626264,-2.0147021232626265
2023-07-03,M2_absdev_rqi_dii,RQI_DII_v1.0,frozen_confirmed_by_researcher,10.0,3.5901276788347047,6.409872321165295
2023-07-04,M2_absdev_rqi_dii,RQI_DII_v1.0,frozen_confirmed_by_researcher,4.970000000000001,3.4215854831472257,1.548414516852775
2023-07-05,M2_absdev_rqi_dii,RQI_DII_v1.0,frozen_confirmed_by_researcher,10.0,3.392589372616669,6.607410627383331
2023-07-06,M2_absdev_rqi_dii,RQI_DII_v1.0,frozen_confirmed_by_researcher,0.0,3.4099887275463914,-3.4099887275463914
2023-07-07,M2_absdev_rqi_dii,RQI_DII_v1.0,frozen_confirmed_by_researcher,9.200000000000001,3.477735251896405,5.722264748103596
2023-07-08,M2_absdev_rqi_dii,RQI_DII_v1.0,frozen_confirmed_by_researcher,2.7,3.4986814758261175,-0.7986814758261174
2023-07-09,M2_absdev_rqi_dii,RQI_DII_v1.0,frozen_confirmed_by_researcher,2.76,3.487678920623324,-0.7276789206233243
2023-07-10,M2_absdev_rqi_dii,RQI_DII_v1.0,frozen_confirmed_by_researcher,7.28,3.4731086859611935,3.8068913140388068
2023-07-11,M2_absdev_rqi_dii,RQI_DII_v1.0,frozen_confirmed_by_researcher,1.1400000000000001,3.521169412742154,-2.3811694127421537
2023-07-12,M2_absdev_rqi_dii,RQI_DII_v1.0,frozen_confirmed_by_researcher,9.99,3.536408377908913,6.453591622091087
2023-07-13,M2_absdev_rqi_dii,RQI_DII_v1.0,frozen_confirmed_by_researcher,1.96,3.564913303781708,-1.604913303781708
2023-07-14,M2_absdev_rqi_dii,RQI_DII_v1.0,frozen_confirmed_by_researcher,0.0,3.459141559298615,-3.459141559298615
2023-07-15,M2_absdev_rqi_dii,RQI_DII_v1.0,frozen_confirmed_by_researcher,0.35,3.5255075117087245,-3.1755075117087244
2023-07-16,M2_absdev_rqi_dii,RQI_DII_v1.0,frozen_confirmed_by_researcher,0.5,3.508539888045476,-3.008539888045476
2023-07-17,M2_absdev_rqi_dii,RQI_DII_v1.0,frozen_confirmed_by_researcher,9.9,3.484887373785142,6.415112626214858
2023-07-18,M2_absdev_rqi_dii,RQI_DII_v1.0,frozen_confirmed_by_researcher,0.0,3.6026921214842673,-3.6026921214842673
2023-07-19,M2_absdev_rqi_dii,RQI_DII_v1.0,frozen_confirmed_by_researcher,10.0,3.630195215371316,6.369804784628684
2023-07-20,M2_absdev_rqi_dii,RQI_DII_v1.0,frozen_confirmed_by_researcher,0.8500000000000001,3.6821815622848533,-2.832181562284853
2023-07-21,M2_absdev_rqi_dii,RQI_DII_v1.0,frozen_confirmed_by_researcher,0.0,3.6984193471004403,-3.6984193471004403
2023-07-22,M2_absdev_rqi_dii,RQI_DII_v1.0,frozen_confirmed_by_researcher,1.5899999999999999,3.7140303227745335,-2.1240303227745336
2023-07-23,M2_absdev_rqi_dii,RQI_DII_v1.0,frozen_confirmed_by_researcher,0.0,3.7061504059464028,-3.7061504059464028
2023-07-24,M2_absdev_rqi_dii,RQI_DII_v1.0,frozen_confirmed_by_researcher,0.72,3.698360769969355,-2.9783607699693553
2023-07-25,M2_absdev_rqi_dii,RQI_DII_v1.0,frozen_confirmed_by_researcher,0.0,3.756361760928428,-3.756361760928428
2023-07-26,M2_absdev_rqi_dii,RQI_DII_v1.0,frozen_confirmed_by_researcher,0.0,3.7882095533111055,-3.7882095533111055
2023-07-27,M2_absdev_rqi_dii,RQI_DII_v1.0,frozen_confirmed_by_researcher,0.0,3.827599284172294,-3.827599284172294
2023-07-28,M2_absdev_rqi_dii,RQI_DII_v1.0,frozen_confirmed_by_researcher,0.0,6.993354220065328,-6.993354220065328
2023-07-29,M2_absdev_rqi_dii,RQI_DII_v1.0,frozen_confirmed_by_researcher,0.0,6.99748418212846,-6.99748418212846
2023-07-30,M2_absdev_rqi_dii,RQI_DII_v1.0,frozen_confirmed_by_researcher,4.21,6.963046120120254,-2.7530461201202536
2023-07-31,M2_absdev_rqi_dii,RQI_DII_v1.0,frozen_confirmed_by_researcher,0.0,6.951977372650703,-6.951977372650703
2023-08-01,M2_absdev_rqi_dii,RQI_DII_v1.0,frozen_confirmed_by_researcher,0.0,6.978249781919999,-6.978249781919999
2023-08-02,M2_absdev_rqi_dii,RQI_DII_v1.0,frozen_confirmed_by_researcher,10.0,7.086626507446908,2.9133734925530916
2023-08-03,M2_absdev_rqi_dii,RQI_DII_v1.0,frozen_confirmed_by_researcher,10.0,7.147561828035094,2.8524381719649057
2023-08-04,M2_absdev_rqi_dii,RQI_DII_v1.0,frozen_confirmed_by_researcher,0.0,7.194235035219492,-7.194235035219492
2023-08-05,M2_absdev_rqi_dii,RQI_DII_v1.0,frozen_confirmed_by_researcher,0.8200000000000001,7.226460488182795,-6.406460488182795
2023-08-06,M2_absdev_rqi_dii,RQI_DII_v1.0,frozen_confirmed_by_researcher,4.43,7.215836994071395,-2.7858369940713956
2023-08-07,M2_absdev_rqi_dii,RQI_DII_v1.0,frozen_confirmed_by_researcher,4.8,7.204679115544906,-2.404679115544906
2023-08-08,M2_absdev_rqi_dii,RQI_DII_v1.0,frozen_confirmed_by_researcher,2.1,7.118980572173314,-5.018980572173314
2023-08-09,M2_absdev_rqi_dii,RQI_DII_v1.0,frozen_confirmed_by_researcher,0.0,7.021881273687995,-7.021881273687995
2023-08-10,M2_absdev_rqi_dii,RQI_DII_v1.0,frozen_confirmed_by_researcher,0.0,7.01648758177285,-7.01648758177285
2023-08-11,M2_absdev_rqi_dii,RQI_DII_v1.0,frozen_confirmed_by_researcher,3.19,7.080760071105857,-3.890760071105857
2023-08-12,M2_absdev_rqi_dii,RQI_DII_v1.0,frozen_confirmed_by_researcher,0.0,7.088308219510736,-7.088308219510736
2023-08-13,M2_absdev_rqi_dii,RQI_DII_v1.0,frozen_confirmed_by_researcher,0.32,7.051918500994674,-6.731918500994674
2023-08-14,M2_absdev_rqi_dii,RQI_DII_v1.0,frozen_confirmed_by_researcher,10.0,7.022602476824915,2.9773975231750853
2023-08-15,M2_absdev_rqi_dii,RQI_DII_v1.0,frozen_confirmed_by_researcher,2.02,7.123028237408732,-5.103028237408733
2023-08-16,M2_absdev_rqi_dii,RQI_DII_v1.0,frozen_confirmed_by_researcher,3.86,7.086957212204425,-3.2269572122044248
2023-08-17,M2_absdev_rqi_dii,RQI_DII_v1.0,frozen_confirmed_by_researcher,14.66,7.052393748607898,7.607606251392102
2023-08-18,M2_absdev_rqi_dii,RQI_DII_v1.0,frozen_confirmed_by_researcher,2.4499999999999997,7.011978748590337,-4.561978748590338
2023-08-19,M2_absdev_rqi_dii,RQI_DII_v1.0,frozen_confirmed_by_researcher,10.319999999999999,7.19757181892362,3.122428181076378
2023-08-20,M2_absdev_rqi_dii,RQI_DII_v1.0,frozen_confirmed_by_researcher,10.0,7.074359538485254,2.925640461514746
2023-08-21,M2_absdev_rqi_dii,RQI_DII_v1.0,frozen_confirmed_by_researcher,10.0,7.059629268371083,2.940370731628917
2023-08-22,M2_absdev_rqi_dii,RQI_DII_v1.0,frozen_confirmed_by_researcher,0.0,7.049178683611672,-7.049178683611672
2023-08-23,M2_absdev_rqi_dii,RQI_DII_v1.0,frozen_confirmed_by_researcher,6.06,7.06943752446341,-1.0094375244634106
2023-08-24,M2_absdev_rqi_dii,RQI_DII_v1.0,frozen_confirmed_by_researcher,10.0,7.004912211762388,2.995087788237612
2023-08-25,M2_absdev_rqi_dii,RQI_DII_v1.0,frozen_confirmed_by_researcher,5.02,7.059070883557439,-2.0390708835574394
2023-08-26,M2_absdev_rqi_dii,RQI_DII_v1.0,frozen_confirmed_by_researcher,0.0,7.007513984197033,-7.007513984197033
2023-08-27,M2_absdev_rqi_dii,RQI_DII_v1.0,frozen_confirmed_by_researcher,3.9800000000000004,6.9642646897443115,-2.984264689744311
2023-08-28,M2_absdev_rqi_dii,RQI_DII_v1.0,frozen_confirmed_by_researcher,2.41,6.917928871908174,-4.507928871908174
2023-08-29,M2_absdev_rqi_dii,RQI_DII_v1.0,frozen_confirmed_by_researcher,0.0,6.913977683039263,-6.913977683039263
2023-08-30,M2_absdev_rqi_dii,RQI_DII_v1.0,frozen_confirmed_by_researcher,11.02,7.096903525076669,3.92309647492333
2023-08-31,M2_absdev_rqi_dii,RQI_DII_v1.0,frozen_confirmed_by_researcher,1.49,7.1094828972874495,-5.619482897287449
2023-09-01,M2_absdev_rqi_dii,RQI_DII_v1.0,frozen_confirmed_by_researcher,6.69,7.046073505537322,-0.35607350553732164
2023-09-02,M2_absdev_rqi_dii,RQI_DII_v1.0,frozen_confirmed_by_researcher,10.0,7.067779681105748,2.9322203188942524
2023-09-03,M2_absdev_rqi_dii,RQI_DII_v1.0,frozen_confirmed_by_researcher,0.0,7.048128860287562,-7.048128860287562
2023-09-04,M2_absdev_rqi_dii,RQI_DII_v1.0,frozen_confirmed_by_researcher,0.0,7.009173463676348,-7.009173463676348
2023-09-05,M2_absdev_rqi_dii,RQI_DII_v1.0,frozen_confirmed_by_researcher,6.840000000000001,7.089033977987867,-0.24903397798786653
2023-09-06,M2_absdev_rqi_dii,RQI_DII_v1.0,frozen_confirmed_by_researcher,1.95,7.17415157214603,-5.22415157214603
2023-09-07,M2_absdev_rqi_dii,RQI_DII_v1.0,frozen_confirmed_by_researcher,0.0,7.172147489815899,-7.172147489815899
2023-09-08,M2_absdev_rqi_dii,RQI_DII_v1.0,frozen_confirmed_by_researcher,10.0,7.255638308323967,2.7443616916760334
2023-09-09,M2_absdev_rqi_dii,RQI_DII_v1.0,frozen_confirmed_by_researcher,0.16,7.165926054973994,-7.005926054973994
2023-09-10,M2_absdev_rqi_dii,RQI_DII_v1.0,frozen_confirmed_by_researcher,0.0,7.135979302618097,-7.135979302618097
2023-09-11,M2_absdev_rqi_dii,RQI_DII_v1.0,frozen_confirmed_by_researcher,0.0,7.088438912066579,-7.088438912066579
2023-09-12,M2_absdev_rqi_dii,RQI_DII_v1.0,frozen_confirmed_by_researcher,3.1100000000000003,7.117435716621117,-4.007435716621116
2023-09-13,M2_absdev_rqi_dii,RQI_DII_v1.0,frozen_confirmed_by_researcher,10.0,7.043838573307227,2.9561614266927734
2023-09-14,M2_absdev_rqi_dii,RQI_DII_v1.0,frozen_confirmed_by_researcher,1.9900000000000002,7.0084704854124595,-5.018470485412459
2023-09-15,M2_absdev_rqi_dii,RQI_DII_v1.0,frozen_confirmed_by_researcher,0.78,7.022595836908408,-6.242595836908408
2023-09-16,M2_absdev_rqi_dii,RQI_DII_v1.0,frozen_confirmed_by_researcher,8.940000000000001,7.045224822117291,1.8947751778827104
2023-09-17,M2_absdev_rqi_dii,RQI_DII_v1.0,frozen_confirmed_by_researcher,1.81,7.0007145626776435,-5.190714562677643
2023-09-18,M2_absdev_rqi_dii,RQI_DII_v1.0,frozen_confirmed_by_researcher,8.0,6.986255314689572,1.013744685310428
2023-09-19,M2_absdev_rqi_dii,RQI_DII_v1.0,frozen_confirmed_by_researcher,7.87,6.996043749153216,0.873956250846784
2023-09-20,M2_absdev_rqi_dii,RQI_DII_v1.0,frozen_confirmed_by_researcher,0.0,7.027770499890352,-7.027770499890352
2023-09-21,M2_absdev_rqi_dii,RQI_DII_v1.0,frozen_confirmed_by_researcher,2.8699999999999997,7.064135244747234,-4.194135244747235
2023-09-22,M2_absdev_rqi_dii,RQI_DII_v1.0,frozen_confirmed_by_researcher,8.620000000000001,7.156904655002961,1.4630953449970399
2023-09-23,M2_absdev_rqi_dii,RQI_DII_v1.0,frozen_confirmed_by_researcher,0.0,7.172774015369669,-7.172774015369669
2023-09-24,M2_absdev_rqi_dii,RQI_DII_v1.0,frozen_confirmed_by_researcher,3.73,7.152374987977538,-3.422374987977538
2023-09-25,M2_absdev_rqi_dii,RQI_DII_v1.0,frozen_confirmed_by_researcher,10.0,7.136953445370693,2.8630465546293067
2023-09-26,M2_absdev_rqi_dii,RQI_DII_v1.0,frozen_confirmed_by_researcher,10.0,7.2339047959131335,2.7660952040868665
2023-09-27,M2_absdev_rqi_dii,RQI_DII_v1.0,frozen_confirmed_by_researcher,0.0,7.234215532058528,-7.234215532058528
2023-09-28,M2_absdev_rqi_dii,RQI_DII_v1.0,frozen_confirmed_by_researcher,10.0,7.302040284607273,2.6979597153927273
2023-09-29,M2_absdev_rqi_dii,RQI_DII_v1.0,frozen_confirmed_by_researcher,10.0,7.597962845227272,2.402037154772728
2023-09-30,M2_absdev_rqi_dii,RQI_DII_v1.0,frozen_confirmed_by_researcher,1.07,7.820914891529526,-6.750914891529526
2023-10-01,M2_absdev_rqi_dii,RQI_DII_v1.0,frozen_confirmed_by_researcher,1.2,7.7738449257771265,-6.573844925777126
2023-10-02,M2_absdev_rqi_dii,RQI_DII_v1.0,frozen_confirmed_by_researcher,0.0,7.746812709002057,-7.746812709002057
2023-10-03,M2_absdev_rqi_dii,RQI_DII_v1.0,frozen_confirmed_by_researcher,0.0,7.650804183147272,-7.650804183147272
2023-10-04,M2_absdev_rqi_dii,RQI_DII_v1.0,frozen_confirmed_by_researcher,0.01,7.725638636962458,-7.715638636962458
2023-10-05,M2_absdev_rqi_dii,RQI_DII_v1.0,frozen_confirmed_by_researcher,8.17,7.761660766109031,0.4083392338909686
2023-10-06,M2_absdev_rqi_dii,RQI_DII_v1.0,frozen_confirmed_by_researcher,10.0,7.7562566851036365,2.2437433148963635
2023-10-07,M2_absdev_rqi_dii,RQI_DII_v1.0,frozen_confirmed_by_researcher,10.0,7.576981334297102,2.423018665702898
2023-10-08,M2_absdev_rqi_dii,RQI_DII_v1.0,frozen_confirmed_by_researcher,0.0,7.547773609107452,-7.547773609107452
2023-10-09,M2_absdev_rqi_dii,RQI_DII_v1.0,frozen_confirmed_by_researcher,10.169999999999998,7.526540165126704,2.643459834873294
2023-10-10,M2_absdev_rqi_dii,RQI_DII_v1.0,frozen_confirmed_by_researcher,10.0,7.5337962995147905,2.4662037004852095
2023-10-11,M2_absdev_rqi_dii,RQI_DII_v1.0,frozen_confirmed_by_researcher,0.66,7.594863666403114,-6.934863666403114
2023-10-12,M2_absdev_rqi_dii,RQI_DII_v1.0,frozen_confirmed_by_researcher,1.61,7.684649158888959,-6.074649158888959
2023-10-13,M2_absdev_rqi_dii,RQI_DII_v1.0,frozen_confirmed_by_researcher,0.0,7.739964344438903,-7.739964344438903
2023-10-14,M2_absdev_rqi_dii,RQI_DII_v1.0,frozen_confirmed_by_researcher,2.15,7.749196427198342,-5.599196427198342
2023-10-15,M2_absdev_rqi_dii,RQI_DII_v1.0,frozen_confirmed_by_researcher,0.47,7.717147981330129,-7.247147981330129
2023-10-16,M2_absdev_rqi_dii,RQI_DII_v1.0,frozen_confirmed_by_researcher,0.35,7.664106132744649,-7.31410613274465
2023-10-17,M2_absdev_rqi_dii,RQI_DII_v1.0,frozen_confirmed_by_researcher,0.0,7.6079242214898954,-7.6079242214898954
2023-10-18,M2_absdev_rqi_dii,RQI_DII_v1.0,frozen_confirmed_by_researcher,4.79,7.579058924968194,-2.7890589249681943
2023-10-19,M2_absdev_rqi_dii,RQI_DII_v1.0,frozen_confirmed_by_researcher,0.0,7.571174369551869,-7.571174369551869
2023-10-20,M2_absdev_rqi_dii,RQI_DII_v1.0,frozen_confirmed_by_researcher,1.04,7.494257001801969,-6.454257001801969
2023-10-21,M2_absdev_rqi_dii,RQI_DII_v1.0,frozen_confirmed_by_researcher,1.7899999999999998,7.452447445617395,-5.662447445617395
2023-10-22,M2_absdev_rqi_dii,RQI_DII_v1.0,frozen_confirmed_by_researcher,1.13,7.426609404390717,-6.2966094043907175
2023-10-23,M2_absdev_rqi_dii,RQI_DII_v1.0,frozen_confirmed_by_researcher,11.6,7.420869790766716,4.179130209233284
2023-10-24,M2_absdev_rqi_dii,RQI_DII_v1.0,frozen_confirmed_by_researcher,20.0,7.464233427280192,12.535766572719808
2023-10-25,M2_absdev_rqi_dii,RQI_DII_v1.0,frozen_confirmed_by_researcher,10.0,7.699596953288847,2.3004030467111534
2023-10-26,M2_absdev_rqi_dii,RQI_DII_v1.0,frozen_confirmed_by_researcher,10.0,7.614452703165483,2.385547296834517
2023-10-27,M2_absdev_rqi_dii,RQI_DII_v1.0,frozen_confirmed_by_researcher,10.0,7.621614616933556,2.378385383066444
2023-10-28,M2_absdev_rqi_dii,RQI_DII_v1.0,frozen_confirmed_by_researcher,0.0,7.699243128422324,-7.699243128422324
2023-10-29,M2_absdev_rqi_dii,RQI_DII_v1.0,frozen_confirmed_by_researcher,0.0,7.666568495996728,-7.666568495996728
2023-10-30,M2_absdev_rqi_dii,RQI_DII_v1.0,frozen_confirmed_by_researcher,0.97,6.056301773263243,-5.086301773263243
2023-10-31,M2_absdev_rqi_dii,RQI_DII_v1.0,frozen_confirmed_by_researcher,6.579999999999999,6.115540719179421,0.4644592808205781
2023-11-01,M2_absdev_rqi_dii,RQI_DII_v1.0,frozen_confirmed_by_researcher,3.61,6.2087816238787354,-2.5987816238787356
2023-11-02,M2_absdev_rqi_dii,RQI_DII_v1.0,frozen_confirmed_by_researcher,10.0,6.205900775675815,3.794099224324185
2023-11-03,M2_absdev_rqi_dii,RQI_DII_v1.0,frozen_confirmed_by_researcher,10.059999999999999,6.3800019954889535,3.679998004511045
2023-11-04,M2_absdev_rqi_dii,RQI_DII_v1.0,frozen_confirmed_by_researcher,1.73,6.347643686104334,-4.6176436861043335
2023-11-05,M2_absdev_rqi_dii,RQI_DII_v1.0,frozen_confirmed_by_researcher,0.0,6.282817512641628,-6.282817512641628
2023-11-06,M2_absdev_rqi_dii,RQI_DII_v1.0,frozen_confirmed_by_researcher,0.0,6.257763350456713,-6.257763350456713
2023-11-07,M2_absdev_rqi_dii,RQI_DII_v1.0,frozen_confirmed_by_researcher,0.8500000000000001,6.363987018004309,-5.513987018004309
2023-11-08,M2_absdev_rqi_dii,RQI_DII_v1.0,frozen_confirmed_by_researcher,5.0600000000000005,6.393663011041724,-1.3336630110417236
2023-11-09,M2_absdev_rqi_dii,RQI_DII_v1.0,frozen_confirmed_by_researcher,0.0,6.470913661046751,-6.470913661046751
2023-11-10,M2_absdev_rqi_dii,RQI_DII_v1.0,frozen_confirmed_by_researcher,5.6499999999999995,6.536088691425903,-0.8860886914259032
2023-11-11,M2_absdev_rqi_dii,RQI_DII_v1.0,frozen_confirmed_by_researcher,0.0,6.504529791583707,-6.504529791583707
2023-11-12,M2_absdev_rqi_dii,RQI_DII_v1.0,frozen_confirmed_by_researcher,3.76,6.452179502908422,-2.692179502908422
2023-11-13,M2_absdev_rqi_dii,RQI_DII_v1.0,frozen_confirmed_by_researcher,22.05,6.413986024681066,15.636013975318935
2023-11-14,M2_absdev_rqi_dii,RQI_DII_v1.0,frozen_confirmed_by_researcher,0.0,6.556208623543341,-6.556208623543341
2023-11-15,M2_absdev_rqi_dii,RQI_DII_v1.0,frozen_confirmed_by_researcher,6.68,6.680909006721322,-0.0009090067213222142
2023-11-16,M2_absdev_rqi_dii,RQI_DII_v1.0,frozen_confirmed_by_researcher,6.81,6.501778750105444,0.30822124989455535
2023-11-17,M2_absdev_rqi_dii,RQI_DII_v1.0,frozen_confirmed_by_researcher,10.0,6.448005827966284,3.551994172033716
2023-11-18,M2_absdev_rqi_dii,RQI_DII_v1.0,frozen_confirmed_by_researcher,3.6900000000000004,6.27480617846453,-2.5848061784645298
2023-11-19,M2_absdev_rqi_dii,RQI_DII_v1.0,frozen_confirmed_by_researcher,0.0,6.254618450635718,-6.254618450635718
2023-11-20,M2_absdev_rqi_dii,RQI_DII_v1.0,frozen_confirmed_by_researcher,4.64,6.215292791143128,-1.575292791143128
2023-11-21,M2_absdev_rqi_dii,RQI_DII_v1.0,frozen_confirmed_by_researcher,10.0,6.177375253589219,3.8226247464107814
2023-11-22,M2_absdev_rqi_dii,RQI_DII_v1.0,frozen_confirmed_by_researcher,0.0,6.263325933391172,-6.263325933391172
2023-11-23,M2_absdev_rqi_dii,RQI_DII_v1.0,frozen_confirmed_by_researcher,0.68,6.225787612438893,-5.545787612438893
2023-11-24,M2_absdev_rqi_dii,RQI_DII_v1.0,frozen_confirmed_by_researcher,0.0,6.202835721387572,-6.202835721387572
2023-11-25,M2_absdev_rqi_dii,RQI_DII_v1.0,frozen_confirmed_by_researcher,10.0,6.047750036030607,3.9522499639693933
2023-11-26,M2_absdev_rqi_dii,RQI_DII_v1.0,frozen_confirmed_by_researcher,5.57,6.037657623133441,-0.46765762313344084
2023-11-27,M2_absdev_rqi_dii,RQI_DII_v1.0,frozen_confirmed_by_researcher,10.0,6.061017607352284,3.9389823926477163
2023-11-28,M2_absdev_rqi_dii,RQI_DII_v1.0,frozen_confirmed_by_researcher,10.0,6.202139987816167,3.7978600121838326
2023-11-29,M2_absdev_rqi_dii,RQI_DII_v1.0,frozen_confirmed_by_researcher,8.56,6.077814676590265,2.4821853234097357
2023-11-30,M2_absdev_rqi_dii,RQI_DII_v1.0,frozen_confirmed_by_researcher,10.0,6.1260037363629465,3.8739962636370535
2023-12-01,M2_absdev_rqi_dii,RQI_DII_v1.0,frozen_confirmed_by_researcher,0.0,6.084805362366268,-6.084805362366268
2023-12-02,M2_absdev_rqi_dii,RQI_DII_v1.0,frozen_confirmed_by_researcher,3.83,6.067848035424618,-2.2378480354246175
2023-12-03,M2_absdev_rqi_dii,RQI_DII_v1.0,frozen_confirmed_by_researcher,10.0,6.066348637921976,3.933651362078024
2023-12-04,M2_absdev_rqi_dii,RQI_DII_v1.0,frozen_confirmed_by_researcher,0.0,6.0700316817274995,-6.0700316817274995
2023-12-05,M2_absdev_rqi_dii,RQI_DII_v1.0,frozen_confirmed_by_researcher,0.0,6.142705416570152,-6.142705416570152
2023-12-06,M2_absdev_rqi_dii,RQI_DII_v1.0,frozen_confirmed_by_researcher,18.17,6.187639588205627,11.982360411794374
2023-12-07,M2_absdev_rqi_dii,RQI_DII_v1.0,frozen_confirmed_by_researcher,10.0,6.1840084207557595,3.8159915792442405
2023-12-08,M2_absdev_rqi_dii,RQI_DII_v1.0,frozen_confirmed_by_researcher,10.0,6.133857914947129,3.8661420850528714
2023-12-09,M2_absdev_rqi_dii,RQI_DII_v1.0,frozen_confirmed_by_researcher,6.1499999999999995,6.017058882966467,0.13294111703353284
2023-12-10,M2_absdev_rqi_dii,RQI_DII_v1.0,frozen_confirmed_by_researcher,0.0,5.977221025240226,-5.977221025240226
2023-12-11,M2_absdev_rqi_dii,RQI_DII_v1.0,frozen_confirmed_by_researcher,2.04,5.9661562206020164,-3.9261562206020164
2023-12-12,M2_absdev_rqi_dii,RQI_DII_v1.0,frozen_confirmed_by_researcher,20.0,6.211938372631039,13.788061627368961
2023-12-13,M2_absdev_rqi_dii,RQI_DII_v1.0,frozen_confirmed_by_researcher,13.82,6.270332308259981,7.549667691740019
2023-12-14,M2_absdev_rqi_dii,RQI_DII_v1.0,frozen_confirmed_by_researcher,10.0,6.099740008995894,3.9002599910041056
2023-12-15,M2_absdev_rqi_dii,RQI_DII_v1.0,frozen_confirmed_by_researcher,10.0,6.4170811047838185,3.5829188952161815
2023-12-16,M2_absdev_rqi_dii,RQI_DII_v1.0,frozen_confirmed_by_researcher,15.76,6.336257039084103,9.423742960915897
2023-12-17,M2_absdev_rqi_dii,RQI_DII_v1.0,frozen_confirmed_by_researcher,1.5899999999999999,6.3182478076897155,-4.728247807689716
2023-12-18,M2_absdev_rqi_dii,RQI_DII_v1.0,frozen_confirmed_by_researcher,20.0,6.336775737135412,13.663224262864588
2023-12-19,M2_absdev_rqi_dii,RQI_DII_v1.0,frozen_confirmed_by_researcher,2.1599999999999997,6.228449945379026,-4.068449945379026
2023-12-20,M2_absdev_rqi_dii,RQI_DII_v1.0,frozen_confirmed_by_researcher,10.0,6.066953769122279,3.9330462308777214
2023-12-21,M2_absdev_rqi_dii,RQI_DII_v1.0,frozen_confirmed_by_researcher,0.0,5.9682233026275355,-5.9682233026275355
2023-12-22,M2_absdev_rqi_dii,RQI_DII_v1.0,frozen_confirmed_by_researcher,10.0,9.386570865105767,0.6134291348942327
2023-12-23,M2_absdev_rqi_dii,RQI_DII_v1.0,frozen_confirmed_by_researcher,0.0,9.204657924283111,-9.204657924283111
2023-12-24,M2_absdev_rqi_dii,RQI_DII_v1.0,frozen_confirmed_by_researcher,10.0,9.182221100569905,0.8177788994300954
2023-12-25,M2_absdev_rqi_dii,RQI_DII_v1.0,frozen_confirmed_by_researcher,13.450000000000001,9.15435719595115,4.2956428040488515
2023-12-26,M2_absdev_rqi_dii,RQI_DII_v1.0,frozen_confirmed_by_researcher,11.09,9.174218003192465,1.9157819968075351
2023-12-27,M2_absdev_rqi_dii,RQI_DII_v1.0,frozen_confirmed_by_researcher,0.0,9.37396236246883,-9.37396236246883
2023-12-28,M2_absdev_rqi_dii,RQI_DII_v1.0,frozen_confirmed_by_researcher,20.0,9.26133946998209,10.73866053001791
2023-12-29,M2_absdev_rqi_dii,RQI_DII_v1.0,frozen_confirmed_by_researcher,10.0,9.28101047005319,0.7189895299468105
2023-12-30,M2_absdev_rqi_dii,RQI_DII_v1.0,frozen_confirmed_by_researcher,0.0,9.307174302407105,-9.307174302407105
2023-12-31,M2_absdev_rqi_dii,RQI_DII_v1.0,frozen_confirmed_by_researcher,4.53,9.349892770602253,-4.8198927706022525
2024-01-01,M2_absdev_rqi_dii,RQI_DII_v1.0,frozen_confirmed_by_researcher,0.0,9.440859427438852,-9.440859427438852
2024-01-02,M2_absdev_rqi_dii,RQI_DII_v1.0,frozen_confirmed_by_researcher,30.0,9.373599913527613,20.626400086472387
2024-01-03,M2_absdev_rqi_dii,RQI_DII_v1.0,frozen_confirmed_by_researcher,5.13,9.257577120316768,-4.127577120316768
2024-01-04,M2_absdev_rqi_dii,RQI_DII_v1.0,frozen_confirmed_by_researcher,23.57,9.15001123005402,14.41998876994598
2024-01-05,M2_absdev_rqi_dii,RQI_DII_v1.0,frozen_confirmed_by_researcher,0.0,9.084330988042808,-9.084330988042808
2024-01-06,M2_absdev_rqi_dii,RQI_DII_v1.0,frozen_confirmed_by_researcher,18.39,8.925245690585399,9.464754309414602
2024-01-07,M2_absdev_rqi_dii,RQI_DII_v1.0,frozen_confirmed_by_researcher,4.319999999999999,8.899033009842185,-4.579033009842186
2024-01-08,M2_absdev_rqi_dii,RQI_DII_v1.0,frozen_confirmed_by_researcher,0.0,8.887488745543578,-8.887488745543578
2024-01-09,M2_absdev_rqi_dii,RQI_DII_v1.0,frozen_confirmed_by_researcher,25.98,8.91355536765164,17.06644463234836
2024-01-10,M2_absdev_rqi_dii,RQI_DII_v1.0,frozen_confirmed_by_researcher,30.41,8.999320412322419,21.41067958767758
2024-01-11,M2_absdev_rqi_dii,RQI_DII_v1.0,frozen_confirmed_by_researcher,0.0,8.985873827266232,-8.985873827266232
2024-01-12,M2_absdev_rqi_dii,RQI_DII_v1.0,frozen_confirmed_by_researcher,3.89,8.968415242794947,-5.0784152427949465
2024-01-13,M2_absdev_rqi_dii,RQI_DII_v1.0,frozen_confirmed_by_researcher,13.3,8.908786758790228,4.391213241209773
2024-01-14,M2_absdev_rqi_dii,RQI_DII_v1.0,frozen_confirmed_by_researcher,16.66,8.841495299645771,7.818504700354229
2024-01-15,M2_absdev_rqi_dii,RQI_DII_v1.0,frozen_confirmed_by_researcher,0.91,8.83003014530135,-7.92003014530135
2024-01-16,M2_absdev_rqi_dii,RQI_DII_v1.0,frozen_confirmed_by_researcher,4.8999999999999995,8.82668198791751,-3.9266819879175108
2024-01-17,M2_absdev_rqi_dii,RQI_DII_v1.0,frozen_confirmed_by_researcher,2.18,8.828959738901261,-6.648959738901262
2024-01-18,M2_absdev_rqi_dii,RQI_DII_v1.0,frozen_confirmed_by_researcher,6.12,8.669876923913137,-2.5498769239131365
2024-01-19,M2_absdev_rqi_dii,RQI_DII_v1.0,frozen_confirmed_by_researcher,12.43,8.685090407258883,3.7449095927411165
2024-01-20,M2_absdev_rqi_dii,RQI_DII_v1.0,frozen_confirmed_by_researcher,10.0,8.716939273188103,1.2830607268118968
2024-01-21,M2_absdev_rqi_dii,RQI_DII_v1.0,frozen_confirmed_by_researcher,4.41,8.618287678110164,-4.208287678110164
2024-01-22,M2_absdev_rqi_dii,RQI_DII_v1.0,frozen_confirmed_by_researcher,4.25,8.592695608581778,-4.342695608581778
2024-01-23,M2_absdev_rqi_dii,RQI_DII_v1.0,frozen_confirmed_by_researcher,20.0,8.670672210914148,11.329327789085852
2024-01-24,M2_absdev_rqi_dii,RQI_DII_v1.0,frozen_confirmed_by_researcher,20.0,8.636452637042765,11.363547362957235
2024-01-25,M2_absdev_rqi_dii,RQI_DII_v1.0,frozen_confirmed_by_researcher,2.9,8.556862932207082,-5.656862932207082
2024-01-26,M2_absdev_rqi_dii,RQI_DII_v1.0,frozen_confirmed_by_researcher,0.0,8.447199216081515,-8.447199216081515
2024-01-27,M2_absdev_rqi_dii,RQI_DII_v1.0,frozen_confirmed_by_researcher,4.62,8.392990414839431,-3.7729904148394313
2024-01-28,M2_absdev_rqi_dii,RQI_DII_v1.0,frozen_confirmed_by_researcher,2.4899999999999998,8.346731017547938,-5.856731017547938
2024-01-29,M2_absdev_rqi_dii,RQI_DII_v1.0,frozen_confirmed_by_researcher,14.74,8.321188450085003,6.418811549914997
2024-01-30,M2_absdev_rqi_dii,RQI_DII_v1.0,frozen_confirmed_by_researcher,10.0,8.162596567487782,1.8374034325122182
2024-01-31,M2_absdev_rqi_dii,RQI_DII_v1.0,frozen_confirmed_by_researcher,12.899999999999999,8.009885751689495,4.890114248310503
2024-02-01,M2_absdev_rqi_dii,RQI_DII_v1.0,frozen_confirmed_by_researcher,16.26,7.860992851401704,8.399007148598297
2024-02-02,M2_absdev_rqi_dii,RQI_DII_v1.0,frozen_confirmed_by_researcher,20.0,7.885253825399218,12.114746174600782
2024-02-03,M2_absdev_rqi_dii,RQI_DII_v1.0,frozen_confirmed_by_researcher,0.0,7.804344367650259,-7.804344367650259
2024-02-04,M2_absdev_rqi_dii,RQI_DII_v1.0,frozen_confirmed_by_researcher,1.39,7.762005152613511,-6.372005152613512
2024-02-05,M2_absdev_rqi_dii,RQI_DII_v1.0,frozen_confirmed_by_researcher,9.86,7.723795160319867,2.1362048396801327
2024-02-06,M2_absdev_rqi_dii,RQI_DII_v1.0,frozen_confirmed_by_researcher,2.4699999999999998,8.126642888495127,-5.656642888495127
2024-02-07,M2_absdev_rqi_dii,RQI_DII_v1.0,frozen_confirmed_by_researcher,20.0,7.968158398895099,12.031841601104901
2024-02-08,M2_absdev_rqi_dii,RQI_DII_v1.0,frozen_confirmed_by_researcher,10.0,7.842374182075844,2.1576258179241563
2024-02-09,M2_absdev_rqi_dii,RQI_DII_v1.0,frozen_confirmed_by_researcher,1.18,7.71487543317005,-6.5348754331700505
2024-02-10,M2_absdev_rqi_dii,RQI_DII_v1.0,frozen_confirmed_by_researcher,6.33,7.594649689702493,-1.2646496897024928
2024-02-11,M2_absdev_rqi_dii,RQI_DII_v1.0,frozen_confirmed_by_researcher,0.0,7.571226336399121,-7.571226336399121
2024-02-12,M2_absdev_rqi_dii,RQI_DII_v1.0,frozen_confirmed_by_researcher,10.0,7.57254300911319,2.42745699088681
2024-02-13,M2_absdev_rqi_dii,RQI_DII_v1.0,frozen_confirmed_by_researcher,0.01,7.643922778441635,-7.633922778441635
2024-02-14,M2_absdev_rqi_dii,RQI_DII_v1.0,frozen_confirmed_by_researcher,9.909999999999998,7.5987972323493125,2.311202767650686
2024-02-15,M2_absdev_rqi_dii,RQI_DII_v1.0,frozen_confirmed_by_researcher,50.0,7.4905166435037245,42.509483356496276
2024-02-16,M2_absdev_rqi_dii,RQI_DII_v1.0,frozen_confirmed_by_researcher,13.89,7.434558914287834,6.455441085712167
2024-02-17,M2_absdev_rqi_dii,RQI_DII_v1.0,frozen_confirmed_by_researcher,5.5,7.423803743041304,-1.9238037430413044
2024-02-18,M2_absdev_rqi_dii,RQI_DII_v1.0,frozen_confirmed_by_researcher,10.0,7.40900587113444,2.5909941288655602
2024-02-19,M2_absdev_rqi_dii,RQI_DII_v1.0,frozen_confirmed_by_researcher,0.0,7.420939989344049,-7.420939989344049
2024-02-20,M2_absdev_rqi_dii,RQI_DII_v1.0,frozen_confirmed_by_researcher,10.65,7.430830673152457,3.2191693268475436
2024-02-21,M2_absdev_rqi_dii,RQI_DII_v1.0,frozen_confirmed_by_researcher,11.21,7.43889546963814,3.7711045303618604
2024-02-22,M2_absdev_rqi_dii,RQI_DII_v1.0,frozen_confirmed_by_researcher,20.89,7.394997880426899,13.495002119573101
2024-02-23,M2_absdev_rqi_dii,RQI_DII_v1.0,frozen_confirmed_by_researcher,10.0,7.412598186830451,2.5874018131695493
2024-02-24,M2_absdev_rqi_dii,RQI_DII_v1.0,frozen_confirmed_by_researcher,10.0,7.350892327590515,2.6491076724094853
2024-02-25,M2_absdev_rqi_dii,RQI_DII_v1.0,frozen_confirmed_by_researcher,7.09,7.310904239342079,-0.22090423934207948
2024-02-26,M2_absdev_rqi_dii,RQI_DII_v1.0,frozen_confirmed_by_researcher,5.04,7.284472410324042,-2.2444724103240423
2024-02-27,M2_absdev_rqi_dii,RQI_DII_v1.0,frozen_confirmed_by_researcher,14.879999999999999,7.142206731247029,7.73779326875297
2024-02-28,M2_absdev_rqi_dii,RQI_DII_v1.0,frozen_confirmed_by_researcher,10.0,7.1597417738656475,2.8402582261343525
2024-02-29,M2_absdev_rqi_dii,RQI_DII_v1.0,frozen_confirmed_by_researcher,21.67,9.154869592038779,12.515130407961223
2024-03-01,M2_absdev_rqi_dii,RQI_DII_v1.0,frozen_confirmed_by_researcher,30.0,9.066801154196611,20.93319884580339
2024-03-02,M2_absdev_rqi_dii,RQI_DII_v1.0,frozen_confirmed_by_researcher,10.0,8.950430117714376,1.049569882285624
2024-03-03,M2_absdev_rqi_dii,RQI_DII_v1.0,frozen_confirmed_by_researcher,10.319999999999999,8.944900771404946,1.3750992285950527
2024-03-04,M2_absdev_rqi_dii,RQI_DII_v1.0,frozen_confirmed_by_researcher,20.0,8.96473027808446,11.03526972191554
2024-03-05,M2_absdev_rqi_dii,RQI_DII_v1.0,frozen_confirmed_by_researcher,30.490000000000002,8.988699924467397,21.501300075532605
2024-03-06,M2_absdev_rqi_dii,RQI_DII_v1.0,frozen_confirmed_by_researcher,1.1199999999999999,9.017682240613482,-7.897682240613482
2024-03-07,M2_absdev_rqi_dii,RQI_DII_v1.0,frozen_confirmed_by_researcher,34.81,8.853587727821491,25.95641227217851
2024-03-08,M2_absdev_rqi_dii,RQI_DII_v1.0,frozen_confirmed_by_researcher,0.0,8.762398319406799,-8.762398319406799
2024-03-09,M2_absdev_rqi_dii,RQI_DII_v1.0,frozen_confirmed_by_researcher,0.6499999999999999,8.450216914118954,-7.800216914118954
2024-03-10,M2_absdev_rqi_dii,RQI_DII_v1.0,frozen_confirmed_by_researcher,2.7300000000000004,8.416216815854625,-5.686216815854625
2024-03-11,M2_absdev_rqi_dii,RQI_DII_v1.0,frozen_confirmed_by_researcher,19.16,8.338550136230992,10.821449863769008
2024-03-12,M2_absdev_rqi_dii,RQI_DII_v1.0,frozen_confirmed_by_researcher,13.370000000000001,8.132202878725849,5.237797121274152
2024-03-13,M2_absdev_rqi_dii,RQI_DII_v1.0,frozen_confirmed_by_researcher,0.5,8.140111149325179,-7.640111149325179
2024-03-14,M2_absdev_rqi_dii,RQI_DII_v1.0,frozen_confirmed_by_researcher,10.0,7.974681924350989,2.025318075649011
2024-03-15,M2_absdev_rqi_dii,RQI_DII_v1.0,frozen_confirmed_by_researcher,30.0,8.067250585866304,21.932749414133696
2024-03-16,M2_absdev_rqi_dii,RQI_DII_v1.0,frozen_confirmed_by_researcher,6.8999999999999995,7.878015231374576,-0.9780152313745765
2024-03-17,M2_absdev_rqi_dii,RQI_DII_v1.0,frozen_confirmed_by_researcher,10.0,7.835899493796944,2.164100506203056
2024-03-18,M2_absdev_rqi_dii,RQI_DII_v1.0,frozen_confirmed_by_researcher,15.31,7.862181059049078,7.447818940950922
2024-03-19,M2_absdev_rqi_dii,RQI_DII_v1.0,frozen_confirmed_by_researcher,14.64,7.6859331944308735,6.954066805569127
2024-03-20,M2_absdev_rqi_dii,RQI_DII_v1.0,frozen_confirmed_by_researcher,60.0,7.663844933130946,52.336155066869054
2024-03-21,M2_absdev_rqi_dii,RQI_DII_v1.0,frozen_confirmed_by_researcher,27.16,7.528157862622038,19.631842137377962
2024-03-22,M2_absdev_rqi_dii,RQI_DII_v1.0,frozen_confirmed_by_researcher,2.07,7.314312489958525,-5.244312489958524
2024-03-23,M2_absdev_rqi_dii,RQI_DII_v1.0,frozen_confirmed_by_researcher,1.17,7.20625478828228,-6.03625478828228
2024-03-24,M2_absdev_rqi_dii,RQI_DII_v1.0,frozen_confirmed_by_researcher,10.0,7.182854530378165,2.8171454696218348
2024-03-25,M2_absdev_rqi_dii,RQI_DII_v1.0,frozen_confirmed_by_researcher,0.0,7.1757034403674425,-7.1757034403674425
2024-03-26,M2_absdev_rqi_dii,RQI_DII_v1.0,frozen_confirmed_by_researcher,0.0,6.660010797034062,-6.660010797034062
2024-03-27,M2_absdev_rqi_dii,RQI_DII_v1.0,frozen_confirmed_by_researcher,10.0,6.62463365276173,3.37536634723827
2024-03-28,M2_absdev_rqi_dii,RQI_DII_v1.0,frozen_confirmed_by_researcher,20.0,6.708169343484258,13.291830656515742
2024-03-29,M2_absdev_rqi_dii,RQI_DII_v1.0,frozen_confirmed_by_researcher,5.63,6.520748597698116,-0.8907485976981162
2024-03-30,M2_absdev_rqi_dii,RQI_DII_v1.0,frozen_confirmed_by_researcher,9.02,6.479432890172603,2.5405671098273963
2024-03-31,M2_absdev_rqi_dii,RQI_DII_v1.0,frozen_confirmed_by_researcher,20.0,6.475532748284024,13.524467251715976
2024-04-01,M2_absdev_rqi_dii,RQI_DII_v1.0,frozen_confirmed_by_researcher,0.0,6.479828390330965,-6.479828390330965
2024-04-02,M2_absdev_rqi_dii,RQI_DII_v1.0,frozen_confirmed_by_researcher,12.520000000000001,6.372374113255745,6.147625886744256
2024-04-03,M2_absdev_rqi_dii,RQI_DII_v1.0,frozen_confirmed_by_researcher,20.860000000000003,6.277654799919645,14.582345200080358
2024-04-04,M2_absdev_rqi_dii,RQI_DII_v1.0,frozen_confirmed_by_researcher,10.0,6.251490569529153,3.748509430470847
2024-04-05,M2_absdev_rqi_dii,RQI_DII_v1.0,frozen_confirmed_by_researcher,11.2,6.172740270679128,5.027259729320871
2024-04-06,M2_absdev_rqi_dii,RQI_DII_v1.0,frozen_confirmed_by_researcher,10.0,6.211020919870833,3.7889790801291667
2024-04-07,M2_absdev_rqi_dii,RQI_DII_v1.0,frozen_confirmed_by_researcher,7.37,6.187409358085233,1.182590641914767
2024-04-08,M2_absdev_rqi_dii,RQI_DII_v1.0,frozen_confirmed_by_researcher,17.95,6.184976899276137,11.765023100723862
2024-04-09,M2_absdev_rqi_dii,RQI_DII_v1.0,frozen_confirmed_by_researcher,16.45,6.319939346720133,10.130060653279866
2024-04-10,M2_absdev_rqi_dii,RQI_DII_v1.0,frozen_confirmed_by_researcher,1.35,6.456187510884973,-5.106187510884974
2024-04-11,M2_absdev_rqi_dii,RQI_DII_v1.0,frozen_confirmed_by_researcher,2.59,6.491571513093845,-3.9015715130938453
2024-04-12,M2_absdev_rqi_dii,RQI_DII_v1.0,frozen_confirmed_by_researcher,6.88,6.464321979600641,0.4156780203993593
2024-04-13,M2_absdev_rqi_dii,RQI_DII_v1.0,frozen_confirmed_by_researcher,4.53,6.590487458199817,-2.060487458199817
2024-04-14,M2_absdev_rqi_dii,RQI_DII_v1.0,frozen_confirmed_by_researcher,27.92,6.390615911575452,21.52938408842455
2024-04-15,M2_absdev_rqi_dii,RQI_DII_v1.0,frozen_confirmed_by_researcher,9.09,6.805563441836966,2.2844365581630335
2024-04-16,M2_absdev_rqi_dii,RQI_DII_v1.0,frozen_confirmed_by_researcher,8.12,6.740402536694404,1.3795974633055952
2024-04-17,M2_absdev_rqi_dii,RQI_DII_v1.0,frozen_confirmed_by_researcher,10.0,6.635429376737733,3.364570623262267
2024-04-18,M2_absdev_rqi_dii,RQI_DII_v1.0,frozen_confirmed_by_researcher,3.1599999999999997,6.315885964034635,-3.1558859640346353
2024-04-19,M2_absdev_rqi_dii,RQI_DII_v1.0,frozen_confirmed_by_researcher,10.0,6.105770739012883,3.8942292609871174
2024-04-20,M2_absdev_rqi_dii,RQI_DII_v1.0,frozen_confirmed_by_researcher,0.0,5.703977348453719,-5.703977348453719
2024-04-21,M2_absdev_rqi_dii,RQI_DII_v1.0,frozen_confirmed_by_researcher,2.4899999999999998,5.785069508224552,-3.2950695082245525
2024-04-22,M2_absdev_rqi_dii,RQI_DII_v1.0,frozen_confirmed_by_researcher,2.78,5.860774279282111,-3.0807742792821116
2024-04-23,M2_absdev_rqi_dii,RQI_DII_v1.0,frozen_confirmed_by_researcher,0.0,5.9620859735498755,-5.9620859735498755
2024-04-24,M2_absdev_rqi_dii,RQI_DII_v1.0,frozen_confirmed_by_researcher,1.44,6.136668941113356,-4.696668941113357
2024-04-25,M2_absdev_rqi_dii,RQI_DII_v1.0,frozen_confirmed_by_researcher,0.0,6.124692255207265,-6.124692255207265
2024-04-26,M2_absdev_rqi_dii,RQI_DII_v1.0,frozen_confirmed_by_researcher,10.0,6.112715569301201,3.8872844306987986
2024-04-27,M2_absdev_rqi_dii,RQI_DII_v1.0,frozen_confirmed_by_researcher,16.95,6.10073888339511,10.84926111660489
2024-04-28,M2_absdev_rqi_dii,RQI_DII_v1.0,frozen_confirmed_by_researcher,2.56,6.081888161308797,-3.5218881613087967
2024-04-29,M2_absdev_rqi_dii,RQI_DII_v1.0,frozen_confirmed_by_researcher,2.06,6.0716664947061645,-4.011666494706164
2024-04-30,M2_absdev_rqi_dii,RQI_DII_v1.0,frozen_confirmed_by_researcher,13.64,6.140544455966904,7.499455544033097
2024-05-01,M2_absdev_rqi_dii,RQI_DII_v1.0,frozen_confirmed_by_researcher,0.0,6.055643579245697,-6.055643579245697
2024-05-02,M2_absdev_rqi_dii,RQI_DII_v1.0,frozen_confirmed_by_researcher,4.470000000000001,6.103588495199801,-1.6335884951998008
2024-05-03,M2_absdev_rqi_dii,RQI_DII_v1.0,frozen_confirmed_by_researcher,8.67,6.022431011269703,2.6475689887302973
2024-05-04,M2_absdev_rqi_dii,RQI_DII_v1.0,frozen_confirmed_by_researcher,0.0,5.874951957426703,-5.874951957426703
2024-05-05,M2_absdev_rqi_dii,RQI_DII_v1.0,frozen_confirmed_by_researcher,14.51,5.803268600655514,8.706731399344486
2024-05-06,M2_absdev_rqi_dii,RQI_DII_v1.0,frozen_confirmed_by_researcher,0.51,5.780080344325711,-5.270080344325711
2024-05-07,M2_absdev_rqi_dii,RQI_DII_v1.0,frozen_confirmed_by_researcher,10.0,5.915242376867525,4.084757623132475
2024-05-08,M2_absdev_rqi_dii,RQI_DII_v1.0,frozen_confirmed_by_researcher,7.9,5.89365414801361,2.0063458519863904
2024-05-09,M2_absdev_rqi_dii,RQI_DII_v1.0,frozen_confirmed_by_researcher,0.29,5.968315493625141,-5.678315493625141
2024-05-10,M2_absdev_rqi_dii,RQI_DII_v1.0,frozen_confirmed_by_researcher,0.0,5.953065597103887,-5.953065597103887
2024-05-11,M2_absdev_rqi_dii,RQI_DII_v1.0,frozen_confirmed_by_researcher,2.07,5.940775635995493,-3.8707756359954932
2024-05-12,M2_absdev_rqi_dii,RQI_DII_v1.0,frozen_confirmed_by_researcher,0.0,5.922480720708705,-5.922480720708705
2024-05-13,M2_absdev_rqi_dii,RQI_DII_v1.0,frozen_confirmed_by_researcher,1.95,5.9132042062234405,-3.9632042062234403
2024-05-14,M2_absdev_rqi_dii,RQI_DII_v1.0,frozen_confirmed_by_researcher,0.0,5.888377559897833,-5.888377559897833
2024-05-15,M2_absdev_rqi_dii,RQI_DII_v1.0,frozen_confirmed_by_researcher,0.0,5.981773944612399,-5.981773944612399
2024-05-16,M2_absdev_rqi_dii,RQI_DII_v1.0,frozen_confirmed_by_researcher,3.2899999999999996,5.794849339873679,-2.504849339873679
2024-05-17,M2_absdev_rqi_dii,RQI_DII_v1.0,frozen_confirmed_by_researcher,0.0,5.761076657251294,-5.761076657251294
2024-05-18,M2_absdev_rqi_dii,RQI_DII_v1.0,frozen_confirmed_by_researcher,2.95,5.684769158456874,-2.7347691584568734
2024-05-19,M2_absdev_rqi_dii,RQI_DII_v1.0,frozen_confirmed_by_researcher,0.04,5.63208532634448,-5.59208532634448
2024-05-20,M2_absdev_rqi_dii,RQI_DII_v1.0,frozen_confirmed_by_researcher,0.15,5.639053540494501,-5.489053540494501
2024-05-21,M2_absdev_rqi_dii,RQI_DII_v1.0,frozen_confirmed_by_researcher,0.0,5.706835870708062,-5.706835870708062
2024-05-22,M2_absdev_rqi_dii,RQI_DII_v1.0,frozen_confirmed_by_researcher,0.0,5.8034477378839995,-5.8034477378839995
2024-05-23,M2_absdev_rqi_dii,RQI_DII_v1.0,frozen_confirmed_by_researcher,0.0,5.785702293746368,-5.785702293746368
2024-05-24,M2_absdev_rqi_dii,RQI_DII_v1.0,frozen_confirmed_by_researcher,0.0,5.929892712272249,-5.929892712272249
2024-05-25,M2_absdev_rqi_dii,RQI_DII_v1.0,frozen_confirmed_by_researcher,0.0,5.916277440672815,-5.916277440672815
2024-05-26,M2_absdev_rqi_dii,RQI_DII_v1.0,frozen_confirmed_by_researcher,5.15,5.923543844187719,-0.7735438441877189
2024-05-27,M2_absdev_rqi_dii,RQI_DII_v1.0,frozen_confirmed_by_researcher,0.0,5.9545312134603705,-5.9545312134603705
2024-05-28,M2_absdev_rqi_dii,RQI_DII_v1.0,frozen_confirmed_by_researcher,2.3800000000000003,5.983832555030233,-3.6038325550302326
2024-05-29,M2_absdev_rqi_dii,RQI_DII_v1.0,frozen_confirmed_by_researcher,2.64,6.088991770619344,-3.4489917706193443
2024-05-30,M2_absdev_rqi_dii,RQI_DII_v1.0,frozen_confirmed_by_researcher,0.0,6.140981587441871,-6.140981587441871
2024-05-31,M2_absdev_rqi_dii,RQI_DII_v1.0,frozen_confirmed_by_researcher,3.4499999999999997,6.044674613280279,-2.594674613280279
2024-06-01,M2_absdev_rqi_dii,RQI_DII_v1.0,frozen_confirmed_by_researcher,0.0,6.007113490434676,-6.007113490434676
2024-06-02,M2_absdev_rqi_dii,RQI_DII_v1.0,frozen_confirmed_by_researcher,1.32,6.016881560096834,-4.696881560096834
2024-06-03,M2_absdev_rqi_dii,RQI_DII_v1.0,frozen_confirmed_by_researcher,0.0,6.003476546922229,-6.003476546922229
2024-06-04,M2_absdev_rqi_dii,RQI_DII_v1.0,frozen_confirmed_by_researcher,1.72,6.014816700709389,-4.294816700709389
2024-06-05,M2_absdev_rqi_dii,RQI_DII_v1.0,frozen_confirmed_by_researcher,3.09,5.963356267361945,-2.8733562673619453
2024-06-06,M2_absdev_rqi_dii,RQI_DII_v1.0,frozen_confirmed_by_researcher,10.0,5.877810864692918,4.122189135307082
2024-06-07,M2_absdev_rqi_dii,RQI_DII_v1.0,frozen_confirmed_by_researcher,0.0,5.892720686690041,-5.892720686690041
2024-06-08,M2_absdev_rqi_dii,RQI_DII_v1.0,frozen_confirmed_by_researcher,0.0,6.018301917254405,-6.018301917254405
2024-06-09,M2_absdev_rqi_dii,RQI_DII_v1.0,frozen_confirmed_by_researcher,0.0,6.0186006127079565,-6.0186006127079565
2024-06-10,M2_absdev_rqi_dii,RQI_DII_v1.0,frozen_confirmed_by_researcher,0.0,6.000299665405464,-6.000299665405464
2024-06-11,M2_absdev_rqi_dii,RQI_DII_v1.0,frozen_confirmed_by_researcher,0.77,6.044275608775308,-5.274275608775309
2024-06-12,M2_absdev_rqi_dii,RQI_DII_v1.0,frozen_confirmed_by_researcher,0.0,6.019406629454835,-6.019406629454835
2024-06-13,M2_absdev_rqi_dii,RQI_DII_v1.0,frozen_confirmed_by_researcher,0.92,5.877397079753422,-4.957397079753422
2024-06-14,M2_absdev_rqi_dii,RQI_DII_v1.0,frozen_confirmed_by_researcher,2.94,5.781174420665764,-2.8411744206657636
2024-06-15,M2_absdev_rqi_dii,RQI_DII_v1.0,frozen_confirmed_by_researcher,0.0,5.825071174360346,-5.825071174360346
2024-06-16,M2_absdev_rqi_dii,RQI_DII_v1.0,frozen_confirmed_by_researcher,0.0,5.823611604415447,-5.823611604415447
2024-06-17,M2_absdev_rqi_dii,RQI_DII_v1.0,frozen_confirmed_by_researcher,1.77,5.790976450523317,-4.020976450523317
2024-06-18,M2_absdev_rqi_dii,RQI_DII_v1.0,frozen_confirmed_by_researcher,0.0,5.792508606391152,-5.792508606391152
2024-06-19,M2_absdev_rqi_dii,RQI_DII_v1.0,frozen_confirmed_by_researcher,6.29,5.624812637326983,0.6651873626730174
2024-06-20,M2_absdev_rqi_dii,RQI_DII_v1.0,frozen_confirmed_by_researcher,1.69,5.610003863443154,-3.920003863443154
2024-06-21,M2_absdev_rqi_dii,RQI_DII_v1.0,frozen_confirmed_by_researcher,1.53,5.6881231571159105,-4.15812315711591
2024-06-22,M2_absdev_rqi_dii,RQI_DII_v1.0,frozen_confirmed_by_researcher,0.0,5.6380400334214755,-5.6380400334214755
2024-06-23,M2_absdev_rqi_dii,RQI_DII_v1.0,frozen_confirmed_by_researcher,1.9000000000000001,5.615646144998578,-3.715646144998578
2024-06-24,M2_absdev_rqi_dii,RQI_DII_v1.0,frozen_confirmed_by_researcher,7.15,5.6146465308189875,1.535353469181013
2024-06-25,M2_absdev_rqi_dii,RQI_DII_v1.0,frozen_confirmed_by_researcher,0.0,5.661329453415135,-5.661329453415135
2024-06-26,M2_absdev_rqi_dii,RQI_DII_v1.0,frozen_confirmed_by_researcher,0.0,5.546026543829129,-5.546026543829129
2024-06-27,M2_absdev_rqi_dii,RQI_DII_v1.0,frozen_confirmed_by_researcher,0.26,5.459726800826587,-5.199726800826587
2024-06-28,M2_absdev_rqi_dii,RQI_DII_v1.0,frozen_confirmed_by_researcher,0.81,5.581735474255652,-4.771735474255651
2024-06-29,M2_absdev_rqi_dii,RQI_DII_v1.0,frozen_confirmed_by_researcher,1.9900000000000002,5.734618093381812,-3.7446180933818116
2024-06-30,M2_absdev_rqi_dii,RQI_DII_v1.0,frozen_confirmed_by_researcher,10.0,5.7376350947201615,4.2623649052798385
2024-07-01,M2_absdev_rqi_dii,RQI_DII_v1.0,frozen_confirmed_by_researcher,0.39,5.748665307036191,-5.358665307036191
2024-07-02,M2_absdev_rqi_dii,RQI_DII_v1.0,frozen_confirmed_by_researcher,10.0,5.6060620259816005,4.3939379740183995
2024-07-03,M2_absdev_rqi_dii,RQI_DII_v1.0,frozen_confirmed_by_researcher,0.0,5.555660400512352,-5.555660400512352
2024-07-04,M2_absdev_rqi_dii,RQI_DII_v1.0,frozen_confirmed_by_researcher,10.39,5.440688435175645,4.949311564824356
2024-07-05,M2_absdev_rqi_dii,RQI_DII_v1.0,frozen_confirmed_by_researcher,10.0,5.36702882591743,4.63297117408257
2024-07-06,M2_absdev_rqi_dii,RQI_DII_v1.0,frozen_confirmed_by_researcher,10.0,5.032307818310869,4.967692181689131
2024-07-07,M2_absdev_rqi_dii,RQI_DII_v1.0,frozen_confirmed_by_researcher,2.18,4.960477865722936,-2.780477865722936
2024-07-08,M2_absdev_rqi_dii,RQI_DII_v1.0,frozen_confirmed_by_researcher,0.0,4.951792624125318,-4.951792624125318
2024-07-09,M2_absdev_rqi_dii,RQI_DII_v1.0,frozen_confirmed_by_researcher,7.5,4.87836266201316,2.62163733798684
2024-07-10,M2_absdev_rqi_dii,RQI_DII_v1.0,frozen_confirmed_by_researcher,0.34,4.823890336119689,-4.483890336119689
2024-07-11,M2_absdev_rqi_dii,RQI_DII_v1.0,frozen_confirmed_by_researcher,0.0,4.753186654576922,-4.753186654576922
2024-07-12,M2_absdev_rqi_dii,RQI_DII_v1.0,frozen_confirmed_by_researcher,0.0,4.799758822433546,-4.799758822433546
2024-07-13,M2_absdev_rqi_dii,RQI_DII_v1.0,frozen_confirmed_by_researcher,30.0,4.809725733012613,25.190274266987387
2024-07-14,M2_absdev_rqi_dii,RQI_DII_v1.0,frozen_confirmed_by_researcher,2.48,4.779432290332892,-2.299432290332892
2024-07-15,M2_absdev_rqi_dii,RQI_DII_v1.0,frozen_confirmed_by_researcher,1.33,4.769201227734726,-3.439201227734726
2024-07-16,M2_absdev_rqi_dii,RQI_DII_v1.0,frozen_confirmed_by_researcher,0.0,4.771914580493274,-4.771914580493274
2024-07-17,M2_absdev_rqi_dii,RQI_DII_v1.0,frozen_confirmed_by_researcher,0.0,4.743836935209458,-4.743836935209458
2024-07-18,M2_absdev_rqi_dii,RQI_DII_v1.0,frozen_confirmed_by_researcher,0.0,4.820737499448597,-4.820737499448597
2024-07-19,M2_absdev_rqi_dii,RQI_DII_v1.0,frozen_confirmed_by_researcher,4.14,4.84787713521979,-0.7078771352197899
2024-07-20,M2_absdev_rqi_dii,RQI_DII_v1.0,frozen_confirmed_by_researcher,20.0,4.714414393510822,15.285585606489178
2024-07-21,M2_absdev_rqi_dii,RQI_DII_v1.0,frozen_confirmed_by_researcher,1.73,4.642601120916396,-2.912601120916396
2024-07-22,M2_absdev_rqi_dii,RQI_DII_v1.0,frozen_confirmed_by_researcher,0.0,4.688451221406837,-4.688451221406837
2024-07-23,M2_absdev_rqi_dii,RQI_DII_v1.0,frozen_confirmed_by_researcher,10.0,4.661986889574621,5.338013110425379
2024-07-24,M2_absdev_rqi_dii,RQI_DII_v1.0,frozen_confirmed_by_researcher,1.51,4.584394832152327,-3.0743948321523273
2024-07-25,M2_absdev_rqi_dii,RQI_DII_v1.0,frozen_confirmed_by_researcher,2.5500000000000003,4.628863365377953,-2.0788633653779525
2024-07-26,M2_absdev_rqi_dii,RQI_DII_v1.0,frozen_confirmed_by_researcher,3.76,4.725149857309162,-0.9651498573091626
2024-07-27,M2_absdev_rqi_dii,RQI_DII_v1.0,frozen_confirmed_by_researcher,2.12,4.555928130883217,-2.435928130883217
2024-07-28,M2_absdev_rqi_dii,RQI_DII_v1.0,frozen_confirmed_by_researcher,1.1900000000000002,4.533525353425517,-3.343525353425517
2024-07-29,M2_absdev_rqi_dii,RQI_DII_v1.0,frozen_confirmed_by_researcher,1.09,4.461791422071627,-3.3717914220716274
2024-07-30,M2_absdev_rqi_dii,RQI_DII_v1.0,frozen_confirmed_by_researcher,0.0,4.693363058841953,-4.693363058841953
2024-07-31,M2_absdev_rqi_dii,RQI_DII_v1.0,frozen_confirmed_by_researcher,20.0,4.798246106807142,15.201753893192858
2024-08-05,M2_absdev_rqi_dii,RQI_DII_v1.0,frozen_confirmed_by_researcher,0.0,4.853600987336819,-4.853600987336819
2024-08-06,M2_absdev_rqi_dii,RQI_DII_v1.0,frozen_confirmed_by_researcher,0.0,4.617363157779209,-4.617363157779209
2024-08-07,M2_absdev_rqi_dii,RQI_DII_v1.0,frozen_confirmed_by_researcher,0.0,4.384426599080484,-4.384426599080484
2024-08-08,M2_absdev_rqi_dii,RQI_DII_v1.0,frozen_confirmed_by_researcher,50.0,4.261358421710412,45.73864157828959
2024-08-09,M2_absdev_rqi_dii,RQI_DII_v1.0,frozen_confirmed_by_researcher,0.0,4.245713613625668,-4.245713613625668
2024-08-10,M2_absdev_rqi_dii,RQI_DII_v1.0,frozen_confirmed_by_researcher,1.45,4.262055083313101,-2.8120550833131004
2024-08-11,M2_absdev_rqi_dii,RQI_DII_v1.0,frozen_confirmed_by_researcher,22.790000000000003,4.231148468245692,18.55885153175431
2024-08-12,M2_absdev_rqi_dii,RQI_DII_v1.0,frozen_confirmed_by_researcher,10.0,4.227266972191245,5.772733027808755
2024-08-13,M2_absdev_rqi_dii,RQI_DII_v1.0,frozen_confirmed_by_researcher,0.0,4.2011443839857066,-4.2011443839857066
2024-08-14,M2_absdev_rqi_dii,RQI_DII_v1.0,frozen_confirmed_by_researcher,0.0,4.2024080385517095,-4.2024080385517095
2024-08-15,M2_absdev_rqi_dii,RQI_DII_v1.0,frozen_confirmed_by_researcher,0.0,4.188970517815989,-4.188970517815989
2024-08-16,M2_absdev_rqi_dii,RQI_DII_v1.0,frozen_confirmed_by_researcher,5.590000000000001,4.146473065269987,1.4435269347300137
2024-08-17,M2_absdev_rqi_dii,RQI_DII_v1.0,frozen_confirmed_by_researcher,0.0,4.02176983308118,-4.02176983308118
2024-08-18,M2_absdev_rqi_dii,RQI_DII_v1.0,frozen_confirmed_by_researcher,0.0,3.9993644115032225,-3.9993644115032225
2024-08-19,M2_absdev_rqi_dii,RQI_DII_v1.0,frozen_confirmed_by_researcher,1.02,4.000762586152774,-2.9807625861527742
2024-08-20,M2_absdev_rqi_dii,RQI_DII_v1.0,frozen_confirmed_by_researcher,1.07,3.9473388625142434,-2.877338862514243
2024-08-21,M2_absdev_rqi_dii,RQI_DII_v1.0,frozen_confirmed_by_researcher,8.88,3.980336091730919,4.899663908269082
2024-08-22,M2_absdev_rqi_dii,RQI_DII_v1.0,frozen_confirmed_by_researcher,3.93,3.9229790645138394,0.007020935486160784
2024-08-23,M2_absdev_rqi_dii,RQI_DII_v1.0,frozen_confirmed_by_researcher,3.4699999999999998,4.006949348421273,-0.5369493484212731
2024-08-24,M2_absdev_rqi_dii,RQI_DII_v1.0,frozen_confirmed_by_researcher,12.28,3.8884697471677896,8.39153025283221
2024-08-25,M2_absdev_rqi_dii,RQI_DII_v1.0,frozen_confirmed_by_researcher,10.0,3.9081681331025493,6.091831866897451
2024-08-26,M2_absdev_rqi_dii,RQI_DII_v1.0,frozen_confirmed_by_researcher,1.16,3.9188770001071305,-2.7588770001071303
2024-08-27,M2_absdev_rqi_dii,RQI_DII_v1.0,frozen_confirmed_by_researcher,10.49,8.116344701528021,2.373655298471979
2024-08-28,M2_absdev_rqi_dii,RQI_DII_v1.0,frozen_confirmed_by_researcher,0.0,8.223894704183095,-8.223894704183095
2024-08-29,M2_absdev_rqi_dii,RQI_DII_v1.0,frozen_confirmed_by_researcher,3.83,8.156482153655077,-4.326482153655077
2024-08-30,M2_absdev_rqi_dii,RQI_DII_v1.0,frozen_confirmed_by_researcher,0.0,7.933473988466403,-7.933473988466403
2024-08-31,M2_absdev_rqi_dii,RQI_DII_v1.0,frozen_confirmed_by_researcher,0.0,7.881725222779409,-7.881725222779409
2024-09-01,M2_absdev_rqi_dii,RQI_DII_v1.0,frozen_confirmed_by_researcher,17.23,7.8766270138542325,9.353372986145768
2024-09-02,M2_absdev_rqi_dii,RQI_DII_v1.0,frozen_confirmed_by_researcher,10.0,7.851603132261403,2.1483968677385974
2024-09-03,M2_absdev_rqi_dii,RQI_DII_v1.0,frozen_confirmed_by_researcher,0.0,7.820200263524441,-7.820200263524441
2024-09-04,M2_absdev_rqi_dii,RQI_DII_v1.0,frozen_confirmed_by_researcher,1.11,7.867604147127537,-6.7576041471275365
2024-09-05,M2_absdev_rqi_dii,RQI_DII_v1.0,frozen_confirmed_by_researcher,0.0,7.740510266529668,-7.740510266529668
2024-09-06,M2_absdev_rqi_dii,RQI_DII_v1.0,frozen_confirmed_by_researcher,0.0,7.724255859510151,-7.724255859510151
2024-09-07,M2_absdev_rqi_dii,RQI_DII_v1.0,frozen_confirmed_by_researcher,2.26,7.749912181099916,-5.489912181099916
2024-09-08,M2_absdev_rqi_dii,RQI_DII_v1.0,frozen_confirmed_by_researcher,6.1899999999999995,7.691548516071606,-1.5015485160716064
2024-09-09,M2_absdev_rqi_dii,RQI_DII_v1.0,frozen_confirmed_by_researcher,3.5500000000000003,7.65968549987798,-4.10968549987798
2024-09-10,M2_absdev_rqi_dii,RQI_DII_v1.0,frozen_confirmed_by_researcher,10.0,7.595815525781177,2.404184474218823
2024-09-11,M2_absdev_rqi_dii,RQI_DII_v1.0,frozen_confirmed_by_researcher,0.0,7.488107674550548,-7.488107674550548
2024-09-12,M2_absdev_rqi_dii,RQI_DII_v1.0,frozen_confirmed_by_researcher,1.6400000000000001,7.460428800109469,-5.820428800109468
2024-09-13,M2_absdev_rqi_dii,RQI_DII_v1.0,frozen_confirmed_by_researcher,6.930000000000001,7.434812112779355,-0.5048121127793541
2024-09-14,M2_absdev_rqi_dii,RQI_DII_v1.0,frozen_confirmed_by_researcher,1.27,7.2947541873967054,-6.024754187396706
2024-09-15,M2_absdev_rqi_dii,RQI_DII_v1.0,frozen_confirmed_by_researcher,0.0,7.286766463573173,-7.286766463573173
2024-09-16,M2_absdev_rqi_dii,RQI_DII_v1.0,frozen_confirmed_by_researcher,0.0,7.284718496905157,-7.284718496905157
2024-09-17,M2_absdev_rqi_dii,RQI_DII_v1.0,frozen_confirmed_by_researcher,5.010000000000001,7.376872843332819,-2.3668728433328186
2024-09-18,M2_absdev_rqi_dii,RQI_DII_v1.0,frozen_confirmed_by_researcher,0.0,7.2977305688092144,-7.2977305688092144
2024-09-19,M2_absdev_rqi_dii,RQI_DII_v1.0,frozen_confirmed_by_researcher,0.5599999999999999,7.30289921147633,-6.74289921147633
2024-09-20,M2_absdev_rqi_dii,RQI_DII_v1.0,frozen_confirmed_by_researcher,6.359999999999999,7.281426926023073,-0.9214269260230736
2024-09-21,M2_absdev_rqi_dii,RQI_DII_v1.0,frozen_confirmed_by_researcher,2.69,7.203676946282798,-4.513676946282798
2024-09-22,M2_absdev_rqi_dii,RQI_DII_v1.0,frozen_confirmed_by_researcher,10.0,7.1614278558946864,2.8385721441053136
2024-09-23,M2_absdev_rqi_dii,RQI_DII_v1.0,frozen_confirmed_by_researcher,0.0,7.132358517367038,-7.132358517367038
2024-09-24,M2_absdev_rqi_dii,RQI_DII_v1.0,frozen_confirmed_by_researcher,0.0,7.1383686348920605,-7.1383686348920605
2024-09-25,M2_absdev_rqi_dii,RQI_DII_v1.0,frozen_confirmed_by_researcher,2.62,7.053577728175782,-4.4335777281757816
2024-09-26,M2_absdev_rqi_dii,RQI_DII_v1.0,frozen_confirmed_by_researcher,0.36,7.0260911172233875,-6.666091117223387
2024-09-27,M2_absdev_rqi_dii,RQI_DII_v1.0,frozen_confirmed_by_researcher,0.0,6.912540721138669,-6.912540721138669
2024-09-28,M2_absdev_rqi_dii,RQI_DII_v1.0,frozen_confirmed_by_researcher,3.23,6.8991012558607565,-3.6691012558607565
2024-09-29,M2_absdev_rqi_dii,RQI_DII_v1.0,frozen_confirmed_by_researcher,0.0,6.896288730648536,-6.896288730648536
2024-09-30,M2_absdev_rqi_dii,RQI_DII_v1.0,frozen_confirmed_by_researcher,9.41,6.899580951193229,2.510419048806771
2024-10-01,M2_absdev_rqi_dii,RQI_DII_v1.0,frozen_confirmed_by_researcher,2.75,7.209282432108921,-4.459282432108921
2024-10-02,M2_absdev_rqi_dii,RQI_DII_v1.0,frozen_confirmed_by_researcher,0.0,7.171854802385695,-7.171854802385695
2024-10-03,M2_absdev_rqi_dii,RQI_DII_v1.0,frozen_confirmed_by_researcher,0.0,7.151701373854593,-7.151701373854593
2024-10-04,M2_absdev_rqi_dii,RQI_DII_v1.0,frozen_confirmed_by_researcher,1.88,7.15096917509328,-5.27096917509328
2024-10-05,M2_absdev_rqi_dii,RQI_DII_v1.0,frozen_confirmed_by_researcher,2.11,7.137708472313136,-5.027708472313137
2024-10-06,M2_absdev_rqi_dii,RQI_DII_v1.0,frozen_confirmed_by_researcher,20.0,7.104298029961484,12.895701970038516
2024-10-07,M2_absdev_rqi_dii,RQI_DII_v1.0,frozen_confirmed_by_researcher,24.87,7.089817034524913,17.78018296547509
2024-10-08,M2_absdev_rqi_dii,RQI_DII_v1.0,frozen_confirmed_by_researcher,0.0,7.190477571031067,-7.190477571031067
2024-10-09,M2_absdev_rqi_dii,RQI_DII_v1.0,frozen_confirmed_by_researcher,1.76,7.309444819109473,-5.549444819109473
2024-10-10,M2_absdev_rqi_dii,RQI_DII_v1.0,frozen_confirmed_by_researcher,1.18,7.4146726330247645,-6.234672633024765
2024-10-11,M2_absdev_rqi_dii,RQI_DII_v1.0,frozen_confirmed_by_researcher,5.419999999999999,7.429620699015459,-2.0096206990154597
2024-10-12,M2_absdev_rqi_dii,RQI_DII_v1.0,frozen_confirmed_by_researcher,0.76,7.7090513532342015,-6.949051353234202
2024-10-13,M2_absdev_rqi_dii,RQI_DII_v1.0,frozen_confirmed_by_researcher,0.0,7.677865925664065,-7.677865925664065
2024-10-14,M2_absdev_rqi_dii,RQI_DII_v1.0,frozen_confirmed_by_researcher,20.0,7.679836402561364,12.320163597438636
2024-10-15,M2_absdev_rqi_dii,RQI_DII_v1.0,frozen_confirmed_by_researcher,0.18,7.716111853728933,-7.536111853728933
2024-10-16,M2_absdev_rqi_dii,RQI_DII_v1.0,frozen_confirmed_by_researcher,1.46,7.700253861583377,-6.240253861583377
2024-10-17,M2_absdev_rqi_dii,RQI_DII_v1.0,frozen_confirmed_by_researcher,6.449999999999999,7.731567064299924,-1.2815670642999244
2024-10-18,M2_absdev_rqi_dii,RQI_DII_v1.0,frozen_confirmed_by_researcher,1.69,7.7493416572925184,-6.059341657292519
2024-10-19,M2_absdev_rqi_dii,RQI_DII_v1.0,frozen_confirmed_by_researcher,0.0,7.647061900406015,-7.647061900406015
2024-10-20,M2_absdev_rqi_dii,RQI_DII_v1.0,frozen_confirmed_by_researcher,8.26,7.633303984941364,0.626696015058636
2024-10-21,M2_absdev_rqi_dii,RQI_DII_v1.0,frozen_confirmed_by_researcher,7.569999999999999,7.615074142956189,-0.04507414295618961
2024-10-22,M2_absdev_rqi_dii,RQI_DII_v1.0,frozen_confirmed_by_researcher,1.45,7.7190674603915,-6.2690674603915
2024-10-23,M2_absdev_rqi_dii,RQI_DII_v1.0,frozen_confirmed_by_researcher,2.5799999999999996,7.765680571409206,-5.185680571409206
2024-10-24,M2_absdev_rqi_dii,RQI_DII_v1.0,frozen_confirmed_by_researcher,3.2899999999999996,7.857152838820667,-4.567152838820668
2024-10-25,M2_absdev_rqi_dii,RQI_DII_v1.0,frozen_confirmed_by_researcher,38.63,7.791519262766542,30.83848073723346
2024-10-26,M2_absdev_rqi_dii,RQI_DII_v1.0,frozen_confirmed_by_researcher,3.8200000000000003,7.682568689860602,-3.862568689860602
2024-10-27,M2_absdev_rqi_dii,RQI_DII_v1.0,frozen_confirmed_by_researcher,0.0,7.688965124618022,-7.688965124618022
2024-10-28,M2_absdev_rqi_dii,RQI_DII_v1.0,frozen_confirmed_by_researcher,10.0,7.665312640171436,2.334687359828564
2024-10-29,M2_absdev_rqi_dii,RQI_DII_v1.0,frozen_confirmed_by_researcher,10.610000000000001,7.630395712508573,2.979604287491428
2024-10-30,M2_absdev_rqi_dii,RQI_DII_v1.0,frozen_confirmed_by_researcher,0.68,7.587819316849988,-6.907819316849988
2024-10-31,M2_absdev_rqi_dii,RQI_DII_v1.0,frozen_confirmed_by_researcher,0.0,7.454193990344805,-7.454193990344805
2024-11-01,M2_absdev_rqi_dii,RQI_DII_v1.0,frozen_confirmed_by_researcher,2.3800000000000003,7.5956279402502105,-5.21562794025021
2024-11-02,M2_absdev_rqi_dii,RQI_DII_v1.0,frozen_confirmed_by_researcher,1.73,7.495571673690222,-5.765571673690221
2024-11-03,M2_absdev_rqi_dii,RQI_DII_v1.0,frozen_confirmed_by_researcher,7.640000000000001,7.401323566038201,0.23867643396179972
2024-11-04,M2_absdev_rqi_dii,RQI_DII_v1.0,frozen_confirmed_by_researcher,10.0,7.388069279443727,2.6119307205562734
2024-11-05,M2_absdev_rqi_dii,RQI_DII_v1.0,frozen_confirmed_by_researcher,20.0,7.2403652672214776,12.759634732778522
2024-11-06,M2_absdev_rqi_dii,RQI_DII_v1.0,frozen_confirmed_by_researcher,3.04,7.041847025084223,-4.001847025084223
2024-11-07,M2_absdev_rqi_dii,RQI_DII_v1.0,frozen_confirmed_by_researcher,10.0,6.5186205562306725,3.4813794437693275
2024-11-08,M2_absdev_rqi_dii,RQI_DII_v1.0,frozen_confirmed_by_researcher,0.0,6.440684084980717,-6.440684084980717
2024-11-09,M2_absdev_rqi_dii,RQI_DII_v1.0,frozen_confirmed_by_researcher,1.1500000000000001,6.349225668906627,-5.199225668906626
2024-11-10,M2_absdev_rqi_dii,RQI_DII_v1.0,frozen_confirmed_by_researcher,24.44,6.402478868325687,18.037521131674314
2024-11-11,M2_absdev_rqi_dii,RQI_DII_v1.0,frozen_confirmed_by_researcher,80.0,6.4213685156121585,73.57863148438784
2024-11-12,M2_absdev_rqi_dii,RQI_DII_v1.0,frozen_confirmed_by_researcher,1.33,6.413888903739803,-5.083888903739803
2024-11-13,M2_absdev_rqi_dii,RQI_DII_v1.0,frozen_confirmed_by_researcher,6.51,6.581987951602457,-0.0719879516024573
2024-11-14,M2_absdev_rqi_dii,RQI_DII_v1.0,frozen_confirmed_by_researcher,20.330000000000002,6.491000635952759,13.838999364047243
2024-11-15,M2_absdev_rqi_dii,RQI_DII_v1.0,frozen_confirmed_by_researcher,0.0,6.399388888598196,-6.399388888598196
2024-11-16,M2_absdev_rqi_dii,RQI_DII_v1.0,frozen_confirmed_by_researcher,18.59,6.349515957220376,12.240484042779624
2024-11-17,M2_absdev_rqi_dii,RQI_DII_v1.0,frozen_confirmed_by_researcher,10.33,6.277585482034539,4.052414517965461
2024-11-18,M2_absdev_rqi_dii,RQI_DII_v1.0,frozen_confirmed_by_researcher,9.030000000000001,6.2762563383491,2.7537436616509012
2024-11-19,M2_absdev_rqi_dii,RQI_DII_v1.0,frozen_confirmed_by_researcher,3.4299999999999997,6.146763644959378,-2.7167636449593786
2024-11-20,M2_absdev_rqi_dii,RQI_DII_v1.0,frozen_confirmed_by_researcher,0.0,6.08806817922806,-6.08806817922806
2024-11-21,M2_absdev_rqi_dii,RQI_DII_v1.0,frozen_confirmed_by_researcher,0.0,5.912721796461625,-5.912721796461625
2024-11-22,M2_absdev_rqi_dii,RQI_DII_v1.0,frozen_confirmed_by_researcher,0.0,5.774764521627333,-5.774764521627333
2024-11-23,M2_absdev_rqi_dii,RQI_DII_v1.0,frozen_confirmed_by_researcher,1.55,5.5129462065337975,-3.9629462065337977
2024-11-24,M2_absdev_rqi_dii,RQI_DII_v1.0,frozen_confirmed_by_researcher,20.0,5.39002589883242,14.60997410116758
2024-11-25,M2_absdev_rqi_dii,RQI_DII_v1.0,frozen_confirmed_by_researcher,30.0,5.417997813277253,24.582002186722747
2024-11-26,M2_absdev_rqi_dii,RQI_DII_v1.0,frozen_confirmed_by_researcher,31.47,5.478183269550243,25.991816730449756
2024-11-27,M2_absdev_rqi_dii,RQI_DII_v1.0,frozen_confirmed_by_researcher,3.05,5.568509220786382,-2.518509220786382
2024-11-28,M2_absdev_rqi_dii,RQI_DII_v1.0,frozen_confirmed_by_researcher,10.0,5.172402928905257,4.827597071094743
2024-11-29,M2_absdev_rqi_dii,RQI_DII_v1.0,frozen_confirmed_by_researcher,1.26,5.146725259976222,-3.886725259976222
2024-11-30,M2_absdev_rqi_dii,RQI_DII_v1.0,frozen_confirmed_by_researcher,2.7399999999999998,5.062173271226243,-2.322173271226243
2024-12-01,M2_absdev_rqi_dii,RQI_DII_v1.0,frozen_confirmed_by_researcher,0.0,5.003977409031364,-5.003977409031364
2024-12-02,M2_absdev_rqi_dii,RQI_DII_v1.0,frozen_confirmed_by_researcher,0.0,4.929495826748308,-4.929495826748308
2024-12-03,M2_absdev_rqi_dii,RQI_DII_v1.0,frozen_confirmed_by_researcher,10.0,4.966740817417417,5.033259182582583
2024-12-04,M2_absdev_rqi_dii,RQI_DII_v1.0,frozen_confirmed_by_researcher,10.0,4.887711226394572,5.112288773605428
2024-12-05,M2_absdev_rqi_dii,RQI_DII_v1.0,frozen_confirmed_by_researcher,16.41,4.664549354506079,11.745450645493921
2024-12-06,M2_absdev_rqi_dii,RQI_DII_v1.0,frozen_confirmed_by_researcher,5.069999999999999,4.805480788934716,0.2645192110652834
2024-12-07,M2_absdev_rqi_dii,RQI_DII_v1.0,frozen_confirmed_by_researcher,1.94,3.8991387731639406,-1.9591387731639407
2024-12-08,M2_absdev_rqi_dii,RQI_DII_v1.0,frozen_confirmed_by_researcher,0.0,3.888721117013006,-3.888721117013006
2024-12-09,M2_absdev_rqi_dii,RQI_DII_v1.0,frozen_confirmed_by_researcher,7.5600000000000005,4.493170011047567,3.066829988952433
2024-12-10,M2_absdev_rqi_dii,RQI_DII_v1.0,frozen_confirmed_by_researcher,10.0,4.630028620100404,5.369971379899596
2024-12-11,M2_absdev_rqi_dii,RQI_DII_v1.0,frozen_confirmed_by_researcher,11.13,4.551646426287448,6.578353573712553
2024-12-12,M2_absdev_rqi_dii,RQI_DII_v1.0,frozen_confirmed_by_researcher,0.0,4.225342414314497,-4.225342414314497
2024-12-13,M2_absdev_rqi_dii,RQI_DII_v1.0,frozen_confirmed_by_researcher,0.78,4.2361816584250676,-3.4561816584250673
2024-12-14,M2_absdev_rqi_dii,RQI_DII_v1.0,frozen_confirmed_by_researcher,0.0,4.060934922047295,-4.060934922047295
2024-12-15,M2_absdev_rqi_dii,RQI_DII_v1.0,frozen_confirmed_by_researcher,10.0,4.044651518627404,5.955348481372596
2024-12-16,M2_absdev_rqi_dii,RQI_DII_v1.0,frozen_confirmed_by_researcher,6.29,3.9859346736080568,2.3040653263919433
2024-12-17,M2_absdev_rqi_dii,RQI_DII_v1.0,frozen_confirmed_by_researcher,0.0,3.8764329321832065,-3.8764329321832065
2024-12-18,M2_absdev_rqi_dii,RQI_DII_v1.0,frozen_confirmed_by_researcher,1.69,3.812847210224618,-2.122847210224618
2024-12-19,M2_absdev_rqi_dii,RQI_DII_v1.0,frozen_confirmed_by_researcher,0.98,3.8715541399892857,-2.8915541399892857
2024-12-20,M2_absdev_rqi_dii,RQI_DII_v1.0,frozen_confirmed_by_researcher,10.0,8.265349388144614,1.7346506118553862
2024-12-21,M2_absdev_rqi_dii,RQI_DII_v1.0,frozen_confirmed_by_researcher,1.4100000000000001,8.155610983989675,-6.745610983989675
2024-12-22,M2_absdev_rqi_dii,RQI_DII_v1.0,frozen_confirmed_by_researcher,10.0,8.079570812226649,1.920429187773351
2024-12-23,M2_absdev_rqi_dii,RQI_DII_v1.0,frozen_confirmed_by_researcher,20.0,8.041761464983523,11.958238535016477
2024-12-24,M2_absdev_rqi_dii,RQI_DII_v1.0,frozen_confirmed_by_researcher,2.78,8.023830925644518,-5.243830925644518
2024-12-25,M2_absdev_rqi_dii,RQI_DII_v1.0,frozen_confirmed_by_researcher,0.0,8.0049671651567,-8.0049671651567
2024-12-26,M2_absdev_rqi_dii,RQI_DII_v1.0,frozen_confirmed_by_researcher,10.0,7.9752526617802175,2.0247473382197825
2024-12-27,M2_absdev_rqi_dii,RQI_DII_v1.0,frozen_confirmed_by_researcher,2.3800000000000003,7.831827561729682,-5.451827561729681
2024-12-28,M2_absdev_rqi_dii,RQI_DII_v1.0,frozen_confirmed_by_researcher,0.09,7.8008509779476185,-7.710850977947619
2024-12-29,M2_absdev_rqi_dii,RQI_DII_v1.0,frozen_confirmed_by_researcher,4.51,7.751223248659102,-3.241223248659102
2024-12-30,M2_absdev_rqi_dii,RQI_DII_v1.0,frozen_confirmed_by_researcher,11.23,7.740100806091249,3.4898991939087516
2024-12-31,M2_absdev_rqi_dii,RQI_DII_v1.0,frozen_confirmed_by_researcher,4.8999999999999995,7.661840623114671,-2.7618406231146713
2022-08-24,M3_tail50_rqi_dii_lpm,RQI_DII_v1.0,frozen_confirmed_by_researcher,0.0,-0.28715059972682866,0.28715059972682866
2022-08-25,M3_tail50_rqi_dii_lpm,RQI_DII_v1.0,frozen_confirmed_by_researcher,0.0,-0.2704174619130697,0.2704174619130697
2022-08-26,M3_tail50_rqi_dii_lpm,RQI_DII_v1.0,frozen_confirmed_by_researcher,0.0,-0.2503406803637631,0.2503406803637631
2022-08-27,M3_tail50_rqi_dii_lpm,RQI_DII_v1.0,frozen_confirmed_by_researcher,0.0,-0.2603852059904739,0.2603852059904739
2022-08-28,M3_tail50_rqi_dii_lpm,RQI_DII_v1.0,frozen_confirmed_by_researcher,0.0,-0.2626781357449488,0.2626781357449488
2022-08-29,M3_tail50_rqi_dii_lpm,RQI_DII_v1.0,frozen_confirmed_by_researcher,0.0,-0.2532976983518722,0.2532976983518722
2022-08-30,M3_tail50_rqi_dii_lpm,RQI_DII_v1.0,frozen_confirmed_by_researcher,0.0,-0.2602220333333207,0.2602220333333207
2022-08-31,M3_tail50_rqi_dii_lpm,RQI_DII_v1.0,frozen_confirmed_by_researcher,0.0,-0.2701043547322115,0.2701043547322115
2022-09-01,M3_tail50_rqi_dii_lpm,RQI_DII_v1.0,frozen_confirmed_by_researcher,0.0,-0.2557406605492645,0.2557406605492645
2022-09-02,M3_tail50_rqi_dii_lpm,RQI_DII_v1.0,frozen_confirmed_by_researcher,0.0,-0.22225089355754335,0.22225089355754335
2022-09-03,M3_tail50_rqi_dii_lpm,RQI_DII_v1.0,frozen_confirmed_by_researcher,0.0,-0.19975592685750598,0.19975592685750598
2022-09-04,M3_tail50_rqi_dii_lpm,RQI_DII_v1.0,frozen_confirmed_by_researcher,0.0,-0.1988761899023075,0.1988761899023075
2022-09-05,M3_tail50_rqi_dii_lpm,RQI_DII_v1.0,frozen_confirmed_by_researcher,0.0,-0.1990175515953183,0.1990175515953183
2022-09-06,M3_tail50_rqi_dii_lpm,RQI_DII_v1.0,frozen_confirmed_by_researcher,0.0,-0.1929184183738073,0.1929184183738073
2022-09-07,M3_tail50_rqi_dii_lpm,RQI_DII_v1.0,frozen_confirmed_by_researcher,0.0,-0.15517353430911385,0.15517353430911385
2022-09-08,M3_tail50_rqi_dii_lpm,RQI_DII_v1.0,frozen_confirmed_by_researcher,0.0,-0.168684882078054,0.168684882078054
2022-09-09,M3_tail50_rqi_dii_lpm,RQI_DII_v1.0,frozen_confirmed_by_researcher,0.0,-0.15951268438371358,0.15951268438371358
2022-09-10,M3_tail50_rqi_dii_lpm,RQI_DII_v1.0,frozen_confirmed_by_researcher,0.0,-0.16265422498810267,0.16265422498810267
2022-09-11,M3_tail50_rqi_dii_lpm,RQI_DII_v1.0,frozen_confirmed_by_researcher,0.0,-0.15532660966260892,0.15532660966260892
2022-09-12,M3_tail50_rqi_dii_lpm,RQI_DII_v1.0,frozen_confirmed_by_researcher,0.0,-0.1414006019911369,0.1414006019911369
2022-09-13,M3_tail50_rqi_dii_lpm,RQI_DII_v1.0,frozen_confirmed_by_researcher,0.0,-0.12196092297546102,0.12196092297546102
2022-09-14,M3_tail50_rqi_dii_lpm,RQI_DII_v1.0,frozen_confirmed_by_researcher,0.0,-0.10238235198326606,0.10238235198326606
2022-09-15,M3_tail50_rqi_dii_lpm,RQI_DII_v1.0,frozen_confirmed_by_researcher,0.0,-0.02340251223904488,0.02340251223904488
2022-09-16,M3_tail50_rqi_dii_lpm,RQI_DII_v1.0,frozen_confirmed_by_researcher,0.0,0.03310992105539867,-0.03310992105539867
2022-09-17,M3_tail50_rqi_dii_lpm,RQI_DII_v1.0,frozen_confirmed_by_researcher,0.0,0.054903763617204504,-0.054903763617204504
2022-09-18,M3_tail50_rqi_dii_lpm,RQI_DII_v1.0,frozen_confirmed_by_researcher,0.0,0.05978495255862981,-0.05978495255862981
2022-09-19,M3_tail50_rqi_dii_lpm,RQI_DII_v1.0,frozen_confirmed_by_researcher,0.0,0.06533334388456069,-0.06533334388456069
2022-09-20,M3_tail50_rqi_dii_lpm,RQI_DII_v1.0,frozen_confirmed_by_researcher,0.0,0.08921426731953375,-0.08921426731953375
2022-09-21,M3_tail50_rqi_dii_lpm,RQI_DII_v1.0,frozen_confirmed_by_researcher,0.0,0.07136693948567085,-0.07136693948567085
2022-09-22,M3_tail50_rqi_dii_lpm,RQI_DII_v1.0,frozen_confirmed_by_researcher,0.0,0.10027215335841788,-0.10027215335841788
2022-09-23,M3_tail50_rqi_dii_lpm,RQI_DII_v1.0,frozen_confirmed_by_researcher,0.0,-1.428232992219307,1.428232992219307
2022-09-24,M3_tail50_rqi_dii_lpm,RQI_DII_v1.0,frozen_confirmed_by_researcher,0.0,-1.4043270335637317,1.4043270335637317
2022-09-25,M3_tail50_rqi_dii_lpm,RQI_DII_v1.0,frozen_confirmed_by_researcher,0.0,-1.3977993067426837,1.3977993067426837
2022-09-26,M3_tail50_rqi_dii_lpm,RQI_DII_v1.0,frozen_confirmed_by_researcher,0.0,-1.3626835096614514,1.3626835096614514
2022-09-27,M3_tail50_rqi_dii_lpm,RQI_DII_v1.0,frozen_confirmed_by_researcher,0.0,-1.3353791984342251,1.3353791984342251
2022-09-28,M3_tail50_rqi_dii_lpm,RQI_DII_v1.0,frozen_confirmed_by_researcher,0.0,-1.3179584081250937,1.3179584081250937
2022-09-29,M3_tail50_rqi_dii_lpm,RQI_DII_v1.0,frozen_confirmed_by_researcher,0.0,-1.2732391285342146,1.2732391285342146
2022-09-30,M3_tail50_rqi_dii_lpm,RQI_DII_v1.0,frozen_confirmed_by_researcher,0.0,-1.2290989745037564,1.2290989745037564
2022-10-01,M3_tail50_rqi_dii_lpm,RQI_DII_v1.0,frozen_confirmed_by_researcher,0.0,-1.0529781075195785,1.0529781075195785
2022-10-02,M3_tail50_rqi_dii_lpm,RQI_DII_v1.0,frozen_confirmed_by_researcher,0.0,-1.0487081344749072,1.0487081344749072
2022-10-03,M3_tail50_rqi_dii_lpm,RQI_DII_v1.0,frozen_confirmed_by_researcher,0.0,-1.0540835944815683,1.0540835944815683
2022-10-04,M3_tail50_rqi_dii_lpm,RQI_DII_v1.0,frozen_confirmed_by_researcher,0.0,-1.0275191650200668,1.0275191650200668
2022-10-05,M3_tail50_rqi_dii_lpm,RQI_DII_v1.0,frozen_confirmed_by_researcher,0.0,-0.9547522208811188,0.9547522208811188
2022-10-06,M3_tail50_rqi_dii_lpm,RQI_DII_v1.0,frozen_confirmed_by_researcher,0.0,-0.9137480907028532,0.9137480907028532
2022-10-07,M3_tail50_rqi_dii_lpm,RQI_DII_v1.0,frozen_confirmed_by_researcher,0.0,-0.882710538208272,0.882710538208272
2022-10-08,M3_tail50_rqi_dii_lpm,RQI_DII_v1.0,frozen_confirmed_by_researcher,0.0,-0.8641582672329946,0.8641582672329946
2022-10-09,M3_tail50_rqi_dii_lpm,RQI_DII_v1.0,frozen_confirmed_by_researcher,0.0,-0.8547207066149838,0.8547207066149838
2022-10-10,M3_tail50_rqi_dii_lpm,RQI_DII_v1.0,frozen_confirmed_by_researcher,0.0,-0.8510566738243028,0.8510566738243028
2022-10-11,M3_tail50_rqi_dii_lpm,RQI_DII_v1.0,frozen_confirmed_by_researcher,0.0,-0.8375713764083912,0.8375713764083912
2022-10-12,M3_tail50_rqi_dii_lpm,RQI_DII_v1.0,frozen_confirmed_by_researcher,0.0,-0.8254640437199043,0.8254640437199043
2022-10-13,M3_tail50_rqi_dii_lpm,RQI_DII_v1.0,frozen_confirmed_by_researcher,0.0,-0.7988374845044746,0.7988374845044746
2022-10-14,M3_tail50_rqi_dii_lpm,RQI_DII_v1.0,frozen_confirmed_by_researcher,0.0,-0.7413297359294688,0.7413297359294688
2022-10-15,M3_tail50_rqi_dii_lpm,RQI_DII_v1.0,frozen_confirmed_by_researcher,0.0,-0.6862059722090805,0.6862059722090805
2022-10-16,M3_tail50_rqi_dii_lpm,RQI_DII_v1.0,frozen_confirmed_by_researcher,0.0,-0.6810740159801583,0.6810740159801583
2022-10-17,M3_tail50_rqi_dii_lpm,RQI_DII_v1.0,frozen_confirmed_by_researcher,0.0,-0.6771767640437645,0.6771767640437645
2022-10-18,M3_tail50_rqi_dii_lpm,RQI_DII_v1.0,frozen_confirmed_by_researcher,0.0,-0.6411475500156598,0.6411475500156598
2022-10-19,M3_tail50_rqi_dii_lpm,RQI_DII_v1.0,frozen_confirmed_by_researcher,0.0,-0.60531992321134,0.60531992321134
2022-10-20,M3_tail50_rqi_dii_lpm,RQI_DII_v1.0,frozen_confirmed_by_researcher,0.0,-0.5724897877800288,0.5724897877800288
2022-10-21,M3_tail50_rqi_dii_lpm,RQI_DII_v1.0,frozen_confirmed_by_researcher,0.0,-0.5057639286905555,0.5057639286905555
2022-10-22,M3_tail50_rqi_dii_lpm,RQI_DII_v1.0,frozen_confirmed_by_researcher,0.0,-0.4933839450845312,0.4933839450845312
2022-10-23,M3_tail50_rqi_dii_lpm,RQI_DII_v1.0,frozen_confirmed_by_researcher,0.0,-0.49922623389190335,0.49922623389190335
2022-10-24,M3_tail50_rqi_dii_lpm,RQI_DII_v1.0,frozen_confirmed_by_researcher,0.0,-0.4972884644217004,0.4972884644217004
2022-10-25,M3_tail50_rqi_dii_lpm,RQI_DII_v1.0,frozen_confirmed_by_researcher,0.0,0.24678467958881356,-0.24678467958881356
2022-10-26,M3_tail50_rqi_dii_lpm,RQI_DII_v1.0,frozen_confirmed_by_researcher,0.0,0.24822791451126136,-0.24822791451126136
2022-10-27,M3_tail50_rqi_dii_lpm,RQI_DII_v1.0,frozen_confirmed_by_researcher,0.0,0.24565696926046598,-0.24565696926046598
2022-10-28,M3_tail50_rqi_dii_lpm,RQI_DII_v1.0,frozen_confirmed_by_researcher,0.0,0.24670088036089055,-0.24670088036089055
2022-10-29,M3_tail50_rqi_dii_lpm,RQI_DII_v1.0,frozen_confirmed_by_researcher,0.0,0.2675337802856177,-0.2675337802856177
2022-10-30,M3_tail50_rqi_dii_lpm,RQI_DII_v1.0,frozen_confirmed_by_researcher,0.0,0.2782265763681835,-0.2782265763681835
2022-10-31,M3_tail50_rqi_dii_lpm,RQI_DII_v1.0,frozen_confirmed_by_researcher,0.0,0.2833212903700826,-0.2833212903700826
2022-11-01,M3_tail50_rqi_dii_lpm,RQI_DII_v1.0,frozen_confirmed_by_researcher,0.0,0.32665773719330105,-0.32665773719330105
2022-11-02,M3_tail50_rqi_dii_lpm,RQI_DII_v1.0,frozen_confirmed_by_researcher,0.0,0.3928495660654221,-0.3928495660654221
2022-11-03,M3_tail50_rqi_dii_lpm,RQI_DII_v1.0,frozen_confirmed_by_researcher,0.0,0.47000004687623687,-0.47000004687623687
2022-11-04,M3_tail50_rqi_dii_lpm,RQI_DII_v1.0,frozen_confirmed_by_researcher,0.0,0.5421578159279932,-0.5421578159279932
2022-11-05,M3_tail50_rqi_dii_lpm,RQI_DII_v1.0,frozen_confirmed_by_researcher,0.0,0.5423061791556165,-0.5423061791556165
2022-11-06,M3_tail50_rqi_dii_lpm,RQI_DII_v1.0,frozen_confirmed_by_researcher,0.0,7.513444599312464,-7.513444599312464
2022-11-07,M3_tail50_rqi_dii_lpm,RQI_DII_v1.0,frozen_confirmed_by_researcher,0.0,7.4613951038427615,-7.4613951038427615
2022-11-08,M3_tail50_rqi_dii_lpm,RQI_DII_v1.0,frozen_confirmed_by_researcher,0.0,7.3451210481163685,-7.3451210481163685
2022-11-09,M3_tail50_rqi_dii_lpm,RQI_DII_v1.0,frozen_confirmed_by_researcher,0.0,7.402836485023101,-7.402836485023101
2022-11-10,M3_tail50_rqi_dii_lpm,RQI_DII_v1.0,frozen_confirmed_by_researcher,0.0,7.392289531440042,-7.392289531440042
2022-11-11,M3_tail50_rqi_dii_lpm,RQI_DII_v1.0,frozen_confirmed_by_researcher,0.0,7.303412872121214,-7.303412872121214
2022-11-12,M3_tail50_rqi_dii_lpm,RQI_DII_v1.0,frozen_confirmed_by_researcher,0.0,7.232109683165106,-7.232109683165106
2022-11-13,M3_tail50_rqi_dii_lpm,RQI_DII_v1.0,frozen_confirmed_by_researcher,0.0,7.2146698242177365,-7.2146698242177365
2022-11-14,M3_tail50_rqi_dii_lpm,RQI_DII_v1.0,frozen_confirmed_by_researcher,0.0,7.223398054035442,-7.223398054035442
2022-11-15,M3_tail50_rqi_dii_lpm,RQI_DII_v1.0,frozen_confirmed_by_researcher,0.0,7.220632982271127,-7.220632982271127
2022-11-16,M3_tail50_rqi_dii_lpm,RQI_DII_v1.0,frozen_confirmed_by_researcher,0.0,7.178633493160731,-7.178633493160731
2022-11-17,M3_tail50_rqi_dii_lpm,RQI_DII_v1.0,frozen_confirmed_by_researcher,0.0,7.188229326996179,-7.188229326996179
2022-11-18,M3_tail50_rqi_dii_lpm,RQI_DII_v1.0,frozen_confirmed_by_researcher,0.0,7.228330383982183,-7.228330383982183
2022-11-19,M3_tail50_rqi_dii_lpm,RQI_DII_v1.0,frozen_confirmed_by_researcher,0.0,7.190285603226471,-7.190285603226471
2022-11-20,M3_tail50_rqi_dii_lpm,RQI_DII_v1.0,frozen_confirmed_by_researcher,0.0,7.186208756588144,-7.186208756588144
2022-11-21,M3_tail50_rqi_dii_lpm,RQI_DII_v1.0,frozen_confirmed_by_researcher,0.0,0.22400646145186442,-0.22400646145186442
2022-11-22,M3_tail50_rqi_dii_lpm,RQI_DII_v1.0,frozen_confirmed_by_researcher,0.0,-0.00279339348591634,0.00279339348591634
2022-11-23,M3_tail50_rqi_dii_lpm,RQI_DII_v1.0,frozen_confirmed_by_researcher,0.0,-0.0015423619984460402,0.0015423619984460402
2022-11-24,M3_tail50_rqi_dii_lpm,RQI_DII_v1.0,frozen_confirmed_by_researcher,0.0,0.045761315314166495,-0.045761315314166495
2022-11-25,M3_tail50_rqi_dii_lpm,RQI_DII_v1.0,frozen_confirmed_by_researcher,0.0,0.020709362550178412,-0.020709362550178412
2022-11-26,M3_tail50_rqi_dii_lpm,RQI_DII_v1.0,frozen_confirmed_by_researcher,0.0,0.030859999534726512,-0.030859999534726512
2022-11-27,M3_tail50_rqi_dii_lpm,RQI_DII_v1.0,frozen_confirmed_by_researcher,0.0,0.007416421511948101,-0.007416421511948101
2022-11-28,M3_tail50_rqi_dii_lpm,RQI_DII_v1.0,frozen_confirmed_by_researcher,0.0,-0.009597414419431516,0.009597414419431516
2022-11-29,M3_tail50_rqi_dii_lpm,RQI_DII_v1.0,frozen_confirmed_by_researcher,0.0,0.07112398228528605,-0.07112398228528605
2022-11-30,M3_tail50_rqi_dii_lpm,RQI_DII_v1.0,frozen_confirmed_by_researcher,0.0,0.1300229806868174,-0.1300229806868174
2022-12-01,M3_tail50_rqi_dii_lpm,RQI_DII_v1.0,frozen_confirmed_by_researcher,0.0,0.14372997111163954,-0.14372997111163954
2022-12-02,M3_tail50_rqi_dii_lpm,RQI_DII_v1.0,frozen_confirmed_by_researcher,0.0,0.1690920253039394,-0.1690920253039394
2022-12-03,M3_tail50_rqi_dii_lpm,RQI_DII_v1.0,frozen_confirmed_by_researcher,0.0,0.15144177886122634,-0.15144177886122634
2022-12-04,M3_tail50_rqi_dii_lpm,RQI_DII_v1.0,frozen_confirmed_by_researcher,0.0,0.13825270923189237,-0.13825270923189237
2022-12-05,M3_tail50_rqi_dii_lpm,RQI_DII_v1.0,frozen_confirmed_by_researcher,0.0,0.12255893050050304,-0.12255893050050304
2022-12-06,M3_tail50_rqi_dii_lpm,RQI_DII_v1.0,frozen_confirmed_by_researcher,0.0,0.16943479051502663,-0.16943479051502663
2022-12-07,M3_tail50_rqi_dii_lpm,RQI_DII_v1.0,frozen_confirmed_by_researcher,0.0,0.19376021089689743,-0.19376021089689743
2022-12-08,M3_tail50_rqi_dii_lpm,RQI_DII_v1.0,frozen_confirmed_by_researcher,0.0,0.22906786586776207,-0.22906786586776207
2022-12-09,M3_tail50_rqi_dii_lpm,RQI_DII_v1.0,frozen_confirmed_by_researcher,0.0,0.23836988001028203,-0.23836988001028203
2022-12-10,M3_tail50_rqi_dii_lpm,RQI_DII_v1.0,frozen_confirmed_by_researcher,0.0,0.24875175444284991,-0.24875175444284991
2022-12-11,M3_tail50_rqi_dii_lpm,RQI_DII_v1.0,frozen_confirmed_by_researcher,0.0,0.24572768605000306,-0.24572768605000306
2022-12-12,M3_tail50_rqi_dii_lpm,RQI_DII_v1.0,frozen_confirmed_by_researcher,0.0,0.24749775606585445,-0.24749775606585445
2022-12-13,M3_tail50_rqi_dii_lpm,RQI_DII_v1.0,frozen_confirmed_by_researcher,0.0,0.28529134934913714,-0.28529134934913714
2022-12-14,M3_tail50_rqi_dii_lpm,RQI_DII_v1.0,frozen_confirmed_by_researcher,0.0,-0.08665407378563827,0.08665407378563827
2022-12-15,M3_tail50_rqi_dii_lpm,RQI_DII_v1.0,frozen_confirmed_by_researcher,0.0,-0.09203749395351224,0.09203749395351224
2022-12-16,M3_tail50_rqi_dii_lpm,RQI_DII_v1.0,frozen_confirmed_by_researcher,0.0,-0.0725869440016993,0.0725869440016993
2022-12-17,M3_tail50_rqi_dii_lpm,RQI_DII_v1.0,frozen_confirmed_by_researcher,0.0,-0.03601862055558058,0.03601862055558058
2022-12-18,M3_tail50_rqi_dii_lpm,RQI_DII_v1.0,frozen_confirmed_by_researcher,0.0,-0.039051350657246076,0.039051350657246076
2022-12-19,M3_tail50_rqi_dii_lpm,RQI_DII_v1.0,frozen_confirmed_by_researcher,0.0,-0.04022247130515666,0.04022247130515666
2022-12-20,M3_tail50_rqi_dii_lpm,RQI_DII_v1.0,frozen_confirmed_by_researcher,0.0,0.01661541565667335,-0.01661541565667335
2022-12-21,M3_tail50_rqi_dii_lpm,RQI_DII_v1.0,frozen_confirmed_by_researcher,0.0,0.029225032580399102,-0.029225032580399102
2022-12-22,M3_tail50_rqi_dii_lpm,RQI_DII_v1.0,frozen_confirmed_by_researcher,0.0,2.439182710963479,-2.439182710963479
2022-12-23,M3_tail50_rqi_dii_lpm,RQI_DII_v1.0,frozen_confirmed_by_researcher,0.0,2.4521931847948224,-2.4521931847948224
2022-12-24,M3_tail50_rqi_dii_lpm,RQI_DII_v1.0,frozen_confirmed_by_researcher,0.0,2.4631556468143287,-2.4631556468143287
2022-12-25,M3_tail50_rqi_dii_lpm,RQI_DII_v1.0,frozen_confirmed_by_researcher,0.0,2.4467026419060858,-2.4467026419060858
2022-12-26,M3_tail50_rqi_dii_lpm,RQI_DII_v1.0,frozen_confirmed_by_researcher,0.0,2.4344981573324276,-2.4344981573324276
2022-12-27,M3_tail50_rqi_dii_lpm,RQI_DII_v1.0,frozen_confirmed_by_researcher,0.0,2.4238605463221177,-2.4238605463221177
2022-12-28,M3_tail50_rqi_dii_lpm,RQI_DII_v1.0,frozen_confirmed_by_researcher,0.0,2.4703050108134903,-2.4703050108134903
2022-12-29,M3_tail50_rqi_dii_lpm,RQI_DII_v1.0,frozen_confirmed_by_researcher,0.0,2.438832123341257,-2.438832123341257
2022-12-30,M3_tail50_rqi_dii_lpm,RQI_DII_v1.0,frozen_confirmed_by_researcher,0.0,2.434380130310643,-2.434380130310643
2022-12-31,M3_tail50_rqi_dii_lpm,RQI_DII_v1.0,frozen_confirmed_by_researcher,0.0,2.427559710294304,-2.427559710294304
2023-01-01,M3_tail50_rqi_dii_lpm,RQI_DII_v1.0,frozen_confirmed_by_researcher,0.0,2.426953633834728,-2.426953633834728
2023-01-02,M3_tail50_rqi_dii_lpm,RQI_DII_v1.0,frozen_confirmed_by_researcher,0.0,2.421857204822885,-2.421857204822885
2023-01-03,M3_tail50_rqi_dii_lpm,RQI_DII_v1.0,frozen_confirmed_by_researcher,0.0,2.410231927102501,-2.410231927102501
2023-01-04,M3_tail50_rqi_dii_lpm,RQI_DII_v1.0,frozen_confirmed_by_researcher,0.0,2.491340066748677,-2.491340066748677
2023-01-05,M3_tail50_rqi_dii_lpm,RQI_DII_v1.0,frozen_confirmed_by_researcher,0.0,2.5018653782152,-2.5018653782152
2023-01-06,M3_tail50_rqi_dii_lpm,RQI_DII_v1.0,frozen_confirmed_by_researcher,0.0,2.5650529222558873,-2.5650529222558873
2023-01-07,M3_tail50_rqi_dii_lpm,RQI_DII_v1.0,frozen_confirmed_by_researcher,0.0,2.5731254764843072,-2.5731254764843072
2023-01-08,M3_tail50_rqi_dii_lpm,RQI_DII_v1.0,frozen_confirmed_by_researcher,0.0,2.559130314431968,-2.559130314431968
2023-01-09,M3_tail50_rqi_dii_lpm,RQI_DII_v1.0,frozen_confirmed_by_researcher,0.0,2.541890346789046,-2.541890346789046
2023-01-10,M3_tail50_rqi_dii_lpm,RQI_DII_v1.0,frozen_confirmed_by_researcher,0.0,2.5967560383992065,-2.5967560383992065
2023-01-11,M3_tail50_rqi_dii_lpm,RQI_DII_v1.0,frozen_confirmed_by_researcher,0.0,2.58990680545827,-2.58990680545827
2023-01-12,M3_tail50_rqi_dii_lpm,RQI_DII_v1.0,frozen_confirmed_by_researcher,0.0,2.574664857897261,-2.574664857897261
2023-01-13,M3_tail50_rqi_dii_lpm,RQI_DII_v1.0,frozen_confirmed_by_researcher,0.0,2.5603497441800585,-2.5603497441800585
2023-01-14,M3_tail50_rqi_dii_lpm,RQI_DII_v1.0,frozen_confirmed_by_researcher,0.0,2.6342087556773492,-2.6342087556773492
2023-01-15,M3_tail50_rqi_dii_lpm,RQI_DII_v1.0,frozen_confirmed_by_researcher,0.0,2.602644701636251,-2.602644701636251
2023-01-16,M3_tail50_rqi_dii_lpm,RQI_DII_v1.0,frozen_confirmed_by_researcher,0.0,2.5744719820662,-2.5744719820662
2023-01-17,M3_tail50_rqi_dii_lpm,RQI_DII_v1.0,frozen_confirmed_by_researcher,0.0,2.5867425071585615,-2.5867425071585615
2023-01-18,M3_tail50_rqi_dii_lpm,RQI_DII_v1.0,frozen_confirmed_by_researcher,0.0,2.630639683944082,-2.630639683944082
2023-01-19,M3_tail50_rqi_dii_lpm,RQI_DII_v1.0,frozen_confirmed_by_researcher,0.0,2.7037311032291598,-2.7037311032291598
2023-01-20,M3_tail50_rqi_dii_lpm,RQI_DII_v1.0,frozen_confirmed_by_researcher,0.0,2.7237128141087226,-2.7237128141087226
2023-01-21,M3_tail50_rqi_dii_lpm,RQI_DII_v1.0,frozen_confirmed_by_researcher,0.0,2.6985480994416946,-2.6985480994416946
2023-01-22,M3_tail50_rqi_dii_lpm,RQI_DII_v1.0,frozen_confirmed_by_researcher,0.0,2.6753978747292706,-2.6753978747292706
2023-01-23,M3_tail50_rqi_dii_lpm,RQI_DII_v1.0,frozen_confirmed_by_researcher,0.0,2.658261771859287,-2.658261771859287
2023-01-24,M3_tail50_rqi_dii_lpm,RQI_DII_v1.0,frozen_confirmed_by_researcher,0.0,2.6627129800341436,-2.6627129800341436
2023-01-25,M3_tail50_rqi_dii_lpm,RQI_DII_v1.0,frozen_confirmed_by_researcher,0.0,2.0301145352977414,-2.0301145352977414
2023-01-26,M3_tail50_rqi_dii_lpm,RQI_DII_v1.0,frozen_confirmed_by_researcher,0.0,2.04773384807865,-2.04773384807865
2023-01-27,M3_tail50_rqi_dii_lpm,RQI_DII_v1.0,frozen_confirmed_by_researcher,0.0,2.087796871042201,-2.087796871042201
2023-01-28,M3_tail50_rqi_dii_lpm,RQI_DII_v1.0,frozen_confirmed_by_researcher,0.0,2.125903858288808,-2.125903858288808
2023-01-29,M3_tail50_rqi_dii_lpm,RQI_DII_v1.0,frozen_confirmed_by_researcher,0.0,2.1240543997352006,-2.1240543997352006
2023-01-30,M3_tail50_rqi_dii_lpm,RQI_DII_v1.0,frozen_confirmed_by_researcher,0.0,2.145476877634991,-2.145476877634991
2023-01-31,M3_tail50_rqi_dii_lpm,RQI_DII_v1.0,frozen_confirmed_by_researcher,0.0,2.2108067575018424,-2.2108067575018424
2023-02-01,M3_tail50_rqi_dii_lpm,RQI_DII_v1.0,frozen_confirmed_by_researcher,0.0,2.2573398319472346,-2.2573398319472346
2023-02-02,M3_tail50_rqi_dii_lpm,RQI_DII_v1.0,frozen_confirmed_by_researcher,0.0,2.2620858827710606,-2.2620858827710606
2023-02-03,M3_tail50_rqi_dii_lpm,RQI_DII_v1.0,frozen_confirmed_by_researcher,0.0,2.2575027528700105,-2.2575027528700105
2023-02-04,M3_tail50_rqi_dii_lpm,RQI_DII_v1.0,frozen_confirmed_by_researcher,0.0,2.330251170100894,-2.330251170100894
2023-02-05,M3_tail50_rqi_dii_lpm,RQI_DII_v1.0,frozen_confirmed_by_researcher,0.0,2.337549038448344,-2.337549038448344
2023-02-06,M3_tail50_rqi_dii_lpm,RQI_DII_v1.0,frozen_confirmed_by_researcher,0.0,2.332021515560683,-2.332021515560683
2023-02-07,M3_tail50_rqi_dii_lpm,RQI_DII_v1.0,frozen_confirmed_by_researcher,0.0,2.359066271148265,-2.359066271148265
2023-02-08,M3_tail50_rqi_dii_lpm,RQI_DII_v1.0,frozen_confirmed_by_researcher,0.0,2.3892843541717923,-2.3892843541717923
2023-02-09,M3_tail50_rqi_dii_lpm,RQI_DII_v1.0,frozen_confirmed_by_researcher,0.0,2.417919413096655,-2.417919413096655
2023-02-10,M3_tail50_rqi_dii_lpm,RQI_DII_v1.0,frozen_confirmed_by_researcher,0.0,2.425204652317859,-2.425204652317859
2023-02-11,M3_tail50_rqi_dii_lpm,RQI_DII_v1.0,frozen_confirmed_by_researcher,0.0,2.4488035764116773,-2.4488035764116773
2023-02-12,M3_tail50_rqi_dii_lpm,RQI_DII_v1.0,frozen_confirmed_by_researcher,0.0,2.4633707768276167,-2.4633707768276167
2023-02-13,M3_tail50_rqi_dii_lpm,RQI_DII_v1.0,frozen_confirmed_by_researcher,0.0,2.478189269369551,-2.478189269369551
2023-02-14,M3_tail50_rqi_dii_lpm,RQI_DII_v1.0,frozen_confirmed_by_researcher,0.0,2.5233323395014793,-2.5233323395014793
2023-02-15,M3_tail50_rqi_dii_lpm,RQI_DII_v1.0,frozen_confirmed_by_researcher,0.0,2.5139379410417177,-2.5139379410417177
2023-02-16,M3_tail50_rqi_dii_lpm,RQI_DII_v1.0,frozen_confirmed_by_researcher,0.0,2.4469967403738906,-2.4469967403738906
2023-02-17,M3_tail50_rqi_dii_lpm,RQI_DII_v1.0,frozen_confirmed_by_researcher,0.0,2.4225210230020195,-2.4225210230020195
2023-02-18,M3_tail50_rqi_dii_lpm,RQI_DII_v1.0,frozen_confirmed_by_researcher,0.0,2.388084295473419,-2.388084295473419
2023-02-19,M3_tail50_rqi_dii_lpm,RQI_DII_v1.0,frozen_confirmed_by_researcher,0.0,2.397697513843326,-2.397697513843326
2023-02-20,M3_tail50_rqi_dii_lpm,RQI_DII_v1.0,frozen_confirmed_by_researcher,0.0,2.3938036624421386,-2.3938036624421386
2023-02-21,M3_tail50_rqi_dii_lpm,RQI_DII_v1.0,frozen_confirmed_by_researcher,0.0,2.3871676079317865,-2.3871676079317865
2023-02-22,M3_tail50_rqi_dii_lpm,RQI_DII_v1.0,frozen_confirmed_by_researcher,0.0,2.367085839716964,-2.367085839716964
2023-02-23,M3_tail50_rqi_dii_lpm,RQI_DII_v1.0,frozen_confirmed_by_researcher,0.0,2.366290869323052,-2.366290869323052
2023-02-24,M3_tail50_rqi_dii_lpm,RQI_DII_v1.0,frozen_confirmed_by_researcher,0.0,2.3490016515642083,-2.3490016515642083
2023-02-25,M3_tail50_rqi_dii_lpm,RQI_DII_v1.0,frozen_confirmed_by_researcher,0.0,2.314318598754113,-2.314318598754113
2023-02-26,M3_tail50_rqi_dii_lpm,RQI_DII_v1.0,frozen_confirmed_by_researcher,0.0,2.306654774954893,-2.306654774954893
2023-02-27,M3_tail50_rqi_dii_lpm,RQI_DII_v1.0,frozen_confirmed_by_researcher,0.0,2.3032920451985603,-2.3032920451985603
2023-02-28,M3_tail50_rqi_dii_lpm,RQI_DII_v1.0,frozen_confirmed_by_researcher,0.0,2.3115481472572696,-2.3115481472572696
2023-03-01,M3_tail50_rqi_dii_lpm,RQI_DII_v1.0,frozen_confirmed_by_researcher,0.0,2.3350657183155477,-2.3350657183155477
2023-03-02,M3_tail50_rqi_dii_lpm,RQI_DII_v1.0,frozen_confirmed_by_researcher,0.0,0.6911004655659099,-0.6911004655659099
2023-03-03,M3_tail50_rqi_dii_lpm,RQI_DII_v1.0,frozen_confirmed_by_researcher,0.0,0.6031682296301994,-0.6031682296301994
2023-03-04,M3_tail50_rqi_dii_lpm,RQI_DII_v1.0,frozen_confirmed_by_researcher,0.0,0.5624802746371529,-0.5624802746371529
2023-03-05,M3_tail50_rqi_dii_lpm,RQI_DII_v1.0,frozen_confirmed_by_researcher,0.0,0.5314317278891281,-0.5314317278891281
2023-03-06,M3_tail50_rqi_dii_lpm,RQI_DII_v1.0,frozen_confirmed_by_researcher,0.0,0.4959496744427838,-0.4959496744427838
2023-03-07,M3_tail50_rqi_dii_lpm,RQI_DII_v1.0,frozen_confirmed_by_researcher,0.0,0.5288597119632925,-0.5288597119632925
2023-03-08,M3_tail50_rqi_dii_lpm,RQI_DII_v1.0,frozen_confirmed_by_researcher,0.0,0.541309697093368,-0.541309697093368
2023-03-09,M3_tail50_rqi_dii_lpm,RQI_DII_v1.0,frozen_confirmed_by_researcher,0.0,0.549267444301563,-0.549267444301563
2023-03-10,M3_tail50_rqi_dii_lpm,RQI_DII_v1.0,frozen_confirmed_by_researcher,0.0,7.511251423237923,-7.511251423237923
2023-03-11,M3_tail50_rqi_dii_lpm,RQI_DII_v1.0,frozen_confirmed_by_researcher,0.0,7.6604117235563365,-7.6604117235563365
2023-03-12,M3_tail50_rqi_dii_lpm,RQI_DII_v1.0,frozen_confirmed_by_researcher,100.0,7.900640073474591,92.09935992652541
2023-03-13,M3_tail50_rqi_dii_lpm,RQI_DII_v1.0,frozen_confirmed_by_researcher,100.0,7.934318649730386,92.06568135026961
2023-03-14,M3_tail50_rqi_dii_lpm,RQI_DII_v1.0,frozen_confirmed_by_researcher,0.0,8.159949082127412,-8.159949082127412
2023-03-15,M3_tail50_rqi_dii_lpm,RQI_DII_v1.0,frozen_confirmed_by_researcher,0.0,8.32447869411314,-8.32447869411314
2023-03-16,M3_tail50_rqi_dii_lpm,RQI_DII_v1.0,frozen_confirmed_by_researcher,0.0,8.48119328948681,-8.48119328948681
2023-03-17,M3_tail50_rqi_dii_lpm,RQI_DII_v1.0,frozen_confirmed_by_researcher,0.0,8.584202364673814,-8.584202364673814
2023-03-18,M3_tail50_rqi_dii_lpm,RQI_DII_v1.0,frozen_confirmed_by_researcher,0.0,8.714964190451184,-8.714964190451184
2023-03-19,M3_tail50_rqi_dii_lpm,RQI_DII_v1.0,frozen_confirmed_by_researcher,0.0,8.71926900839253,-8.71926900839253
2023-03-20,M3_tail50_rqi_dii_lpm,RQI_DII_v1.0,frozen_confirmed_by_researcher,0.0,8.728323753476133,-8.728323753476133
2023-03-21,M3_tail50_rqi_dii_lpm,RQI_DII_v1.0,frozen_confirmed_by_researcher,100.0,1.9087331611236777,98.09126683887632
2023-03-22,M3_tail50_rqi_dii_lpm,RQI_DII_v1.0,frozen_confirmed_by_researcher,0.0,1.9320728016419935,-1.9320728016419935
2023-03-23,M3_tail50_rqi_dii_lpm,RQI_DII_v1.0,frozen_confirmed_by_researcher,0.0,2.0187574274358724,-2.0187574274358724
2023-03-24,M3_tail50_rqi_dii_lpm,RQI_DII_v1.0,frozen_confirmed_by_researcher,0.0,2.084743021452141,-2.084743021452141
2023-03-25,M3_tail50_rqi_dii_lpm,RQI_DII_v1.0,frozen_confirmed_by_researcher,100.0,2.1870540704408654,97.81294592955913
2023-03-26,M3_tail50_rqi_dii_lpm,RQI_DII_v1.0,frozen_confirmed_by_researcher,100.0,2.1928087500740503,97.80719124992595
2023-03-27,M3_tail50_rqi_dii_lpm,RQI_DII_v1.0,frozen_confirmed_by_researcher,0.0,2.2026630764727315,-2.2026630764727315
2023-03-28,M3_tail50_rqi_dii_lpm,RQI_DII_v1.0,frozen_confirmed_by_researcher,0.0,2.2869400830276163,-2.2869400830276163
2023-03-29,M3_tail50_rqi_dii_lpm,RQI_DII_v1.0,frozen_confirmed_by_researcher,0.0,2.3473637742770848,-2.3473637742770848
2023-03-30,M3_tail50_rqi_dii_lpm,RQI_DII_v1.0,frozen_confirmed_by_researcher,0.0,3.829014900289053,-3.829014900289053
2023-03-31,M3_tail50_rqi_dii_lpm,RQI_DII_v1.0,frozen_confirmed_by_researcher,0.0,3.890077030588259,-3.890077030588259
2023-04-01,M3_tail50_rqi_dii_lpm,RQI_DII_v1.0,frozen_confirmed_by_researcher,0.0,3.9589547265321983,-3.9589547265321983
2023-04-02,M3_tail50_rqi_dii_lpm,RQI_DII_v1.0,frozen_confirmed_by_researcher,0.0,3.9716140554113792,-3.9716140554113792
2023-04-03,M3_tail50_rqi_dii_lpm,RQI_DII_v1.0,frozen_confirmed_by_researcher,0.0,3.9700300541193485,-3.9700300541193485
2023-04-04,M3_tail50_rqi_dii_lpm,RQI_DII_v1.0,frozen_confirmed_by_researcher,0.0,3.9405945930759003,-3.9405945930759003
2023-04-05,M3_tail50_rqi_dii_lpm,RQI_DII_v1.0,frozen_confirmed_by_researcher,0.0,3.9524385049591046,-3.9524385049591046
2023-04-06,M3_tail50_rqi_dii_lpm,RQI_DII_v1.0,frozen_confirmed_by_researcher,0.0,3.9704504706913895,-3.9704504706913895
2023-04-07,M3_tail50_rqi_dii_lpm,RQI_DII_v1.0,frozen_confirmed_by_researcher,0.0,3.941312251332505,-3.941312251332505
2023-04-08,M3_tail50_rqi_dii_lpm,RQI_DII_v1.0,frozen_confirmed_by_researcher,0.0,3.96245197394353,-3.96245197394353
2023-04-09,M3_tail50_rqi_dii_lpm,RQI_DII_v1.0,frozen_confirmed_by_researcher,0.0,3.9648110168089374,-3.9648110168089374
2023-04-10,M3_tail50_rqi_dii_lpm,RQI_DII_v1.0,frozen_confirmed_by_researcher,0.0,3.973345007007282,-3.973345007007282
2023-04-11,M3_tail50_rqi_dii_lpm,RQI_DII_v1.0,frozen_confirmed_by_researcher,0.0,3.997363795026871,-3.997363795026871
2023-04-12,M3_tail50_rqi_dii_lpm,RQI_DII_v1.0,frozen_confirmed_by_researcher,0.0,4.011579991205394,-4.011579991205394
2023-04-13,M3_tail50_rqi_dii_lpm,RQI_DII_v1.0,frozen_confirmed_by_researcher,0.0,4.069533238224551,-4.069533238224551
2023-04-14,M3_tail50_rqi_dii_lpm,RQI_DII_v1.0,frozen_confirmed_by_researcher,0.0,4.100515359396894,-4.100515359396894
2023-04-15,M3_tail50_rqi_dii_lpm,RQI_DII_v1.0,frozen_confirmed_by_researcher,0.0,4.12175908594557,-4.12175908594557
2023-04-16,M3_tail50_rqi_dii_lpm,RQI_DII_v1.0,frozen_confirmed_by_researcher,0.0,4.127308760217346,-4.127308760217346
2023-04-17,M3_tail50_rqi_dii_lpm,RQI_DII_v1.0,frozen_confirmed_by_researcher,0.0,4.132263792985071,-4.132263792985071
2023-04-18,M3_tail50_rqi_dii_lpm,RQI_DII_v1.0,frozen_confirmed_by_researcher,0.0,4.167439034626511,-4.167439034626511
2023-04-19,M3_tail50_rqi_dii_lpm,RQI_DII_v1.0,frozen_confirmed_by_researcher,0.0,4.222867091681678,-4.222867091681678
2023-04-20,M3_tail50_rqi_dii_lpm,RQI_DII_v1.0,frozen_confirmed_by_researcher,0.0,4.274443145402216,-4.274443145402216
2023-04-21,M3_tail50_rqi_dii_lpm,RQI_DII_v1.0,frozen_confirmed_by_researcher,0.0,4.315010422375423,-4.315010422375423
2023-04-22,M3_tail50_rqi_dii_lpm,RQI_DII_v1.0,frozen_confirmed_by_researcher,0.0,4.363919756343989,-4.363919756343989
2023-04-23,M3_tail50_rqi_dii_lpm,RQI_DII_v1.0,frozen_confirmed_by_researcher,0.0,4.36687110102983,-4.36687110102983
2023-04-24,M3_tail50_rqi_dii_lpm,RQI_DII_v1.0,frozen_confirmed_by_researcher,0.0,4.362432206952462,-4.362432206952462
2023-04-25,M3_tail50_rqi_dii_lpm,RQI_DII_v1.0,frozen_confirmed_by_researcher,0.0,4.38409002572601,-4.38409002572601
2023-04-26,M3_tail50_rqi_dii_lpm,RQI_DII_v1.0,frozen_confirmed_by_researcher,0.0,4.3860377404139115,-4.3860377404139115
2023-04-27,M3_tail50_rqi_dii_lpm,RQI_DII_v1.0,frozen_confirmed_by_researcher,100.0,4.381673820022002,95.618326179978
2023-04-28,M3_tail50_rqi_dii_lpm,RQI_DII_v1.0,frozen_confirmed_by_researcher,0.0,0.5625880822639147,-0.5625880822639147
2023-04-29,M3_tail50_rqi_dii_lpm,RQI_DII_v1.0,frozen_confirmed_by_researcher,0.0,0.5607201841267226,-0.5607201841267226
2023-04-30,M3_tail50_rqi_dii_lpm,RQI_DII_v1.0,frozen_confirmed_by_researcher,0.0,0.5616597261396237,-0.5616597261396237
2023-05-01,M3_tail50_rqi_dii_lpm,RQI_DII_v1.0,frozen_confirmed_by_researcher,0.0,0.5660529810420201,-0.5660529810420201
2023-05-02,M3_tail50_rqi_dii_lpm,RQI_DII_v1.0,frozen_confirmed_by_researcher,0.0,0.5964711716410136,-0.5964711716410136
2023-05-03,M3_tail50_rqi_dii_lpm,RQI_DII_v1.0,frozen_confirmed_by_researcher,0.0,0.633448148271043,-0.633448148271043
2023-05-04,M3_tail50_rqi_dii_lpm,RQI_DII_v1.0,frozen_confirmed_by_researcher,0.0,0.6446296876557653,-0.6446296876557653
2023-05-05,M3_tail50_rqi_dii_lpm,RQI_DII_v1.0,frozen_confirmed_by_researcher,0.0,0.6648857609330321,-0.6648857609330321
2023-05-06,M3_tail50_rqi_dii_lpm,RQI_DII_v1.0,frozen_confirmed_by_researcher,0.0,0.610769895298148,-0.610769895298148
2023-05-07,M3_tail50_rqi_dii_lpm,RQI_DII_v1.0,frozen_confirmed_by_researcher,0.0,0.6138602099215404,-0.6138602099215404
2023-05-08,M3_tail50_rqi_dii_lpm,RQI_DII_v1.0,frozen_confirmed_by_researcher,0.0,0.61824534372019,-0.61824534372019
2023-05-09,M3_tail50_rqi_dii_lpm,RQI_DII_v1.0,frozen_confirmed_by_researcher,0.0,0.6587871578805959,-0.6587871578805959
2023-05-10,M3_tail50_rqi_dii_lpm,RQI_DII_v1.0,frozen_confirmed_by_researcher,0.0,0.6837493395212277,-0.6837493395212277
2023-05-11,M3_tail50_rqi_dii_lpm,RQI_DII_v1.0,frozen_confirmed_by_researcher,0.0,0.6905478821894349,-0.6905478821894349
2023-05-12,M3_tail50_rqi_dii_lpm,RQI_DII_v1.0,frozen_confirmed_by_researcher,0.0,0.7316114123128159,-0.7316114123128159
2023-05-13,M3_tail50_rqi_dii_lpm,RQI_DII_v1.0,frozen_confirmed_by_researcher,0.0,0.7249040773641866,-0.7249040773641866
2023-05-14,M3_tail50_rqi_dii_lpm,RQI_DII_v1.0,frozen_confirmed_by_researcher,0.0,0.7269834323887494,-0.7269834323887494
2023-05-15,M3_tail50_rqi_dii_lpm,RQI_DII_v1.0,frozen_confirmed_by_researcher,0.0,0.7385354287915504,-0.7385354287915504
2023-05-16,M3_tail50_rqi_dii_lpm,RQI_DII_v1.0,frozen_confirmed_by_researcher,0.0,0.77307360428847,-0.77307360428847
2023-05-17,M3_tail50_rqi_dii_lpm,RQI_DII_v1.0,frozen_confirmed_by_researcher,0.0,0.7983290341435918,-0.7983290341435918
2023-05-18,M3_tail50_rqi_dii_lpm,RQI_DII_v1.0,frozen_confirmed_by_researcher,0.0,0.8360071489137795,-0.8360071489137795
2023-05-19,M3_tail50_rqi_dii_lpm,RQI_DII_v1.0,frozen_confirmed_by_researcher,0.0,0.8131004496386538,-0.8131004496386538
2023-05-20,M3_tail50_rqi_dii_lpm,RQI_DII_v1.0,frozen_confirmed_by_researcher,0.0,0.8355178629352338,-0.8355178629352338
2023-05-21,M3_tail50_rqi_dii_lpm,RQI_DII_v1.0,frozen_confirmed_by_researcher,0.0,0.8391029780514145,-0.8391029780514145
2023-05-22,M3_tail50_rqi_dii_lpm,RQI_DII_v1.0,frozen_confirmed_by_researcher,0.0,0.8447000661703044,-0.8447000661703044
2023-05-23,M3_tail50_rqi_dii_lpm,RQI_DII_v1.0,frozen_confirmed_by_researcher,0.0,0.873243049487769,-0.873243049487769
2023-05-24,M3_tail50_rqi_dii_lpm,RQI_DII_v1.0,frozen_confirmed_by_researcher,0.0,0.9068705462126729,-0.9068705462126729
2023-05-25,M3_tail50_rqi_dii_lpm,RQI_DII_v1.0,frozen_confirmed_by_researcher,0.0,0.9583703526331817,-0.9583703526331817
2023-05-26,M3_tail50_rqi_dii_lpm,RQI_DII_v1.0,frozen_confirmed_by_researcher,0.0,0.9770440553111257,-0.9770440553111257
2023-05-27,M3_tail50_rqi_dii_lpm,RQI_DII_v1.0,frozen_confirmed_by_researcher,0.0,0.9755447501751746,-0.9755447501751746
2023-05-28,M3_tail50_rqi_dii_lpm,RQI_DII_v1.0,frozen_confirmed_by_researcher,0.0,0.9840060711350134,-0.9840060711350134
2023-05-29,M3_tail50_rqi_dii_lpm,RQI_DII_v1.0,frozen_confirmed_by_researcher,0.0,0.992266868373008,-0.992266868373008
2023-06-30,M3_tail50_rqi_dii_lpm,RQI_DII_v1.0,frozen_confirmed_by_researcher,0.0,-0.06153195951480939,0.06153195951480939
2023-07-01,M3_tail50_rqi_dii_lpm,RQI_DII_v1.0,frozen_confirmed_by_researcher,0.0,0.07937528044007536,-0.07937528044007536
2023-07-02,M3_tail50_rqi_dii_lpm,RQI_DII_v1.0,frozen_confirmed_by_researcher,0.0,0.07825496033873947,-0.07825496033873947
2023-07-03,M3_tail50_rqi_dii_lpm,RQI_DII_v1.0,frozen_confirmed_by_researcher,0.0,0.08063413122971497,-0.08063413122971497
2023-07-04,M3_tail50_rqi_dii_lpm,RQI_DII_v1.0,frozen_confirmed_by_researcher,0.0,0.018546850024733885,-0.018546850024733885
2023-07-05,M3_tail50_rqi_dii_lpm,RQI_DII_v1.0,frozen_confirmed_by_researcher,0.0,0.014887654833557917,-0.014887654833557917
2023-07-06,M3_tail50_rqi_dii_lpm,RQI_DII_v1.0,frozen_confirmed_by_researcher,0.0,0.030654287629715782,-0.030654287629715782
2023-07-07,M3_tail50_rqi_dii_lpm,RQI_DII_v1.0,frozen_confirmed_by_researcher,0.0,0.06750133083028231,-0.06750133083028231
2023-07-08,M3_tail50_rqi_dii_lpm,RQI_DII_v1.0,frozen_confirmed_by_researcher,0.0,0.08475304123919614,-0.08475304123919614
2023-07-09,M3_tail50_rqi_dii_lpm,RQI_DII_v1.0,frozen_confirmed_by_researcher,0.0,0.08862776573627684,-0.08862776573627684
2023-07-10,M3_tail50_rqi_dii_lpm,RQI_DII_v1.0,frozen_confirmed_by_researcher,0.0,0.09100869926041355,-0.09100869926041355
2023-07-11,M3_tail50_rqi_dii_lpm,RQI_DII_v1.0,frozen_confirmed_by_researcher,0.0,0.11961327924663578,-0.11961327924663578
2023-07-12,M3_tail50_rqi_dii_lpm,RQI_DII_v1.0,frozen_confirmed_by_researcher,0.0,0.13447535467915372,-0.13447535467915372
2023-07-13,M3_tail50_rqi_dii_lpm,RQI_DII_v1.0,frozen_confirmed_by_researcher,0.0,0.15489190118350393,-0.15489190118350393
2023-07-14,M3_tail50_rqi_dii_lpm,RQI_DII_v1.0,frozen_confirmed_by_researcher,0.0,0.11908667094377279,-0.11908667094377279
2023-07-15,M3_tail50_rqi_dii_lpm,RQI_DII_v1.0,frozen_confirmed_by_researcher,0.0,0.15535566728647154,-0.15535566728647154
2023-07-16,M3_tail50_rqi_dii_lpm,RQI_DII_v1.0,frozen_confirmed_by_researcher,0.0,0.15673281162793273,-0.15673281162793273
2023-07-17,M3_tail50_rqi_dii_lpm,RQI_DII_v1.0,frozen_confirmed_by_researcher,0.0,0.15531098556215284,-0.15531098556215284
2023-07-18,M3_tail50_rqi_dii_lpm,RQI_DII_v1.0,frozen_confirmed_by_researcher,0.0,0.21311745715695452,-0.21311745715695452
2023-07-19,M3_tail50_rqi_dii_lpm,RQI_DII_v1.0,frozen_confirmed_by_researcher,0.0,0.23311453560262407,-0.23311453560262407
2023-07-20,M3_tail50_rqi_dii_lpm,RQI_DII_v1.0,frozen_confirmed_by_researcher,0.0,0.26336277668119124,-0.26336277668119124
2023-07-21,M3_tail50_rqi_dii_lpm,RQI_DII_v1.0,frozen_confirmed_by_researcher,0.0,0.27864305890389574,-0.27864305890389574
2023-07-22,M3_tail50_rqi_dii_lpm,RQI_DII_v1.0,frozen_confirmed_by_researcher,0.0,0.2936608955095039,-0.2936608955095039
2023-07-23,M3_tail50_rqi_dii_lpm,RQI_DII_v1.0,frozen_confirmed_by_researcher,0.0,0.29884307183039027,-0.29884307183039027
2023-07-24,M3_tail50_rqi_dii_lpm,RQI_DII_v1.0,frozen_confirmed_by_researcher,0.0,0.30406304883430835,-0.30406304883430835
2023-07-25,M3_tail50_rqi_dii_lpm,RQI_DII_v1.0,frozen_confirmed_by_researcher,0.0,0.336829627415824,-0.336829627415824
2023-07-26,M3_tail50_rqi_dii_lpm,RQI_DII_v1.0,frozen_confirmed_by_researcher,0.0,0.3586458354853903,-0.3586458354853903
2023-07-27,M3_tail50_rqi_dii_lpm,RQI_DII_v1.0,frozen_confirmed_by_researcher,0.0,0.3836198607709491,-0.3836198607709491
2023-07-28,M3_tail50_rqi_dii_lpm,RQI_DII_v1.0,frozen_confirmed_by_researcher,0.0,0.5756745536988603,-0.5756745536988603
2023-07-29,M3_tail50_rqi_dii_lpm,RQI_DII_v1.0,frozen_confirmed_by_researcher,0.0,0.5858852783741213,-0.5858852783741213
2023-07-30,M3_tail50_rqi_dii_lpm,RQI_DII_v1.0,frozen_confirmed_by_researcher,0.0,0.5799475326334402,-0.5799475326334402
2023-07-31,M3_tail50_rqi_dii_lpm,RQI_DII_v1.0,frozen_confirmed_by_researcher,0.0,0.5837945423619431,-0.5837945423619431
2023-08-01,M3_tail50_rqi_dii_lpm,RQI_DII_v1.0,frozen_confirmed_by_researcher,0.0,0.6032763319220749,-0.6032763319220749
2023-08-02,M3_tail50_rqi_dii_lpm,RQI_DII_v1.0,frozen_confirmed_by_researcher,0.0,0.6571352811639599,-0.6571352811639599
2023-08-03,M3_tail50_rqi_dii_lpm,RQI_DII_v1.0,frozen_confirmed_by_researcher,0.0,0.6911304665083833,-0.6911304665083833
2023-08-04,M3_tail50_rqi_dii_lpm,RQI_DII_v1.0,frozen_confirmed_by_researcher,0.0,0.7191540906459011,-0.7191540906459011
2023-08-05,M3_tail50_rqi_dii_lpm,RQI_DII_v1.0,frozen_confirmed_by_researcher,0.0,0.7411284255798876,-0.7411284255798876
2023-08-06,M3_tail50_rqi_dii_lpm,RQI_DII_v1.0,frozen_confirmed_by_researcher,0.0,0.7451618633366763,-0.7451618633366763
2023-08-07,M3_tail50_rqi_dii_lpm,RQI_DII_v1.0,frozen_confirmed_by_researcher,0.0,0.7489715538021358,-0.7489715538021358
2023-08-08,M3_tail50_rqi_dii_lpm,RQI_DII_v1.0,frozen_confirmed_by_researcher,0.0,0.7215709930291041,-0.7215709930291041
2023-08-09,M3_tail50_rqi_dii_lpm,RQI_DII_v1.0,frozen_confirmed_by_researcher,0.0,0.6893969246391407,-0.6893969246391407
2023-08-10,M3_tail50_rqi_dii_lpm,RQI_DII_v1.0,frozen_confirmed_by_researcher,0.0,0.6956200858282671,-0.6956200858282671
2023-08-11,M3_tail50_rqi_dii_lpm,RQI_DII_v1.0,frozen_confirmed_by_researcher,0.0,0.7310125470779667,-0.7310125470779667
2023-08-12,M3_tail50_rqi_dii_lpm,RQI_DII_v1.0,frozen_confirmed_by_researcher,0.0,0.7426544698077464,-0.7426544698077464
2023-08-13,M3_tail50_rqi_dii_lpm,RQI_DII_v1.0,frozen_confirmed_by_researcher,0.0,0.7358995635269423,-0.7358995635269423
2023-08-14,M3_tail50_rqi_dii_lpm,RQI_DII_v1.0,frozen_confirmed_by_researcher,0.0,0.7321064201737215,-0.7321064201737215
2023-08-15,M3_tail50_rqi_dii_lpm,RQI_DII_v1.0,frozen_confirmed_by_researcher,0.0,0.782636292408057,-0.782636292408057
2023-08-16,M3_tail50_rqi_dii_lpm,RQI_DII_v1.0,frozen_confirmed_by_researcher,0.0,0.7760148233370217,-0.7760148233370217
2023-08-17,M3_tail50_rqi_dii_lpm,RQI_DII_v1.0,frozen_confirmed_by_researcher,0.0,0.7700245718253313,-0.7700245718253313
2023-08-18,M3_tail50_rqi_dii_lpm,RQI_DII_v1.0,frozen_confirmed_by_researcher,0.0,0.7615842761369436,-0.7615842761369436
2023-08-19,M3_tail50_rqi_dii_lpm,RQI_DII_v1.0,frozen_confirmed_by_researcher,0.0,0.8477737865045185,-0.8477737865045185
2023-08-20,M3_tail50_rqi_dii_lpm,RQI_DII_v1.0,frozen_confirmed_by_researcher,0.0,0.8046661863432689,-0.8046661863432689
2023-08-21,M3_tail50_rqi_dii_lpm,RQI_DII_v1.0,frozen_confirmed_by_researcher,0.0,0.806980112862874,-0.806980112862874
2023-08-22,M3_tail50_rqi_dii_lpm,RQI_DII_v1.0,frozen_confirmed_by_researcher,0.0,0.8110859479390058,-0.8110859479390058
2023-08-23,M3_tail50_rqi_dii_lpm,RQI_DII_v1.0,frozen_confirmed_by_researcher,0.0,0.8280498503627598,-0.8280498503627598
2023-08-24,M3_tail50_rqi_dii_lpm,RQI_DII_v1.0,frozen_confirmed_by_researcher,0.0,0.8095145425376415,-0.8095145425376415
2023-08-25,M3_tail50_rqi_dii_lpm,RQI_DII_v1.0,frozen_confirmed_by_researcher,0.0,0.8406723382259713,-0.8406723382259713
2023-08-26,M3_tail50_rqi_dii_lpm,RQI_DII_v1.0,frozen_confirmed_by_researcher,0.0,0.8275669180919181,-0.8275669180919181
2023-08-27,M3_tail50_rqi_dii_lpm,RQI_DII_v1.0,frozen_confirmed_by_researcher,0.0,0.8179399004768015,-0.8179399004768015
2023-08-28,M3_tail50_rqi_dii_lpm,RQI_DII_v1.0,frozen_confirmed_by_researcher,0.0,0.8070205524209655,-0.8070205524209655
2023-08-29,M3_tail50_rqi_dii_lpm,RQI_DII_v1.0,frozen_confirmed_by_researcher,0.0,0.8138476910843906,-0.8138476910843906
2023-08-30,M3_tail50_rqi_dii_lpm,RQI_DII_v1.0,frozen_confirmed_by_researcher,0.0,0.36442559542285835,-0.36442559542285835
2023-08-31,M3_tail50_rqi_dii_lpm,RQI_DII_v1.0,frozen_confirmed_by_researcher,0.0,0.37817409661343504,-0.37817409661343504
2023-09-01,M3_tail50_rqi_dii_lpm,RQI_DII_v1.0,frozen_confirmed_by_researcher,0.0,0.3601060260112945,-0.3601060260112945
2023-09-02,M3_tail50_rqi_dii_lpm,RQI_DII_v1.0,frozen_confirmed_by_researcher,0.0,0.3776759289345648,-0.3776759289345648
2023-09-03,M3_tail50_rqi_dii_lpm,RQI_DII_v1.0,frozen_confirmed_by_researcher,0.0,0.37792961593228824,-0.37792961593228824
2023-09-04,M3_tail50_rqi_dii_lpm,RQI_DII_v1.0,frozen_confirmed_by_researcher,0.0,0.3701004576561502,-0.3701004576561502
2023-09-05,M3_tail50_rqi_dii_lpm,RQI_DII_v1.0,frozen_confirmed_by_researcher,0.0,0.4120196406207697,-0.4120196406207697
2023-09-06,M3_tail50_rqi_dii_lpm,RQI_DII_v1.0,frozen_confirmed_by_researcher,0.0,0.45613996819733416,-0.45613996819733416
2023-09-07,M3_tail50_rqi_dii_lpm,RQI_DII_v1.0,frozen_confirmed_by_researcher,0.0,0.4637823623241957,-0.4637823623241957
2023-09-08,M3_tail50_rqi_dii_lpm,RQI_DII_v1.0,frozen_confirmed_by_researcher,0.0,0.5072215573021595,-0.5072215573021595
2023-09-09,M3_tail50_rqi_dii_lpm,RQI_DII_v1.0,frozen_confirmed_by_researcher,0.0,0.4781404521298498,-0.4781404521298498
2023-09-10,M3_tail50_rqi_dii_lpm,RQI_DII_v1.0,frozen_confirmed_by_researcher,0.0,0.4740832222516076,-0.4740832222516076
2023-09-11,M3_tail50_rqi_dii_lpm,RQI_DII_v1.0,frozen_confirmed_by_researcher,0.0,0.46265951838995534,-0.46265951838995534
2023-09-12,M3_tail50_rqi_dii_lpm,RQI_DII_v1.0,frozen_confirmed_by_researcher,0.0,0.48328201499239754,-0.48328201499239754
2023-09-13,M3_tail50_rqi_dii_lpm,RQI_DII_v1.0,frozen_confirmed_by_researcher,0.0,0.46094832257801954,-0.46094832257801954
2023-09-14,M3_tail50_rqi_dii_lpm,RQI_DII_v1.0,frozen_confirmed_by_researcher,0.0,0.4546211740645276,-0.4546211740645276
2023-09-15,M3_tail50_rqi_dii_lpm,RQI_DII_v1.0,frozen_confirmed_by_researcher,0.0,0.46901697833456524,-0.46901697833456524
2023-09-16,M3_tail50_rqi_dii_lpm,RQI_DII_v1.0,frozen_confirmed_by_researcher,0.0,0.4869732625812162,-0.4869732625812162
2023-09-17,M3_tail50_rqi_dii_lpm,RQI_DII_v1.0,frozen_confirmed_by_researcher,0.0,0.47681827765953244,-0.47681827765953244
2023-09-18,M3_tail50_rqi_dii_lpm,RQI_DII_v1.0,frozen_confirmed_by_researcher,0.0,0.4792456814155912,-0.4792456814155912
2023-09-19,M3_tail50_rqi_dii_lpm,RQI_DII_v1.0,frozen_confirmed_by_researcher,0.0,0.4918256141682207,-0.4918256141682207
2023-09-20,M3_tail50_rqi_dii_lpm,RQI_DII_v1.0,frozen_confirmed_by_researcher,0.0,0.5135911419792762,-0.5135911419792762
2023-09-21,M3_tail50_rqi_dii_lpm,RQI_DII_v1.0,frozen_confirmed_by_researcher,0.0,0.53729860258656,-0.53729860258656
2023-09-22,M3_tail50_rqi_dii_lpm,RQI_DII_v1.0,frozen_confirmed_by_researcher,0.0,0.584622753248567,-0.584622753248567
2023-09-23,M3_tail50_rqi_dii_lpm,RQI_DII_v1.0,frozen_confirmed_by_researcher,0.0,0.5997487757844908,-0.5997487757844908
2023-09-24,M3_tail50_rqi_dii_lpm,RQI_DII_v1.0,frozen_confirmed_by_researcher,0.0,0.5996891879381678,-0.5996891879381678
2023-09-25,M3_tail50_rqi_dii_lpm,RQI_DII_v1.0,frozen_confirmed_by_researcher,0.0,0.6017136779708494,-0.6017136779708494
2023-09-26,M3_tail50_rqi_dii_lpm,RQI_DII_v1.0,frozen_confirmed_by_researcher,0.0,0.6507888112311662,-0.6507888112311662
2023-09-27,M3_tail50_rqi_dii_lpm,RQI_DII_v1.0,frozen_confirmed_by_researcher,0.0,0.6594004221787202,-0.6594004221787202
2023-09-28,M3_tail50_rqi_dii_lpm,RQI_DII_v1.0,frozen_confirmed_by_researcher,0.0,0.6962802196046596,-0.6962802196046596
2023-09-29,M3_tail50_rqi_dii_lpm,RQI_DII_v1.0,frozen_confirmed_by_researcher,0.0,0.4103343166443665,-0.4103343166443665
2023-09-30,M3_tail50_rqi_dii_lpm,RQI_DII_v1.0,frozen_confirmed_by_researcher,0.0,0.512166067773137,-0.512166067773137
2023-10-01,M3_tail50_rqi_dii_lpm,RQI_DII_v1.0,frozen_confirmed_by_researcher,0.0,0.5009393312473946,-0.5009393312473946
2023-10-02,M3_tail50_rqi_dii_lpm,RQI_DII_v1.0,frozen_confirmed_by_researcher,0.0,0.4981024203441393,-0.4981024203441393
2023-10-03,M3_tail50_rqi_dii_lpm,RQI_DII_v1.0,frozen_confirmed_by_researcher,0.0,0.46638505955016285,-0.46638505955016285
2023-10-04,M3_tail50_rqi_dii_lpm,RQI_DII_v1.0,frozen_confirmed_by_researcher,0.0,0.506199825936875,-0.506199825936875
2023-10-05,M3_tail50_rqi_dii_lpm,RQI_DII_v1.0,frozen_confirmed_by_researcher,0.0,0.5297638330021073,-0.5297638330021073
2023-10-06,M3_tail50_rqi_dii_lpm,RQI_DII_v1.0,frozen_confirmed_by_researcher,0.0,0.5359826442686995,-0.5359826442686995
2023-10-07,M3_tail50_rqi_dii_lpm,RQI_DII_v1.0,frozen_confirmed_by_researcher,0.0,0.46940138023512645,-0.46940138023512645
2023-10-08,M3_tail50_rqi_dii_lpm,RQI_DII_v1.0,frozen_confirmed_by_researcher,0.0,0.4656535817736369,-0.4656535817736369
2023-10-09,M3_tail50_rqi_dii_lpm,RQI_DII_v1.0,frozen_confirmed_by_researcher,0.0,0.4652446228636222,-0.4652446228636222
2023-10-10,M3_tail50_rqi_dii_lpm,RQI_DII_v1.0,frozen_confirmed_by_researcher,0.0,0.47676427903124363,-0.47676427903124363
2023-10-11,M3_tail50_rqi_dii_lpm,RQI_DII_v1.0,frozen_confirmed_by_researcher,0.0,0.5108147522941522,-0.5108147522941522
2023-10-12,M3_tail50_rqi_dii_lpm,RQI_DII_v1.0,frozen_confirmed_by_researcher,0.0,0.556889533588901,-0.556889533588901
2023-10-13,M3_tail50_rqi_dii_lpm,RQI_DII_v1.0,frozen_confirmed_by_researcher,0.0,0.5885315627480168,-0.5885315627480168
2023-10-14,M3_tail50_rqi_dii_lpm,RQI_DII_v1.0,frozen_confirmed_by_researcher,0.0,0.600878550483344,-0.600878550483344
2023-10-15,M3_tail50_rqi_dii_lpm,RQI_DII_v1.0,frozen_confirmed_by_researcher,0.0,0.5959413394205626,-0.5959413394205626
2023-10-16,M3_tail50_rqi_dii_lpm,RQI_DII_v1.0,frozen_confirmed_by_researcher,0.0,0.5822141695544758,-0.5822141695544758
2023-10-17,M3_tail50_rqi_dii_lpm,RQI_DII_v1.0,frozen_confirmed_by_researcher,0.0,0.5671722522949949,-0.5671722522949949
2023-10-18,M3_tail50_rqi_dii_lpm,RQI_DII_v1.0,frozen_confirmed_by_researcher,0.0,0.5635678290607018,-0.5635678290607018
2023-10-19,M3_tail50_rqi_dii_lpm,RQI_DII_v1.0,frozen_confirmed_by_researcher,0.0,0.5687480632000756,-0.5687480632000756
2023-10-20,M3_tail50_rqi_dii_lpm,RQI_DII_v1.0,frozen_confirmed_by_researcher,0.0,0.5450241894795909,-0.5450241894795909
2023-10-21,M3_tail50_rqi_dii_lpm,RQI_DII_v1.0,frozen_confirmed_by_researcher,0.0,0.5359999917233438,-0.5359999917233438
2023-10-22,M3_tail50_rqi_dii_lpm,RQI_DII_v1.0,frozen_confirmed_by_researcher,0.0,0.5336630833216702,-0.5336630833216702
2023-10-23,M3_tail50_rqi_dii_lpm,RQI_DII_v1.0,frozen_confirmed_by_researcher,0.0,0.5397414067438149,-0.5397414067438149
2023-10-24,M3_tail50_rqi_dii_lpm,RQI_DII_v1.0,frozen_confirmed_by_researcher,0.0,0.5663793103173589,-0.5663793103173589
2023-10-25,M3_tail50_rqi_dii_lpm,RQI_DII_v1.0,frozen_confirmed_by_researcher,0.0,0.6734077604651247,-0.6734077604651247
2023-10-26,M3_tail50_rqi_dii_lpm,RQI_DII_v1.0,frozen_confirmed_by_researcher,0.0,0.646239282831857,-0.646239282831857
2023-10-27,M3_tail50_rqi_dii_lpm,RQI_DII_v1.0,frozen_confirmed_by_researcher,0.0,0.6577194887312316,-0.6577194887312316
2023-10-28,M3_tail50_rqi_dii_lpm,RQI_DII_v1.0,frozen_confirmed_by_researcher,0.0,0.6987041298721977,-0.6987041298721977
2023-10-29,M3_tail50_rqi_dii_lpm,RQI_DII_v1.0,frozen_confirmed_by_researcher,0.0,0.6935047338688776,-0.6935047338688776
2023-10-30,M3_tail50_rqi_dii_lpm,RQI_DII_v1.0,frozen_confirmed_by_researcher,0.0,-0.47661273685210404,0.47661273685210404
2023-10-31,M3_tail50_rqi_dii_lpm,RQI_DII_v1.0,frozen_confirmed_by_researcher,0.0,-0.4433278252866728,0.4433278252866728
2023-11-01,M3_tail50_rqi_dii_lpm,RQI_DII_v1.0,frozen_confirmed_by_researcher,0.0,-0.39580625942755887,0.39580625942755887
2023-11-02,M3_tail50_rqi_dii_lpm,RQI_DII_v1.0,frozen_confirmed_by_researcher,0.0,-0.3885309680522653,0.3885309680522653
2023-11-03,M3_tail50_rqi_dii_lpm,RQI_DII_v1.0,frozen_confirmed_by_researcher,0.0,-0.3071531070397384,0.3071531070397384
2023-11-04,M3_tail50_rqi_dii_lpm,RQI_DII_v1.0,frozen_confirmed_by_researcher,0.0,-0.31222005826808186,0.31222005826808186
2023-11-05,M3_tail50_rqi_dii_lpm,RQI_DII_v1.0,frozen_confirmed_by_researcher,0.0,-0.3308813367962671,0.3308813367962671
2023-11-06,M3_tail50_rqi_dii_lpm,RQI_DII_v1.0,frozen_confirmed_by_researcher,0.0,-0.33289003425585406,0.33289003425585406
2023-11-07,M3_tail50_rqi_dii_lpm,RQI_DII_v1.0,frozen_confirmed_by_researcher,0.0,-0.27993257255243975,0.27993257255243975
2023-11-08,M3_tail50_rqi_dii_lpm,RQI_DII_v1.0,frozen_confirmed_by_researcher,0.0,-0.25902569905005635,0.25902569905005635
2023-11-09,M3_tail50_rqi_dii_lpm,RQI_DII_v1.0,frozen_confirmed_by_researcher,0.0,-0.21819926889187968,0.21819926889187968
2023-11-10,M3_tail50_rqi_dii_lpm,RQI_DII_v1.0,frozen_confirmed_by_researcher,0.0,-0.1824289127996508,0.1824289127996508
2023-11-11,M3_tail50_rqi_dii_lpm,RQI_DII_v1.0,frozen_confirmed_by_researcher,0.0,-0.18716115044969683,0.18716115044969683
2023-11-12,M3_tail50_rqi_dii_lpm,RQI_DII_v1.0,frozen_confirmed_by_researcher,0.0,-0.20059876348670969,0.20059876348670969
2023-11-13,M3_tail50_rqi_dii_lpm,RQI_DII_v1.0,frozen_confirmed_by_researcher,0.0,-0.2081089057703025,0.2081089057703025
2023-11-14,M3_tail50_rqi_dii_lpm,RQI_DII_v1.0,frozen_confirmed_by_researcher,0.0,-0.14007865536845543,0.14007865536845543
2023-11-15,M3_tail50_rqi_dii_lpm,RQI_DII_v1.0,frozen_confirmed_by_researcher,0.0,-0.0793849742727275,0.0793849742727275
2023-11-16,M3_tail50_rqi_dii_lpm,RQI_DII_v1.0,frozen_confirmed_by_researcher,0.0,-0.1459054872229899,0.1459054872229899
2023-11-17,M3_tail50_rqi_dii_lpm,RQI_DII_v1.0,frozen_confirmed_by_researcher,0.0,-0.15993875832023718,0.15993875832023718
2023-11-18,M3_tail50_rqi_dii_lpm,RQI_DII_v1.0,frozen_confirmed_by_researcher,0.0,-0.22397612011513957,0.22397612011513957
2023-11-19,M3_tail50_rqi_dii_lpm,RQI_DII_v1.0,frozen_confirmed_by_researcher,0.0,-0.2239472366220241,0.2239472366220241
2023-11-20,M3_tail50_rqi_dii_lpm,RQI_DII_v1.0,frozen_confirmed_by_researcher,0.0,-0.23193142433854064,0.23193142433854064
2023-11-21,M3_tail50_rqi_dii_lpm,RQI_DII_v1.0,frozen_confirmed_by_researcher,0.0,-0.23932602998493735,0.23932602998493735
2023-11-22,M3_tail50_rqi_dii_lpm,RQI_DII_v1.0,frozen_confirmed_by_researcher,0.0,-0.194856888612577,0.194856888612577
2023-11-23,M3_tail50_rqi_dii_lpm,RQI_DII_v1.0,frozen_confirmed_by_researcher,0.0,-0.2020927158870336,0.2020927158870336
2023-11-24,M3_tail50_rqi_dii_lpm,RQI_DII_v1.0,frozen_confirmed_by_researcher,0.0,-0.20322119031152397,0.20322119031152397
2023-11-25,M3_tail50_rqi_dii_lpm,RQI_DII_v1.0,frozen_confirmed_by_researcher,0.0,-0.2596742171255073,0.2596742171255073
2023-11-26,M3_tail50_rqi_dii_lpm,RQI_DII_v1.0,frozen_confirmed_by_researcher,0.0,-0.2554184151309187,0.2554184151309187
2023-11-27,M3_tail50_rqi_dii_lpm,RQI_DII_v1.0,frozen_confirmed_by_researcher,0.0,-0.2371560608646348,0.2371560608646348
2023-11-28,M3_tail50_rqi_dii_lpm,RQI_DII_v1.0,frozen_confirmed_by_researcher,0.0,-0.16958647301120777,0.16958647301120777
2023-11-29,M3_tail50_rqi_dii_lpm,RQI_DII_v1.0,frozen_confirmed_by_researcher,0.0,-0.21316010028118626,0.21316010028118626
2023-11-30,M3_tail50_rqi_dii_lpm,RQI_DII_v1.0,frozen_confirmed_by_researcher,0.0,-0.18450178714240906,0.18450178714240906
2023-12-01,M3_tail50_rqi_dii_lpm,RQI_DII_v1.0,frozen_confirmed_by_researcher,0.0,-0.19327008230268916,0.19327008230268916
2023-12-02,M3_tail50_rqi_dii_lpm,RQI_DII_v1.0,frozen_confirmed_by_researcher,0.0,-0.1918886267135349,0.1918886267135349
2023-12-03,M3_tail50_rqi_dii_lpm,RQI_DII_v1.0,frozen_confirmed_by_researcher,0.0,-0.1840349205425582,0.1840349205425582
2023-12-04,M3_tail50_rqi_dii_lpm,RQI_DII_v1.0,frozen_confirmed_by_researcher,0.0,-0.17401132099061556,0.17401132099061556
2023-12-05,M3_tail50_rqi_dii_lpm,RQI_DII_v1.0,frozen_confirmed_by_researcher,0.0,-0.13510124980794558,0.13510124980794558
2023-12-06,M3_tail50_rqi_dii_lpm,RQI_DII_v1.0,frozen_confirmed_by_researcher,0.0,-0.10780576160138367,0.10780576160138367
2023-12-07,M3_tail50_rqi_dii_lpm,RQI_DII_v1.0,frozen_confirmed_by_researcher,0.0,-0.10084462964837826,0.10084462964837826
2023-12-08,M3_tail50_rqi_dii_lpm,RQI_DII_v1.0,frozen_confirmed_by_researcher,0.0,-0.11336119138977097,0.11336119138977097
2023-12-09,M3_tail50_rqi_dii_lpm,RQI_DII_v1.0,frozen_confirmed_by_researcher,0.0,-0.15378355798040388,0.15378355798040388
2023-12-10,M3_tail50_rqi_dii_lpm,RQI_DII_v1.0,frozen_confirmed_by_researcher,0.0,-0.16198220361175686,0.16198220361175686
2023-12-11,M3_tail50_rqi_dii_lpm,RQI_DII_v1.0,frozen_confirmed_by_researcher,0.0,-0.1581335430157651,0.1581335430157651
2023-12-12,M3_tail50_rqi_dii_lpm,RQI_DII_v1.0,frozen_confirmed_by_researcher,0.0,-0.04674280368891459,0.04674280368891459
2023-12-13,M3_tail50_rqi_dii_lpm,RQI_DII_v1.0,frozen_confirmed_by_researcher,0.0,-0.01381169877947741,0.01381169877947741
2023-12-14,M3_tail50_rqi_dii_lpm,RQI_DII_v1.0,frozen_confirmed_by_researcher,0.0,-0.07675736041107939,0.07675736041107939
2023-12-15,M3_tail50_rqi_dii_lpm,RQI_DII_v1.0,frozen_confirmed_by_researcher,0.0,-0.18391187391549124,0.18391187391549124
2023-12-16,M3_tail50_rqi_dii_lpm,RQI_DII_v1.0,frozen_confirmed_by_researcher,0.0,-0.20927148599142242,0.20927148599142242
2023-12-17,M3_tail50_rqi_dii_lpm,RQI_DII_v1.0,frozen_confirmed_by_researcher,0.0,-0.2083304638532013,0.2083304638532013
2023-12-18,M3_tail50_rqi_dii_lpm,RQI_DII_v1.0,frozen_confirmed_by_researcher,0.0,-0.1920912957736789,0.1920912957736789
2023-12-19,M3_tail50_rqi_dii_lpm,RQI_DII_v1.0,frozen_confirmed_by_researcher,0.0,-0.22896590817200035,0.22896590817200035
2023-12-20,M3_tail50_rqi_dii_lpm,RQI_DII_v1.0,frozen_confirmed_by_researcher,0.0,-0.2881030139643599,0.2881030139643599
2023-12-21,M3_tail50_rqi_dii_lpm,RQI_DII_v1.0,frozen_confirmed_by_researcher,0.0,-0.3209600540381814,0.3209600540381814
2023-12-22,M3_tail50_rqi_dii_lpm,RQI_DII_v1.0,frozen_confirmed_by_researcher,0.0,1.1522034874624296,-1.1522034874624296
2023-12-23,M3_tail50_rqi_dii_lpm,RQI_DII_v1.0,frozen_confirmed_by_researcher,0.0,1.0845178618399132,-1.0845178618399132
2023-12-24,M3_tail50_rqi_dii_lpm,RQI_DII_v1.0,frozen_confirmed_by_researcher,0.0,1.083605046627241,-1.083605046627241
2023-12-25,M3_tail50_rqi_dii_lpm,RQI_DII_v1.0,frozen_confirmed_by_researcher,0.0,1.0804199071885137,-1.0804199071885137
2023-12-26,M3_tail50_rqi_dii_lpm,RQI_DII_v1.0,frozen_confirmed_by_researcher,0.0,1.0972171525397982,-1.0972171525397982
2023-12-27,M3_tail50_rqi_dii_lpm,RQI_DII_v1.0,frozen_confirmed_by_researcher,0.0,1.1893318218012325,-1.1893318218012325
2023-12-28,M3_tail50_rqi_dii_lpm,RQI_DII_v1.0,frozen_confirmed_by_researcher,0.0,1.150658009011181,-1.150658009011181
2023-12-29,M3_tail50_rqi_dii_lpm,RQI_DII_v1.0,frozen_confirmed_by_researcher,0.0,1.1673757819096409,-1.1673757819096409
2023-12-30,M3_tail50_rqi_dii_lpm,RQI_DII_v1.0,frozen_confirmed_by_researcher,0.0,1.1868121102062617,-1.1868121102062617
2023-12-31,M3_tail50_rqi_dii_lpm,RQI_DII_v1.0,frozen_confirmed_by_researcher,0.0,1.21317988115689,-1.21317988115689
2024-01-01,M3_tail50_rqi_dii_lpm,RQI_DII_v1.0,frozen_confirmed_by_researcher,0.0,1.2597492171516365,-1.2597492171516365
2024-01-02,M3_tail50_rqi_dii_lpm,RQI_DII_v1.0,frozen_confirmed_by_researcher,0.0,1.240069096533631,-1.240069096533631
2024-01-03,M3_tail50_rqi_dii_lpm,RQI_DII_v1.0,frozen_confirmed_by_researcher,0.0,1.1999717418955242,-1.1999717418955242
2024-01-04,M3_tail50_rqi_dii_lpm,RQI_DII_v1.0,frozen_confirmed_by_researcher,0.0,1.163415301015874,-1.163415301015874
2024-01-05,M3_tail50_rqi_dii_lpm,RQI_DII_v1.0,frozen_confirmed_by_researcher,0.0,1.144396423128569,-1.144396423128569
2024-01-06,M3_tail50_rqi_dii_lpm,RQI_DII_v1.0,frozen_confirmed_by_researcher,0.0,1.0862687547109715,-1.0862687547109715
2024-01-07,M3_tail50_rqi_dii_lpm,RQI_DII_v1.0,frozen_confirmed_by_researcher,0.0,1.0837749843673805,-1.0837749843673805
2024-01-08,M3_tail50_rqi_dii_lpm,RQI_DII_v1.0,frozen_confirmed_by_researcher,0.0,1.087422894721982,-1.087422894721982
2024-01-09,M3_tail50_rqi_dii_lpm,RQI_DII_v1.0,frozen_confirmed_by_researcher,0.0,1.1068185209910268,-1.1068185209910268
2024-01-10,M3_tail50_rqi_dii_lpm,RQI_DII_v1.0,frozen_confirmed_by_researcher,0.0,1.151209936747506,-1.151209936747506
2024-01-11,M3_tail50_rqi_dii_lpm,RQI_DII_v1.0,frozen_confirmed_by_researcher,0.0,1.1540613434902411,-1.1540613434902411
2024-01-12,M3_tail50_rqi_dii_lpm,RQI_DII_v1.0,frozen_confirmed_by_researcher,0.0,1.155232922048242,-1.155232922048242
2024-01-13,M3_tail50_rqi_dii_lpm,RQI_DII_v1.0,frozen_confirmed_by_researcher,0.0,1.1387479213166216,-1.1387479213166216
2024-01-14,M3_tail50_rqi_dii_lpm,RQI_DII_v1.0,frozen_confirmed_by_researcher,0.0,1.1190544251973336,-1.1190544251973336
2024-01-15,M3_tail50_rqi_dii_lpm,RQI_DII_v1.0,frozen_confirmed_by_researcher,0.0,1.122735458969231,-1.122735458969231
2024-01-16,M3_tail50_rqi_dii_lpm,RQI_DII_v1.0,frozen_confirmed_by_researcher,0.0,1.1298150875210808,-1.1298150875210808
2024-01-17,M3_tail50_rqi_dii_lpm,RQI_DII_v1.0,frozen_confirmed_by_researcher,0.0,1.1392502895571113,-1.1392502895571113
2024-01-18,M3_tail50_rqi_dii_lpm,RQI_DII_v1.0,frozen_confirmed_by_researcher,0.0,1.0811236605518388,-1.0811236605518388
2024-01-19,M3_tail50_rqi_dii_lpm,RQI_DII_v1.0,frozen_confirmed_by_researcher,0.0,1.0959750667203139,-1.0959750667203139
2024-01-20,M3_tail50_rqi_dii_lpm,RQI_DII_v1.0,frozen_confirmed_by_researcher,0.0,1.1177917242848707,-1.1177917242848707
2024-01-21,M3_tail50_rqi_dii_lpm,RQI_DII_v1.0,frozen_confirmed_by_researcher,0.0,1.0849677077525257,-1.0849677077525257
2024-01-22,M3_tail50_rqi_dii_lpm,RQI_DII_v1.0,frozen_confirmed_by_researcher,0.0,1.0827337879479444,-1.0827337879479444
2024-01-23,M3_tail50_rqi_dii_lpm,RQI_DII_v1.0,frozen_confirmed_by_researcher,0.0,1.123864175074715,-1.123864175074715
2024-01-24,M3_tail50_rqi_dii_lpm,RQI_DII_v1.0,frozen_confirmed_by_researcher,0.0,1.118017910536338,-1.118017910536338
2024-01-25,M3_tail50_rqi_dii_lpm,RQI_DII_v1.0,frozen_confirmed_by_researcher,0.0,1.0931751265939624,-1.0931751265939624
2024-01-26,M3_tail50_rqi_dii_lpm,RQI_DII_v1.0,frozen_confirmed_by_researcher,0.0,1.055740323918485,-1.055740323918485
2024-01-27,M3_tail50_rqi_dii_lpm,RQI_DII_v1.0,frozen_confirmed_by_researcher,0.0,1.0415245498030288,-1.0415245498030288
2024-01-28,M3_tail50_rqi_dii_lpm,RQI_DII_v1.0,frozen_confirmed_by_researcher,0.0,1.0306371991059962,-1.0306371991059962
2024-01-29,M3_tail50_rqi_dii_lpm,RQI_DII_v1.0,frozen_confirmed_by_researcher,0.0,1.0284240058659009,-1.0284240058659009
2024-01-30,M3_tail50_rqi_dii_lpm,RQI_DII_v1.0,frozen_confirmed_by_researcher,0.0,0.9705029307458517,-0.9705029307458517
2024-01-31,M3_tail50_rqi_dii_lpm,RQI_DII_v1.0,frozen_confirmed_by_researcher,0.0,0.9150442642013559,-0.9150442642013559
2024-02-01,M3_tail50_rqi_dii_lpm,RQI_DII_v1.0,frozen_confirmed_by_researcher,0.0,0.8611841627157446,-0.8611841627157446
2024-02-02,M3_tail50_rqi_dii_lpm,RQI_DII_v1.0,frozen_confirmed_by_researcher,0.0,0.8798237623073248,-0.8798237623073248
2024-02-03,M3_tail50_rqi_dii_lpm,RQI_DII_v1.0,frozen_confirmed_by_researcher,0.0,0.8544283964945976,-0.8544283964945976
2024-02-04,M3_tail50_rqi_dii_lpm,RQI_DII_v1.0,frozen_confirmed_by_researcher,0.0,0.8451824300450141,-0.8451824300450141
2024-02-05,M3_tail50_rqi_dii_lpm,RQI_DII_v1.0,frozen_confirmed_by_researcher,0.0,0.837665373305299,-0.837665373305299
2024-02-06,M3_tail50_rqi_dii_lpm,RQI_DII_v1.0,frozen_confirmed_by_researcher,0.0,0.7663125726634235,-0.7663125726634235
2024-02-07,M3_tail50_rqi_dii_lpm,RQI_DII_v1.0,frozen_confirmed_by_researcher,0.0,0.7084364630991047,-0.7084364630991047
2024-02-08,M3_tail50_rqi_dii_lpm,RQI_DII_v1.0,frozen_confirmed_by_researcher,0.0,0.6642519905919357,-0.6642519905919357
2024-02-09,M3_tail50_rqi_dii_lpm,RQI_DII_v1.0,frozen_confirmed_by_researcher,0.0,0.6193496417780295,-0.6193496417780295
2024-02-10,M3_tail50_rqi_dii_lpm,RQI_DII_v1.0,frozen_confirmed_by_researcher,0.0,0.5774925076460988,-0.5774925076460988
2024-02-11,M3_tail50_rqi_dii_lpm,RQI_DII_v1.0,frozen_confirmed_by_researcher,0.0,0.5761666315031562,-0.5761666315031562
2024-02-12,M3_tail50_rqi_dii_lpm,RQI_DII_v1.0,frozen_confirmed_by_researcher,0.0,0.5851994291023175,-0.5851994291023175
2024-02-13,M3_tail50_rqi_dii_lpm,RQI_DII_v1.0,frozen_confirmed_by_researcher,0.0,0.6235677156246027,-0.6235677156246027
2024-02-14,M3_tail50_rqi_dii_lpm,RQI_DII_v1.0,frozen_confirmed_by_researcher,0.0,0.6131551095634507,-0.6131551095634507
2024-02-15,M3_tail50_rqi_dii_lpm,RQI_DII_v1.0,frozen_confirmed_by_researcher,0.0,0.5762994236692975,-0.5762994236692975
2024-02-16,M3_tail50_rqi_dii_lpm,RQI_DII_v1.0,frozen_confirmed_by_researcher,0.0,0.5613513716546095,-0.5613513716546095
2024-02-17,M3_tail50_rqi_dii_lpm,RQI_DII_v1.0,frozen_confirmed_by_researcher,0.0,0.5653296760626745,-0.5653296760626745
2024-02-18,M3_tail50_rqi_dii_lpm,RQI_DII_v1.0,frozen_confirmed_by_researcher,0.0,0.5676152976437834,-0.5676152976437834
2024-02-19,M3_tail50_rqi_dii_lpm,RQI_DII_v1.0,frozen_confirmed_by_researcher,0.0,0.5810936303360279,-0.5810936303360279
2024-02-20,M3_tail50_rqi_dii_lpm,RQI_DII_v1.0,frozen_confirmed_by_researcher,0.0,0.5937163749920273,-0.5937163749920273
2024-02-21,M3_tail50_rqi_dii_lpm,RQI_DII_v1.0,frozen_confirmed_by_researcher,0.0,0.6055746187921329,-0.6055746187921329
2024-02-22,M3_tail50_rqi_dii_lpm,RQI_DII_v1.0,frozen_confirmed_by_researcher,0.0,0.5956761595105036,-0.5956761595105036
2024-02-23,M3_tail50_rqi_dii_lpm,RQI_DII_v1.0,frozen_confirmed_by_researcher,0.0,0.6115269308905624,-0.6115269308905624
2024-02-24,M3_tail50_rqi_dii_lpm,RQI_DII_v1.0,frozen_confirmed_by_researcher,0.0,0.5941721310614696,-0.5941721310614696
2024-02-25,M3_tail50_rqi_dii_lpm,RQI_DII_v1.0,frozen_confirmed_by_researcher,0.0,0.5859105837595564,-0.5859105837595564
2024-02-26,M3_tail50_rqi_dii_lpm,RQI_DII_v1.0,frozen_confirmed_by_researcher,0.0,0.5833250558132193,-0.5833250558132193
2024-02-27,M3_tail50_rqi_dii_lpm,RQI_DII_v1.0,frozen_confirmed_by_researcher,0.0,0.5322397785048736,-0.5322397785048736
2024-02-28,M3_tail50_rqi_dii_lpm,RQI_DII_v1.0,frozen_confirmed_by_researcher,0.0,0.5480632238727026,-0.5480632238727026
2024-02-29,M3_tail50_rqi_dii_lpm,RQI_DII_v1.0,frozen_confirmed_by_researcher,0.0,1.3452793548448483,-1.3452793548448483
2024-03-01,M3_tail50_rqi_dii_lpm,RQI_DII_v1.0,frozen_confirmed_by_researcher,0.0,1.316886516876707,-1.316886516876707
2024-03-02,M3_tail50_rqi_dii_lpm,RQI_DII_v1.0,frozen_confirmed_by_researcher,0.0,1.2766433524311083,-1.2766433524311083
2024-03-03,M3_tail50_rqi_dii_lpm,RQI_DII_v1.0,frozen_confirmed_by_researcher,0.0,1.282809714989071,-1.282809714989071
2024-03-04,M3_tail50_rqi_dii_lpm,RQI_DII_v1.0,frozen_confirmed_by_researcher,0.0,1.2995938547637138,-1.2995938547637138
2024-03-05,M3_tail50_rqi_dii_lpm,RQI_DII_v1.0,frozen_confirmed_by_researcher,0.0,1.3181114751904488,-1.3181114751904488
2024-03-06,M3_tail50_rqi_dii_lpm,RQI_DII_v1.0,frozen_confirmed_by_researcher,0.0,1.3387279054817043,-1.3387279054817043
2024-03-07,M3_tail50_rqi_dii_lpm,RQI_DII_v1.0,frozen_confirmed_by_researcher,0.0,1.2785028735722506,-1.2785028735722506
2024-03-08,M3_tail50_rqi_dii_lpm,RQI_DII_v1.0,frozen_confirmed_by_researcher,0.0,1.2488032820907335,-1.2488032820907335
2024-03-09,M3_tail50_rqi_dii_lpm,RQI_DII_v1.0,frozen_confirmed_by_researcher,0.0,1.1265741195563805,-1.1265741195563805
2024-03-10,M3_tail50_rqi_dii_lpm,RQI_DII_v1.0,frozen_confirmed_by_researcher,0.0,1.1208197496751495,-1.1208197496751495
2024-03-11,M3_tail50_rqi_dii_lpm,RQI_DII_v1.0,frozen_confirmed_by_researcher,0.0,1.096782138320492,-1.096782138320492
2024-03-12,M3_tail50_rqi_dii_lpm,RQI_DII_v1.0,frozen_confirmed_by_researcher,0.0,1.0188658397614745,-1.0188658397614745
2024-03-13,M3_tail50_rqi_dii_lpm,RQI_DII_v1.0,frozen_confirmed_by_researcher,0.0,1.0306585460157578,-1.0306585460157578
2024-03-14,M3_tail50_rqi_dii_lpm,RQI_DII_v1.0,frozen_confirmed_by_researcher,0.0,0.9698746687750486,-0.9698746687750486
2024-03-15,M3_tail50_rqi_dii_lpm,RQI_DII_v1.0,frozen_confirmed_by_researcher,0.0,1.0171147657378299,-1.0171147657378299
2024-03-16,M3_tail50_rqi_dii_lpm,RQI_DII_v1.0,frozen_confirmed_by_researcher,0.0,0.9463632381575451,-0.9463632381575451
2024-03-17,M3_tail50_rqi_dii_lpm,RQI_DII_v1.0,frozen_confirmed_by_researcher,0.0,0.9372108419445624,-0.9372108419445624
2024-03-18,M3_tail50_rqi_dii_lpm,RQI_DII_v1.0,frozen_confirmed_by_researcher,0.0,0.9566964651238834,-0.9566964651238834
2024-03-19,M3_tail50_rqi_dii_lpm,RQI_DII_v1.0,frozen_confirmed_by_researcher,0.0,0.8913828125981524,-0.8913828125981524
2024-03-20,M3_tail50_rqi_dii_lpm,RQI_DII_v1.0,frozen_confirmed_by_researcher,100.0,0.8906159408179803,99.10938405918202
2024-03-21,M3_tail50_rqi_dii_lpm,RQI_DII_v1.0,frozen_confirmed_by_researcher,0.0,0.8422851335246548,-0.8422851335246548
2024-03-22,M3_tail50_rqi_dii_lpm,RQI_DII_v1.0,frozen_confirmed_by_researcher,0.0,0.7612293666177834,-0.7612293666177834
2024-03-23,M3_tail50_rqi_dii_lpm,RQI_DII_v1.0,frozen_confirmed_by_researcher,0.0,0.7244670038052732,-0.7244670038052732
2024-03-24,M3_tail50_rqi_dii_lpm,RQI_DII_v1.0,frozen_confirmed_by_researcher,0.0,0.7231507977292324,-0.7231507977292324
2024-03-25,M3_tail50_rqi_dii_lpm,RQI_DII_v1.0,frozen_confirmed_by_researcher,0.0,0.7286381345705877,-0.7286381345705877
2024-03-26,M3_tail50_rqi_dii_lpm,RQI_DII_v1.0,frozen_confirmed_by_researcher,0.0,0.5211986122621113,-0.5211986122621113
2024-03-27,M3_tail50_rqi_dii_lpm,RQI_DII_v1.0,frozen_confirmed_by_researcher,0.0,0.514867671834196,-0.514867671834196
2024-03-28,M3_tail50_rqi_dii_lpm,RQI_DII_v1.0,frozen_confirmed_by_researcher,0.0,0.5583256548534337,-0.5583256548534337
2024-03-29,M3_tail50_rqi_dii_lpm,RQI_DII_v1.0,frozen_confirmed_by_researcher,0.0,0.4883339057607259,-0.4883339057607259
2024-03-30,M3_tail50_rqi_dii_lpm,RQI_DII_v1.0,frozen_confirmed_by_researcher,0.0,0.4795164829341161,-0.4795164829341161
2024-03-31,M3_tail50_rqi_dii_lpm,RQI_DII_v1.0,frozen_confirmed_by_researcher,0.0,0.48636499501941444,-0.48636499501941444
2024-04-01,M3_tail50_rqi_dii_lpm,RQI_DII_v1.0,frozen_confirmed_by_researcher,0.0,0.4966450900703592,-0.4966450900703592
2024-04-02,M3_tail50_rqi_dii_lpm,RQI_DII_v1.0,frozen_confirmed_by_researcher,0.0,0.4601353817443794,-0.4601353817443794
2024-04-03,M3_tail50_rqi_dii_lpm,RQI_DII_v1.0,frozen_confirmed_by_researcher,0.0,0.428957815526843,-0.428957815526843
2024-04-04,M3_tail50_rqi_dii_lpm,RQI_DII_v1.0,frozen_confirmed_by_researcher,0.0,0.4264843313946187,-0.4264843313946187
2024-04-05,M3_tail50_rqi_dii_lpm,RQI_DII_v1.0,frozen_confirmed_by_researcher,0.0,0.4019930075814955,-0.4019930075814955
2024-04-06,M3_tail50_rqi_dii_lpm,RQI_DII_v1.0,frozen_confirmed_by_researcher,0.0,0.42650265925809094,-0.42650265925809094
2024-04-07,M3_tail50_rqi_dii_lpm,RQI_DII_v1.0,frozen_confirmed_by_researcher,0.0,0.4250979800346215,-0.4250979800346215
2024-04-08,M3_tail50_rqi_dii_lpm,RQI_DII_v1.0,frozen_confirmed_by_researcher,0.0,0.43256101249949097,-0.43256101249949097
2024-04-09,M3_tail50_rqi_dii_lpm,RQI_DII_v1.0,frozen_confirmed_by_researcher,0.0,0.49755143021045,-0.49755143021045
2024-04-10,M3_tail50_rqi_dii_lpm,RQI_DII_v1.0,frozen_confirmed_by_researcher,0.0,0.5630801788038298,-0.5630801788038298
2024-04-11,M3_tail50_rqi_dii_lpm,RQI_DII_v1.0,frozen_confirmed_by_researcher,0.0,0.5863770014793488,-0.5863770014793488
2024-04-12,M3_tail50_rqi_dii_lpm,RQI_DII_v1.0,frozen_confirmed_by_researcher,0.0,0.5834490998479396,-0.5834490998479396
2024-04-13,M3_tail50_rqi_dii_lpm,RQI_DII_v1.0,frozen_confirmed_by_researcher,0.0,0.6447562178680641,-0.6447562178680641
2024-04-14,M3_tail50_rqi_dii_lpm,RQI_DII_v1.0,frozen_confirmed_by_researcher,0.0,0.5695513059589246,-0.5695513059589246
2024-04-15,M3_tail50_rqi_dii_lpm,RQI_DII_v1.0,frozen_confirmed_by_researcher,0.0,0.503264704603481,-0.503264704603481
2024-04-16,M3_tail50_rqi_dii_lpm,RQI_DII_v1.0,frozen_confirmed_by_researcher,0.0,0.48446327358470853,-0.48446327358470853
2024-04-17,M3_tail50_rqi_dii_lpm,RQI_DII_v1.0,frozen_confirmed_by_researcher,0.0,0.4489924114883195,-0.4489924114883195
2024-04-18,M3_tail50_rqi_dii_lpm,RQI_DII_v1.0,frozen_confirmed_by_researcher,0.0,0.3236807690548744,-0.3236807690548744
2024-04-19,M3_tail50_rqi_dii_lpm,RQI_DII_v1.0,frozen_confirmed_by_researcher,0.0,0.2441868187121372,-0.2441868187121372
2024-04-20,M3_tail50_rqi_dii_lpm,RQI_DII_v1.0,frozen_confirmed_by_researcher,0.0,0.08443702793940133,-0.08443702793940133
2024-04-21,M3_tail50_rqi_dii_lpm,RQI_DII_v1.0,frozen_confirmed_by_researcher,0.0,0.12687190209487653,-0.12687190209487653
2024-04-22,M3_tail50_rqi_dii_lpm,RQI_DII_v1.0,frozen_confirmed_by_researcher,0.0,0.16705107118508522,-0.16705107118508522
2024-04-23,M3_tail50_rqi_dii_lpm,RQI_DII_v1.0,frozen_confirmed_by_researcher,0.0,0.21795188474277438,-0.21795188474277438
2024-04-24,M3_tail50_rqi_dii_lpm,RQI_DII_v1.0,frozen_confirmed_by_researcher,0.0,0.29953145402220116,-0.29953145402220116
2024-04-25,M3_tail50_rqi_dii_lpm,RQI_DII_v1.0,frozen_confirmed_by_researcher,0.0,0.3029983090154076,-0.3029983090154076
2024-04-26,M3_tail50_rqi_dii_lpm,RQI_DII_v1.0,frozen_confirmed_by_researcher,0.0,0.30646516400864243,-0.30646516400864243
2024-04-27,M3_tail50_rqi_dii_lpm,RQI_DII_v1.0,frozen_confirmed_by_researcher,0.0,0.30993201900184886,-0.30993201900184886
2024-04-28,M3_tail50_rqi_dii_lpm,RQI_DII_v1.0,frozen_confirmed_by_researcher,0.0,0.31052070814220656,-0.31052070814220656
2024-04-29,M3_tail50_rqi_dii_lpm,RQI_DII_v1.0,frozen_confirmed_by_researcher,0.0,0.3147223914805011,-0.3147223914805011
2024-04-30,M3_tail50_rqi_dii_lpm,RQI_DII_v1.0,frozen_confirmed_by_researcher,0.0,0.35204316845201333,-0.35204316845201333
2024-05-01,M3_tail50_rqi_dii_lpm,RQI_DII_v1.0,frozen_confirmed_by_researcher,0.0,0.3249765915066405,-0.3249765915066405
2024-05-02,M3_tail50_rqi_dii_lpm,RQI_DII_v1.0,frozen_confirmed_by_researcher,0.0,0.3535326813833706,-0.3535326813833706
2024-05-03,M3_tail50_rqi_dii_lpm,RQI_DII_v1.0,frozen_confirmed_by_researcher,0.0,0.3280334667594502,-0.3280334667594502
2024-05-04,M3_tail50_rqi_dii_lpm,RQI_DII_v1.0,frozen_confirmed_by_researcher,0.0,0.27476534420040366,-0.27476534420040366
2024-05-05,M3_tail50_rqi_dii_lpm,RQI_DII_v1.0,frozen_confirmed_by_researcher,0.0,0.25323295613367236,-0.25323295613367236
2024-05-06,M3_tail50_rqi_dii_lpm,RQI_DII_v1.0,frozen_confirmed_by_researcher,0.0,0.25200551532967097,-0.25200551532967097
2024-05-07,M3_tail50_rqi_dii_lpm,RQI_DII_v1.0,frozen_confirmed_by_researcher,0.0,0.3170794995215829,-0.3170794995215829
2024-05-08,M3_tail50_rqi_dii_lpm,RQI_DII_v1.0,frozen_confirmed_by_researcher,0.0,0.31652199182880736,-0.31652199182880736
2024-05-09,M3_tail50_rqi_dii_lpm,RQI_DII_v1.0,frozen_confirmed_by_researcher,0.0,0.35626427763676816,-0.35626427763676816
2024-05-10,M3_tail50_rqi_dii_lpm,RQI_DII_v1.0,frozen_confirmed_by_researcher,0.0,0.3583606360578244,-0.3583606360578244
2024-05-11,M3_tail50_rqi_dii_lpm,RQI_DII_v1.0,frozen_confirmed_by_researcher,0.0,0.3616963224091876,-0.3616963224091876
2024-05-12,M3_tail50_rqi_dii_lpm,RQI_DII_v1.0,frozen_confirmed_by_researcher,0.0,0.36251772841475827,-0.36251772841475827
2024-05-13,M3_tail50_rqi_dii_lpm,RQI_DII_v1.0,frozen_confirmed_by_researcher,0.0,0.3671151478938839,-0.3671151478938839
2024-05-14,M3_tail50_rqi_dii_lpm,RQI_DII_v1.0,frozen_confirmed_by_researcher,0.0,0.3652017115530839,-0.3652017115530839
2024-05-15,M3_tail50_rqi_dii_lpm,RQI_DII_v1.0,frozen_confirmed_by_researcher,0.0,0.41278837705078786,-0.41278837705078786
2024-05-16,M3_tail50_rqi_dii_lpm,RQI_DII_v1.0,frozen_confirmed_by_researcher,0.0,0.34300436271297485,-0.34300436271297485
2024-05-17,M3_tail50_rqi_dii_lpm,RQI_DII_v1.0,frozen_confirmed_by_researcher,0.0,0.33734521198937273,-0.33734521198937273
2024-05-18,M3_tail50_rqi_dii_lpm,RQI_DII_v1.0,frozen_confirmed_by_researcher,0.0,0.31387669101309257,-0.31387669101309257
2024-05-19,M3_tail50_rqi_dii_lpm,RQI_DII_v1.0,frozen_confirmed_by_researcher,0.0,0.300299423003878,-0.300299423003878
2024-05-20,M3_tail50_rqi_dii_lpm,RQI_DII_v1.0,frozen_confirmed_by_researcher,0.0,0.3116985266786685,-0.3116985266786685
2024-05-21,M3_tail50_rqi_dii_lpm,RQI_DII_v1.0,frozen_confirmed_by_researcher,0.0,0.3485605618302827,-0.3485605618302827
2024-05-22,M3_tail50_rqi_dii_lpm,RQI_DII_v1.0,frozen_confirmed_by_researcher,0.0,0.39749355306412326,-0.39749355306412326
2024-05-23,M3_tail50_rqi_dii_lpm,RQI_DII_v1.0,frozen_confirmed_by_researcher,0.0,0.3985450231917014,-0.3985450231917014
2024-05-24,M3_tail50_rqi_dii_lpm,RQI_DII_v1.0,frozen_confirmed_by_researcher,0.0,0.46739920166317006,-0.46739920166317006
2024-05-25,M3_tail50_rqi_dii_lpm,RQI_DII_v1.0,frozen_confirmed_by_researcher,0.0,0.47017997918078436,-0.47017997918078436
2024-05-26,M3_tail50_rqi_dii_lpm,RQI_DII_v1.0,frozen_confirmed_by_researcher,0.0,0.48170393504213393,-0.48170393504213393
2024-05-27,M3_tail50_rqi_dii_lpm,RQI_DII_v1.0,frozen_confirmed_by_researcher,0.0,0.5031598830913424,-0.5031598830913424
2024-05-28,M3_tail50_rqi_dii_lpm,RQI_DII_v1.0,frozen_confirmed_by_researcher,0.0,0.523909889647939,-0.523909889647939
2024-05-29,M3_tail50_rqi_dii_lpm,RQI_DII_v1.0,frozen_confirmed_by_researcher,0.0,0.576421664247249,-0.576421664247249
2024-05-30,M3_tail50_rqi_dii_lpm,RQI_DII_v1.0,frozen_confirmed_by_researcher,0.0,0.6066713581801935,-0.6066713581801935
2024-05-31,M3_tail50_rqi_dii_lpm,RQI_DII_v1.0,frozen_confirmed_by_researcher,0.0,0.5748290367804145,-0.5748290367804145
2024-06-01,M3_tail50_rqi_dii_lpm,RQI_DII_v1.0,frozen_confirmed_by_researcher,0.0,0.5675836623302928,-0.5675836623302928
2024-06-02,M3_tail50_rqi_dii_lpm,RQI_DII_v1.0,frozen_confirmed_by_researcher,0.0,0.5801550683201526,-0.5801550683201526
2024-06-03,M3_tail50_rqi_dii_lpm,RQI_DII_v1.0,frozen_confirmed_by_researcher,0.0,0.5830238812514494,-0.5830238812514494
2024-06-04,M3_tail50_rqi_dii_lpm,RQI_DII_v1.0,frozen_confirmed_by_researcher,0.0,0.5962535204434118,-0.5962535204434118
2024-06-05,M3_tail50_rqi_dii_lpm,RQI_DII_v1.0,frozen_confirmed_by_researcher,0.0,0.5831884907258882,-0.5831884907258882
2024-06-06,M3_tail50_rqi_dii_lpm,RQI_DII_v1.0,frozen_confirmed_by_researcher,0.0,0.5558520501188298,-0.5558520501188298
2024-06-07,M3_tail50_rqi_dii_lpm,RQI_DII_v1.0,frozen_confirmed_by_researcher,0.0,0.5705763129756463,-0.5705763129756463
2024-06-08,M3_tail50_rqi_dii_lpm,RQI_DII_v1.0,frozen_confirmed_by_researcher,0.0,0.6316388057567224,-0.6316388057567224
2024-06-09,M3_tail50_rqi_dii_lpm,RQI_DII_v1.0,frozen_confirmed_by_researcher,0.0,0.6402453752544943,-0.6402453752544943
2024-06-10,M3_tail50_rqi_dii_lpm,RQI_DII_v1.0,frozen_confirmed_by_researcher,0.0,0.6410642556490131,-0.6410642556490131
2024-06-11,M3_tail50_rqi_dii_lpm,RQI_DII_v1.0,frozen_confirmed_by_researcher,0.0,0.667958532718302,-0.667958532718302
2024-06-12,M3_tail50_rqi_dii_lpm,RQI_DII_v1.0,frozen_confirmed_by_researcher,0.0,0.6660273715100402,-0.6660273715100402
2024-06-13,M3_tail50_rqi_dii_lpm,RQI_DII_v1.0,frozen_confirmed_by_researcher,0.0,0.6150493358285303,-0.6150493358285303
2024-06-14,M3_tail50_rqi_dii_lpm,RQI_DII_v1.0,frozen_confirmed_by_researcher,0.0,0.5832423172348626,-0.5832423172348626
2024-06-15,M3_tail50_rqi_dii_lpm,RQI_DII_v1.0,frozen_confirmed_by_researcher,0.0,0.6101034375075756,-0.6101034375075756
2024-06-16,M3_tail50_rqi_dii_lpm,RQI_DII_v1.0,frozen_confirmed_by_researcher,0.0,0.6179738195170046,-0.6179738195170046
2024-06-17,M3_tail50_rqi_dii_lpm,RQI_DII_v1.0,frozen_confirmed_by_researcher,0.0,0.6127909532153524,-0.6127909532153524
2024-06-18,M3_tail50_rqi_dii_lpm,RQI_DII_v1.0,frozen_confirmed_by_researcher,0.0,0.6219139738274464,-0.6219139738274464
2024-06-19,M3_tail50_rqi_dii_lpm,RQI_DII_v1.0,frozen_confirmed_by_researcher,0.0,0.5601810085595957,-0.5601810085595957
2024-06-20,M3_tail50_rqi_dii_lpm,RQI_DII_v1.0,frozen_confirmed_by_researcher,0.0,0.5624620654720331,-0.5624620654720331
2024-06-21,M3_tail50_rqi_dii_lpm,RQI_DII_v1.0,frozen_confirmed_by_researcher,0.0,0.6036521976063227,-0.6036521976063227
2024-06-22,M3_tail50_rqi_dii_lpm,RQI_DII_v1.0,frozen_confirmed_by_researcher,0.0,0.591163848823868,-0.591163848823868
2024-06-23,M3_tail50_rqi_dii_lpm,RQI_DII_v1.0,frozen_confirmed_by_researcher,0.0,0.5902690106603359,-0.5902690106603359
2024-06-24,M3_tail50_rqi_dii_lpm,RQI_DII_v1.0,frozen_confirmed_by_researcher,0.0,0.5983319766107229,-0.5983319766107229
2024-06-25,M3_tail50_rqi_dii_lpm,RQI_DII_v1.0,frozen_confirmed_by_researcher,0.0,0.6263596686008839,-0.6263596686008839
2024-06-26,M3_tail50_rqi_dii_lpm,RQI_DII_v1.0,frozen_confirmed_by_researcher,0.0,0.5865637299596074,-0.5865637299596074
2024-06-27,M3_tail50_rqi_dii_lpm,RQI_DII_v1.0,frozen_confirmed_by_researcher,0.0,0.5589114462972304,-0.5589114462972304
2024-06-28,M3_tail50_rqi_dii_lpm,RQI_DII_v1.0,frozen_confirmed_by_researcher,0.0,0.6184781058175304,-0.6184781058175304
2024-06-29,M3_tail50_rqi_dii_lpm,RQI_DII_v1.0,frozen_confirmed_by_researcher,0.0,0.6909717174106902,-0.6909717174106902
2024-06-30,M3_tail50_rqi_dii_lpm,RQI_DII_v1.0,frozen_confirmed_by_researcher,0.0,0.7007164443126612,-0.7007164443126612
2024-07-01,M3_tail50_rqi_dii_lpm,RQI_DII_v1.0,frozen_confirmed_by_researcher,0.0,0.7138163106993431,-0.7138163106993431
2024-07-02,M3_tail50_rqi_dii_lpm,RQI_DII_v1.0,frozen_confirmed_by_researcher,0.0,0.6625896791039452,-0.6625896791039452
2024-07-03,M3_tail50_rqi_dii_lpm,RQI_DII_v1.0,frozen_confirmed_by_researcher,0.0,0.6499679733084633,-0.6499679733084633
2024-07-04,M3_tail50_rqi_dii_lpm,RQI_DII_v1.0,frozen_confirmed_by_researcher,0.0,0.6103106013567299,-0.6103106013567299
2024-07-05,M3_tail50_rqi_dii_lpm,RQI_DII_v1.0,frozen_confirmed_by_researcher,0.0,0.5879507543887712,-0.5879507543887712
2024-07-06,M3_tail50_rqi_dii_lpm,RQI_DII_v1.0,frozen_confirmed_by_researcher,0.0,0.4562842377250149,-0.4562842377250149
2024-07-07,M3_tail50_rqi_dii_lpm,RQI_DII_v1.0,frozen_confirmed_by_researcher,0.0,0.4346904698425931,-0.4346904698425931
2024-07-08,M3_tail50_rqi_dii_lpm,RQI_DII_v1.0,frozen_confirmed_by_researcher,0.0,0.4395354558736244,-0.4395354558736244
2024-07-09,M3_tail50_rqi_dii_lpm,RQI_DII_v1.0,frozen_confirmed_by_researcher,0.0,0.417271762396382,-0.417271762396382
2024-07-10,M3_tail50_rqi_dii_lpm,RQI_DII_v1.0,frozen_confirmed_by_researcher,0.0,0.4029456502447033,-0.4029456502447033
2024-07-11,M3_tail50_rqi_dii_lpm,RQI_DII_v1.0,frozen_confirmed_by_researcher,0.0,0.3818234531800613,-0.3818234531800613
2024-07-12,M3_tail50_rqi_dii_lpm,RQI_DII_v1.0,frozen_confirmed_by_researcher,0.0,0.4098047720496254,-0.4098047720496254
2024-07-13,M3_tail50_rqi_dii_lpm,RQI_DII_v1.0,frozen_confirmed_by_researcher,0.0,0.42245943293104915,-0.42245943293104915
2024-07-14,M3_tail50_rqi_dii_lpm,RQI_DII_v1.0,frozen_confirmed_by_researcher,0.0,0.41825704346601356,-0.41825704346601356
2024-07-15,M3_tail50_rqi_dii_lpm,RQI_DII_v1.0,frozen_confirmed_by_researcher,0.0,0.42245479269152497,-0.42245479269152497
2024-07-16,M3_tail50_rqi_dii_lpm,RQI_DII_v1.0,frozen_confirmed_by_researcher,0.0,0.43207238162816,-0.43207238162816
2024-07-17,M3_tail50_rqi_dii_lpm,RQI_DII_v1.0,frozen_confirmed_by_researcher,0.0,0.4287977487582566,-0.4287977487582566
2024-07-18,M3_tail50_rqi_dii_lpm,RQI_DII_v1.0,frozen_confirmed_by_researcher,0.0,0.4694775976546737,-0.4694775976546737
2024-07-19,M3_tail50_rqi_dii_lpm,RQI_DII_v1.0,frozen_confirmed_by_researcher,0.0,0.489322495822222,-0.489322495822222
2024-07-20,M3_tail50_rqi_dii_lpm,RQI_DII_v1.0,frozen_confirmed_by_researcher,0.0,0.44192301723143146,-0.44192301723143146
2024-07-21,M3_tail50_rqi_dii_lpm,RQI_DII_v1.0,frozen_confirmed_by_researcher,0.0,0.42033623327901637,-0.42033623327901637
2024-07-22,M3_tail50_rqi_dii_lpm,RQI_DII_v1.0,frozen_confirmed_by_researcher,0.0,0.4480152218170588,-0.4480152218170588
2024-07-23,M3_tail50_rqi_dii_lpm,RQI_DII_v1.0,frozen_confirmed_by_researcher,0.0,0.44541608490979456,-0.44541608490979456
2024-07-24,M3_tail50_rqi_dii_lpm,RQI_DII_v1.0,frozen_confirmed_by_researcher,0.0,0.4214097179457781,-0.4214097179457781
2024-07-25,M3_tail50_rqi_dii_lpm,RQI_DII_v1.0,frozen_confirmed_by_researcher,0.0,0.4485102428824348,-0.4485102428824348
2024-07-26,M3_tail50_rqi_dii_lpm,RQI_DII_v1.0,frozen_confirmed_by_researcher,0.0,0.4973069991744694,-0.4973069991744694
2024-07-27,M3_tail50_rqi_dii_lpm,RQI_DII_v1.0,frozen_confirmed_by_researcher,0.0,0.4349351977668334,-0.4349351977668334
2024-07-28,M3_tail50_rqi_dii_lpm,RQI_DII_v1.0,frozen_confirmed_by_researcher,0.0,0.4340366377555256,-0.4340366377555256
2024-07-29,M3_tail50_rqi_dii_lpm,RQI_DII_v1.0,frozen_confirmed_by_researcher,0.0,0.4124830740602192,-0.4124830740602192
2024-07-30,M3_tail50_rqi_dii_lpm,RQI_DII_v1.0,frozen_confirmed_by_researcher,0.0,0.5179238563753756,-0.5179238563753756
2024-07-31,M3_tail50_rqi_dii_lpm,RQI_DII_v1.0,frozen_confirmed_by_researcher,0.0,0.5703199993131705,-0.5703199993131705
2024-08-05,M3_tail50_rqi_dii_lpm,RQI_DII_v1.0,frozen_confirmed_by_researcher,0.0,0.6359046704455409,-0.6359046704455409
2024-08-06,M3_tail50_rqi_dii_lpm,RQI_DII_v1.0,frozen_confirmed_by_researcher,0.0,0.5454731593463862,-0.5454731593463862
2024-08-07,M3_tail50_rqi_dii_lpm,RQI_DII_v1.0,frozen_confirmed_by_researcher,0.0,0.4564238936715981,-0.4564238936715981
2024-08-08,M3_tail50_rqi_dii_lpm,RQI_DII_v1.0,frozen_confirmed_by_researcher,0.0,0.4133766296097292,-0.4133766296097292
2024-08-09,M3_tail50_rqi_dii_lpm,RQI_DII_v1.0,frozen_confirmed_by_researcher,0.0,0.4153076381625169,-0.4153076381625169
2024-08-10,M3_tail50_rqi_dii_lpm,RQI_DII_v1.0,frozen_confirmed_by_researcher,0.0,0.4306313333452181,-0.4306313333452181
2024-08-11,M3_tail50_rqi_dii_lpm,RQI_DII_v1.0,frozen_confirmed_by_researcher,0.0,0.42617220798555877,-0.42617220798555877
2024-08-12,M3_tail50_rqi_dii_lpm,RQI_DII_v1.0,frozen_confirmed_by_researcher,0.0,0.4330285271003902,-0.4330285271003902
2024-08-13,M3_tail50_rqi_dii_lpm,RQI_DII_v1.0,frozen_confirmed_by_researcher,0.0,0.4305724785928362,-0.4305724785928362
2024-08-14,M3_tail50_rqi_dii_lpm,RQI_DII_v1.0,frozen_confirmed_by_researcher,0.0,0.4395830774401759,-0.4395830774401759
2024-08-15,M3_tail50_rqi_dii_lpm,RQI_DII_v1.0,frozen_confirmed_by_researcher,0.0,0.4424382794229871,-0.4424382794229871
2024-08-16,M3_tail50_rqi_dii_lpm,RQI_DII_v1.0,frozen_confirmed_by_researcher,0.0,0.4331260587693464,-0.4331260587693464
2024-08-17,M3_tail50_rqi_dii_lpm,RQI_DII_v1.0,frozen_confirmed_by_researcher,0.0,0.3893941956126241,-0.3893941956126241
2024-08-18,M3_tail50_rqi_dii_lpm,RQI_DII_v1.0,frozen_confirmed_by_researcher,0.0,0.38849452850553234,-0.38849452850553234
2024-08-19,M3_tail50_rqi_dii_lpm,RQI_DII_v1.0,frozen_confirmed_by_researcher,0.0,0.39756145104695406,-0.39756145104695406
2024-08-20,M3_tail50_rqi_dii_lpm,RQI_DII_v1.0,frozen_confirmed_by_researcher,0.0,0.38367438971263823,-0.38367438971263823
2024-08-21,M3_tail50_rqi_dii_lpm,RQI_DII_v1.0,frozen_confirmed_by_researcher,0.0,0.4059718681390905,-0.4059718681390905
2024-08-22,M3_tail50_rqi_dii_lpm,RQI_DII_v1.0,frozen_confirmed_by_researcher,0.0,0.39043792864586635,-0.39043792864586635
2024-08-23,M3_tail50_rqi_dii_lpm,RQI_DII_v1.0,frozen_confirmed_by_researcher,0.0,0.43407787626810546,-0.43407787626810546
2024-08-24,M3_tail50_rqi_dii_lpm,RQI_DII_v1.0,frozen_confirmed_by_researcher,0.0,0.3929518536349974,-0.3929518536349974
2024-08-25,M3_tail50_rqi_dii_lpm,RQI_DII_v1.0,frozen_confirmed_by_researcher,0.0,0.4096810930220727,-0.4096810930220727
2024-08-26,M3_tail50_rqi_dii_lpm,RQI_DII_v1.0,frozen_confirmed_by_researcher,0.0,0.4226464118040951,-0.4226464118040951
2024-08-27,M3_tail50_rqi_dii_lpm,RQI_DII_v1.0,frozen_confirmed_by_researcher,0.0,0.8073751615501408,-0.8073751615501408
2024-08-28,M3_tail50_rqi_dii_lpm,RQI_DII_v1.0,frozen_confirmed_by_researcher,0.0,0.8608879610952158,-0.8608879610952158
2024-08-29,M3_tail50_rqi_dii_lpm,RQI_DII_v1.0,frozen_confirmed_by_researcher,0.0,0.8411437638920631,-0.8411437638920631
2024-08-30,M3_tail50_rqi_dii_lpm,RQI_DII_v1.0,frozen_confirmed_by_researcher,0.0,0.756251526551921,-0.756251526551921
2024-08-31,M3_tail50_rqi_dii_lpm,RQI_DII_v1.0,frozen_confirmed_by_researcher,0.0,0.7430657717942211,-0.7430657717942211
2024-09-01,M3_tail50_rqi_dii_lpm,RQI_DII_v1.0,frozen_confirmed_by_researcher,0.0,0.7494126520080044,-0.7494126520080044
2024-09-02,M3_tail50_rqi_dii_lpm,RQI_DII_v1.0,frozen_confirmed_by_researcher,0.0,0.7474166330626986,-0.7474166330626986
2024-09-03,M3_tail50_rqi_dii_lpm,RQI_DII_v1.0,frozen_confirmed_by_researcher,0.0,0.7427497257932032,-0.7427497257932032
2024-09-04,M3_tail50_rqi_dii_lpm,RQI_DII_v1.0,frozen_confirmed_by_researcher,0.0,0.7710792848811252,-0.7710792848811252
2024-09-05,M3_tail50_rqi_dii_lpm,RQI_DII_v1.0,frozen_confirmed_by_researcher,0.0,0.7263464548344416,-0.7263464548344416
2024-09-06,M3_tail50_rqi_dii_lpm,RQI_DII_v1.0,frozen_confirmed_by_researcher,0.0,0.7280222237009184,-0.7280222237009184
2024-09-07,M3_tail50_rqi_dii_lpm,RQI_DII_v1.0,frozen_confirmed_by_researcher,0.0,0.7472460567308588,-0.7472460567308588
2024-09-08,M3_tail50_rqi_dii_lpm,RQI_DII_v1.0,frozen_confirmed_by_researcher,0.0,0.7312906369749896,-0.7312906369749896
2024-09-09,M3_tail50_rqi_dii_lpm,RQI_DII_v1.0,frozen_confirmed_by_researcher,0.0,0.7264310655032205,-0.7264310655032205
2024-09-10,M3_tail50_rqi_dii_lpm,RQI_DII_v1.0,frozen_confirmed_by_researcher,0.0,0.7081701486099519,-0.7081701486099519
2024-09-11,M3_tail50_rqi_dii_lpm,RQI_DII_v1.0,frozen_confirmed_by_researcher,0.0,0.6715542685304001,-0.6715542685304001
2024-09-12,M3_tail50_rqi_dii_lpm,RQI_DII_v1.0,frozen_confirmed_by_researcher,0.0,0.6684466014129384,-0.6684466014129384
2024-09-13,M3_tail50_rqi_dii_lpm,RQI_DII_v1.0,frozen_confirmed_by_researcher,0.0,0.6662023741100143,-0.6662023741100143
2024-09-14,M3_tail50_rqi_dii_lpm,RQI_DII_v1.0,frozen_confirmed_by_researcher,0.0,0.6160414854909959,-0.6160414854909959
2024-09-15,M3_tail50_rqi_dii_lpm,RQI_DII_v1.0,frozen_confirmed_by_researcher,0.0,0.6211785229146471,-0.6211785229146471
2024-09-16,M3_tail50_rqi_dii_lpm,RQI_DII_v1.0,frozen_confirmed_by_researcher,0.0,0.6288025426251522,-0.6288025426251522
2024-09-17,M3_tail50_rqi_dii_lpm,RQI_DII_v1.0,frozen_confirmed_by_researcher,0.0,0.675869165444567,-0.675869165444567
2024-09-18,M3_tail50_rqi_dii_lpm,RQI_DII_v1.0,frozen_confirmed_by_researcher,0.0,0.6512137210232822,-0.6512137210232822
2024-09-19,M3_tail50_rqi_dii_lpm,RQI_DII_v1.0,frozen_confirmed_by_researcher,0.0,0.6618593423106347,-0.6618593423106347
2024-09-20,M3_tail50_rqi_dii_lpm,RQI_DII_v1.0,frozen_confirmed_by_researcher,0.0,0.6613503802362004,-0.6613503802362004
2024-09-21,M3_tail50_rqi_dii_lpm,RQI_DII_v1.0,frozen_confirmed_by_researcher,0.0,0.6372778910390764,-0.6372778910390764
2024-09-22,M3_tail50_rqi_dii_lpm,RQI_DII_v1.0,frozen_confirmed_by_researcher,0.0,0.6280696598703628,-0.6280696598703628
2024-09-23,M3_tail50_rqi_dii_lpm,RQI_DII_v1.0,frozen_confirmed_by_researcher,0.0,0.624379804043258,-0.624379804043258
2024-09-24,M3_tail50_rqi_dii_lpm,RQI_DII_v1.0,frozen_confirmed_by_researcher,0.0,0.6353777516988259,-0.6353777516988259
2024-09-25,M3_tail50_rqi_dii_lpm,RQI_DII_v1.0,frozen_confirmed_by_researcher,0.0,0.6083572193050202,-0.6083572193050202
2024-09-26,M3_tail50_rqi_dii_lpm,RQI_DII_v1.0,frozen_confirmed_by_researcher,0.0,0.6053300531033301,-0.6053300531033301
2024-09-27,M3_tail50_rqi_dii_lpm,RQI_DII_v1.0,frozen_confirmed_by_researcher,0.0,0.5662678936252235,-0.5662678936252235
2024-09-28,M3_tail50_rqi_dii_lpm,RQI_DII_v1.0,frozen_confirmed_by_researcher,0.0,0.569122281426246,-0.569122281426246
2024-09-29,M3_tail50_rqi_dii_lpm,RQI_DII_v1.0,frozen_confirmed_by_researcher,0.0,0.5764261797063739,-0.5764261797063739
2024-09-30,M3_tail50_rqi_dii_lpm,RQI_DII_v1.0,frozen_confirmed_by_researcher,0.0,0.586286141166454,-0.586286141166454
2024-10-01,M3_tail50_rqi_dii_lpm,RQI_DII_v1.0,frozen_confirmed_by_researcher,0.0,0.7244399676980606,-0.7244399676980606
2024-10-02,M3_tail50_rqi_dii_lpm,RQI_DII_v1.0,frozen_confirmed_by_researcher,0.0,0.7172504869524232,-0.7172504869524232
2024-10-03,M3_tail50_rqi_dii_lpm,RQI_DII_v1.0,frozen_confirmed_by_researcher,0.0,0.7172937315958734,-0.7172937315958734
2024-10-04,M3_tail50_rqi_dii_lpm,RQI_DII_v1.0,frozen_confirmed_by_researcher,0.0,0.7254686646504638,-0.7254686646504638
2024-10-05,M3_tail50_rqi_dii_lpm,RQI_DII_v1.0,frozen_confirmed_by_researcher,0.0,0.7283979004888295,-0.7283979004888295
2024-10-06,M3_tail50_rqi_dii_lpm,RQI_DII_v1.0,frozen_confirmed_by_researcher,0.0,0.7228904201304829,-0.7228904201304829
2024-10-07,M3_tail50_rqi_dii_lpm,RQI_DII_v1.0,frozen_confirmed_by_researcher,0.0,0.7253087182079696,-0.7253087182079696
2024-10-08,M3_tail50_rqi_dii_lpm,RQI_DII_v1.0,frozen_confirmed_by_researcher,0.0,0.7759368913568494,-0.7759368913568494
2024-10-09,M3_tail50_rqi_dii_lpm,RQI_DII_v1.0,frozen_confirmed_by_researcher,0.0,0.8342301030280339,-0.8342301030280339
2024-10-10,M3_tail50_rqi_dii_lpm,RQI_DII_v1.0,frozen_confirmed_by_researcher,0.0,0.8867705998154065,-0.8867705998154065
2024-10-11,M3_tail50_rqi_dii_lpm,RQI_DII_v1.0,frozen_confirmed_by_researcher,0.0,0.9015108754707342,-0.9015108754707342
2024-10-12,M3_tail50_rqi_dii_lpm,RQI_DII_v1.0,frozen_confirmed_by_researcher,0.0,0.7784832220044677,-0.7784832220044677
2024-10-13,M3_tail50_rqi_dii_lpm,RQI_DII_v1.0,frozen_confirmed_by_researcher,0.0,0.7739073575699251,-0.7739073575699251
2024-10-14,M3_tail50_rqi_dii_lpm,RQI_DII_v1.0,frozen_confirmed_by_researcher,0.0,0.7832139036372894,-0.7832139036372894
2024-10-15,M3_tail50_rqi_dii_lpm,RQI_DII_v1.0,frozen_confirmed_by_researcher,0.0,0.8068839768871783,-0.8068839768871783
2024-10-16,M3_tail50_rqi_dii_lpm,RQI_DII_v1.0,frozen_confirmed_by_researcher,0.0,0.8087257250595883,-0.8087257250595883
2024-10-17,M3_tail50_rqi_dii_lpm,RQI_DII_v1.0,frozen_confirmed_by_researcher,0.0,0.8303180998990172,-0.8303180998990172
2024-10-18,M3_tail50_rqi_dii_lpm,RQI_DII_v1.0,frozen_confirmed_by_researcher,0.0,0.8462418452489544,-0.8462418452489544
2024-10-19,M3_tail50_rqi_dii_lpm,RQI_DII_v1.0,frozen_confirmed_by_researcher,0.0,0.8118987137232239,-0.8118987137232239
2024-10-20,M3_tail50_rqi_dii_lpm,RQI_DII_v1.0,frozen_confirmed_by_researcher,0.0,0.8146197661112069,-0.8146197661112069
2024-10-21,M3_tail50_rqi_dii_lpm,RQI_DII_v1.0,frozen_confirmed_by_researcher,0.0,0.8154684183735696,-0.8154684183735696
2024-10-22,M3_tail50_rqi_dii_lpm,RQI_DII_v1.0,frozen_confirmed_by_researcher,0.0,0.8674920302448186,-0.8674920302448186
2024-10-23,M3_tail50_rqi_dii_lpm,RQI_DII_v1.0,frozen_confirmed_by_researcher,0.0,0.8954904920570073,-0.8954904920570073
2024-10-24,M3_tail50_rqi_dii_lpm,RQI_DII_v1.0,frozen_confirmed_by_researcher,0.0,0.9422715277073053,-0.9422715277073053
2024-10-25,M3_tail50_rqi_dii_lpm,RQI_DII_v1.0,frozen_confirmed_by_researcher,0.0,0.9232721889031268,-0.9232721889031268
2024-10-26,M3_tail50_rqi_dii_lpm,RQI_DII_v1.0,frozen_confirmed_by_researcher,0.0,0.886135980009982,-0.886135980009982
2024-10-27,M3_tail50_rqi_dii_lpm,RQI_DII_v1.0,frozen_confirmed_by_researcher,0.0,0.8972956790787521,-0.8972956790787521
2024-10-28,M3_tail50_rqi_dii_lpm,RQI_DII_v1.0,frozen_confirmed_by_researcher,0.0,0.8958738654960428,-0.8958738654960428
2024-10-29,M3_tail50_rqi_dii_lpm,RQI_DII_v1.0,frozen_confirmed_by_researcher,0.0,0.889735618224762,-0.889735618224762
2024-10-30,M3_tail50_rqi_dii_lpm,RQI_DII_v1.0,frozen_confirmed_by_researcher,0.0,0.8803903440106069,-0.8803903440106069
2024-10-31,M3_tail50_rqi_dii_lpm,RQI_DII_v1.0,frozen_confirmed_by_researcher,0.0,0.8329227910023747,-0.8329227910023747
2024-11-01,M3_tail50_rqi_dii_lpm,RQI_DII_v1.0,frozen_confirmed_by_researcher,0.0,0.9006228332938804,-0.9006228332938804
2024-11-02,M3_tail50_rqi_dii_lpm,RQI_DII_v1.0,frozen_confirmed_by_researcher,0.0,0.8672106794011256,-0.8672106794011256
2024-11-03,M3_tail50_rqi_dii_lpm,RQI_DII_v1.0,frozen_confirmed_by_researcher,0.0,0.8362304074767621,-0.8362304074767621
2024-11-04,M3_tail50_rqi_dii_lpm,RQI_DII_v1.0,frozen_confirmed_by_researcher,0.0,0.83916232977856,-0.83916232977856
2024-11-05,M3_tail50_rqi_dii_lpm,RQI_DII_v1.0,frozen_confirmed_by_researcher,0.0,0.7858000169201205,-0.7858000169201205
2024-11-06,M3_tail50_rqi_dii_lpm,RQI_DII_v1.0,frozen_confirmed_by_researcher,0.0,0.7111617349590063,-0.7111617349590063
2024-11-07,M3_tail50_rqi_dii_lpm,RQI_DII_v1.0,frozen_confirmed_by_researcher,0.0,0.5005677923383018,-0.5005677923383018
2024-11-08,M3_tail50_rqi_dii_lpm,RQI_DII_v1.0,frozen_confirmed_by_researcher,0.0,0.47641721895877254,-0.47641721895877254
2024-11-09,M3_tail50_rqi_dii_lpm,RQI_DII_v1.0,frozen_confirmed_by_researcher,0.0,0.4466049937000207,-0.4466049937000207
2024-11-10,M3_tail50_rqi_dii_lpm,RQI_DII_v1.0,frozen_confirmed_by_researcher,0.0,0.4773836671950846,-0.4773836671950846
2024-11-11,M3_tail50_rqi_dii_lpm,RQI_DII_v1.0,frozen_confirmed_by_researcher,100.0,0.49377428689783187,99.50622571310217
2024-11-12,M3_tail50_rqi_dii_lpm,RQI_DII_v1.0,frozen_confirmed_by_researcher,0.0,0.4991240713058005,-0.4991240713058005
2024-11-13,M3_tail50_rqi_dii_lpm,RQI_DII_v1.0,frozen_confirmed_by_researcher,0.0,0.5779888168941341,-0.5779888168941341
2024-11-14,M3_tail50_rqi_dii_lpm,RQI_DII_v1.0,frozen_confirmed_by_researcher,0.0,0.5483738418562609,-0.5483738418562609
2024-11-15,M3_tail50_rqi_dii_lpm,RQI_DII_v1.0,frozen_confirmed_by_researcher,0.0,0.5184974166364213,-0.5184974166364213
2024-11-16,M3_tail50_rqi_dii_lpm,RQI_DII_v1.0,frozen_confirmed_by_researcher,0.0,0.5060970755880305,-0.5060970755880305
2024-11-17,M3_tail50_rqi_dii_lpm,RQI_DII_v1.0,frozen_confirmed_by_researcher,0.0,0.4844612187928874,-0.4844612187928874
2024-11-18,M3_tail50_rqi_dii_lpm,RQI_DII_v1.0,frozen_confirmed_by_researcher,0.0,0.49238621040814223,-0.49238621040814223
2024-11-19,M3_tail50_rqi_dii_lpm,RQI_DII_v1.0,frozen_confirmed_by_researcher,0.0,0.4466489950361563,-0.4466489950361563
2024-11-20,M3_tail50_rqi_dii_lpm,RQI_DII_v1.0,frozen_confirmed_by_researcher,0.0,0.43055464999270043,-0.43055464999270043
2024-11-21,M3_tail50_rqi_dii_lpm,RQI_DII_v1.0,frozen_confirmed_by_researcher,0.0,0.3656184488237386,-0.3656184488237386
2024-11-22,M3_tail50_rqi_dii_lpm,RQI_DII_v1.0,frozen_confirmed_by_researcher,0.0,0.31633710469915854,-0.31633710469915854
2024-11-23,M3_tail50_rqi_dii_lpm,RQI_DII_v1.0,frozen_confirmed_by_researcher,0.0,0.21519501861334334,-0.21519501861334334
2024-11-24,M3_tail50_rqi_dii_lpm,RQI_DII_v1.0,frozen_confirmed_by_researcher,0.0,0.1722096677303,-0.1722096677303
2024-11-25,M3_tail50_rqi_dii_lpm,RQI_DII_v1.0,frozen_confirmed_by_researcher,0.0,0.19240304181437295,-0.19240304181437295
2024-11-26,M3_tail50_rqi_dii_lpm,RQI_DII_v1.0,frozen_confirmed_by_researcher,0.0,0.22608425821687206,-0.22608425821687206
2024-11-27,M3_tail50_rqi_dii_lpm,RQI_DII_v1.0,frozen_confirmed_by_researcher,0.0,0.2723853301331758,-0.2723853301331758
2024-11-28,M3_tail50_rqi_dii_lpm,RQI_DII_v1.0,frozen_confirmed_by_researcher,0.0,0.11501673328902484,-0.11501673328902484
2024-11-29,M3_tail50_rqi_dii_lpm,RQI_DII_v1.0,frozen_confirmed_by_researcher,0.0,0.11274697292941482,-0.11274697292941482
2024-11-30,M3_tail50_rqi_dii_lpm,RQI_DII_v1.0,frozen_confirmed_by_researcher,0.0,0.08582647572802671,-0.08582647572802671
2024-12-01,M3_tail50_rqi_dii_lpm,RQI_DII_v1.0,frozen_confirmed_by_researcher,0.0,0.06994131518706581,-0.06994131518706581
2024-12-02,M3_tail50_rqi_dii_lpm,RQI_DII_v1.0,frozen_confirmed_by_researcher,0.0,0.04723730728801456,-0.04723730728801456
2024-12-03,M3_tail50_rqi_dii_lpm,RQI_DII_v1.0,frozen_confirmed_by_researcher,0.0,0.07131332770097742,-0.07131332770097742
2024-12-04,M3_tail50_rqi_dii_lpm,RQI_DII_v1.0,frozen_confirmed_by_researcher,0.0,0.04670506397459917,-0.04670506397459917
2024-12-05,M3_tail50_rqi_dii_lpm,RQI_DII_v1.0,frozen_confirmed_by_researcher,0.0,-0.0382515305151685,0.0382515305151685
2024-12-06,M3_tail50_rqi_dii_lpm,RQI_DII_v1.0,frozen_confirmed_by_researcher,0.0,0.029238108041482747,-0.029238108041482747
2024-12-07,M3_tail50_rqi_dii_lpm,RQI_DII_v1.0,frozen_confirmed_by_researcher,0.0,-0.3417666988705719,0.3417666988705719
2024-12-08,M3_tail50_rqi_dii_lpm,RQI_DII_v1.0,frozen_confirmed_by_researcher,0.0,-0.3376470765530257,0.3376470765530257
2024-12-09,M3_tail50_rqi_dii_lpm,RQI_DII_v1.0,frozen_confirmed_by_researcher,0.0,-0.0760822121073943,0.0760822121073943
2024-12-10,M3_tail50_rqi_dii_lpm,RQI_DII_v1.0,frozen_confirmed_by_researcher,0.0,-0.010297869626299416,0.010297869626299416
2024-12-11,M3_tail50_rqi_dii_lpm,RQI_DII_v1.0,frozen_confirmed_by_researcher,0.0,-0.034635067490683014,0.034635067490683014
2024-12-12,M3_tail50_rqi_dii_lpm,RQI_DII_v1.0,frozen_confirmed_by_researcher,0.0,-0.16277737962863625,0.16277737962863625
2024-12-13,M3_tail50_rqi_dii_lpm,RQI_DII_v1.0,frozen_confirmed_by_researcher,0.0,-0.1497574718213741,0.1497574718213741
2024-12-14,M3_tail50_rqi_dii_lpm,RQI_DII_v1.0,frozen_confirmed_by_researcher,0.0,-0.21465195094737055,0.21465195094737055
2024-12-15,M3_tail50_rqi_dii_lpm,RQI_DII_v1.0,frozen_confirmed_by_researcher,0.0,-0.21298832290278824,0.21298832290278824
2024-12-16,M3_tail50_rqi_dii_lpm,RQI_DII_v1.0,frozen_confirmed_by_researcher,0.0,-0.22909161947558232,0.22909161947558232
2024-12-17,M3_tail50_rqi_dii_lpm,RQI_DII_v1.0,frozen_confirmed_by_researcher,0.0,-0.266458603181178,0.266458603181178
2024-12-18,M3_tail50_rqi_dii_lpm,RQI_DII_v1.0,frozen_confirmed_by_researcher,0.0,-0.2846005034187158,0.2846005034187158
2024-12-19,M3_tail50_rqi_dii_lpm,RQI_DII_v1.0,frozen_confirmed_by_researcher,0.0,-0.25153834755030857,0.25153834755030857
2024-12-20,M3_tail50_rqi_dii_lpm,RQI_DII_v1.0,frozen_confirmed_by_researcher,0.0,1.6564394261655764,-1.6564394261655764
2024-12-21,M3_tail50_rqi_dii_lpm,RQI_DII_v1.0,frozen_confirmed_by_researcher,0.0,1.6189733515371643,-1.6189733515371643
2024-12-22,M3_tail50_rqi_dii_lpm,RQI_DII_v1.0,frozen_confirmed_by_researcher,0.0,1.595616760657407,-1.595616760657407
2024-12-23,M3_tail50_rqi_dii_lpm,RQI_DII_v1.0,frozen_confirmed_by_researcher,0.0,1.5882674544027395,-1.5882674544027395
2024-12-24,M3_tail50_rqi_dii_lpm,RQI_DII_v1.0,frozen_confirmed_by_researcher,0.0,1.5892414249836122,-1.5892414249836122
2024-12-25,M3_tail50_rqi_dii_lpm,RQI_DII_v1.0,frozen_confirmed_by_researcher,0.0,1.5898246549321584,-1.5898246549321584
2024-12-26,M3_tail50_rqi_dii_lpm,RQI_DII_v1.0,frozen_confirmed_by_researcher,0.0,1.5858646679348851,-1.5858646679348851
2024-12-27,M3_tail50_rqi_dii_lpm,RQI_DII_v1.0,frozen_confirmed_by_researcher,0.0,1.534293939900408,-1.534293939900408
2024-12-28,M3_tail50_rqi_dii_lpm,RQI_DII_v1.0,frozen_confirmed_by_researcher,0.0,1.529805518569674,-1.529805518569674
2024-12-29,M3_tail50_rqi_dii_lpm,RQI_DII_v1.0,frozen_confirmed_by_researcher,0.0,1.5175078438823562,-1.5175078438823562
2024-12-30,M3_tail50_rqi_dii_lpm,RQI_DII_v1.0,frozen_confirmed_by_researcher,0.0,1.5213323714193052,-1.5213323714193052
2024-12-31,M3_tail50_rqi_dii_lpm,RQI_DII_v1.0,frozen_confirmed_by_researcher,0.0,1.497046259614649,-1.497046259614649
2022-08-24,M4_downside50_rqi_dii_lpm,RQI_DII_v1.0,frozen_confirmed_by_researcher,0.0,-0.5768254685659855,0.5768254685659855
2022-08-25,M4_downside50_rqi_dii_lpm,RQI_DII_v1.0,frozen_confirmed_by_researcher,0.0,-0.5673297627979821,0.5673297627979821
2022-08-26,M4_downside50_rqi_dii_lpm,RQI_DII_v1.0,frozen_confirmed_by_researcher,0.0,-0.5559498877646831,0.5559498877646831
2022-08-27,M4_downside50_rqi_dii_lpm,RQI_DII_v1.0,frozen_confirmed_by_researcher,0.0,-0.5615436037296604,0.5615436037296604
2022-08-28,M4_downside50_rqi_dii_lpm,RQI_DII_v1.0,frozen_confirmed_by_researcher,0.0,-0.5627692350975764,0.5627692350975764
2022-08-29,M4_downside50_rqi_dii_lpm,RQI_DII_v1.0,frozen_confirmed_by_researcher,0.0,-0.5574168332354503,0.5574168332354503
2022-08-30,M4_downside50_rqi_dii_lpm,RQI_DII_v1.0,frozen_confirmed_by_researcher,0.0,-0.561252297490455,0.561252297490455
2022-08-31,M4_downside50_rqi_dii_lpm,RQI_DII_v1.0,frozen_confirmed_by_researcher,0.0,-0.5667546101107916,0.5667546101107916
2022-09-01,M4_downside50_rqi_dii_lpm,RQI_DII_v1.0,frozen_confirmed_by_researcher,0.0,-0.5585941042678115,0.5585941042678115
2022-09-02,M4_downside50_rqi_dii_lpm,RQI_DII_v1.0,frozen_confirmed_by_researcher,0.0,-0.539655907557588,0.539655907557588
2022-09-03,M4_downside50_rqi_dii_lpm,RQI_DII_v1.0,frozen_confirmed_by_researcher,0.0,-0.526913366373492,0.526913366373492
2022-09-04,M4_downside50_rqi_dii_lpm,RQI_DII_v1.0,frozen_confirmed_by_researcher,0.0,-0.5263511753607588,0.5263511753607588
2022-09-05,M4_downside50_rqi_dii_lpm,RQI_DII_v1.0,frozen_confirmed_by_researcher,0.0,-0.5263643813824643,0.5263643813824643
2022-09-06,M4_downside50_rqi_dii_lpm,RQI_DII_v1.0,frozen_confirmed_by_researcher,0.0,-0.5228610199562382,0.5228610199562382
2022-09-07,M4_downside50_rqi_dii_lpm,RQI_DII_v1.0,frozen_confirmed_by_researcher,0.0,-0.5015250316619841,0.5015250316619841
2022-09-08,M4_downside50_rqi_dii_lpm,RQI_DII_v1.0,frozen_confirmed_by_researcher,0.0,-0.5090723288829935,0.5090723288829935
2022-09-09,M4_downside50_rqi_dii_lpm,RQI_DII_v1.0,frozen_confirmed_by_researcher,0.0,-0.5038372717116459,0.5038372717116459
2022-09-10,M4_downside50_rqi_dii_lpm,RQI_DII_v1.0,frozen_confirmed_by_researcher,0.0,-0.505541101897407,0.505541101897407
2022-09-11,M4_downside50_rqi_dii_lpm,RQI_DII_v1.0,frozen_confirmed_by_researcher,0.0,-0.5013454812454654,0.5013454812454654
2022-09-12,M4_downside50_rqi_dii_lpm,RQI_DII_v1.0,frozen_confirmed_by_researcher,0.0,-0.4934316151577889,0.4934316151577889
2022-09-13,M4_downside50_rqi_dii_lpm,RQI_DII_v1.0,frozen_confirmed_by_researcher,0.0,-0.4824107523601384,0.4824107523601384
2022-09-14,M4_downside50_rqi_dii_lpm,RQI_DII_v1.0,frozen_confirmed_by_researcher,0.0,-0.471311622852852,0.471311622852852
2022-09-15,M4_downside50_rqi_dii_lpm,RQI_DII_v1.0,frozen_confirmed_by_researcher,0.0,-0.4267394161419986,0.4267394161419986
2022-09-16,M4_downside50_rqi_dii_lpm,RQI_DII_v1.0,frozen_confirmed_by_researcher,0.0,-0.39482776780737083,0.39482776780737083
2022-09-17,M4_downside50_rqi_dii_lpm,RQI_DII_v1.0,frozen_confirmed_by_researcher,0.0,-0.3824803155313248,0.3824803155313248
2022-09-18,M4_downside50_rqi_dii_lpm,RQI_DII_v1.0,frozen_confirmed_by_researcher,0.0,-0.3796632751849671,0.3796632751849671
2022-09-19,M4_downside50_rqi_dii_lpm,RQI_DII_v1.0,frozen_confirmed_by_researcher,0.0,-0.37647026110276727,0.37647026110276727
2022-09-20,M4_downside50_rqi_dii_lpm,RQI_DII_v1.0,frozen_confirmed_by_researcher,0.0,-0.362946722512973,0.362946722512973
2022-09-21,M4_downside50_rqi_dii_lpm,RQI_DII_v1.0,frozen_confirmed_by_researcher,0.0,-0.37293737824325035,0.37293737824325035
2022-09-22,M4_downside50_rqi_dii_lpm,RQI_DII_v1.0,frozen_confirmed_by_researcher,0.0,-0.3565826128926517,0.3565826128926517
2022-09-23,M4_downside50_rqi_dii_lpm,RQI_DII_v1.0,frozen_confirmed_by_researcher,0.0,-1.1791155637386908,1.1791155637386908
2022-09-24,M4_downside50_rqi_dii_lpm,RQI_DII_v1.0,frozen_confirmed_by_researcher,0.0,-1.165577917607294,1.165577917607294
2022-09-25,M4_downside50_rqi_dii_lpm,RQI_DII_v1.0,frozen_confirmed_by_researcher,0.0,-1.161833040352363,1.161833040352363
2022-09-26,M4_downside50_rqi_dii_lpm,RQI_DII_v1.0,frozen_confirmed_by_researcher,0.0,-1.1419785630329073,1.1419785630329073
2022-09-27,M4_downside50_rqi_dii_lpm,RQI_DII_v1.0,frozen_confirmed_by_researcher,0.0,-1.12652591878134,1.12652591878134
2022-09-28,M4_downside50_rqi_dii_lpm,RQI_DII_v1.0,frozen_confirmed_by_researcher,0.0,-1.1166427154808645,1.1166427154808645
2022-09-29,M4_downside50_rqi_dii_lpm,RQI_DII_v1.0,frozen_confirmed_by_researcher,0.0,-1.091376601032735,1.091376601032735
2022-09-30,M4_downside50_rqi_dii_lpm,RQI_DII_v1.0,frozen_confirmed_by_researcher,0.0,-1.066436828344692,1.066436828344692
2022-10-01,M4_downside50_rqi_dii_lpm,RQI_DII_v1.0,frozen_confirmed_by_researcher,0.0,-0.967124896830768,0.967124896830768
2022-10-02,M4_downside50_rqi_dii_lpm,RQI_DII_v1.0,frozen_confirmed_by_researcher,0.0,-0.9646522813987275,0.9646522813987275
2022-10-03,M4_downside50_rqi_dii_lpm,RQI_DII_v1.0,frozen_confirmed_by_researcher,0.0,-0.9676149425520464,0.9676149425520464
2022-10-04,M4_downside50_rqi_dii_lpm,RQI_DII_v1.0,frozen_confirmed_by_researcher,0.0,-0.9525792274332332,0.9525792274332332
2022-10-05,M4_downside50_rqi_dii_lpm,RQI_DII_v1.0,frozen_confirmed_by_researcher,0.0,-0.9115080357448164,0.9115080357448164
2022-10-06,M4_downside50_rqi_dii_lpm,RQI_DII_v1.0,frozen_confirmed_by_researcher,0.0,-0.888335436902068,0.888335436902068
2022-10-07,M4_downside50_rqi_dii_lpm,RQI_DII_v1.0,frozen_confirmed_by_researcher,0.0,-0.8707790821441819,0.8707790821441819
2022-10-08,M4_downside50_rqi_dii_lpm,RQI_DII_v1.0,frozen_confirmed_by_researcher,0.0,-0.8602582806831123,0.8602582806831123
2022-10-09,M4_downside50_rqi_dii_lpm,RQI_DII_v1.0,frozen_confirmed_by_researcher,0.0,-0.8548736894392448,0.8548736894392448
2022-10-10,M4_downside50_rqi_dii_lpm,RQI_DII_v1.0,frozen_confirmed_by_researcher,0.0,-0.8527425260557493,0.8527425260557493
2022-10-11,M4_downside50_rqi_dii_lpm,RQI_DII_v1.0,frozen_confirmed_by_researcher,0.0,-0.8450770036266846,0.8450770036266846
2022-10-12,M4_downside50_rqi_dii_lpm,RQI_DII_v1.0,frozen_confirmed_by_researcher,0.0,-0.8381879750448746,0.8381879750448746
2022-10-13,M4_downside50_rqi_dii_lpm,RQI_DII_v1.0,frozen_confirmed_by_researcher,0.0,-0.8231172493262022,0.8231172493262022
2022-10-14,M4_downside50_rqi_dii_lpm,RQI_DII_v1.0,frozen_confirmed_by_researcher,0.0,-0.7906447330854292,0.7906447330854292
2022-10-15,M4_downside50_rqi_dii_lpm,RQI_DII_v1.0,frozen_confirmed_by_researcher,0.0,-0.7595156108624508,0.7595156108624508
2022-10-16,M4_downside50_rqi_dii_lpm,RQI_DII_v1.0,frozen_confirmed_by_researcher,0.0,-0.7565572611981111,0.7565572611981111
2022-10-17,M4_downside50_rqi_dii_lpm,RQI_DII_v1.0,frozen_confirmed_by_researcher,0.0,-0.7542946770110888,0.7542946770110888
2022-10-18,M4_downside50_rqi_dii_lpm,RQI_DII_v1.0,frozen_confirmed_by_researcher,0.0,-0.7339254821338557,0.7339254821338557
2022-10-19,M4_downside50_rqi_dii_lpm,RQI_DII_v1.0,frozen_confirmed_by_researcher,0.0,-0.7136698832259611,0.7136698832259611
2022-10-20,M4_downside50_rqi_dii_lpm,RQI_DII_v1.0,frozen_confirmed_by_researcher,0.0,-0.6951033940333105,0.6951033940333105
2022-10-21,M4_downside50_rqi_dii_lpm,RQI_DII_v1.0,frozen_confirmed_by_researcher,0.0,-0.6574364007821316,0.6574364007821316
2022-10-22,M4_downside50_rqi_dii_lpm,RQI_DII_v1.0,frozen_confirmed_by_researcher,0.0,-0.6503937312865133,0.6503937312865133
2022-10-23,M4_downside50_rqi_dii_lpm,RQI_DII_v1.0,frozen_confirmed_by_researcher,0.0,-0.6536194541019142,0.6536194541019142
2022-10-24,M4_downside50_rqi_dii_lpm,RQI_DII_v1.0,frozen_confirmed_by_researcher,0.0,-0.6524610535333153,0.6524610535333153
2022-10-25,M4_downside50_rqi_dii_lpm,RQI_DII_v1.0,frozen_confirmed_by_researcher,0.0,-0.256372504922723,0.256372504922723
2022-10-26,M4_downside50_rqi_dii_lpm,RQI_DII_v1.0,frozen_confirmed_by_researcher,0.0,-0.2554927784203045,0.2554927784203045
2022-10-27,M4_downside50_rqi_dii_lpm,RQI_DII_v1.0,frozen_confirmed_by_researcher,0.0,-0.2568750736838865,0.2568750736838865
2022-10-28,M4_downside50_rqi_dii_lpm,RQI_DII_v1.0,frozen_confirmed_by_researcher,0.0,-0.2562203692627065,0.2562203692627065
2022-10-29,M4_downside50_rqi_dii_lpm,RQI_DII_v1.0,frozen_confirmed_by_researcher,0.0,-0.24441441564071908,0.24441441564071908
2022-10-30,M4_downside50_rqi_dii_lpm,RQI_DII_v1.0,frozen_confirmed_by_researcher,0.0,-0.23832248944430034,0.23832248944430034
2022-10-31,M4_downside50_rqi_dii_lpm,RQI_DII_v1.0,frozen_confirmed_by_researcher,0.0,-0.23538512606469908,0.23538512606469908
2022-11-01,M4_downside50_rqi_dii_lpm,RQI_DII_v1.0,frozen_confirmed_by_researcher,0.0,-0.21089824864240825,0.21089824864240825
2022-11-02,M4_downside50_rqi_dii_lpm,RQI_DII_v1.0,frozen_confirmed_by_researcher,0.0,-0.17353218557452976,0.17353218557452976
2022-11-03,M4_downside50_rqi_dii_lpm,RQI_DII_v1.0,frozen_confirmed_by_researcher,0.0,-0.12999083685873813,0.12999083685873813
2022-11-04,M4_downside50_rqi_dii_lpm,RQI_DII_v1.0,frozen_confirmed_by_researcher,0.0,-0.08926292007257075,0.08926292007257075
2022-11-05,M4_downside50_rqi_dii_lpm,RQI_DII_v1.0,frozen_confirmed_by_researcher,0.0,-0.08911286384685013,0.08911286384685013
2022-11-06,M4_downside50_rqi_dii_lpm,RQI_DII_v1.0,frozen_confirmed_by_researcher,0.0,7.591956519507804,-7.591956519507804
2022-11-07,M4_downside50_rqi_dii_lpm,RQI_DII_v1.0,frozen_confirmed_by_researcher,0.0,7.562692676152807,-7.562692676152807
2022-11-08,M4_downside50_rqi_dii_lpm,RQI_DII_v1.0,frozen_confirmed_by_researcher,0.0,7.4972377932964065,-7.4972377932964065
2022-11-09,M4_downside50_rqi_dii_lpm,RQI_DII_v1.0,frozen_confirmed_by_researcher,0.0,7.529827343528353,-7.529827343528353
2022-11-10,M4_downside50_rqi_dii_lpm,RQI_DII_v1.0,frozen_confirmed_by_researcher,0.0,7.5239505055000535,-7.5239505055000535
2022-11-11,M4_downside50_rqi_dii_lpm,RQI_DII_v1.0,frozen_confirmed_by_researcher,0.0,7.473934268726396,-7.473934268726396
2022-11-12,M4_downside50_rqi_dii_lpm,RQI_DII_v1.0,frozen_confirmed_by_researcher,0.0,7.433820819259182,-7.433820819259182
2022-11-13,M4_downside50_rqi_dii_lpm,RQI_DII_v1.0,frozen_confirmed_by_researcher,0.0,7.424059775417376,-7.424059775417376
2022-11-14,M4_downside50_rqi_dii_lpm,RQI_DII_v1.0,frozen_confirmed_by_researcher,0.0,7.4290446532352945,-7.4290446532352945
2022-11-15,M4_downside50_rqi_dii_lpm,RQI_DII_v1.0,frozen_confirmed_by_researcher,0.0,7.427552966170609,-7.427552966170609
2022-11-16,M4_downside50_rqi_dii_lpm,RQI_DII_v1.0,frozen_confirmed_by_researcher,0.0,7.403952379608441,-7.403952379608441
2022-11-17,M4_downside50_rqi_dii_lpm,RQI_DII_v1.0,frozen_confirmed_by_researcher,0.0,7.409426159042027,-7.409426159042027
2022-11-18,M4_downside50_rqi_dii_lpm,RQI_DII_v1.0,frozen_confirmed_by_researcher,0.0,7.432089869113199,-7.432089869113199
2022-11-19,M4_downside50_rqi_dii_lpm,RQI_DII_v1.0,frozen_confirmed_by_researcher,0.0,7.410717791484501,-7.410717791484501
2022-11-20,M4_downside50_rqi_dii_lpm,RQI_DII_v1.0,frozen_confirmed_by_researcher,0.0,7.408486909070078,-7.408486909070078
2022-11-21,M4_downside50_rqi_dii_lpm,RQI_DII_v1.0,frozen_confirmed_by_researcher,0.0,-0.26741399350969175,0.26741399350969175
2022-11-22,M4_downside50_rqi_dii_lpm,RQI_DII_v1.0,frozen_confirmed_by_researcher,0.0,-0.39045129612270557,0.39045129612270557
2022-11-23,M4_downside50_rqi_dii_lpm,RQI_DII_v1.0,frozen_confirmed_by_researcher,0.0,-0.38967987775158974,0.38967987775158974
2022-11-24,M4_downside50_rqi_dii_lpm,RQI_DII_v1.0,frozen_confirmed_by_researcher,0.0,-0.36295743507544387,0.36295743507544387
2022-11-25,M4_downside50_rqi_dii_lpm,RQI_DII_v1.0,frozen_confirmed_by_researcher,0.0,-0.3770079530203674,0.3770079530203674
2022-11-26,M4_downside50_rqi_dii_lpm,RQI_DII_v1.0,frozen_confirmed_by_researcher,0.0,-0.3712215376947796,0.3712215376947796
2022-11-27,M4_downside50_rqi_dii_lpm,RQI_DII_v1.0,frozen_confirmed_by_researcher,0.0,-0.3843657239566056,0.3843657239566056
2022-11-28,M4_downside50_rqi_dii_lpm,RQI_DII_v1.0,frozen_confirmed_by_researcher,0.0,-0.39388670051360464,0.39388670051360464
2022-11-29,M4_downside50_rqi_dii_lpm,RQI_DII_v1.0,frozen_confirmed_by_researcher,0.0,-0.348333112902651,0.348333112902651
2022-11-30,M4_downside50_rqi_dii_lpm,RQI_DII_v1.0,frozen_confirmed_by_researcher,0.0,-0.31507661655790287,0.31507661655790287
2022-12-01,M4_downside50_rqi_dii_lpm,RQI_DII_v1.0,frozen_confirmed_by_researcher,0.0,-0.30728616839307676,0.30728616839307676
2022-12-02,M4_downside50_rqi_dii_lpm,RQI_DII_v1.0,frozen_confirmed_by_researcher,0.0,-0.2929280010953619,0.2929280010953619
2022-12-03,M4_downside50_rqi_dii_lpm,RQI_DII_v1.0,frozen_confirmed_by_researcher,0.0,-0.3028075999280304,0.3028075999280304
2022-12-04,M4_downside50_rqi_dii_lpm,RQI_DII_v1.0,frozen_confirmed_by_researcher,0.0,-0.31017329090940393,0.31017329090940393
2022-12-05,M4_downside50_rqi_dii_lpm,RQI_DII_v1.0,frozen_confirmed_by_researcher,0.0,-0.31895040496144134,0.31895040496144134
2022-12-06,M4_downside50_rqi_dii_lpm,RQI_DII_v1.0,frozen_confirmed_by_researcher,0.0,-0.2924690406620698,0.2924690406620698
2022-12-07,M4_downside50_rqi_dii_lpm,RQI_DII_v1.0,frozen_confirmed_by_researcher,0.0,-0.2786950245836408,0.2786950245836408
2022-12-08,M4_downside50_rqi_dii_lpm,RQI_DII_v1.0,frozen_confirmed_by_researcher,0.0,-0.2587324338503407,0.2587324338503407
2022-12-09,M4_downside50_rqi_dii_lpm,RQI_DII_v1.0,frozen_confirmed_by_researcher,0.0,-0.2534242241002289,0.2534242241002289
2022-12-10,M4_downside50_rqi_dii_lpm,RQI_DII_v1.0,frozen_confirmed_by_researcher,0.0,-0.24750750467316607,0.24750750467316607
2022-12-11,M4_downside50_rqi_dii_lpm,RQI_DII_v1.0,frozen_confirmed_by_researcher,0.0,-0.24914513835352636,0.24914513835352636
2022-12-12,M4_downside50_rqi_dii_lpm,RQI_DII_v1.0,frozen_confirmed_by_researcher,0.0,-0.24808123773250657,0.24808123773250657
2022-12-13,M4_downside50_rqi_dii_lpm,RQI_DII_v1.0,frozen_confirmed_by_researcher,0.0,-0.22671780141455145,0.22671780141455145
2022-12-14,M4_downside50_rqi_dii_lpm,RQI_DII_v1.0,frozen_confirmed_by_researcher,0.0,-0.4362454894450707,0.4362454894450707
2022-12-15,M4_downside50_rqi_dii_lpm,RQI_DII_v1.0,frozen_confirmed_by_researcher,0.0,-0.4392126362111952,0.4392126362111952
2022-12-16,M4_downside50_rqi_dii_lpm,RQI_DII_v1.0,frozen_confirmed_by_researcher,0.0,-0.4281856475564183,0.4281856475564183
2022-12-17,M4_downside50_rqi_dii_lpm,RQI_DII_v1.0,frozen_confirmed_by_researcher,0.0,-0.40751266032678757,0.40751266032678757
2022-12-18,M4_downside50_rqi_dii_lpm,RQI_DII_v1.0,frozen_confirmed_by_researcher,0.0,-0.4091551749474718,0.4091551749474718
2022-12-19,M4_downside50_rqi_dii_lpm,RQI_DII_v1.0,frozen_confirmed_by_researcher,0.0,-0.4097486581538874,0.4097486581538874
2022-12-20,M4_downside50_rqi_dii_lpm,RQI_DII_v1.0,frozen_confirmed_by_researcher,0.0,-0.37765361414500376,0.37765361414500376
2022-12-21,M4_downside50_rqi_dii_lpm,RQI_DII_v1.0,frozen_confirmed_by_researcher,0.0,-0.37048154448784487,0.37048154448784487
2022-12-22,M4_downside50_rqi_dii_lpm,RQI_DII_v1.0,frozen_confirmed_by_researcher,0.0,0.9192413212205821,-0.9192413212205821
2022-12-23,M4_downside50_rqi_dii_lpm,RQI_DII_v1.0,frozen_confirmed_by_researcher,0.0,0.9266392768646909,-0.9266392768646909
2022-12-24,M4_downside50_rqi_dii_lpm,RQI_DII_v1.0,frozen_confirmed_by_researcher,0.0,0.9328831619151146,-0.9328831619151146
2022-12-25,M4_downside50_rqi_dii_lpm,RQI_DII_v1.0,frozen_confirmed_by_researcher,0.0,0.9236782180040706,-0.9236782180040706
2022-12-26,M4_downside50_rqi_dii_lpm,RQI_DII_v1.0,frozen_confirmed_by_researcher,0.0,0.9168673483636525,-0.9168673483636525
2022-12-27,M4_downside50_rqi_dii_lpm,RQI_DII_v1.0,frozen_confirmed_by_researcher,0.0,0.910939424169598,-0.910939424169598
2022-12-28,M4_downside50_rqi_dii_lpm,RQI_DII_v1.0,frozen_confirmed_by_researcher,0.0,0.9371776937345828,-0.9371776937345828
2022-12-29,M4_downside50_rqi_dii_lpm,RQI_DII_v1.0,frozen_confirmed_by_researcher,0.0,0.9195089291137037,-0.9195089291137037
2022-12-30,M4_downside50_rqi_dii_lpm,RQI_DII_v1.0,frozen_confirmed_by_researcher,0.0,0.9170666487878378,-0.9170666487878378
2022-12-31,M4_downside50_rqi_dii_lpm,RQI_DII_v1.0,frozen_confirmed_by_researcher,0.0,0.9132897414243359,-0.9132897414243359
2023-01-01,M4_downside50_rqi_dii_lpm,RQI_DII_v1.0,frozen_confirmed_by_researcher,0.0,0.9130146650152398,-0.9130146650152398
2023-01-02,M4_downside50_rqi_dii_lpm,RQI_DII_v1.0,frozen_confirmed_by_researcher,0.0,0.9102092399989061,-0.9102092399989061
2023-01-03,M4_downside50_rqi_dii_lpm,RQI_DII_v1.0,frozen_confirmed_by_researcher,0.0,0.9037247579277192,-0.9037247579277192
2023-01-04,M4_downside50_rqi_dii_lpm,RQI_DII_v1.0,frozen_confirmed_by_researcher,0.0,0.9494962781957952,-0.9494962781957952
2023-01-05,M4_downside50_rqi_dii_lpm,RQI_DII_v1.0,frozen_confirmed_by_researcher,0.0,0.9554938255077161,-0.9554938255077161
2023-01-06,M4_downside50_rqi_dii_lpm,RQI_DII_v1.0,frozen_confirmed_by_researcher,0.0,0.9911669506936818,-0.9911669506936818
2023-01-07,M4_downside50_rqi_dii_lpm,RQI_DII_v1.0,frozen_confirmed_by_researcher,0.0,0.995782350214526,-0.995782350214526
2023-01-08,M4_downside50_rqi_dii_lpm,RQI_DII_v1.0,frozen_confirmed_by_researcher,0.0,0.9879624198797927,-0.9879624198797927
2023-01-09,M4_downside50_rqi_dii_lpm,RQI_DII_v1.0,frozen_confirmed_by_researcher,0.0,0.978314016343603,-0.978314016343603
2023-01-10,M4_downside50_rqi_dii_lpm,RQI_DII_v1.0,frozen_confirmed_by_researcher,0.0,1.009297712924166,-1.009297712924166
2023-01-11,M4_downside50_rqi_dii_lpm,RQI_DII_v1.0,frozen_confirmed_by_researcher,0.0,1.005504569253418,-1.005504569253418
2023-01-12,M4_downside50_rqi_dii_lpm,RQI_DII_v1.0,frozen_confirmed_by_researcher,0.0,0.9969820655820456,-0.9969820655820456
2023-01-13,M4_downside50_rqi_dii_lpm,RQI_DII_v1.0,frozen_confirmed_by_researcher,0.0,0.9889818399942527,-0.9889818399942527
2023-01-14,M4_downside50_rqi_dii_lpm,RQI_DII_v1.0,frozen_confirmed_by_researcher,0.0,1.0306684201376015,-1.0306684201376015
2023-01-15,M4_downside50_rqi_dii_lpm,RQI_DII_v1.0,frozen_confirmed_by_researcher,0.0,1.012948282445734,-1.012948282445734
2023-01-16,M4_downside50_rqi_dii_lpm,RQI_DII_v1.0,frozen_confirmed_by_researcher,0.0,0.9971391881197178,-0.9971391881197178
2023-01-17,M4_downside50_rqi_dii_lpm,RQI_DII_v1.0,frozen_confirmed_by_researcher,0.0,1.0041201768910781,-1.0041201768910781
2023-01-18,M4_downside50_rqi_dii_lpm,RQI_DII_v1.0,frozen_confirmed_by_researcher,0.0,1.028923030010759,-1.028923030010759
2023-01-19,M4_downside50_rqi_dii_lpm,RQI_DII_v1.0,frozen_confirmed_by_researcher,0.0,1.0701770659690908,-1.0701770659690908
2023-01-20,M4_downside50_rqi_dii_lpm,RQI_DII_v1.0,frozen_confirmed_by_researcher,0.0,1.0815033679401438,-1.0815033679401438
2023-01-21,M4_downside50_rqi_dii_lpm,RQI_DII_v1.0,frozen_confirmed_by_researcher,0.0,1.0673893077853478,-1.0673893077853478
2023-01-22,M4_downside50_rqi_dii_lpm,RQI_DII_v1.0,frozen_confirmed_by_researcher,0.0,1.0544104283967641,-1.0544104283967641
2023-01-23,M4_downside50_rqi_dii_lpm,RQI_DII_v1.0,frozen_confirmed_by_researcher,0.0,1.0448205534683979,-1.0448205534683979
2023-01-24,M4_downside50_rqi_dii_lpm,RQI_DII_v1.0,frozen_confirmed_by_researcher,0.0,1.047395296306675,-1.047395296306675
2023-01-25,M4_downside50_rqi_dii_lpm,RQI_DII_v1.0,frozen_confirmed_by_researcher,0.0,0.7038544222219656,-0.7038544222219656
2023-01-26,M4_downside50_rqi_dii_lpm,RQI_DII_v1.0,frozen_confirmed_by_researcher,0.0,0.7138494944802005,-0.7138494944802005
2023-01-27,M4_downside50_rqi_dii_lpm,RQI_DII_v1.0,frozen_confirmed_by_researcher,0.0,0.7364917720837525,-0.7364917720837525
2023-01-28,M4_downside50_rqi_dii_lpm,RQI_DII_v1.0,frozen_confirmed_by_researcher,0.0,0.7580318083388704,-0.7580318083388704
2023-01-29,M4_downside50_rqi_dii_lpm,RQI_DII_v1.0,frozen_confirmed_by_researcher,0.0,0.7570560764437602,-0.7570560764437602
2023-01-30,M4_downside50_rqi_dii_lpm,RQI_DII_v1.0,frozen_confirmed_by_researcher,0.0,0.7691942618427845,-0.7691942618427845
2023-01-31,M4_downside50_rqi_dii_lpm,RQI_DII_v1.0,frozen_confirmed_by_researcher,0.0,0.8060746099384914,-0.8060746099384914
2023-02-01,M4_downside50_rqi_dii_lpm,RQI_DII_v1.0,frozen_confirmed_by_researcher,0.0,0.8323628119021151,-0.8323628119021151
2023-02-02,M4_downside50_rqi_dii_lpm,RQI_DII_v1.0,frozen_confirmed_by_researcher,0.0,0.8351037008675632,-0.8351037008675632
2023-02-03,M4_downside50_rqi_dii_lpm,RQI_DII_v1.0,frozen_confirmed_by_researcher,0.0,0.8325875238946878,-0.8325875238946878
2023-02-04,M4_downside50_rqi_dii_lpm,RQI_DII_v1.0,frozen_confirmed_by_researcher,0.0,0.8736482755262074,-0.8736482755262074
2023-02-05,M4_downside50_rqi_dii_lpm,RQI_DII_v1.0,frozen_confirmed_by_researcher,0.0,0.8778271335245194,-0.8778271335245194
2023-02-06,M4_downside50_rqi_dii_lpm,RQI_DII_v1.0,frozen_confirmed_by_researcher,0.0,0.8747787837543939,-0.8747787837543939
2023-02-07,M4_downside50_rqi_dii_lpm,RQI_DII_v1.0,frozen_confirmed_by_researcher,0.0,0.890085166383173,-0.890085166383173
2023-02-08,M4_downside50_rqi_dii_lpm,RQI_DII_v1.0,frozen_confirmed_by_researcher,0.0,0.9071797437169806,-0.9071797437169806
2023-02-09,M4_downside50_rqi_dii_lpm,RQI_DII_v1.0,frozen_confirmed_by_researcher,0.0,0.9233822746520843,-0.9233822746520843
2023-02-10,M4_downside50_rqi_dii_lpm,RQI_DII_v1.0,frozen_confirmed_by_researcher,0.0,0.9275540160394655,-0.9275540160394655
2023-02-11,M4_downside50_rqi_dii_lpm,RQI_DII_v1.0,frozen_confirmed_by_researcher,0.0,0.9409186458059651,-0.9409186458059651
2023-02-12,M4_downside50_rqi_dii_lpm,RQI_DII_v1.0,frozen_confirmed_by_researcher,0.0,0.9491938289949644,-0.9491938289949644
2023-02-13,M4_downside50_rqi_dii_lpm,RQI_DII_v1.0,frozen_confirmed_by_researcher,0.0,0.9576106172524845,-0.9576106172524845
2023-02-14,M4_downside50_rqi_dii_lpm,RQI_DII_v1.0,frozen_confirmed_by_researcher,0.0,0.9831155409684413,-0.9831155409684413
2023-02-15,M4_downside50_rqi_dii_lpm,RQI_DII_v1.0,frozen_confirmed_by_researcher,0.0,0.9778881767213221,-0.9778881767213221
2023-02-16,M4_downside50_rqi_dii_lpm,RQI_DII_v1.0,frozen_confirmed_by_researcher,0.0,0.9402327415996581,-0.9402327415996581
2023-02-17,M4_downside50_rqi_dii_lpm,RQI_DII_v1.0,frozen_confirmed_by_researcher,0.0,0.9265069367824594,-0.9265069367824594
2023-02-18,M4_downside50_rqi_dii_lpm,RQI_DII_v1.0,frozen_confirmed_by_researcher,0.0,0.9071680252251895,-0.9071680252251895
2023-02-19,M4_downside50_rqi_dii_lpm,RQI_DII_v1.0,frozen_confirmed_by_researcher,0.0,0.9126516009792454,-0.9126516009792454
2023-02-20,M4_downside50_rqi_dii_lpm,RQI_DII_v1.0,frozen_confirmed_by_researcher,0.0,0.910523837805016,-0.910523837805016
2023-02-21,M4_downside50_rqi_dii_lpm,RQI_DII_v1.0,frozen_confirmed_by_researcher,0.0,0.9068508218388729,-0.9068508218388729
2023-02-22,M4_downside50_rqi_dii_lpm,RQI_DII_v1.0,frozen_confirmed_by_researcher,0.0,0.8956010415654703,-0.8956010415654703
2023-02-23,M4_downside50_rqi_dii_lpm,RQI_DII_v1.0,frozen_confirmed_by_researcher,0.0,0.8952195219544024,-0.8952195219544024
2023-02-24,M4_downside50_rqi_dii_lpm,RQI_DII_v1.0,frozen_confirmed_by_researcher,0.0,0.8855433655946285,-0.8855433655946285
2023-02-25,M4_downside50_rqi_dii_lpm,RQI_DII_v1.0,frozen_confirmed_by_researcher,0.0,0.8660656478243283,-0.8660656478243283
2023-02-26,M4_downside50_rqi_dii_lpm,RQI_DII_v1.0,frozen_confirmed_by_researcher,0.0,0.8618134758657874,-0.8618134758657874
2023-02-27,M4_downside50_rqi_dii_lpm,RQI_DII_v1.0,frozen_confirmed_by_researcher,0.0,0.8599850038716426,-0.8599850038716426
2023-02-28,M4_downside50_rqi_dii_lpm,RQI_DII_v1.0,frozen_confirmed_by_researcher,0.0,0.8647038340232029,-0.8647038340232029
2023-03-01,M4_downside50_rqi_dii_lpm,RQI_DII_v1.0,frozen_confirmed_by_researcher,0.0,0.8780226207211115,-0.8780226207211115
2023-03-02,M4_downside50_rqi_dii_lpm,RQI_DII_v1.0,frozen_confirmed_by_researcher,0.0,-0.007736860947275659,0.007736860947275659
2023-03-03,M4_downside50_rqi_dii_lpm,RQI_DII_v1.0,frozen_confirmed_by_researcher,0.0,-0.05722090779504185,0.05722090779504185
2023-03-04,M4_downside50_rqi_dii_lpm,RQI_DII_v1.0,frozen_confirmed_by_researcher,0.0,-0.08008243467570253,0.08008243467570253
2023-03-05,M4_downside50_rqi_dii_lpm,RQI_DII_v1.0,frozen_confirmed_by_researcher,0.0,-0.09751207999624967,0.09751207999624967
2023-03-06,M4_downside50_rqi_dii_lpm,RQI_DII_v1.0,frozen_confirmed_by_researcher,0.0,-0.11744004084292214,0.11744004084292214
2023-03-07,M4_downside50_rqi_dii_lpm,RQI_DII_v1.0,frozen_confirmed_by_researcher,0.0,-0.09882852620121696,0.09882852620121696
2023-03-08,M4_downside50_rqi_dii_lpm,RQI_DII_v1.0,frozen_confirmed_by_researcher,0.0,-0.09174641030202224,0.09174641030202224
2023-03-09,M4_downside50_rqi_dii_lpm,RQI_DII_v1.0,frozen_confirmed_by_researcher,0.0,-0.08719570543051702,0.08719570543051702
2023-03-10,M4_downside50_rqi_dii_lpm,RQI_DII_v1.0,frozen_confirmed_by_researcher,0.0,7.588715079056385,-7.588715079056385
2023-03-11,M4_downside50_rqi_dii_lpm,RQI_DII_v1.0,frozen_confirmed_by_researcher,0.0,7.672834521446475,-7.672834521446475
2023-03-12,M4_downside50_rqi_dii_lpm,RQI_DII_v1.0,frozen_confirmed_by_researcher,100.0,7.80827151847943,92.19172848152057
2023-03-13,M4_downside50_rqi_dii_lpm,RQI_DII_v1.0,frozen_confirmed_by_researcher,100.0,7.827316110679249,92.17268388932075
2023-03-14,M4_downside50_rqi_dii_lpm,RQI_DII_v1.0,frozen_confirmed_by_researcher,0.0,7.954527067587719,-7.954527067587719
2023-03-15,M4_downside50_rqi_dii_lpm,RQI_DII_v1.0,frozen_confirmed_by_researcher,0.0,8.04730723670663,-8.04730723670663
2023-03-16,M4_downside50_rqi_dii_lpm,RQI_DII_v1.0,frozen_confirmed_by_researcher,0.0,8.135683583148037,-8.135683583148037
2023-03-17,M4_downside50_rqi_dii_lpm,RQI_DII_v1.0,frozen_confirmed_by_researcher,0.0,8.193796451026884,-8.193796451026884
2023-03-18,M4_downside50_rqi_dii_lpm,RQI_DII_v1.0,frozen_confirmed_by_researcher,0.0,8.267548209835823,-8.267548209835823
2023-03-19,M4_downside50_rqi_dii_lpm,RQI_DII_v1.0,frozen_confirmed_by_researcher,0.0,8.270040460638327,-8.270040460638327
2023-03-20,M4_downside50_rqi_dii_lpm,RQI_DII_v1.0,frozen_confirmed_by_researcher,0.0,8.27520933234949,-8.27520933234949
2023-03-21,M4_downside50_rqi_dii_lpm,RQI_DII_v1.0,frozen_confirmed_by_researcher,0.0,0.6796712340954514,-0.6796712340954514
2023-03-22,M4_downside50_rqi_dii_lpm,RQI_DII_v1.0,frozen_confirmed_by_researcher,0.0,0.6928897555494018,-0.6928897555494018
2023-03-23,M4_downside50_rqi_dii_lpm,RQI_DII_v1.0,frozen_confirmed_by_researcher,0.0,0.7418036691580454,-0.7418036691580454
2023-03-24,M4_downside50_rqi_dii_lpm,RQI_DII_v1.0,frozen_confirmed_by_researcher,0.0,0.7790535172797348,-0.7790535172797348
2023-03-25,M4_downside50_rqi_dii_lpm,RQI_DII_v1.0,frozen_confirmed_by_researcher,0.0,0.8367730419638093,-0.8367730419638093
2023-03-26,M4_downside50_rqi_dii_lpm,RQI_DII_v1.0,frozen_confirmed_by_researcher,0.0,0.8400823011124885,-0.8400823011124885
2023-03-27,M4_downside50_rqi_dii_lpm,RQI_DII_v1.0,frozen_confirmed_by_researcher,0.0,0.8457017431170613,-0.8457017431170613
2023-03-28,M4_downside50_rqi_dii_lpm,RQI_DII_v1.0,frozen_confirmed_by_researcher,0.0,0.8932589445483785,-0.8932589445483785
2023-03-29,M4_downside50_rqi_dii_lpm,RQI_DII_v1.0,frozen_confirmed_by_researcher,0.0,0.9273746171781312,-0.9273746171781312
2023-03-30,M4_downside50_rqi_dii_lpm,RQI_DII_v1.0,frozen_confirmed_by_researcher,0.0,1.719053005072439,-1.719053005072439
2023-03-31,M4_downside50_rqi_dii_lpm,RQI_DII_v1.0,frozen_confirmed_by_researcher,0.0,1.7535284430750693,-1.7535284430750693
2023-04-01,M4_downside50_rqi_dii_lpm,RQI_DII_v1.0,frozen_confirmed_by_researcher,0.0,1.7924080131393936,-1.7924080131393936
2023-04-02,M4_downside50_rqi_dii_lpm,RQI_DII_v1.0,frozen_confirmed_by_researcher,0.0,1.7996080958703118,-1.7996080958703118
2023-04-03,M4_downside50_rqi_dii_lpm,RQI_DII_v1.0,frozen_confirmed_by_researcher,0.0,1.7987819512079,-1.7987819512079
2023-04-04,M4_downside50_rqi_dii_lpm,RQI_DII_v1.0,frozen_confirmed_by_researcher,0.0,1.782261292234935,-1.782261292234935
2023-04-05,M4_downside50_rqi_dii_lpm,RQI_DII_v1.0,frozen_confirmed_by_researcher,0.0,1.7890018811430508,-1.7890018811430508
2023-04-06,M4_downside50_rqi_dii_lpm,RQI_DII_v1.0,frozen_confirmed_by_researcher,0.0,1.799218216395019,-1.799218216395019
2023-04-07,M4_downside50_rqi_dii_lpm,RQI_DII_v1.0,frozen_confirmed_by_researcher,0.0,1.7828650554244518,-1.7828650554244518
2023-04-08,M4_downside50_rqi_dii_lpm,RQI_DII_v1.0,frozen_confirmed_by_researcher,0.0,1.79484390601786,-1.79484390601786
2023-04-09,M4_downside50_rqi_dii_lpm,RQI_DII_v1.0,frozen_confirmed_by_researcher,0.0,1.7962396974229904,-1.7962396974229904
2023-04-10,M4_downside50_rqi_dii_lpm,RQI_DII_v1.0,frozen_confirmed_by_researcher,0.0,1.8011151197037947,-1.8011151197037947
2023-04-11,M4_downside50_rqi_dii_lpm,RQI_DII_v1.0,frozen_confirmed_by_researcher,0.0,1.8147163460598676,-1.8147163460598676
2023-04-12,M4_downside50_rqi_dii_lpm,RQI_DII_v1.0,frozen_confirmed_by_researcher,0.0,1.8227937356295456,-1.8227937356295456
2023-04-13,M4_downside50_rqi_dii_lpm,RQI_DII_v1.0,frozen_confirmed_by_researcher,0.0,1.855517293710463,-1.855517293710463
2023-04-14,M4_downside50_rqi_dii_lpm,RQI_DII_v1.0,frozen_confirmed_by_researcher,0.0,1.8730424124869103,-1.8730424124869103
2023-04-15,M4_downside50_rqi_dii_lpm,RQI_DII_v1.0,frozen_confirmed_by_researcher,0.0,1.885079870108541,-1.885079870108541
2023-04-16,M4_downside50_rqi_dii_lpm,RQI_DII_v1.0,frozen_confirmed_by_researcher,0.0,1.8882736071407322,-1.8882736071407322
2023-04-17,M4_downside50_rqi_dii_lpm,RQI_DII_v1.0,frozen_confirmed_by_researcher,0.0,1.8911322590578692,-1.8911322590578692
2023-04-18,M4_downside50_rqi_dii_lpm,RQI_DII_v1.0,frozen_confirmed_by_researcher,0.0,1.9110202338495839,-1.9110202338495839
2023-04-19,M4_downside50_rqi_dii_lpm,RQI_DII_v1.0,frozen_confirmed_by_researcher,0.0,1.9423208277347328,-1.9423208277347328
2023-04-20,M4_downside50_rqi_dii_lpm,RQI_DII_v1.0,frozen_confirmed_by_researcher,0.0,1.9714507877644536,-1.9714507877644536
2023-04-21,M4_downside50_rqi_dii_lpm,RQI_DII_v1.0,frozen_confirmed_by_researcher,0.0,1.9943772164265567,-1.9943772164265567
2023-04-22,M4_downside50_rqi_dii_lpm,RQI_DII_v1.0,frozen_confirmed_by_researcher,0.0,2.022004459123579,-2.022004459123579
2023-04-23,M4_downside50_rqi_dii_lpm,RQI_DII_v1.0,frozen_confirmed_by_researcher,0.0,2.0237340172138403,-2.0237340172138403
2023-04-24,M4_downside50_rqi_dii_lpm,RQI_DII_v1.0,frozen_confirmed_by_researcher,0.0,2.0212991182500275,-2.0212991182500275
2023-04-25,M4_downside50_rqi_dii_lpm,RQI_DII_v1.0,frozen_confirmed_by_researcher,0.0,2.0335699200628596,-2.0335699200628596
2023-04-26,M4_downside50_rqi_dii_lpm,RQI_DII_v1.0,frozen_confirmed_by_researcher,0.0,2.0347339248389886,-2.0347339248389886
2023-04-27,M4_downside50_rqi_dii_lpm,RQI_DII_v1.0,frozen_confirmed_by_researcher,100.0,2.032341274130431,97.96765872586957
2023-04-28,M4_downside50_rqi_dii_lpm,RQI_DII_v1.0,frozen_confirmed_by_researcher,0.0,-0.016980922417971556,0.016980922417971556
2023-04-29,M4_downside50_rqi_dii_lpm,RQI_DII_v1.0,frozen_confirmed_by_researcher,0.0,-0.01796704516192449,0.01796704516192449
2023-04-30,M4_downside50_rqi_dii_lpm,RQI_DII_v1.0,frozen_confirmed_by_researcher,0.0,-0.017371153533773054,0.017371153533773054
2023-05-01,M4_downside50_rqi_dii_lpm,RQI_DII_v1.0,frozen_confirmed_by_researcher,0.0,-0.014829067815526287,0.014829067815526287
2023-05-02,M4_downside50_rqi_dii_lpm,RQI_DII_v1.0,frozen_confirmed_by_researcher,0.0,0.0023782716943117066,-0.0023782716943117066
2023-05-03,M4_downside50_rqi_dii_lpm,RQI_DII_v1.0,frozen_confirmed_by_researcher,0.0,0.023281538173250738,-0.023281538173250738
2023-05-04,M4_downside50_rqi_dii_lpm,RQI_DII_v1.0,frozen_confirmed_by_researcher,0.0,0.029648875023838173,-0.029648875023838173
2023-05-05,M4_downside50_rqi_dii_lpm,RQI_DII_v1.0,frozen_confirmed_by_researcher,0.0,0.04112978234111608,-0.04112978234111608
2023-05-06,M4_downside50_rqi_dii_lpm,RQI_DII_v1.0,frozen_confirmed_by_researcher,0.0,0.010701523317493411,-0.010701523317493411
2023-05-07,M4_downside50_rqi_dii_lpm,RQI_DII_v1.0,frozen_confirmed_by_researcher,0.0,0.012509392049040002,-0.012509392049040002
2023-05-08,M4_downside50_rqi_dii_lpm,RQI_DII_v1.0,frozen_confirmed_by_researcher,0.0,0.015046901462127948,-0.015046901462127948
2023-05-09,M4_downside50_rqi_dii_lpm,RQI_DII_v1.0,frozen_confirmed_by_researcher,0.0,0.03795898163104994,-0.03795898163104994
2023-05-10,M4_downside50_rqi_dii_lpm,RQI_DII_v1.0,frozen_confirmed_by_researcher,0.0,0.05209181763409276,-0.05209181763409276
2023-05-11,M4_downside50_rqi_dii_lpm,RQI_DII_v1.0,frozen_confirmed_by_researcher,0.0,0.0559893017263704,-0.0559893017263704
2023-05-12,M4_downside50_rqi_dii_lpm,RQI_DII_v1.0,frozen_confirmed_by_researcher,0.0,0.07919537290045753,-0.07919537290045753
2023-05-13,M4_downside50_rqi_dii_lpm,RQI_DII_v1.0,frozen_confirmed_by_researcher,0.0,0.07548218985263588,-0.07548218985263588
2023-05-14,M4_downside50_rqi_dii_lpm,RQI_DII_v1.0,frozen_confirmed_by_researcher,0.0,0.07672037498292639,-0.07672037498292639
2023-05-15,M4_downside50_rqi_dii_lpm,RQI_DII_v1.0,frozen_confirmed_by_researcher,0.0,0.08329646724612871,-0.08329646724612871
2023-05-16,M4_downside50_rqi_dii_lpm,RQI_DII_v1.0,frozen_confirmed_by_researcher,0.0,0.10282545030776191,-0.10282545030776191
2023-05-17,M4_downside50_rqi_dii_lpm,RQI_DII_v1.0,frozen_confirmed_by_researcher,0.0,0.11712353396171693,-0.11712353396171693
2023-05-18,M4_downside50_rqi_dii_lpm,RQI_DII_v1.0,frozen_confirmed_by_researcher,0.0,0.1384218972388993,-0.1384218972388993
2023-05-19,M4_downside50_rqi_dii_lpm,RQI_DII_v1.0,frozen_confirmed_by_researcher,0.0,0.12558024632934917,-0.12558024632934917
2023-05-20,M4_downside50_rqi_dii_lpm,RQI_DII_v1.0,frozen_confirmed_by_researcher,0.0,0.1382790855670777,-0.1382790855670777
2023-05-21,M4_downside50_rqi_dii_lpm,RQI_DII_v1.0,frozen_confirmed_by_researcher,0.0,0.1403657782268226,-0.1403657782268226
2023-05-22,M4_downside50_rqi_dii_lpm,RQI_DII_v1.0,frozen_confirmed_by_researcher,0.0,0.1435862333308222,-0.1435862333308222
2023-05-23,M4_downside50_rqi_dii_lpm,RQI_DII_v1.0,frozen_confirmed_by_researcher,0.0,0.15973687894464206,-0.15973687894464206
2023-05-24,M4_downside50_rqi_dii_lpm,RQI_DII_v1.0,frozen_confirmed_by_researcher,0.0,0.1787526874312988,-0.1787526874312988
2023-05-25,M4_downside50_rqi_dii_lpm,RQI_DII_v1.0,frozen_confirmed_by_researcher,0.0,0.20783968151410193,-0.20783968151410193
2023-05-26,M4_downside50_rqi_dii_lpm,RQI_DII_v1.0,frozen_confirmed_by_researcher,0.0,0.2184289106845938,-0.2184289106845938
2023-05-27,M4_downside50_rqi_dii_lpm,RQI_DII_v1.0,frozen_confirmed_by_researcher,0.0,0.21765049296523387,-0.21765049296523387
2023-05-28,M4_downside50_rqi_dii_lpm,RQI_DII_v1.0,frozen_confirmed_by_researcher,0.0,0.22248496556461816,-0.22248496556461816
2023-05-29,M4_downside50_rqi_dii_lpm,RQI_DII_v1.0,frozen_confirmed_by_researcher,0.0,0.22720644148630242,-0.22720644148630242
2023-06-30,M4_downside50_rqi_dii_lpm,RQI_DII_v1.0,frozen_confirmed_by_researcher,0.0,0.039890408205494055,-0.039890408205494055
2023-07-01,M4_downside50_rqi_dii_lpm,RQI_DII_v1.0,frozen_confirmed_by_researcher,0.0,0.11935918685526303,-0.11935918685526303
2023-07-02,M4_downside50_rqi_dii_lpm,RQI_DII_v1.0,frozen_confirmed_by_researcher,0.0,0.11879433015219831,-0.11879433015219831
2023-07-03,M4_downside50_rqi_dii_lpm,RQI_DII_v1.0,frozen_confirmed_by_researcher,0.0,0.1202014638563611,-0.1202014638563611
2023-07-04,M4_downside50_rqi_dii_lpm,RQI_DII_v1.0,frozen_confirmed_by_researcher,0.0,0.08528125012530552,-0.08528125012530552
2023-07-05,M4_downside50_rqi_dii_lpm,RQI_DII_v1.0,frozen_confirmed_by_researcher,0.0,0.08328571755150449,-0.08328571755150449
2023-07-06,M4_downside50_rqi_dii_lpm,RQI_DII_v1.0,frozen_confirmed_by_researcher,0.0,0.0922367902207526,-0.0922367902207526
2023-07-07,M4_downside50_rqi_dii_lpm,RQI_DII_v1.0,frozen_confirmed_by_researcher,0.0,0.11306683820103558,-0.11306683820103558
2023-07-08,M4_downside50_rqi_dii_lpm,RQI_DII_v1.0,frozen_confirmed_by_researcher,0.0,0.12285476366194814,-0.12285476366194814
2023-07-09,M4_downside50_rqi_dii_lpm,RQI_DII_v1.0,frozen_confirmed_by_researcher,0.0,0.12510465346160515,-0.12510465346160515
2023-07-10,M4_downside50_rqi_dii_lpm,RQI_DII_v1.0,frozen_confirmed_by_researcher,0.0,0.1265127804232975,-0.1265127804232975
2023-07-11,M4_downside50_rqi_dii_lpm,RQI_DII_v1.0,frozen_confirmed_by_researcher,0.0,0.14269813623926098,-0.14269813623926098
2023-07-12,M4_downside50_rqi_dii_lpm,RQI_DII_v1.0,frozen_confirmed_by_researcher,0.0,0.15113948379480746,-0.15113948379480746
2023-07-13,M4_downside50_rqi_dii_lpm,RQI_DII_v1.0,frozen_confirmed_by_researcher,0.0,0.16271081902434048,-0.16271081902434048
2023-07-14,M4_downside50_rqi_dii_lpm,RQI_DII_v1.0,frozen_confirmed_by_researcher,0.0,0.14260074553962454,-0.14260074553962454
2023-07-15,M4_downside50_rqi_dii_lpm,RQI_DII_v1.0,frozen_confirmed_by_researcher,0.0,0.16310505961713773,-0.16310505961713773
2023-07-16,M4_downside50_rqi_dii_lpm,RQI_DII_v1.0,frozen_confirmed_by_researcher,0.0,0.16394754356285546,-0.16394754356285546
2023-07-17,M4_downside50_rqi_dii_lpm,RQI_DII_v1.0,frozen_confirmed_by_researcher,0.0,0.16321278590247346,-0.16321278590247346
2023-07-18,M4_downside50_rqi_dii_lpm,RQI_DII_v1.0,frozen_confirmed_by_researcher,0.0,0.1958536348895734,-0.1958536348895734
2023-07-19,M4_downside50_rqi_dii_lpm,RQI_DII_v1.0,frozen_confirmed_by_researcher,0.0,0.20718859660371436,-0.20718859660371436
2023-07-20,M4_downside50_rqi_dii_lpm,RQI_DII_v1.0,frozen_confirmed_by_researcher,0.0,0.22430016823625465,-0.22430016823625465
2023-07-21,M4_downside50_rqi_dii_lpm,RQI_DII_v1.0,frozen_confirmed_by_researcher,0.0,0.23297717857255407,-0.23297717857255407
2023-07-22,M4_downside50_rqi_dii_lpm,RQI_DII_v1.0,frozen_confirmed_by_researcher,0.0,0.24150629876126573,-0.24150629876126573
2023-07-23,M4_downside50_rqi_dii_lpm,RQI_DII_v1.0,frozen_confirmed_by_researcher,0.0,0.24449294783823916,-0.24449294783823916
2023-07-24,M4_downside50_rqi_dii_lpm,RQI_DII_v1.0,frozen_confirmed_by_researcher,0.0,0.24750089789428387,-0.24750089789428387
2023-07-25,M4_downside50_rqi_dii_lpm,RQI_DII_v1.0,frozen_confirmed_by_researcher,0.0,0.2660315723074689,-0.2660315723074689
2023-07-26,M4_downside50_rqi_dii_lpm,RQI_DII_v1.0,frozen_confirmed_by_researcher,0.0,0.2783916277211915,-0.2783916277211915
2023-07-27,M4_downside50_rqi_dii_lpm,RQI_DII_v1.0,frozen_confirmed_by_researcher,0.0,0.2925311377103128,-0.2925311377103128
2023-07-28,M4_downside50_rqi_dii_lpm,RQI_DII_v1.0,frozen_confirmed_by_researcher,0.0,0.01962838263470701,-0.01962838263470701
2023-07-29,M4_downside50_rqi_dii_lpm,RQI_DII_v1.0,frozen_confirmed_by_researcher,0.0,0.02544865784163619,-0.02544865784163619
2023-07-30,M4_downside50_rqi_dii_lpm,RQI_DII_v1.0,frozen_confirmed_by_researcher,0.0,0.022169144301471988,-0.022169144301471988
2023-07-31,M4_downside50_rqi_dii_lpm,RQI_DII_v1.0,frozen_confirmed_by_researcher,0.0,0.024403416613367312,-0.024403416613367312
2023-08-01,M4_downside50_rqi_dii_lpm,RQI_DII_v1.0,frozen_confirmed_by_researcher,0.0,0.03544800903050316,-0.03544800903050316
2023-08-02,M4_downside50_rqi_dii_lpm,RQI_DII_v1.0,frozen_confirmed_by_researcher,0.0,0.0658643984520495,-0.0658643984520495
2023-08-03,M4_downside50_rqi_dii_lpm,RQI_DII_v1.0,frozen_confirmed_by_researcher,0.0,0.08508740233716594,-0.08508740233716594
2023-08-04,M4_downside50_rqi_dii_lpm,RQI_DII_v1.0,frozen_confirmed_by_researcher,0.0,0.10094538501142836,-0.10094538501142836
2023-08-05,M4_downside50_rqi_dii_lpm,RQI_DII_v1.0,frozen_confirmed_by_researcher,0.0,0.11339454614378042,-0.11339454614378042
2023-08-06,M4_downside50_rqi_dii_lpm,RQI_DII_v1.0,frozen_confirmed_by_researcher,0.0,0.11573387210037822,-0.11573387210037822
2023-08-07,M4_downside50_rqi_dii_lpm,RQI_DII_v1.0,frozen_confirmed_by_researcher,0.0,0.11794711471709718,-0.11794711471709718
2023-08-08,M4_downside50_rqi_dii_lpm,RQI_DII_v1.0,frozen_confirmed_by_researcher,0.0,0.10257313788217459,-0.10257313788217459
2023-08-09,M4_downside50_rqi_dii_lpm,RQI_DII_v1.0,frozen_confirmed_by_researcher,0.0,0.08450925235757722,-0.08450925235757722
2023-08-10,M4_downside50_rqi_dii_lpm,RQI_DII_v1.0,frozen_confirmed_by_researcher,0.0,0.08808250450877608,-0.08808250450877608
2023-08-11,M4_downside50_rqi_dii_lpm,RQI_DII_v1.0,frozen_confirmed_by_researcher,0.0,0.10809288424015051,-0.10809288424015051
2023-08-12,M4_downside50_rqi_dii_lpm,RQI_DII_v1.0,frozen_confirmed_by_researcher,0.0,0.11471965068838585,-0.11471965068838585
2023-08-13,M4_downside50_rqi_dii_lpm,RQI_DII_v1.0,frozen_confirmed_by_researcher,0.0,0.1109796608247251,-0.1109796608247251
2023-08-14,M4_downside50_rqi_dii_lpm,RQI_DII_v1.0,frozen_confirmed_by_researcher,0.0,0.10890864741922712,-0.10890864741922712
2023-08-15,M4_downside50_rqi_dii_lpm,RQI_DII_v1.0,frozen_confirmed_by_researcher,0.0,0.1374490760400846,-0.1374490760400846
2023-08-16,M4_downside50_rqi_dii_lpm,RQI_DII_v1.0,frozen_confirmed_by_researcher,0.0,0.13378427908251922,-0.13378427908251922
2023-08-17,M4_downside50_rqi_dii_lpm,RQI_DII_v1.0,frozen_confirmed_by_researcher,0.0,0.130475178131789,-0.130475178131789
2023-08-18,M4_downside50_rqi_dii_lpm,RQI_DII_v1.0,frozen_confirmed_by_researcher,0.0,0.1257854582211877,-0.1257854582211877
2023-08-19,M4_downside50_rqi_dii_lpm,RQI_DII_v1.0,frozen_confirmed_by_researcher,0.0,0.1744203704341203,-0.1744203704341203
2023-08-20,M4_downside50_rqi_dii_lpm,RQI_DII_v1.0,frozen_confirmed_by_researcher,0.0,0.15019535467142475,-0.15019535467142475
2023-08-21,M4_downside50_rqi_dii_lpm,RQI_DII_v1.0,frozen_confirmed_by_researcher,0.0,0.1515657226646141,-0.1515657226646141
2023-08-22,M4_downside50_rqi_dii_lpm,RQI_DII_v1.0,frozen_confirmed_by_researcher,0.0,0.1539458450740625,-0.1539458450740625
2023-08-23,M4_downside50_rqi_dii_lpm,RQI_DII_v1.0,frozen_confirmed_by_researcher,0.0,0.16357158849561415,-0.16357158849561415
2023-08-24,M4_downside50_rqi_dii_lpm,RQI_DII_v1.0,frozen_confirmed_by_researcher,0.0,0.15319325068639955,-0.15319325068639955
2023-08-25,M4_downside50_rqi_dii_lpm,RQI_DII_v1.0,frozen_confirmed_by_researcher,0.0,0.170817363419701,-0.170817363419701
2023-08-26,M4_downside50_rqi_dii_lpm,RQI_DII_v1.0,frozen_confirmed_by_researcher,0.0,0.16349880957990592,-0.16349880957990592
2023-08-27,M4_downside50_rqi_dii_lpm,RQI_DII_v1.0,frozen_confirmed_by_researcher,0.0,0.15814036262850095,-0.15814036262850095
2023-08-28,M4_downside50_rqi_dii_lpm,RQI_DII_v1.0,frozen_confirmed_by_researcher,0.0,0.15205367741683062,-0.15205367741683062
2023-08-29,M4_downside50_rqi_dii_lpm,RQI_DII_v1.0,frozen_confirmed_by_researcher,0.0,0.1559672755749517,-0.1559672755749517
2023-08-30,M4_downside50_rqi_dii_lpm,RQI_DII_v1.0,frozen_confirmed_by_researcher,0.0,-0.08949446854863652,0.08949446854863652
2023-08-31,M4_downside50_rqi_dii_lpm,RQI_DII_v1.0,frozen_confirmed_by_researcher,0.0,-0.08168062874428017,0.08168062874428017
2023-09-01,M4_downside50_rqi_dii_lpm,RQI_DII_v1.0,frozen_confirmed_by_researcher,0.0,-0.09179567474230055,0.09179567474230055
2023-09-02,M4_downside50_rqi_dii_lpm,RQI_DII_v1.0,frozen_confirmed_by_researcher,0.0,-0.08182844532333888,0.08182844532333888
2023-09-03,M4_downside50_rqi_dii_lpm,RQI_DII_v1.0,frozen_confirmed_by_researcher,0.0,-0.08161903833357087,0.08161903833357087
2023-09-04,M4_downside50_rqi_dii_lpm,RQI_DII_v1.0,frozen_confirmed_by_researcher,0.0,-0.08596437755647912,0.08596437755647912
2023-09-05,M4_downside50_rqi_dii_lpm,RQI_DII_v1.0,frozen_confirmed_by_researcher,0.0,-0.06227613934765941,0.06227613934765941
2023-09-06,M4_downside50_rqi_dii_lpm,RQI_DII_v1.0,frozen_confirmed_by_researcher,0.0,-0.037347539020657905,0.037347539020657905
2023-09-07,M4_downside50_rqi_dii_lpm,RQI_DII_v1.0,frozen_confirmed_by_researcher,0.0,-0.03297453806456474,0.03297453806456474
2023-09-08,M4_downside50_rqi_dii_lpm,RQI_DII_v1.0,frozen_confirmed_by_researcher,0.0,-0.00842976125747441,0.00842976125747441
2023-09-09,M4_downside50_rqi_dii_lpm,RQI_DII_v1.0,frozen_confirmed_by_researcher,0.0,-0.024750737939427836,0.024750737939427836
2023-09-10,M4_downside50_rqi_dii_lpm,RQI_DII_v1.0,frozen_confirmed_by_researcher,0.0,-0.02697056615690485,0.02697056615690485
2023-09-11,M4_downside50_rqi_dii_lpm,RQI_DII_v1.0,frozen_confirmed_by_researcher,0.0,-0.03334145979005143,0.03334145979005143
2023-09-12,M4_downside50_rqi_dii_lpm,RQI_DII_v1.0,frozen_confirmed_by_researcher,0.0,-0.021654070077559595,0.021654070077559595
2023-09-13,M4_downside50_rqi_dii_lpm,RQI_DII_v1.0,frozen_confirmed_by_researcher,0.0,-0.03417282716191039,0.03417282716191039
2023-09-14,M4_downside50_rqi_dii_lpm,RQI_DII_v1.0,frozen_confirmed_by_researcher,0.0,-0.03767177219491202,0.03767177219491202
2023-09-15,M4_downside50_rqi_dii_lpm,RQI_DII_v1.0,frozen_confirmed_by_researcher,0.0,-0.02949317206794433,0.02949317206794433
2023-09-16,M4_downside50_rqi_dii_lpm,RQI_DII_v1.0,frozen_confirmed_by_researcher,0.0,-0.01930821376645042,0.01930821376645042
2023-09-17,M4_downside50_rqi_dii_lpm,RQI_DII_v1.0,frozen_confirmed_by_researcher,0.0,-0.024964174403734773,0.024964174403734773
2023-09-18,M4_downside50_rqi_dii_lpm,RQI_DII_v1.0,frozen_confirmed_by_researcher,0.0,-0.023529861104748306,0.023529861104748306
2023-09-19,M4_downside50_rqi_dii_lpm,RQI_DII_v1.0,frozen_confirmed_by_researcher,0.0,-0.016374518708985875,0.016374518708985875
2023-09-20,M4_downside50_rqi_dii_lpm,RQI_DII_v1.0,frozen_confirmed_by_researcher,0.0,-0.004043022015352449,0.004043022015352449
2023-09-21,M4_downside50_rqi_dii_lpm,RQI_DII_v1.0,frozen_confirmed_by_researcher,0.0,0.009382768921113893,-0.009382768921113893
2023-09-22,M4_downside50_rqi_dii_lpm,RQI_DII_v1.0,frozen_confirmed_by_researcher,0.0,0.03611674848899327,-0.03611674848899327
2023-09-23,M4_downside50_rqi_dii_lpm,RQI_DII_v1.0,frozen_confirmed_by_researcher,0.0,0.04470683229133954,-0.04470683229133954
2023-09-24,M4_downside50_rqi_dii_lpm,RQI_DII_v1.0,frozen_confirmed_by_researcher,0.0,0.04473970646859016,-0.04473970646859016
2023-09-25,M4_downside50_rqi_dii_lpm,RQI_DII_v1.0,frozen_confirmed_by_researcher,0.0,0.045946974748972025,-0.045946974748972025
2023-09-26,M4_downside50_rqi_dii_lpm,RQI_DII_v1.0,frozen_confirmed_by_researcher,0.0,0.07366764663717618,-0.07366764663717618
2023-09-27,M4_downside50_rqi_dii_lpm,RQI_DII_v1.0,frozen_confirmed_by_researcher,0.0,0.07858680881419389,-0.07858680881419389
2023-09-28,M4_downside50_rqi_dii_lpm,RQI_DII_v1.0,frozen_confirmed_by_researcher,0.0,0.09943531405536987,-0.09943531405536987
2023-09-29,M4_downside50_rqi_dii_lpm,RQI_DII_v1.0,frozen_confirmed_by_researcher,0.0,-0.05825365895110224,0.05825365895110224
2023-09-30,M4_downside50_rqi_dii_lpm,RQI_DII_v1.0,frozen_confirmed_by_researcher,0.0,-0.0008042223410313909,0.0008042223410313909
2023-10-01,M4_downside50_rqi_dii_lpm,RQI_DII_v1.0,frozen_confirmed_by_researcher,0.0,-0.007064123347603868,0.007064123347603868
2023-10-02,M4_downside50_rqi_dii_lpm,RQI_DII_v1.0,frozen_confirmed_by_researcher,0.0,-0.008596292326117805,0.008596292326117805
2023-10-03,M4_downside50_rqi_dii_lpm,RQI_DII_v1.0,frozen_confirmed_by_researcher,0.0,-0.026402819566257563,0.026402819566257563
2023-10-04,M4_downside50_rqi_dii_lpm,RQI_DII_v1.0,frozen_confirmed_by_researcher,0.0,-0.0039004364757175836,0.0039004364757175836
2023-10-05,M4_downside50_rqi_dii_lpm,RQI_DII_v1.0,frozen_confirmed_by_researcher,0.0,0.00944451727345097,-0.00944451727345097
2023-10-06,M4_downside50_rqi_dii_lpm,RQI_DII_v1.0,frozen_confirmed_by_researcher,0.0,0.013015318209454563,-0.013015318209454563
2023-10-07,M4_downside50_rqi_dii_lpm,RQI_DII_v1.0,frozen_confirmed_by_researcher,0.0,-0.024437289817782926,0.024437289817782926
2023-10-08,M4_downside50_rqi_dii_lpm,RQI_DII_v1.0,frozen_confirmed_by_researcher,0.0,-0.02648275102390585,0.02648275102390585
2023-10-09,M4_downside50_rqi_dii_lpm,RQI_DII_v1.0,frozen_confirmed_by_researcher,0.0,-0.026646750159869725,0.026646750159869725
2023-10-10,M4_downside50_rqi_dii_lpm,RQI_DII_v1.0,frozen_confirmed_by_researcher,0.0,-0.020088881870876207,0.020088881870876207
2023-10-11,M4_downside50_rqi_dii_lpm,RQI_DII_v1.0,frozen_confirmed_by_researcher,0.0,-0.0008347228134226725,0.0008347228134226725
2023-10-12,M4_downside50_rqi_dii_lpm,RQI_DII_v1.0,frozen_confirmed_by_researcher,0.0,0.025195227393368214,-0.025195227393368214
2023-10-13,M4_downside50_rqi_dii_lpm,RQI_DII_v1.0,frozen_confirmed_by_researcher,0.0,0.04309220945575021,-0.04309220945575021
2023-10-14,M4_downside50_rqi_dii_lpm,RQI_DII_v1.0,frozen_confirmed_by_researcher,0.0,0.05011628552148295,-0.05011628552148295
2023-10-15,M4_downside50_rqi_dii_lpm,RQI_DII_v1.0,frozen_confirmed_by_researcher,0.0,0.04740058105849698,-0.04740058105849698
2023-10-16,M4_downside50_rqi_dii_lpm,RQI_DII_v1.0,frozen_confirmed_by_researcher,0.0,0.03973166640621173,-0.03973166640621173
2023-10-17,M4_downside50_rqi_dii_lpm,RQI_DII_v1.0,frozen_confirmed_by_researcher,0.0,0.03132188136636671,-0.03132188136636671
2023-10-18,M4_downside50_rqi_dii_lpm,RQI_DII_v1.0,frozen_confirmed_by_researcher,0.0,0.029357213216513856,-0.029357213216513856
2023-10-19,M4_downside50_rqi_dii_lpm,RQI_DII_v1.0,frozen_confirmed_by_researcher,0.0,0.03234276785909174,-0.03234276785909174
2023-10-20,M4_downside50_rqi_dii_lpm,RQI_DII_v1.0,frozen_confirmed_by_researcher,0.0,0.019040632790307654,-0.019040632790307654
2023-10-21,M4_downside50_rqi_dii_lpm,RQI_DII_v1.0,frozen_confirmed_by_researcher,0.0,0.014021879520569769,-0.014021879520569769
2023-10-22,M4_downside50_rqi_dii_lpm,RQI_DII_v1.0,frozen_confirmed_by_researcher,0.0,0.012771465842689622,-0.012771465842689622
2023-10-23,M4_downside50_rqi_dii_lpm,RQI_DII_v1.0,frozen_confirmed_by_researcher,0.0,0.016263100785081974,-0.016263100785081974
2023-10-24,M4_downside50_rqi_dii_lpm,RQI_DII_v1.0,frozen_confirmed_by_researcher,0.0,0.03134021913780316,-0.03134021913780316
2023-10-25,M4_downside50_rqi_dii_lpm,RQI_DII_v1.0,frozen_confirmed_by_researcher,0.0,0.09171803608590778,-0.09171803608590778
2023-10-26,M4_downside50_rqi_dii_lpm,RQI_DII_v1.0,frozen_confirmed_by_researcher,0.0,0.07647483990629667,-0.07647483990629667
2023-10-27,M4_downside50_rqi_dii_lpm,RQI_DII_v1.0,frozen_confirmed_by_researcher,0.0,0.08301047766215675,-0.08301047766215675
2023-10-28,M4_downside50_rqi_dii_lpm,RQI_DII_v1.0,frozen_confirmed_by_researcher,0.0,0.1061720942806943,-0.1061720942806943
2023-10-29,M4_downside50_rqi_dii_lpm,RQI_DII_v1.0,frozen_confirmed_by_researcher,0.0,0.10330864656340566,-0.10330864656340566
2023-10-30,M4_downside50_rqi_dii_lpm,RQI_DII_v1.0,frozen_confirmed_by_researcher,0.0,-0.37866273971967246,0.37866273971967246
2023-10-31,M4_downside50_rqi_dii_lpm,RQI_DII_v1.0,frozen_confirmed_by_researcher,0.0,-0.3598399806363659,0.3598399806363659
2023-11-01,M4_downside50_rqi_dii_lpm,RQI_DII_v1.0,frozen_confirmed_by_researcher,0.0,-0.3329947560686577,0.3329947560686577
2023-11-02,M4_downside50_rqi_dii_lpm,RQI_DII_v1.0,frozen_confirmed_by_researcher,0.0,-0.3288286203698476,0.3288286203698476
2023-11-03,M4_downside50_rqi_dii_lpm,RQI_DII_v1.0,frozen_confirmed_by_researcher,0.0,-0.2829051100128481,0.2829051100128481
2023-11-04,M4_downside50_rqi_dii_lpm,RQI_DII_v1.0,frozen_confirmed_by_researcher,0.0,-0.285693924068795,0.285693924068795
2023-11-05,M4_downside50_rqi_dii_lpm,RQI_DII_v1.0,frozen_confirmed_by_researcher,0.0,-0.2961432473494767,0.2961432473494767
2023-11-06,M4_downside50_rqi_dii_lpm,RQI_DII_v1.0,frozen_confirmed_by_researcher,0.0,-0.2972087116073254,0.2972087116073254
2023-11-07,M4_downside50_rqi_dii_lpm,RQI_DII_v1.0,frozen_confirmed_by_researcher,0.0,-0.2673003174290898,0.2673003174290898
2023-11-08,M4_downside50_rqi_dii_lpm,RQI_DII_v1.0,frozen_confirmed_by_researcher,0.0,-0.25545267912046654,0.25545267912046654
2023-11-09,M4_downside50_rqi_dii_lpm,RQI_DII_v1.0,frozen_confirmed_by_researcher,0.0,-0.2323802156218875,0.2323802156218875
2023-11-10,M4_downside50_rqi_dii_lpm,RQI_DII_v1.0,frozen_confirmed_by_researcher,0.0,-0.2121568892059713,0.2121568892059713
2023-11-11,M4_downside50_rqi_dii_lpm,RQI_DII_v1.0,frozen_confirmed_by_researcher,0.0,-0.21475708955576067,0.21475708955576067
2023-11-12,M4_downside50_rqi_dii_lpm,RQI_DII_v1.0,frozen_confirmed_by_researcher,0.0,-0.22226283668153712,0.22226283668153712
2023-11-13,M4_downside50_rqi_dii_lpm,RQI_DII_v1.0,frozen_confirmed_by_researcher,0.0,-0.22642840791003493,0.22642840791003493
2023-11-14,M4_downside50_rqi_dii_lpm,RQI_DII_v1.0,frozen_confirmed_by_researcher,0.0,-0.1880263800035209,0.1880263800035209
2023-11-15,M4_downside50_rqi_dii_lpm,RQI_DII_v1.0,frozen_confirmed_by_researcher,0.0,-0.15375856599432325,0.15375856599432325
2023-11-16,M4_downside50_rqi_dii_lpm,RQI_DII_v1.0,frozen_confirmed_by_researcher,0.0,-0.19117694031335475,0.19117694031335475
2023-11-17,M4_downside50_rqi_dii_lpm,RQI_DII_v1.0,frozen_confirmed_by_researcher,0.0,-0.19901834539147956,0.19901834539147956
2023-11-18,M4_downside50_rqi_dii_lpm,RQI_DII_v1.0,frozen_confirmed_by_researcher,0.0,-0.2350374447105139,0.2350374447105139
2023-11-19,M4_downside50_rqi_dii_lpm,RQI_DII_v1.0,frozen_confirmed_by_researcher,0.0,-0.23495471624501363,0.23495471624501363
2023-11-20,M4_downside50_rqi_dii_lpm,RQI_DII_v1.0,frozen_confirmed_by_researcher,0.0,-0.2393874157639999,0.2393874157639999
2023-11-21,M4_downside50_rqi_dii_lpm,RQI_DII_v1.0,frozen_confirmed_by_researcher,0.0,-0.2434878811983623,0.2434878811983623
2023-11-22,M4_downside50_rqi_dii_lpm,RQI_DII_v1.0,frozen_confirmed_by_researcher,0.0,-0.2183627215829631,0.2183627215829631
2023-11-23,M4_downside50_rqi_dii_lpm,RQI_DII_v1.0,frozen_confirmed_by_researcher,0.0,-0.22237371416909468,0.22237371416909468
2023-11-24,M4_downside50_rqi_dii_lpm,RQI_DII_v1.0,frozen_confirmed_by_researcher,0.0,-0.22294316589675134,0.22294316589675134
2023-11-25,M4_downside50_rqi_dii_lpm,RQI_DII_v1.0,frozen_confirmed_by_researcher,0.0,-0.25468843343260517,0.25468843343260517
2023-11-26,M4_downside50_rqi_dii_lpm,RQI_DII_v1.0,frozen_confirmed_by_researcher,0.0,-0.25222380349755724,0.25222380349755724
2023-11-27,M4_downside50_rqi_dii_lpm,RQI_DII_v1.0,frozen_confirmed_by_researcher,0.0,-0.24186637235816022,0.24186637235816022
2023-11-28,M4_downside50_rqi_dii_lpm,RQI_DII_v1.0,frozen_confirmed_by_researcher,0.0,-0.2037239313825694,0.2037239313825694
2023-11-29,M4_downside50_rqi_dii_lpm,RQI_DII_v1.0,frozen_confirmed_by_researcher,0.0,-0.2282115570476293,0.2282115570476293
2023-11-30,M4_downside50_rqi_dii_lpm,RQI_DII_v1.0,frozen_confirmed_by_researcher,0.0,-0.21199592218204089,0.21199592218204089
2023-12-01,M4_downside50_rqi_dii_lpm,RQI_DII_v1.0,frozen_confirmed_by_researcher,0.0,-0.216870472347523,0.216870472347523
2023-12-02,M4_downside50_rqi_dii_lpm,RQI_DII_v1.0,frozen_confirmed_by_researcher,0.0,-0.21602555898016362,0.21602555898016362
2023-12-03,M4_downside50_rqi_dii_lpm,RQI_DII_v1.0,frozen_confirmed_by_researcher,0.0,-0.21153348204276767,0.21153348204276767
2023-12-04,M4_downside50_rqi_dii_lpm,RQI_DII_v1.0,frozen_confirmed_by_researcher,0.0,-0.20581865329904758,0.20581865329904758
2023-12-05,M4_downside50_rqi_dii_lpm,RQI_DII_v1.0,frozen_confirmed_by_researcher,0.0,-0.18382607299631104,0.18382607299631104
2023-12-06,M4_downside50_rqi_dii_lpm,RQI_DII_v1.0,frozen_confirmed_by_researcher,0.0,-0.16837840058555287,0.16837840058555287
2023-12-07,M4_downside50_rqi_dii_lpm,RQI_DII_v1.0,frozen_confirmed_by_researcher,0.0,-0.16438929616600717,0.16438929616600717
2023-12-08,M4_downside50_rqi_dii_lpm,RQI_DII_v1.0,frozen_confirmed_by_researcher,0.0,-0.17137602371903427,0.17137602371903427
2023-12-09,M4_downside50_rqi_dii_lpm,RQI_DII_v1.0,frozen_confirmed_by_researcher,0.0,-0.19408788946813615,0.19408788946813615
2023-12-10,M4_downside50_rqi_dii_lpm,RQI_DII_v1.0,frozen_confirmed_by_researcher,0.0,-0.1986414376910659,0.1986414376910659
2023-12-11,M4_downside50_rqi_dii_lpm,RQI_DII_v1.0,frozen_confirmed_by_researcher,0.0,-0.19640623510251487,0.19640623510251487
2023-12-12,M4_downside50_rqi_dii_lpm,RQI_DII_v1.0,frozen_confirmed_by_researcher,0.0,-0.13357023425459147,0.13357023425459147
2023-12-13,M4_downside50_rqi_dii_lpm,RQI_DII_v1.0,frozen_confirmed_by_researcher,0.0,-0.11494684797526133,0.11494684797526133
2023-12-14,M4_downside50_rqi_dii_lpm,RQI_DII_v1.0,frozen_confirmed_by_researcher,0.0,-0.15035076575665585,0.15035076575665585
2023-12-15,M4_downside50_rqi_dii_lpm,RQI_DII_v1.0,frozen_confirmed_by_researcher,0.0,-0.14483931692488738,0.14483931692488738
2023-12-16,M4_downside50_rqi_dii_lpm,RQI_DII_v1.0,frozen_confirmed_by_researcher,0.0,-0.1590632032863084,0.1590632032863084
2023-12-17,M4_downside50_rqi_dii_lpm,RQI_DII_v1.0,frozen_confirmed_by_researcher,0.0,-0.15846647759599364,0.15846647759599364
2023-12-18,M4_downside50_rqi_dii_lpm,RQI_DII_v1.0,frozen_confirmed_by_researcher,0.0,-0.1492491276173098,0.1492491276173098
2023-12-19,M4_downside50_rqi_dii_lpm,RQI_DII_v1.0,frozen_confirmed_by_researcher,0.0,-0.16996180627033652,0.16996180627033652
2023-12-20,M4_downside50_rqi_dii_lpm,RQI_DII_v1.0,frozen_confirmed_by_researcher,0.0,-0.20321957319808348,0.20321957319808348
2023-12-21,M4_downside50_rqi_dii_lpm,RQI_DII_v1.0,frozen_confirmed_by_researcher,0.0,-0.2216683185814361,0.2216683185814361
2023-12-22,M4_downside50_rqi_dii_lpm,RQI_DII_v1.0,frozen_confirmed_by_researcher,0.0,0.3504597063773076,-0.3504597063773076
2023-12-23,M4_downside50_rqi_dii_lpm,RQI_DII_v1.0,frozen_confirmed_by_researcher,0.0,0.3123847820005494,-0.3123847820005494
2023-12-24,M4_downside50_rqi_dii_lpm,RQI_DII_v1.0,frozen_confirmed_by_researcher,0.0,0.31193685591701126,-0.31193685591701126
2023-12-25,M4_downside50_rqi_dii_lpm,RQI_DII_v1.0,frozen_confirmed_by_researcher,0.0,0.3102084574488373,-0.3102084574488373
2023-12-26,M4_downside50_rqi_dii_lpm,RQI_DII_v1.0,frozen_confirmed_by_researcher,0.0,0.3197402883131275,-0.3197402883131275
2023-12-27,M4_downside50_rqi_dii_lpm,RQI_DII_v1.0,frozen_confirmed_by_researcher,0.0,0.37171407367245024,-0.37171407367245024
2023-12-28,M4_downside50_rqi_dii_lpm,RQI_DII_v1.0,frozen_confirmed_by_researcher,0.0,0.3499875315972645,-0.3499875315972645
2023-12-29,M4_downside50_rqi_dii_lpm,RQI_DII_v1.0,frozen_confirmed_by_researcher,0.0,0.3594745791159397,-0.3594745791159397
2023-12-30,M4_downside50_rqi_dii_lpm,RQI_DII_v1.0,frozen_confirmed_by_researcher,0.0,0.3704935537573135,-0.3704935537573135
2023-12-31,M4_downside50_rqi_dii_lpm,RQI_DII_v1.0,frozen_confirmed_by_researcher,0.0,0.3854184502748552,-0.3854184502748552
2024-01-01,M4_downside50_rqi_dii_lpm,RQI_DII_v1.0,frozen_confirmed_by_researcher,0.0,0.41172708590373475,-0.41172708590373475
2024-01-02,M4_downside50_rqi_dii_lpm,RQI_DII_v1.0,frozen_confirmed_by_researcher,0.0,0.4007036371767754,-0.4007036371767754
2024-01-03,M4_downside50_rqi_dii_lpm,RQI_DII_v1.0,frozen_confirmed_by_researcher,0.0,0.37817491819218674,-0.37817491819218674
2024-01-04,M4_downside50_rqi_dii_lpm,RQI_DII_v1.0,frozen_confirmed_by_researcher,0.0,0.3576415316659194,-0.3576415316659194
2024-01-05,M4_downside50_rqi_dii_lpm,RQI_DII_v1.0,frozen_confirmed_by_researcher,0.0,0.3469906983635269,-0.3469906983635269
2024-01-06,M4_downside50_rqi_dii_lpm,RQI_DII_v1.0,frozen_confirmed_by_researcher,0.0,0.31430175725191134,-0.31430175725191134
2024-01-07,M4_downside50_rqi_dii_lpm,RQI_DII_v1.0,frozen_confirmed_by_researcher,0.0,0.3129629506491085,-0.3129629506491085
2024-01-08,M4_downside50_rqi_dii_lpm,RQI_DII_v1.0,frozen_confirmed_by_researcher,0.0,0.31508502891438184,-0.31508502891438184
2024-01-09,M4_downside50_rqi_dii_lpm,RQI_DII_v1.0,frozen_confirmed_by_researcher,0.0,0.32608106764649847,-0.32608106764649847
2024-01-10,M4_downside50_rqi_dii_lpm,RQI_DII_v1.0,frozen_confirmed_by_researcher,0.0,0.3511624282725023,-0.3511624282725023
2024-01-11,M4_downside50_rqi_dii_lpm,RQI_DII_v1.0,frozen_confirmed_by_researcher,0.0,0.3528356705540716,-0.3528356705540716
2024-01-12,M4_downside50_rqi_dii_lpm,RQI_DII_v1.0,frozen_confirmed_by_researcher,0.0,0.3535623165811188,-0.3535623165811188
2024-01-13,M4_downside50_rqi_dii_lpm,RQI_DII_v1.0,frozen_confirmed_by_researcher,0.0,0.3443393427746173,-0.3443393427746173
2024-01-14,M4_downside50_rqi_dii_lpm,RQI_DII_v1.0,frozen_confirmed_by_researcher,0.0,0.3333083568486188,-0.3333083568486188
2024-01-15,M4_downside50_rqi_dii_lpm,RQI_DII_v1.0,frozen_confirmed_by_researcher,0.0,0.3354491004172928,-0.3354491004172928
2024-01-16,M4_downside50_rqi_dii_lpm,RQI_DII_v1.0,frozen_confirmed_by_researcher,0.0,0.3395049785924442,-0.3395049785924442
2024-01-17,M4_downside50_rqi_dii_lpm,RQI_DII_v1.0,frozen_confirmed_by_researcher,0.0,0.3448882407570153,-0.3448882407570153
2024-01-18,M4_downside50_rqi_dii_lpm,RQI_DII_v1.0,frozen_confirmed_by_researcher,0.0,0.3121998853623751,-0.3121998853623751
2024-01-19,M4_downside50_rqi_dii_lpm,RQI_DII_v1.0,frozen_confirmed_by_researcher,0.0,0.3206352207046024,-0.3206352207046024
2024-01-20,M4_downside50_rqi_dii_lpm,RQI_DII_v1.0,frozen_confirmed_by_researcher,0.0,0.3329955294122584,-0.3329955294122584
2024-01-21,M4_downside50_rqi_dii_lpm,RQI_DII_v1.0,frozen_confirmed_by_researcher,0.0,0.31456539305149533,-0.31456539305149533
2024-01-22,M4_downside50_rqi_dii_lpm,RQI_DII_v1.0,frozen_confirmed_by_researcher,0.0,0.31337301424954944,-0.31337301424954944
2024-01-23,M4_downside50_rqi_dii_lpm,RQI_DII_v1.0,frozen_confirmed_by_researcher,0.0,0.336616759865322,-0.336616759865322
2024-01-24,M4_downside50_rqi_dii_lpm,RQI_DII_v1.0,frozen_confirmed_by_researcher,0.0,0.3333887966945639,-0.3333887966945639
2024-01-25,M4_downside50_rqi_dii_lpm,RQI_DII_v1.0,frozen_confirmed_by_researcher,0.0,0.3194561470083812,-0.3194561470083812
2024-01-26,M4_downside50_rqi_dii_lpm,RQI_DII_v1.0,frozen_confirmed_by_researcher,0.0,0.29842779677474596,-0.29842779677474596
2024-01-27,M4_downside50_rqi_dii_lpm,RQI_DII_v1.0,frozen_confirmed_by_researcher,0.0,0.2904835498256375,-0.2904835498256375
2024-01-28,M4_downside50_rqi_dii_lpm,RQI_DII_v1.0,frozen_confirmed_by_researcher,0.0,0.28441489537462417,-0.28441489537462417
2024-01-29,M4_downside50_rqi_dii_lpm,RQI_DII_v1.0,frozen_confirmed_by_researcher,0.0,0.28323419615310286,-0.28323419615310286
2024-01-30,M4_downside50_rqi_dii_lpm,RQI_DII_v1.0,frozen_confirmed_by_researcher,0.0,0.2506616719723809,-0.2506616719723809
2024-01-31,M4_downside50_rqi_dii_lpm,RQI_DII_v1.0,frozen_confirmed_by_researcher,0.0,0.21947673418650027,-0.21947673418650027
2024-02-01,M4_downside50_rqi_dii_lpm,RQI_DII_v1.0,frozen_confirmed_by_researcher,0.0,0.1891926002513884,-0.1891926002513884
2024-02-02,M4_downside50_rqi_dii_lpm,RQI_DII_v1.0,frozen_confirmed_by_researcher,0.0,0.1997626120673175,-0.1997626120673175
2024-02-03,M4_downside50_rqi_dii_lpm,RQI_DII_v1.0,frozen_confirmed_by_researcher,0.0,0.1855185781969908,-0.1855185781969908
2024-02-04,M4_downside50_rqi_dii_lpm,RQI_DII_v1.0,frozen_confirmed_by_researcher,0.0,0.180374856542727,-0.180374856542727
2024-02-05,M4_downside50_rqi_dii_lpm,RQI_DII_v1.0,frozen_confirmed_by_researcher,0.0,0.17620538896437665,-0.17620538896437665
2024-02-06,M4_downside50_rqi_dii_lpm,RQI_DII_v1.0,frozen_confirmed_by_researcher,0.0,0.20189138160381503,-0.20189138160381503
2024-02-07,M4_downside50_rqi_dii_lpm,RQI_DII_v1.0,frozen_confirmed_by_researcher,0.0,0.16934419586368676,-0.16934419586368676
2024-02-08,M4_downside50_rqi_dii_lpm,RQI_DII_v1.0,frozen_confirmed_by_researcher,0.0,0.14451235415383223,-0.14451235415383223
2024-02-09,M4_downside50_rqi_dii_lpm,RQI_DII_v1.0,frozen_confirmed_by_researcher,0.0,0.11927598355862301,-0.11927598355862301
2024-02-10,M4_downside50_rqi_dii_lpm,RQI_DII_v1.0,frozen_confirmed_by_researcher,0.0,0.09575561513460684,-0.09575561513460684
2024-02-11,M4_downside50_rqi_dii_lpm,RQI_DII_v1.0,frozen_confirmed_by_researcher,0.0,0.09507492600242529,-0.09507492600242529
2024-02-12,M4_downside50_rqi_dii_lpm,RQI_DII_v1.0,frozen_confirmed_by_researcher,0.0,0.10023143013533797,-0.10023143013533797
2024-02-13,M4_downside50_rqi_dii_lpm,RQI_DII_v1.0,frozen_confirmed_by_researcher,0.0,0.12191871056573689,-0.12191871056573689
2024-02-14,M4_downside50_rqi_dii_lpm,RQI_DII_v1.0,frozen_confirmed_by_researcher,0.0,0.11611757841154713,-0.11611757841154713
2024-02-15,M4_downside50_rqi_dii_lpm,RQI_DII_v1.0,frozen_confirmed_by_researcher,0.0,0.09541556499088699,-0.09541556499088699
2024-02-16,M4_downside50_rqi_dii_lpm,RQI_DII_v1.0,frozen_confirmed_by_researcher,0.0,0.08705867374695231,-0.08705867374695231
2024-02-17,M4_downside50_rqi_dii_lpm,RQI_DII_v1.0,frozen_confirmed_by_researcher,0.0,0.08936693163249743,-0.08936693163249743
2024-02-18,M4_downside50_rqi_dii_lpm,RQI_DII_v1.0,frozen_confirmed_by_researcher,0.0,0.0907213495725756,-0.0907213495725756
2024-02-19,M4_downside50_rqi_dii_lpm,RQI_DII_v1.0,frozen_confirmed_by_researcher,0.0,0.09838294732566055,-0.09838294732566055
2024-02-20,M4_downside50_rqi_dii_lpm,RQI_DII_v1.0,frozen_confirmed_by_researcher,0.0,0.10556241456210103,-0.10556241456210103
2024-02-21,M4_downside50_rqi_dii_lpm,RQI_DII_v1.0,frozen_confirmed_by_researcher,0.0,0.11231107961691578,-0.11231107961691578
2024-02-22,M4_downside50_rqi_dii_lpm,RQI_DII_v1.0,frozen_confirmed_by_researcher,0.0,0.10679967317406636,-0.10679967317406636
2024-02-23,M4_downside50_rqi_dii_lpm,RQI_DII_v1.0,frozen_confirmed_by_researcher,0.0,0.11579815859010978,-0.11579815859010978
2024-02-24,M4_downside50_rqi_dii_lpm,RQI_DII_v1.0,frozen_confirmed_by_researcher,0.0,0.10608504622338444,-0.10608504622338444
2024-02-25,M4_downside50_rqi_dii_lpm,RQI_DII_v1.0,frozen_confirmed_by_researcher,0.0,0.10149605241961979,-0.10149605241961979
2024-02-26,M4_downside50_rqi_dii_lpm,RQI_DII_v1.0,frozen_confirmed_by_researcher,0.0,0.10010553969357261,-0.10010553969357261
2024-02-27,M4_downside50_rqi_dii_lpm,RQI_DII_v1.0,frozen_confirmed_by_researcher,0.0,0.07138504077607877,-0.07138504077607877
2024-02-28,M4_downside50_rqi_dii_lpm,RQI_DII_v1.0,frozen_confirmed_by_researcher,0.0,0.08036812777154978,-0.08036812777154978
2024-02-29,M4_downside50_rqi_dii_lpm,RQI_DII_v1.0,frozen_confirmed_by_researcher,0.0,0.4356315820304246,-0.4356315820304246
2024-03-01,M4_downside50_rqi_dii_lpm,RQI_DII_v1.0,frozen_confirmed_by_researcher,0.0,0.41969844927413646,-0.41969844927413646
2024-03-02,M4_downside50_rqi_dii_lpm,RQI_DII_v1.0,frozen_confirmed_by_researcher,0.0,0.3970875653283201,-0.3970875653283201
2024-03-03,M4_downside50_rqi_dii_lpm,RQI_DII_v1.0,frozen_confirmed_by_researcher,0.0,0.4006288110088576,-0.4006288110088576
2024-03-04,M4_downside50_rqi_dii_lpm,RQI_DII_v1.0,frozen_confirmed_by_researcher,0.0,0.41015325677871317,-0.41015325677871317
2024-03-05,M4_downside50_rqi_dii_lpm,RQI_DII_v1.0,frozen_confirmed_by_researcher,0.0,0.420654532386024,-0.420654532386024
2024-03-06,M4_downside50_rqi_dii_lpm,RQI_DII_v1.0,frozen_confirmed_by_researcher,0.0,0.43233850368494586,-0.43233850368494586
2024-03-07,M4_downside50_rqi_dii_lpm,RQI_DII_v1.0,frozen_confirmed_by_researcher,0.0,0.3984676819240036,-0.3984676819240036
2024-03-08,M4_downside50_rqi_dii_lpm,RQI_DII_v1.0,frozen_confirmed_by_researcher,0.0,0.38179818339372673,-0.38179818339372673
2024-03-09,M4_downside50_rqi_dii_lpm,RQI_DII_v1.0,frozen_confirmed_by_researcher,0.0,0.31298755150830004,-0.31298755150830004
2024-03-10,M4_downside50_rqi_dii_lpm,RQI_DII_v1.0,frozen_confirmed_by_researcher,0.0,0.30981137169194994,-0.30981137169194994
2024-03-11,M4_downside50_rqi_dii_lpm,RQI_DII_v1.0,frozen_confirmed_by_researcher,0.0,0.2963324430248093,-0.2963324430248093
2024-03-12,M4_downside50_rqi_dii_lpm,RQI_DII_v1.0,frozen_confirmed_by_researcher,0.0,0.25249245483301763,-0.25249245483301763
2024-03-13,M4_downside50_rqi_dii_lpm,RQI_DII_v1.0,frozen_confirmed_by_researcher,0.0,0.2592041889707417,-0.2592041889707417
2024-03-14,M4_downside50_rqi_dii_lpm,RQI_DII_v1.0,frozen_confirmed_by_researcher,0.0,0.22501845351666816,-0.22501845351666816
2024-03-15,M4_downside50_rqi_dii_lpm,RQI_DII_v1.0,frozen_confirmed_by_researcher,0.0,0.25170506817090654,-0.25170506817090654
2024-03-16,M4_downside50_rqi_dii_lpm,RQI_DII_v1.0,frozen_confirmed_by_researcher,0.0,0.2119024841820334,-0.2119024841820334
2024-03-17,M4_downside50_rqi_dii_lpm,RQI_DII_v1.0,frozen_confirmed_by_researcher,0.0,0.2068114900842346,-0.2068114900842346
2024-03-18,M4_downside50_rqi_dii_lpm,RQI_DII_v1.0,frozen_confirmed_by_researcher,0.0,0.21785824277566235,-0.21785824277566235
2024-03-19,M4_downside50_rqi_dii_lpm,RQI_DII_v1.0,frozen_confirmed_by_researcher,0.0,0.18111994369765227,-0.18111994369765227
2024-03-20,M4_downside50_rqi_dii_lpm,RQI_DII_v1.0,frozen_confirmed_by_researcher,0.0,0.18075425787409927,-0.18075425787409927
2024-03-21,M4_downside50_rqi_dii_lpm,RQI_DII_v1.0,frozen_confirmed_by_researcher,0.0,0.15358592424537676,-0.15358592424537676
2024-03-22,M4_downside50_rqi_dii_lpm,RQI_DII_v1.0,frozen_confirmed_by_researcher,0.0,0.10797682120818308,-0.10797682120818308
2024-03-23,M4_downside50_rqi_dii_lpm,RQI_DII_v1.0,frozen_confirmed_by_researcher,0.0,0.08732739607027895,-0.08732739607027895
2024-03-24,M4_downside50_rqi_dii_lpm,RQI_DII_v1.0,frozen_confirmed_by_researcher,0.0,0.08665215609603649,-0.08665215609603649
2024-03-25,M4_downside50_rqi_dii_lpm,RQI_DII_v1.0,frozen_confirmed_by_researcher,0.0,0.08981076550108469,-0.08981076550108469
2024-03-26,M4_downside50_rqi_dii_lpm,RQI_DII_v1.0,frozen_confirmed_by_researcher,0.0,-0.027016567225729204,0.027016567225729204
2024-03-27,M4_downside50_rqi_dii_lpm,RQI_DII_v1.0,frozen_confirmed_by_researcher,0.0,-0.03051764903200649,0.03051764903200649
2024-03-28,M4_downside50_rqi_dii_lpm,RQI_DII_v1.0,frozen_confirmed_by_researcher,0.0,-0.005962285017446334,0.005962285017446334
2024-03-29,M4_downside50_rqi_dii_lpm,RQI_DII_v1.0,frozen_confirmed_by_researcher,0.0,-0.045336727915966435,0.045336727915966435
2024-03-30,M4_downside50_rqi_dii_lpm,RQI_DII_v1.0,frozen_confirmed_by_researcher,0.0,-0.05023896190375865,0.05023896190375865
2024-03-31,M4_downside50_rqi_dii_lpm,RQI_DII_v1.0,frozen_confirmed_by_researcher,0.0,-0.04631331965605057,0.04631331965605057
2024-04-01,M4_downside50_rqi_dii_lpm,RQI_DII_v1.0,frozen_confirmed_by_researcher,0.0,-0.040453953702609624,0.040453953702609624
2024-04-02,M4_downside50_rqi_dii_lpm,RQI_DII_v1.0,frozen_confirmed_by_researcher,0.0,-0.0609610060711816,0.0609610060711816
2024-04-03,M4_downside50_rqi_dii_lpm,RQI_DII_v1.0,frozen_confirmed_by_researcher,0.0,-0.07846335486681255,0.07846335486681255
2024-04-04,M4_downside50_rqi_dii_lpm,RQI_DII_v1.0,frozen_confirmed_by_researcher,0.0,-0.07979073003167514,0.07979073003167514
2024-04-05,M4_downside50_rqi_dii_lpm,RQI_DII_v1.0,frozen_confirmed_by_researcher,0.0,-0.09352532919996293,0.09352532919996293
2024-04-06,M4_downside50_rqi_dii_lpm,RQI_DII_v1.0,frozen_confirmed_by_researcher,0.0,-0.07964749735324972,0.07964749735324972
2024-04-07,M4_downside50_rqi_dii_lpm,RQI_DII_v1.0,frozen_confirmed_by_researcher,0.0,-0.08037259263456065,0.08037259263456065
2024-04-08,M4_downside50_rqi_dii_lpm,RQI_DII_v1.0,frozen_confirmed_by_researcher,0.0,-0.07610066337078081,0.07610066337078081
2024-04-09,M4_downside50_rqi_dii_lpm,RQI_DII_v1.0,frozen_confirmed_by_researcher,0.0,-0.039411604841617986,0.039411604841617986
2024-04-10,M4_downside50_rqi_dii_lpm,RQI_DII_v1.0,frozen_confirmed_by_researcher,0.0,-0.002419192670913617,0.002419192670913617
2024-04-11,M4_downside50_rqi_dii_lpm,RQI_DII_v1.0,frozen_confirmed_by_researcher,0.0,0.010775200595432466,-0.010775200595432466
2024-04-12,M4_downside50_rqi_dii_lpm,RQI_DII_v1.0,frozen_confirmed_by_researcher,0.0,0.009191757633516318,-0.009191757633516318
2024-04-13,M4_downside50_rqi_dii_lpm,RQI_DII_v1.0,frozen_confirmed_by_researcher,0.0,0.04380524812337683,-0.04380524812337683
2024-04-14,M4_downside50_rqi_dii_lpm,RQI_DII_v1.0,frozen_confirmed_by_researcher,0.0,0.0014931474088939467,-0.0014931474088939467
2024-04-15,M4_downside50_rqi_dii_lpm,RQI_DII_v1.0,frozen_confirmed_by_researcher,0.0,0.030033982771470846,-0.030033982771470846
2024-04-16,M4_downside50_rqi_dii_lpm,RQI_DII_v1.0,frozen_confirmed_by_researcher,0.0,0.01950568247166018,-0.01950568247166018
2024-04-17,M4_downside50_rqi_dii_lpm,RQI_DII_v1.0,frozen_confirmed_by_researcher,0.0,-0.0004159719622407465,0.0004159719622407465
2024-04-18,M4_downside50_rqi_dii_lpm,RQI_DII_v1.0,frozen_confirmed_by_researcher,0.0,-0.07096360525871148,0.07096360525871148
2024-04-19,M4_downside50_rqi_dii_lpm,RQI_DII_v1.0,frozen_confirmed_by_researcher,0.0,-0.11569261250792806,0.11569261250792806
2024-04-20,M4_downside50_rqi_dii_lpm,RQI_DII_v1.0,frozen_confirmed_by_researcher,0.0,-0.20564641039194953,0.20564641039194953
2024-04-21,M4_downside50_rqi_dii_lpm,RQI_DII_v1.0,frozen_confirmed_by_researcher,0.0,-0.18166757618398321,0.18166757618398321
2024-04-22,M4_downside50_rqi_dii_lpm,RQI_DII_v1.0,frozen_confirmed_by_researcher,0.0,-0.15895984933420948,0.15895984933420948
2024-04-23,M4_downside50_rqi_dii_lpm,RQI_DII_v1.0,frozen_confirmed_by_researcher,0.0,-0.13021039239099252,0.13021039239099252
2024-04-24,M4_downside50_rqi_dii_lpm,RQI_DII_v1.0,frozen_confirmed_by_researcher,0.0,-0.08417321785589138,0.08417321785589138
2024-04-25,M4_downside50_rqi_dii_lpm,RQI_DII_v1.0,frozen_confirmed_by_researcher,0.0,-0.08215316569571485,0.08215316569571485
2024-04-26,M4_downside50_rqi_dii_lpm,RQI_DII_v1.0,frozen_confirmed_by_researcher,0.0,-0.08013311353553831,0.08013311353553831
2024-04-27,M4_downside50_rqi_dii_lpm,RQI_DII_v1.0,frozen_confirmed_by_researcher,0.0,-0.07811306137537599,0.07811306137537599
2024-04-28,M4_downside50_rqi_dii_lpm,RQI_DII_v1.0,frozen_confirmed_by_researcher,0.0,-0.07771487807123378,0.07771487807123378
2024-04-29,M4_downside50_rqi_dii_lpm,RQI_DII_v1.0,frozen_confirmed_by_researcher,0.0,-0.07528074442015509,0.07528074442015509
2024-04-30,M4_downside50_rqi_dii_lpm,RQI_DII_v1.0,frozen_confirmed_by_researcher,0.0,-0.05418374377336477,0.05418374377336477
2024-05-01,M4_downside50_rqi_dii_lpm,RQI_DII_v1.0,frozen_confirmed_by_researcher,0.0,-0.06936951812231484,0.06936951812231484
2024-05-02,M4_downside50_rqi_dii_lpm,RQI_DII_v1.0,frozen_confirmed_by_researcher,0.0,-0.053211486860405444,0.053211486860405444
2024-05-03,M4_downside50_rqi_dii_lpm,RQI_DII_v1.0,frozen_confirmed_by_researcher,0.0,-0.06751404034397979,0.06751404034397979
2024-05-04,M4_downside50_rqi_dii_lpm,RQI_DII_v1.0,frozen_confirmed_by_researcher,0.0,-0.09746458954721504,0.09746458954721504
2024-05-05,M4_downside50_rqi_dii_lpm,RQI_DII_v1.0,frozen_confirmed_by_researcher,0.0,-0.10953180539591756,0.10953180539591756
2024-05-06,M4_downside50_rqi_dii_lpm,RQI_DII_v1.0,frozen_confirmed_by_researcher,0.0,-0.1101570254485722,0.1101570254485722
2024-05-07,M4_downside50_rqi_dii_lpm,RQI_DII_v1.0,frozen_confirmed_by_researcher,0.0,-0.07342087655707985,0.07342087655707985
2024-05-08,M4_downside50_rqi_dii_lpm,RQI_DII_v1.0,frozen_confirmed_by_researcher,0.0,-0.07366858408812504,0.07366858408812504
2024-05-09,M4_downside50_rqi_dii_lpm,RQI_DII_v1.0,frozen_confirmed_by_researcher,0.0,-0.05120704436774304,0.05120704436774304
2024-05-10,M4_downside50_rqi_dii_lpm,RQI_DII_v1.0,frozen_confirmed_by_researcher,0.0,-0.04995927769120101,0.04995927769120101
2024-05-11,M4_downside50_rqi_dii_lpm,RQI_DII_v1.0,frozen_confirmed_by_researcher,0.0,-0.04801314008147983,0.04801314008147983
2024-05-12,M4_downside50_rqi_dii_lpm,RQI_DII_v1.0,frozen_confirmed_by_researcher,0.0,-0.047483819012782646,0.047483819012782646
2024-05-13,M4_downside50_rqi_dii_lpm,RQI_DII_v1.0,frozen_confirmed_by_researcher,0.0,-0.04482668496672204,0.04482668496672204
2024-05-14,M4_downside50_rqi_dii_lpm,RQI_DII_v1.0,frozen_confirmed_by_researcher,0.0,-0.04583846884281684,0.04583846884281684
2024-05-15,M4_downside50_rqi_dii_lpm,RQI_DII_v1.0,frozen_confirmed_by_researcher,0.0,-0.01895656012216307,0.01895656012216307
2024-05-16,M4_downside50_rqi_dii_lpm,RQI_DII_v1.0,frozen_confirmed_by_researcher,0.0,-0.058213942869699054,0.058213942869699054
2024-05-17,M4_downside50_rqi_dii_lpm,RQI_DII_v1.0,frozen_confirmed_by_researcher,0.0,-0.061336465949679564,0.061336465949679564
2024-05-18,M4_downside50_rqi_dii_lpm,RQI_DII_v1.0,frozen_confirmed_by_researcher,0.0,-0.07449470775993916,0.07449470775993916
2024-05-19,M4_downside50_rqi_dii_lpm,RQI_DII_v1.0,frozen_confirmed_by_researcher,0.0,-0.08207915154932266,0.08207915154932266
2024-05-20,M4_downside50_rqi_dii_lpm,RQI_DII_v1.0,frozen_confirmed_by_researcher,0.0,-0.07558921552819697,0.07558921552819697
2024-05-21,M4_downside50_rqi_dii_lpm,RQI_DII_v1.0,frozen_confirmed_by_researcher,0.0,-0.054750719466824194,0.054750719466824194
2024-05-22,M4_downside50_rqi_dii_lpm,RQI_DII_v1.0,frozen_confirmed_by_researcher,0.0,-0.027110145716719103,0.027110145716719103
2024-05-23,M4_downside50_rqi_dii_lpm,RQI_DII_v1.0,frozen_confirmed_by_researcher,0.0,-0.026451181724894468,0.026451181724894468
2024-05-24,M4_downside50_rqi_dii_lpm,RQI_DII_v1.0,frozen_confirmed_by_researcher,0.0,0.012415136060667464,-0.012415136060667464
2024-05-25,M4_downside50_rqi_dii_lpm,RQI_DII_v1.0,frozen_confirmed_by_researcher,0.0,0.014048578224276298,-0.014048578224276298
2024-05-26,M4_downside50_rqi_dii_lpm,RQI_DII_v1.0,frozen_confirmed_by_researcher,0.0,0.02060886942413731,-0.02060886942413731
2024-05-27,M4_downside50_rqi_dii_lpm,RQI_DII_v1.0,frozen_confirmed_by_researcher,0.0,0.03276591551282593,-0.03276591551282593
2024-05-28,M4_downside50_rqi_dii_lpm,RQI_DII_v1.0,frozen_confirmed_by_researcher,0.0,0.04452515807679447,-0.04452515807679447
2024-05-29,M4_downside50_rqi_dii_lpm,RQI_DII_v1.0,frozen_confirmed_by_researcher,0.0,0.07418240410351018,-0.07418240410351018
2024-05-30,M4_downside50_rqi_dii_lpm,RQI_DII_v1.0,frozen_confirmed_by_researcher,0.0,0.09129479443079447,-0.09129479443079447
2024-05-31,M4_downside50_rqi_dii_lpm,RQI_DII_v1.0,frozen_confirmed_by_researcher,0.0,0.07341785091679753,-0.07341785091679753
2024-06-01,M4_downside50_rqi_dii_lpm,RQI_DII_v1.0,frozen_confirmed_by_researcher,0.0,0.0694014784228898,-0.0694014784228898
2024-06-02,M4_downside50_rqi_dii_lpm,RQI_DII_v1.0,frozen_confirmed_by_researcher,0.0,0.07655201592145033,-0.07655201592145033
2024-06-03,M4_downside50_rqi_dii_lpm,RQI_DII_v1.0,frozen_confirmed_by_researcher,0.0,0.0782350667257532,-0.0782350667257532
2024-06-04,M4_downside50_rqi_dii_lpm,RQI_DII_v1.0,frozen_confirmed_by_researcher,0.0,0.08575652375610332,-0.08575652375610332
2024-06-05,M4_downside50_rqi_dii_lpm,RQI_DII_v1.0,frozen_confirmed_by_researcher,0.0,0.07846073023033284,-0.07846073023033284
2024-06-06,M4_downside50_rqi_dii_lpm,RQI_DII_v1.0,frozen_confirmed_by_researcher,0.0,0.06312288560788204,-0.06312288560788204
2024-06-07,M4_downside50_rqi_dii_lpm,RQI_DII_v1.0,frozen_confirmed_by_researcher,0.0,0.07148657470456499,-0.07148657470456499
2024-06-08,M4_downside50_rqi_dii_lpm,RQI_DII_v1.0,frozen_confirmed_by_researcher,0.0,0.1059622169685639,-0.1059622169685639
2024-06-09,M4_downside50_rqi_dii_lpm,RQI_DII_v1.0,frozen_confirmed_by_researcher,0.0,0.11087853824940908,-0.11087853824940908
2024-06-10,M4_downside50_rqi_dii_lpm,RQI_DII_v1.0,frozen_confirmed_by_researcher,0.0,0.11140643611663847,-0.11140643611663847
2024-06-11,M4_downside50_rqi_dii_lpm,RQI_DII_v1.0,frozen_confirmed_by_researcher,0.0,0.1266280229293102,-0.1266280229293102
2024-06-12,M4_downside50_rqi_dii_lpm,RQI_DII_v1.0,frozen_confirmed_by_researcher,0.0,0.12560625095247246,-0.12560625095247246
2024-06-13,M4_downside50_rqi_dii_lpm,RQI_DII_v1.0,frozen_confirmed_by_researcher,0.0,0.09694618352625639,-0.09694618352625639
2024-06-14,M4_downside50_rqi_dii_lpm,RQI_DII_v1.0,frozen_confirmed_by_researcher,0.0,0.07908913341826462,-0.07908913341826462
2024-06-15,M4_downside50_rqi_dii_lpm,RQI_DII_v1.0,frozen_confirmed_by_researcher,0.0,0.09429203611804837,-0.09429203611804837
2024-06-16,M4_downside50_rqi_dii_lpm,RQI_DII_v1.0,frozen_confirmed_by_researcher,0.0,0.09879351002020087,-0.09879351002020087
2024-06-17,M4_downside50_rqi_dii_lpm,RQI_DII_v1.0,frozen_confirmed_by_researcher,0.0,0.09593937691840893,-0.09593937691840893
2024-06-18,M4_downside50_rqi_dii_lpm,RQI_DII_v1.0,frozen_confirmed_by_researcher,0.0,0.10114672242117706,-0.10114672242117706
2024-06-19,M4_downside50_rqi_dii_lpm,RQI_DII_v1.0,frozen_confirmed_by_researcher,0.0,0.06642616847800298,-0.06642616847800298
2024-06-20,M4_downside50_rqi_dii_lpm,RQI_DII_v1.0,frozen_confirmed_by_researcher,0.0,0.06777801419174523,-0.06777801419174523
2024-06-21,M4_downside50_rqi_dii_lpm,RQI_DII_v1.0,frozen_confirmed_by_researcher,0.0,0.09105542658419097,-0.09105542658419097
2024-06-22,M4_downside50_rqi_dii_lpm,RQI_DII_v1.0,frozen_confirmed_by_researcher,0.0,0.08408459725305306,-0.08408459725305306
2024-06-23,M4_downside50_rqi_dii_lpm,RQI_DII_v1.0,frozen_confirmed_by_researcher,0.0,0.08364680137663072,-0.08364680137663072
2024-06-24,M4_downside50_rqi_dii_lpm,RQI_DII_v1.0,frozen_confirmed_by_researcher,0.0,0.08825679782817986,-0.08825679782817986
2024-06-25,M4_downside50_rqi_dii_lpm,RQI_DII_v1.0,frozen_confirmed_by_researcher,0.0,0.1041170727690428,-0.1041170727690428
2024-06-26,M4_downside50_rqi_dii_lpm,RQI_DII_v1.0,frozen_confirmed_by_researcher,0.0,0.08175820404429146,-0.08175820404429146
2024-06-27,M4_downside50_rqi_dii_lpm,RQI_DII_v1.0,frozen_confirmed_by_researcher,0.0,0.06624237940231126,-0.06624237940231126
2024-06-28,M4_downside50_rqi_dii_lpm,RQI_DII_v1.0,frozen_confirmed_by_researcher,0.0,0.09987510798325161,-0.09987510798325161
2024-06-29,M4_downside50_rqi_dii_lpm,RQI_DII_v1.0,frozen_confirmed_by_researcher,0.0,0.14079227465501276,-0.14079227465501276
2024-06-30,M4_downside50_rqi_dii_lpm,RQI_DII_v1.0,frozen_confirmed_by_researcher,0.0,0.14634995649028326,-0.14634995649028326
2024-07-01,M4_downside50_rqi_dii_lpm,RQI_DII_v1.0,frozen_confirmed_by_researcher,0.0,0.1537982855349611,-0.1537982855349611
2024-07-02,M4_downside50_rqi_dii_lpm,RQI_DII_v1.0,frozen_confirmed_by_researcher,0.0,0.12499813237668889,-0.12499813237668889
2024-07-03,M4_downside50_rqi_dii_lpm,RQI_DII_v1.0,frozen_confirmed_by_researcher,0.0,0.11795215533093995,-0.11795215533093995
2024-07-04,M4_downside50_rqi_dii_lpm,RQI_DII_v1.0,frozen_confirmed_by_researcher,0.0,0.09567137001407389,-0.09567137001407389
2024-07-05,M4_downside50_rqi_dii_lpm,RQI_DII_v1.0,frozen_confirmed_by_researcher,0.0,0.08313787463519873,-0.08313787463519873
2024-07-06,M4_downside50_rqi_dii_lpm,RQI_DII_v1.0,frozen_confirmed_by_researcher,0.0,0.00900922025620332,-0.00900922025620332
2024-07-07,M4_downside50_rqi_dii_lpm,RQI_DII_v1.0,frozen_confirmed_by_researcher,0.0,-0.0030925835963131476,0.0030925835963131476
2024-07-08,M4_downside50_rqi_dii_lpm,RQI_DII_v1.0,frozen_confirmed_by_researcher,0.0,-0.0002959438716771956,0.0002959438716771956
2024-07-09,M4_downside50_rqi_dii_lpm,RQI_DII_v1.0,frozen_confirmed_by_researcher,0.0,-0.012775256010243652,0.012775256010243652
2024-07-10,M4_downside50_rqi_dii_lpm,RQI_DII_v1.0,frozen_confirmed_by_researcher,0.0,-0.02078167930145014,0.02078167930145014
2024-07-11,M4_downside50_rqi_dii_lpm,RQI_DII_v1.0,frozen_confirmed_by_researcher,0.0,-0.032617749328338164,0.032617749328338164
2024-07-12,M4_downside50_rqi_dii_lpm,RQI_DII_v1.0,frozen_confirmed_by_researcher,0.0,-0.01678360600183737,0.01678360600183737
2024-07-13,M4_downside50_rqi_dii_lpm,RQI_DII_v1.0,frozen_confirmed_by_researcher,0.0,-0.009586153723958546,0.009586153723958546
2024-07-14,M4_downside50_rqi_dii_lpm,RQI_DII_v1.0,frozen_confirmed_by_researcher,0.0,-0.011887780498227585,0.011887780498227585
2024-07-15,M4_downside50_rqi_dii_lpm,RQI_DII_v1.0,frozen_confirmed_by_researcher,0.0,-0.009455863750318372,0.009455863750318372
2024-07-16,M4_downside50_rqi_dii_lpm,RQI_DII_v1.0,frozen_confirmed_by_researcher,0.0,-0.003969825147919437,0.003969825147919437
2024-07-17,M4_downside50_rqi_dii_lpm,RQI_DII_v1.0,frozen_confirmed_by_researcher,0.0,-0.00574865386097656,0.00574865386097656
2024-07-18,M4_downside50_rqi_dii_lpm,RQI_DII_v1.0,frozen_confirmed_by_researcher,0.0,0.017241209955869863,-0.017241209955869863
2024-07-19,M4_downside50_rqi_dii_lpm,RQI_DII_v1.0,frozen_confirmed_by_researcher,0.0,0.02849041689900389,-0.02849041689900389
2024-07-20,M4_downside50_rqi_dii_lpm,RQI_DII_v1.0,frozen_confirmed_by_researcher,0.0,0.0018468942418223833,-0.0018468942418223833
2024-07-21,M4_downside50_rqi_dii_lpm,RQI_DII_v1.0,frozen_confirmed_by_researcher,0.0,-0.010250974111770006,0.010250974111770006
2024-07-22,M4_downside50_rqi_dii_lpm,RQI_DII_v1.0,frozen_confirmed_by_researcher,0.0,0.005412803720190595,-0.005412803720190595
2024-07-23,M4_downside50_rqi_dii_lpm,RQI_DII_v1.0,frozen_confirmed_by_researcher,0.0,0.004014622238770471,-0.004014622238770471
2024-07-24,M4_downside50_rqi_dii_lpm,RQI_DII_v1.0,frozen_confirmed_by_researcher,0.0,-0.009446699971093153,0.009446699971093153
2024-07-25,M4_downside50_rqi_dii_lpm,RQI_DII_v1.0,frozen_confirmed_by_researcher,0.0,0.005891109119886551,-0.005891109119886551
2024-07-26,M4_downside50_rqi_dii_lpm,RQI_DII_v1.0,frozen_confirmed_by_researcher,0.0,0.03345491342011542,-0.03345491342011542
2024-07-27,M4_downside50_rqi_dii_lpm,RQI_DII_v1.0,frozen_confirmed_by_researcher,0.0,-0.001625629659301353,0.001625629659301353
2024-07-28,M4_downside50_rqi_dii_lpm,RQI_DII_v1.0,frozen_confirmed_by_researcher,0.0,-0.0020655228259158775,0.0020655228259158775
2024-07-29,M4_downside50_rqi_dii_lpm,RQI_DII_v1.0,frozen_confirmed_by_researcher,0.0,-0.014144671306112855,0.014144671306112855
2024-07-30,M4_downside50_rqi_dii_lpm,RQI_DII_v1.0,frozen_confirmed_by_researcher,0.0,0.04533848246303762,-0.04533848246303762
2024-07-31,M4_downside50_rqi_dii_lpm,RQI_DII_v1.0,frozen_confirmed_by_researcher,0.0,0.07493056914863416,-0.07493056914863416
2024-08-05,M4_downside50_rqi_dii_lpm,RQI_DII_v1.0,frozen_confirmed_by_researcher,0.0,0.11222030367470381,-0.11222030367470381
2024-08-06,M4_downside50_rqi_dii_lpm,RQI_DII_v1.0,frozen_confirmed_by_researcher,0.0,0.061327895822941514,-0.061327895822941514
2024-08-07,M4_downside50_rqi_dii_lpm,RQI_DII_v1.0,frozen_confirmed_by_researcher,0.0,0.011214394024463559,-0.011214394024463559
2024-08-08,M4_downside50_rqi_dii_lpm,RQI_DII_v1.0,frozen_confirmed_by_researcher,0.0,-0.012976621876674699,0.012976621876674699
2024-08-09,M4_downside50_rqi_dii_lpm,RQI_DII_v1.0,frozen_confirmed_by_researcher,0.0,-0.011822031137683098,0.011822031137683098
2024-08-10,M4_downside50_rqi_dii_lpm,RQI_DII_v1.0,frozen_confirmed_by_researcher,0.0,-0.00312055726058702,0.00312055726058702
2024-08-11,M4_downside50_rqi_dii_lpm,RQI_DII_v1.0,frozen_confirmed_by_researcher,0.0,-0.005566856709393164,0.005566856709393164
2024-08-12,M4_downside50_rqi_dii_lpm,RQI_DII_v1.0,frozen_confirmed_by_researcher,0.0,-0.001636815139804071,0.001636815139804071
2024-08-13,M4_downside50_rqi_dii_lpm,RQI_DII_v1.0,frozen_confirmed_by_researcher,0.0,-0.002954365194455022,0.002954365194455022
2024-08-14,M4_downside50_rqi_dii_lpm,RQI_DII_v1.0,frozen_confirmed_by_researcher,0.0,0.0021896297690204847,-0.0021896297690204847
2024-08-15,M4_downside50_rqi_dii_lpm,RQI_DII_v1.0,frozen_confirmed_by_researcher,0.0,0.003865010697921889,-0.003865010697921889
2024-08-16,M4_downside50_rqi_dii_lpm,RQI_DII_v1.0,frozen_confirmed_by_researcher,0.0,-0.0013160457159244743,0.0013160457159244743
2024-08-17,M4_downside50_rqi_dii_lpm,RQI_DII_v1.0,frozen_confirmed_by_researcher,0.0,-0.025892838534545604,0.025892838534545604
2024-08-18,M4_downside50_rqi_dii_lpm,RQI_DII_v1.0,frozen_confirmed_by_researcher,0.0,-0.02633335555827898,0.02633335555827898
2024-08-19,M4_downside50_rqi_dii_lpm,RQI_DII_v1.0,frozen_confirmed_by_researcher,0.0,-0.021157621754852585,0.021157621754852585
2024-08-20,M4_downside50_rqi_dii_lpm,RQI_DII_v1.0,frozen_confirmed_by_researcher,0.0,-0.028916636493761416,0.028916636493761416
2024-08-21,M4_downside50_rqi_dii_lpm,RQI_DII_v1.0,frozen_confirmed_by_researcher,0.0,-0.016285381488700068,0.016285381488700068
2024-08-22,M4_downside50_rqi_dii_lpm,RQI_DII_v1.0,frozen_confirmed_by_researcher,0.0,-0.024972424886172462,0.024972424886172462
2024-08-23,M4_downside50_rqi_dii_lpm,RQI_DII_v1.0,frozen_confirmed_by_researcher,0.0,-0.00031452240176577106,0.00031452240176577106
2024-08-24,M4_downside50_rqi_dii_lpm,RQI_DII_v1.0,frozen_confirmed_by_researcher,0.0,-0.023422903806661566,0.023422903806661566
2024-08-25,M4_downside50_rqi_dii_lpm,RQI_DII_v1.0,frozen_confirmed_by_researcher,0.0,-0.01392939483241662,0.01392939483241662
2024-08-26,M4_downside50_rqi_dii_lpm,RQI_DII_v1.0,frozen_confirmed_by_researcher,0.0,-0.006556884410031216,0.006556884410031216
2024-08-27,M4_downside50_rqi_dii_lpm,RQI_DII_v1.0,frozen_confirmed_by_researcher,0.0,0.11726155770936941,-0.11726155770936941
2024-08-28,M4_downside50_rqi_dii_lpm,RQI_DII_v1.0,frozen_confirmed_by_researcher,0.0,0.14748288908303664,-0.14748288908303664
2024-08-29,M4_downside50_rqi_dii_lpm,RQI_DII_v1.0,frozen_confirmed_by_researcher,0.0,0.13642333270166773,-0.13642333270166773
2024-08-30,M4_downside50_rqi_dii_lpm,RQI_DII_v1.0,frozen_confirmed_by_researcher,0.0,0.08865234871983318,-0.08865234871983318
2024-08-31,M4_downside50_rqi_dii_lpm,RQI_DII_v1.0,frozen_confirmed_by_researcher,0.0,0.08128852569444689,-0.08128852569444689
2024-09-01,M4_downside50_rqi_dii_lpm,RQI_DII_v1.0,frozen_confirmed_by_researcher,0.0,0.08493149447882331,-0.08493149447882331
2024-09-02,M4_downside50_rqi_dii_lpm,RQI_DII_v1.0,frozen_confirmed_by_researcher,0.0,0.08387317466245747,-0.08387317466245747
2024-09-03,M4_downside50_rqi_dii_lpm,RQI_DII_v1.0,frozen_confirmed_by_researcher,0.0,0.0813097884904721,-0.0813097884904721
2024-09-04,M4_downside50_rqi_dii_lpm,RQI_DII_v1.0,frozen_confirmed_by_researcher,0.0,0.09734016789006716,-0.09734016789006716
2024-09-05,M4_downside50_rqi_dii_lpm,RQI_DII_v1.0,frozen_confirmed_by_researcher,0.0,0.07219932243936,-0.07219932243936
2024-09-06,M4_downside50_rqi_dii_lpm,RQI_DII_v1.0,frozen_confirmed_by_researcher,0.0,0.07321008362886516,-0.07321008362886516
2024-09-07,M4_downside50_rqi_dii_lpm,RQI_DII_v1.0,frozen_confirmed_by_researcher,0.0,0.08410931553382284,-0.08410931553382284
2024-09-08,M4_downside50_rqi_dii_lpm,RQI_DII_v1.0,frozen_confirmed_by_researcher,0.0,0.07518476472839097,-0.07518476472839097
2024-09-09,M4_downside50_rqi_dii_lpm,RQI_DII_v1.0,frozen_confirmed_by_researcher,0.0,0.07251281077913063,-0.07251281077913063
2024-09-10,M4_downside50_rqi_dii_lpm,RQI_DII_v1.0,frozen_confirmed_by_researcher,0.0,0.06228909439529673,-0.06228909439529673
2024-09-11,M4_downside50_rqi_dii_lpm,RQI_DII_v1.0,frozen_confirmed_by_researcher,0.0,0.04172221341735849,-0.04172221341735849
2024-09-12,M4_downside50_rqi_dii_lpm,RQI_DII_v1.0,frozen_confirmed_by_researcher,0.0,0.04003747120509615,-0.04003747120509615
2024-09-13,M4_downside50_rqi_dii_lpm,RQI_DII_v1.0,frozen_confirmed_by_researcher,0.0,0.03883928404765413,-0.03883928404765413
2024-09-14,M4_downside50_rqi_dii_lpm,RQI_DII_v1.0,frozen_confirmed_by_researcher,0.0,0.010639685350199102,-0.010639685350199102
2024-09-15,M4_downside50_rqi_dii_lpm,RQI_DII_v1.0,frozen_confirmed_by_researcher,0.0,0.013600898307316811,-0.013600898307316811
2024-09-16,M4_downside50_rqi_dii_lpm,RQI_DII_v1.0,frozen_confirmed_by_researcher,0.0,0.017963545136794323,-0.017963545136794323
2024-09-17,M4_downside50_rqi_dii_lpm,RQI_DII_v1.0,frozen_confirmed_by_researcher,0.0,0.044552405761280056,-0.044552405761280056
2024-09-18,M4_downside50_rqi_dii_lpm,RQI_DII_v1.0,frozen_confirmed_by_researcher,0.0,0.030725323353095746,-0.030725323353095746
2024-09-19,M4_downside50_rqi_dii_lpm,RQI_DII_v1.0,frozen_confirmed_by_researcher,0.0,0.03679066618532545,-0.03679066618532545
2024-09-20,M4_downside50_rqi_dii_lpm,RQI_DII_v1.0,frozen_confirmed_by_researcher,0.0,0.03657031448798875,-0.03657031448798875
2024-09-21,M4_downside50_rqi_dii_lpm,RQI_DII_v1.0,frozen_confirmed_by_researcher,0.0,0.023071731885195845,-0.023071731885195845
2024-09-22,M4_downside50_rqi_dii_lpm,RQI_DII_v1.0,frozen_confirmed_by_researcher,0.0,0.017949274355345324,-0.017949274355345324
2024-09-23,M4_downside50_rqi_dii_lpm,RQI_DII_v1.0,frozen_confirmed_by_researcher,0.0,0.015936464274602713,-0.015936464274602713
2024-09-24,M4_downside50_rqi_dii_lpm,RQI_DII_v1.0,frozen_confirmed_by_researcher,0.0,0.022200345757113382,-0.022200345757113382
2024-09-25,M4_downside50_rqi_dii_lpm,RQI_DII_v1.0,frozen_confirmed_by_researcher,0.0,0.007040517871260477,-0.007040517871260477
2024-09-26,M4_downside50_rqi_dii_lpm,RQI_DII_v1.0,frozen_confirmed_by_researcher,0.0,0.00540113855151958,-0.00540113855151958
2024-09-27,M4_downside50_rqi_dii_lpm,RQI_DII_v1.0,frozen_confirmed_by_researcher,0.0,-0.01654423990451903,0.01654423990451903
2024-09-28,M4_downside50_rqi_dii_lpm,RQI_DII_v1.0,frozen_confirmed_by_researcher,0.0,-0.014869317773374746,0.014869317773374746
2024-09-29,M4_downside50_rqi_dii_lpm,RQI_DII_v1.0,frozen_confirmed_by_researcher,0.0,-0.010687061861091252,0.010687061861091252
2024-09-30,M4_downside50_rqi_dii_lpm,RQI_DII_v1.0,frozen_confirmed_by_researcher,0.0,-0.005064444455555872,0.005064444455555872
2024-10-01,M4_downside50_rqi_dii_lpm,RQI_DII_v1.0,frozen_confirmed_by_researcher,0.0,0.07285276430310716,-0.07285276430310716
2024-10-02,M4_downside50_rqi_dii_lpm,RQI_DII_v1.0,frozen_confirmed_by_researcher,0.0,0.06886788834660251,-0.06886788834660251
2024-10-03,M4_downside50_rqi_dii_lpm,RQI_DII_v1.0,frozen_confirmed_by_researcher,0.0,0.06895870943208138,-0.06895870943208138
2024-10-04,M4_downside50_rqi_dii_lpm,RQI_DII_v1.0,frozen_confirmed_by_researcher,0.0,0.0736318002181946,-0.0736318002181946
2024-10-05,M4_downside50_rqi_dii_lpm,RQI_DII_v1.0,frozen_confirmed_by_researcher,0.0,0.0753488998008578,-0.0753488998008578
2024-10-06,M4_downside50_rqi_dii_lpm,RQI_DII_v1.0,frozen_confirmed_by_researcher,0.0,0.07231184415196878,-0.07231184415196878
2024-10-07,M4_downside50_rqi_dii_lpm,RQI_DII_v1.0,frozen_confirmed_by_researcher,0.0,0.07374102633023938,-0.07374102633023938
2024-10-08,M4_downside50_rqi_dii_lpm,RQI_DII_v1.0,frozen_confirmed_by_researcher,0.0,0.10233684828139644,-0.10233684828139644
2024-10-09,M4_downside50_rqi_dii_lpm,RQI_DII_v1.0,frozen_confirmed_by_researcher,0.0,0.13525197908937514,-0.13525197908937514
2024-10-10,M4_downside50_rqi_dii_lpm,RQI_DII_v1.0,frozen_confirmed_by_researcher,0.0,0.16492541029256813,-0.16492541029256813
2024-10-11,M4_downside50_rqi_dii_lpm,RQI_DII_v1.0,frozen_confirmed_by_researcher,0.0,0.173298122725825,-0.173298122725825
2024-10-12,M4_downside50_rqi_dii_lpm,RQI_DII_v1.0,frozen_confirmed_by_researcher,0.0,0.1698649336640159,-0.1698649336640159
2024-10-13,M4_downside50_rqi_dii_lpm,RQI_DII_v1.0,frozen_confirmed_by_researcher,0.0,0.16735285083804285,-0.16735285083804285
2024-10-14,M4_downside50_rqi_dii_lpm,RQI_DII_v1.0,frozen_confirmed_by_researcher,0.0,0.1726636143630884,-0.1726636143630884
2024-10-15,M4_downside50_rqi_dii_lpm,RQI_DII_v1.0,frozen_confirmed_by_researcher,0.0,0.18606833723271166,-0.18606833723271166
2024-10-16,M4_downside50_rqi_dii_lpm,RQI_DII_v1.0,frozen_confirmed_by_researcher,0.0,0.18717262905275334,-0.18717262905275334
2024-10-17,M4_downside50_rqi_dii_lpm,RQI_DII_v1.0,frozen_confirmed_by_researcher,0.0,0.19940655269941487,-0.19940655269941487
2024-10-18,M4_downside50_rqi_dii_lpm,RQI_DII_v1.0,frozen_confirmed_by_researcher,0.0,0.20844615951537548,-0.20844615951537548
2024-10-19,M4_downside50_rqi_dii_lpm,RQI_DII_v1.0,frozen_confirmed_by_researcher,0.0,0.1891599900340708,-0.1891599900340708
2024-10-20,M4_downside50_rqi_dii_lpm,RQI_DII_v1.0,frozen_confirmed_by_researcher,0.0,0.19075977662235744,-0.19075977662235744
2024-10-21,M4_downside50_rqi_dii_lpm,RQI_DII_v1.0,frozen_confirmed_by_researcher,0.0,0.1913044511687616,-0.1913044511687616
2024-10-22,M4_downside50_rqi_dii_lpm,RQI_DII_v1.0,frozen_confirmed_by_researcher,0.0,0.2206866136993284,-0.2206866136993284
2024-10-23,M4_downside50_rqi_dii_lpm,RQI_DII_v1.0,frozen_confirmed_by_researcher,0.0,0.23653041720741896,-0.23653041720741896
2024-10-24,M4_downside50_rqi_dii_lpm,RQI_DII_v1.0,frozen_confirmed_by_researcher,0.0,0.2629583472396462,-0.2629583472396462
2024-10-25,M4_downside50_rqi_dii_lpm,RQI_DII_v1.0,frozen_confirmed_by_researcher,0.0,0.25231852436265,-0.25231852436265
2024-10-26,M4_downside50_rqi_dii_lpm,RQI_DII_v1.0,frozen_confirmed_by_researcher,0.0,0.2314584340490029,-0.2314584340490029
2024-10-27,M4_downside50_rqi_dii_lpm,RQI_DII_v1.0,frozen_confirmed_by_researcher,0.0,0.2378134637116318,-0.2378134637116318
2024-10-28,M4_downside50_rqi_dii_lpm,RQI_DII_v1.0,frozen_confirmed_by_researcher,0.0,0.23707871308553763,-0.23707871308553763
2024-10-29,M4_downside50_rqi_dii_lpm,RQI_DII_v1.0,frozen_confirmed_by_researcher,0.0,0.23368621537258605,-0.23368621537258605
2024-10-30,M4_downside50_rqi_dii_lpm,RQI_DII_v1.0,frozen_confirmed_by_researcher,0.0,0.22848653302015975,-0.22848653302015975
2024-10-31,M4_downside50_rqi_dii_lpm,RQI_DII_v1.0,frozen_confirmed_by_researcher,0.0,0.20180464989897473,-0.20180464989897473
2024-11-01,M4_downside50_rqi_dii_lpm,RQI_DII_v1.0,frozen_confirmed_by_researcher,0.0,0.24002060296562888,-0.24002060296562888
2024-11-02,M4_downside50_rqi_dii_lpm,RQI_DII_v1.0,frozen_confirmed_by_researcher,0.0,0.22125904662539142,-0.22125904662539142
2024-11-03,M4_downside50_rqi_dii_lpm,RQI_DII_v1.0,frozen_confirmed_by_researcher,0.0,0.20386787469931278,-0.20386787469931278
2024-11-04,M4_downside50_rqi_dii_lpm,RQI_DII_v1.0,frozen_confirmed_by_researcher,0.0,0.20558648812500735,-0.20558648812500735
2024-11-05,M4_downside50_rqi_dii_lpm,RQI_DII_v1.0,frozen_confirmed_by_researcher,0.0,0.17558286195510675,-0.17558286195510675
2024-11-06,M4_downside50_rqi_dii_lpm,RQI_DII_v1.0,frozen_confirmed_by_researcher,0.0,0.13359006162582432,-0.13359006162582432
2024-11-07,M4_downside50_rqi_dii_lpm,RQI_DII_v1.0,frozen_confirmed_by_researcher,0.0,0.014985188505306724,-0.014985188505306724
2024-11-08,M4_downside50_rqi_dii_lpm,RQI_DII_v1.0,frozen_confirmed_by_researcher,0.0,0.00144260485807024,-0.00144260485807024
2024-11-09,M4_downside50_rqi_dii_lpm,RQI_DII_v1.0,frozen_confirmed_by_researcher,0.0,-0.015290363682169072,0.015290363682169072
2024-11-10,M4_downside50_rqi_dii_lpm,RQI_DII_v1.0,frozen_confirmed_by_researcher,0.0,0.0021201107448831635,-0.0021201107448831635
2024-11-11,M4_downside50_rqi_dii_lpm,RQI_DII_v1.0,frozen_confirmed_by_researcher,0.0,0.011422804891878968,-0.011422804891878968
2024-11-12,M4_downside50_rqi_dii_lpm,RQI_DII_v1.0,frozen_confirmed_by_researcher,0.0,0.014503902430220705,-0.014503902430220705
2024-11-13,M4_downside50_rqi_dii_lpm,RQI_DII_v1.0,frozen_confirmed_by_researcher,0.0,0.05901125268859175,-0.05901125268859175
2024-11-14,M4_downside50_rqi_dii_lpm,RQI_DII_v1.0,frozen_confirmed_by_researcher,0.0,0.04238943618280189,-0.04238943618280189
2024-11-15,M4_downside50_rqi_dii_lpm,RQI_DII_v1.0,frozen_confirmed_by_researcher,0.0,0.025620290464871687,-0.025620290464871687
2024-11-16,M4_downside50_rqi_dii_lpm,RQI_DII_v1.0,frozen_confirmed_by_researcher,0.0,0.018699054176764207,-0.018699054176764207
2024-11-17,M4_downside50_rqi_dii_lpm,RQI_DII_v1.0,frozen_confirmed_by_researcher,0.0,0.006573532894407208,-0.006573532894407208
2024-11-18,M4_downside50_rqi_dii_lpm,RQI_DII_v1.0,frozen_confirmed_by_researcher,0.0,0.011105779734407406,-0.011105779734407406
2024-11-19,M4_downside50_rqi_dii_lpm,RQI_DII_v1.0,frozen_confirmed_by_researcher,0.0,-0.014601044663237417,0.014601044663237417
2024-11-20,M4_downside50_rqi_dii_lpm,RQI_DII_v1.0,frozen_confirmed_by_researcher,0.0,-0.023603880949366385,0.023603880949366385
2024-11-21,M4_downside50_rqi_dii_lpm,RQI_DII_v1.0,frozen_confirmed_by_researcher,0.0,-0.06012948325047773,0.06012948325047773
2024-11-22,M4_downside50_rqi_dii_lpm,RQI_DII_v1.0,frozen_confirmed_by_researcher,0.0,-0.08783345178068203,0.08783345178068203
2024-11-23,M4_downside50_rqi_dii_lpm,RQI_DII_v1.0,frozen_confirmed_by_researcher,0.0,-0.1447613519873414,0.1447613519873414
2024-11-24,M4_downside50_rqi_dii_lpm,RQI_DII_v1.0,frozen_confirmed_by_researcher,0.0,-0.16891747933041756,0.16891747933041756
2024-11-25,M4_downside50_rqi_dii_lpm,RQI_DII_v1.0,frozen_confirmed_by_researcher,0.0,-0.15747190349644313,0.15747190349644313
2024-11-26,M4_downside50_rqi_dii_lpm,RQI_DII_v1.0,frozen_confirmed_by_researcher,0.0,-0.13842582355340483,0.13842582355340483
2024-11-27,M4_downside50_rqi_dii_lpm,RQI_DII_v1.0,frozen_confirmed_by_researcher,0.0,-0.1122683568203513,0.1122683568203513
2024-11-28,M4_downside50_rqi_dii_lpm,RQI_DII_v1.0,frozen_confirmed_by_researcher,0.0,-0.20088033339513345,0.20088033339513345
2024-11-29,M4_downside50_rqi_dii_lpm,RQI_DII_v1.0,frozen_confirmed_by_researcher,0.0,-0.2020929086287282,0.2020929086287282
2024-11-30,M4_downside50_rqi_dii_lpm,RQI_DII_v1.0,frozen_confirmed_by_researcher,0.0,-0.2171963659051812,0.2171963659051812
2024-12-01,M4_downside50_rqi_dii_lpm,RQI_DII_v1.0,frozen_confirmed_by_researcher,0.0,-0.2260813250962599,0.2260813250962599
2024-12-02,M4_downside50_rqi_dii_lpm,RQI_DII_v1.0,frozen_confirmed_by_researcher,0.0,-0.23880875783804356,0.23880875783804356
2024-12-03,M4_downside50_rqi_dii_lpm,RQI_DII_v1.0,frozen_confirmed_by_researcher,0.0,-0.22517528058293124,0.22517528058293124
2024-12-04,M4_downside50_rqi_dii_lpm,RQI_DII_v1.0,frozen_confirmed_by_researcher,0.0,-0.2389757763023681,0.2389757763023681
2024-12-05,M4_downside50_rqi_dii_lpm,RQI_DII_v1.0,frozen_confirmed_by_researcher,0.0,-0.2867830260388189,0.2867830260388189
2024-12-06,M4_downside50_rqi_dii_lpm,RQI_DII_v1.0,frozen_confirmed_by_researcher,0.0,-0.24868563711413572,0.24868563711413572
2024-12-07,M4_downside50_rqi_dii_lpm,RQI_DII_v1.0,frozen_confirmed_by_researcher,0.0,-0.4576832805832822,0.4576832805832822
2024-12-08,M4_downside50_rqi_dii_lpm,RQI_DII_v1.0,frozen_confirmed_by_researcher,0.0,-0.45529538895598876,0.45529538895598876
2024-12-09,M4_downside50_rqi_dii_lpm,RQI_DII_v1.0,frozen_confirmed_by_researcher,0.0,-0.3078350999457058,0.3078350999457058
2024-12-10,M4_downside50_rqi_dii_lpm,RQI_DII_v1.0,frozen_confirmed_by_researcher,0.0,-0.2706986586302236,0.2706986586302236
2024-12-11,M4_downside50_rqi_dii_lpm,RQI_DII_v1.0,frozen_confirmed_by_researcher,0.0,-0.2843464066269945,0.2843464066269945
2024-12-12,M4_downside50_rqi_dii_lpm,RQI_DII_v1.0,frozen_confirmed_by_researcher,0.0,-0.3564891443303111,0.3564891443303111
2024-12-13,M4_downside50_rqi_dii_lpm,RQI_DII_v1.0,frozen_confirmed_by_researcher,0.0,-0.3490858725673718,0.3490858725673718
2024-12-14,M4_downside50_rqi_dii_lpm,RQI_DII_v1.0,frozen_confirmed_by_researcher,0.0,-0.38558796417258634,0.38558796417258634
2024-12-15,M4_downside50_rqi_dii_lpm,RQI_DII_v1.0,frozen_confirmed_by_researcher,0.0,-0.38458404443072425,0.38458404443072425
2024-12-16,M4_downside50_rqi_dii_lpm,RQI_DII_v1.0,frozen_confirmed_by_researcher,0.0,-0.3935919249732933,0.3935919249732933
2024-12-17,M4_downside50_rqi_dii_lpm,RQI_DII_v1.0,frozen_confirmed_by_researcher,0.0,-0.41458205868964626,0.41458205868964626
2024-12-18,M4_downside50_rqi_dii_lpm,RQI_DII_v1.0,frozen_confirmed_by_researcher,0.0,-0.4247387082617422,0.4247387082617422
2024-12-19,M4_downside50_rqi_dii_lpm,RQI_DII_v1.0,frozen_confirmed_by_researcher,0.0,-0.40604147374719446,0.40604147374719446
2024-12-20,M4_downside50_rqi_dii_lpm,RQI_DII_v1.0,frozen_confirmed_by_researcher,0.0,0.539981117555854,-0.539981117555854
2024-12-21,M4_downside50_rqi_dii_lpm,RQI_DII_v1.0,frozen_confirmed_by_researcher,0.0,0.518935145333387,-0.518935145333387
2024-12-22,M4_downside50_rqi_dii_lpm,RQI_DII_v1.0,frozen_confirmed_by_researcher,0.0,0.5058399770035749,-0.5058399770035749
2024-12-23,M4_downside50_rqi_dii_lpm,RQI_DII_v1.0,frozen_confirmed_by_researcher,0.0,0.501765038128994,-0.501765038128994
2024-12-24,M4_downside50_rqi_dii_lpm,RQI_DII_v1.0,frozen_confirmed_by_researcher,0.0,0.5023803305231382,-0.5023803305231382
2024-12-25,M4_downside50_rqi_dii_lpm,RQI_DII_v1.0,frozen_confirmed_by_researcher,0.0,0.5027754375301896,-0.5027754375301896
2024-12-26,M4_downside50_rqi_dii_lpm,RQI_DII_v1.0,frozen_confirmed_by_researcher,0.0,0.5006104064328838,-0.5006104064328838
2024-12-27,M4_downside50_rqi_dii_lpm,RQI_DII_v1.0,frozen_confirmed_by_researcher,0.0,0.47161635225343446,-0.47161635225343446
2024-12-28,M4_downside50_rqi_dii_lpm,RQI_DII_v1.0,frozen_confirmed_by_researcher,0.0,0.4691535442969439,-0.4691535442969439
2024-12-29,M4_downside50_rqi_dii_lpm,RQI_DII_v1.0,frozen_confirmed_by_researcher,0.0,0.4622901613022776,-0.4622901613022776
2024-12-30,M4_downside50_rqi_dii_lpm,RQI_DII_v1.0,frozen_confirmed_by_researcher,0.0,0.46451176472423583,-0.46451176472423583
2024-12-31,M4_downside50_rqi_dii_lpm,RQI_DII_v1.0,frozen_confirmed_by_researcher,0.0,0.4508928041197038,-0.4508928041197038
2022-08-24,M5_absdev_stress_interaction,RQI_DII_v1.0,frozen_confirmed_by_researcher,0.0,-0.48753346101369743,0.48753346101369743
2022-08-25,M5_absdev_stress_interaction,RQI_DII_v1.0,frozen_confirmed_by_researcher,1.2970000000000002,-0.4711770333568097,1.7681770333568099
2022-08-26,M5_absdev_stress_interaction,RQI_DII_v1.0,frozen_confirmed_by_researcher,0.16469999999999999,-0.44873068327046894,0.6134306832704689
2022-08-27,M5_absdev_stress_interaction,RQI_DII_v1.0,frozen_confirmed_by_researcher,0.4125,-0.48114556801800745,0.8936455680180074
2022-08-28,M5_absdev_stress_interaction,RQI_DII_v1.0,frozen_confirmed_by_researcher,0.9199,-0.49944213714940133,1.4193421371494015
2022-08-29,M5_absdev_stress_interaction,RQI_DII_v1.0,frozen_confirmed_by_researcher,0.2417,-0.4964774996324195,0.7381774996324195
2022-08-30,M5_absdev_stress_interaction,RQI_DII_v1.0,frozen_confirmed_by_researcher,0.0804,-0.5232094466937269,0.603609446693727
2022-08-31,M5_absdev_stress_interaction,RQI_DII_v1.0,frozen_confirmed_by_researcher,0.4778,-0.5553289018909595,1.0331289018909595
2022-09-01,M5_absdev_stress_interaction,RQI_DII_v1.0,frozen_confirmed_by_researcher,0.034300000000000004,-0.5432880440298504,0.5775880440298504
2022-09-02,M5_absdev_stress_interaction,RQI_DII_v1.0,frozen_confirmed_by_researcher,0.0,-0.49641204552614226,0.49641204552614226
2022-09-03,M5_absdev_stress_interaction,RQI_DII_v1.0,frozen_confirmed_by_researcher,0.0,-0.4695613506133327,0.4695613506133327
2022-09-04,M5_absdev_stress_interaction,RQI_DII_v1.0,frozen_confirmed_by_researcher,0.0,-0.4820794051406665,0.4820794051406665
2022-09-05,M5_absdev_stress_interaction,RQI_DII_v1.0,frozen_confirmed_by_researcher,3.673,-0.4964572306400328,4.169457230640033
2022-09-06,M5_absdev_stress_interaction,RQI_DII_v1.0,frozen_confirmed_by_researcher,0.8797999999999999,-0.4994689738182956,1.3792689738182955
2022-09-07,M5_absdev_stress_interaction,RQI_DII_v1.0,frozen_confirmed_by_researcher,0.2703,-0.44484294721576134,0.7151429472157613
2022-09-08,M5_absdev_stress_interaction,RQI_DII_v1.0,frozen_confirmed_by_researcher,0.030000000000000002,-0.483572104533323,0.513572104533323
2022-09-09,M5_absdev_stress_interaction,RQI_DII_v1.0,frozen_confirmed_by_researcher,0.0,-0.48098674295380306,0.48098674295380306
2022-09-10,M5_absdev_stress_interaction,RQI_DII_v1.0,frozen_confirmed_by_researcher,0.4919,-0.5008289235969414,0.9927289235969414
2022-09-11,M5_absdev_stress_interaction,RQI_DII_v1.0,frozen_confirmed_by_researcher,0.19069999999999998,-0.5016031793778097,0.6923031793778097
2022-09-12,M5_absdev_stress_interaction,RQI_DII_v1.0,frozen_confirmed_by_researcher,0.0713,-0.49035949882204477,0.5616594988220448
2022-09-13,M5_absdev_stress_interaction,RQI_DII_v1.0,frozen_confirmed_by_researcher,0.92,-0.469073531036031,1.389073531036031
2022-09-14,M5_absdev_stress_interaction,RQI_DII_v1.0,frozen_confirmed_by_researcher,0.4682,-0.44753459330769374,0.9157345933076937
2022-09-15,M5_absdev_stress_interaction,RQI_DII_v1.0,frozen_confirmed_by_researcher,0.0,-0.31780556491042944,0.31780556491042944
2022-09-16,M5_absdev_stress_interaction,RQI_DII_v1.0,frozen_confirmed_by_researcher,0.1435,-0.2289973921103865,0.37249739211038646
2022-09-17,M5_absdev_stress_interaction,RQI_DII_v1.0,frozen_confirmed_by_researcher,0.37070000000000003,-0.20342368480544337,0.5741236848054434
2022-09-18,M5_absdev_stress_interaction,RQI_DII_v1.0,frozen_confirmed_by_researcher,0.8611,-0.20865372238807822,1.0697537223880782
2022-09-19,M5_absdev_stress_interaction,RQI_DII_v1.0,frozen_confirmed_by_researcher,0.37070000000000003,-0.2126685555149379,0.5833685555149379
2022-09-20,M5_absdev_stress_interaction,RQI_DII_v1.0,frozen_confirmed_by_researcher,0.1057,-0.18329355787307122,0.28899355787307124
2022-09-21,M5_absdev_stress_interaction,RQI_DII_v1.0,frozen_confirmed_by_researcher,0.5078,-0.22992002254142108,0.7377200225414211
2022-09-22,M5_absdev_stress_interaction,RQI_DII_v1.0,frozen_confirmed_by_researcher,0.9493,-0.19139406820409022,1.1406940682040903
2022-09-23,M5_absdev_stress_interaction,RQI_DII_v1.0,frozen_confirmed_by_researcher,0.7509,-0.7552970798093952,1.5061970798093953
2022-09-24,M5_absdev_stress_interaction,RQI_DII_v1.0,frozen_confirmed_by_researcher,0.33859999999999996,-0.7258764844414713,1.0644764844414714
2022-09-25,M5_absdev_stress_interaction,RQI_DII_v1.0,frozen_confirmed_by_researcher,0.36019999999999996,-0.7281076116266263,1.0883076116266261
2022-09-26,M5_absdev_stress_interaction,RQI_DII_v1.0,frozen_confirmed_by_researcher,0.1459,-0.6782700544472959,0.824170054447296
2022-09-27,M5_absdev_stress_interaction,RQI_DII_v1.0,frozen_confirmed_by_researcher,2.5963000000000003,-0.6426598930889895,3.23895989308899
2022-09-28,M5_absdev_stress_interaction,RQI_DII_v1.0,frozen_confirmed_by_researcher,0.39530000000000004,-0.625051014307985,1.020351014307985
2022-09-29,M5_absdev_stress_interaction,RQI_DII_v1.0,frozen_confirmed_by_researcher,0.9021,-0.5577222205729413,1.4598222205729412
2022-09-30,M5_absdev_stress_interaction,RQI_DII_v1.0,frozen_confirmed_by_researcher,0.9009,-0.4914482131784439,1.392348213178444
2022-10-01,M5_absdev_stress_interaction,RQI_DII_v1.0,frozen_confirmed_by_researcher,0.0595,-0.18479204558764195,0.24429204558764195
2022-10-02,M5_absdev_stress_interaction,RQI_DII_v1.0,frozen_confirmed_by_researcher,0.0,-0.1911353170233383,0.1911353170233383
2022-10-03,M5_absdev_stress_interaction,RQI_DII_v1.0,frozen_confirmed_by_researcher,0.40240000000000004,-0.21504623134427447,0.6174462313442746
2022-10-04,M5_absdev_stress_interaction,RQI_DII_v1.0,frozen_confirmed_by_researcher,0.2173,-0.18078364853096218,0.3980836485309622
2022-10-05,M5_absdev_stress_interaction,RQI_DII_v1.0,frozen_confirmed_by_researcher,0.8351000000000001,-0.06237043464363978,0.8974704346436398
2022-10-06,M5_absdev_stress_interaction,RQI_DII_v1.0,frozen_confirmed_by_researcher,0.30960000000000004,-0.001808202637676004,0.31140820263767605
2022-10-07,M5_absdev_stress_interaction,RQI_DII_v1.0,frozen_confirmed_by_researcher,0.0,0.04060147192444674,-0.04060147192444674
2022-10-08,M5_absdev_stress_interaction,RQI_DII_v1.0,frozen_confirmed_by_researcher,1.0,0.06027116520380105,0.939728834796199
2022-10-09,M5_absdev_stress_interaction,RQI_DII_v1.0,frozen_confirmed_by_researcher,0.4588,0.06333984371190127,0.3954601562880987
2022-10-10,M5_absdev_stress_interaction,RQI_DII_v1.0,frozen_confirmed_by_researcher,0.2082,0.05589294717873372,0.15230705282126628
2022-10-11,M5_absdev_stress_interaction,RQI_DII_v1.0,frozen_confirmed_by_researcher,0.3506,0.06633394315366559,0.28426605684633444
2022-10-12,M5_absdev_stress_interaction,RQI_DII_v1.0,frozen_confirmed_by_researcher,0.4421,0.07426519258729058,0.3678348074127094
2022-10-13,M5_absdev_stress_interaction,RQI_DII_v1.0,frozen_confirmed_by_researcher,0.0,0.1086409349989026,-0.1086409349989026
2022-10-14,M5_absdev_stress_interaction,RQI_DII_v1.0,frozen_confirmed_by_researcher,0.0,0.1992619184123896,-0.1992619184123896
2022-10-15,M5_absdev_stress_interaction,RQI_DII_v1.0,frozen_confirmed_by_researcher,0.7149,0.2855408474725891,0.42935915252741086
2022-10-16,M5_absdev_stress_interaction,RQI_DII_v1.0,frozen_confirmed_by_researcher,0.2598,0.2807675431574239,-0.02096754315742394
2022-10-17,M5_absdev_stress_interaction,RQI_DII_v1.0,frozen_confirmed_by_researcher,0.038,0.27374541870483426,-0.23574541870483426
2022-10-18,M5_absdev_stress_interaction,RQI_DII_v1.0,frozen_confirmed_by_researcher,0.38680000000000003,0.32524662153304007,0.06155337846695996
2022-10-19,M5_absdev_stress_interaction,RQI_DII_v1.0,frozen_confirmed_by_researcher,0.0797,0.37638066486323396,-0.29668066486323397
2022-10-20,M5_absdev_stress_interaction,RQI_DII_v1.0,frozen_confirmed_by_researcher,0.4422,0.42205524797924454,0.02014475202075544
2022-10-21,M5_absdev_stress_interaction,RQI_DII_v1.0,frozen_confirmed_by_researcher,0.041999999999999996,0.5294655733260925,-0.48746557332609247
2022-10-22,M5_absdev_stress_interaction,RQI_DII_v1.0,frozen_confirmed_by_researcher,1.6963,0.5378934136257385,1.1584065863742614
2022-10-23,M5_absdev_stress_interaction,RQI_DII_v1.0,frozen_confirmed_by_researcher,0.0,0.5131322438921302,-0.5131322438921302
2022-10-24,M5_absdev_stress_interaction,RQI_DII_v1.0,frozen_confirmed_by_researcher,0.9390000000000001,0.5025412295801175,0.43645877041988257
2022-10-25,M5_absdev_stress_interaction,RQI_DII_v1.0,frozen_confirmed_by_researcher,0.0753,1.5355948585366264,-1.4602948585366264
2022-10-26,M5_absdev_stress_interaction,RQI_DII_v1.0,frozen_confirmed_by_researcher,0.1484,1.5241031271409042,-1.3757031271409041
2022-10-27,M5_absdev_stress_interaction,RQI_DII_v1.0,frozen_confirmed_by_researcher,0.0,1.5053001964051305,-1.5053001964051305
2022-10-28,M5_absdev_stress_interaction,RQI_DII_v1.0,frozen_confirmed_by_researcher,0.8449,1.4930811593235376,-0.6481811593235376
2022-10-29,M5_absdev_stress_interaction,RQI_DII_v1.0,frozen_confirmed_by_researcher,0.5363,1.5169046603919583,-0.9806046603919583
2022-10-30,M5_absdev_stress_interaction,RQI_DII_v1.0,frozen_confirmed_by_researcher,0.3883,1.5222595533459184,-1.1339595533459184
2022-10-31,M5_absdev_stress_interaction,RQI_DII_v1.0,frozen_confirmed_by_researcher,0.3169,1.5174184181576038,-1.2005184181576039
2022-11-01,M5_absdev_stress_interaction,RQI_DII_v1.0,frozen_confirmed_by_researcher,0.0,1.5822285989799525,-1.5822285989799525
2022-11-02,M5_absdev_stress_interaction,RQI_DII_v1.0,frozen_confirmed_by_researcher,0.5412,1.6886662720779668,-1.147466272077967
2022-11-03,M5_absdev_stress_interaction,RQI_DII_v1.0,frozen_confirmed_by_researcher,0.2311,1.8150634102138383,-1.5839634102138382
2022-11-04,M5_absdev_stress_interaction,RQI_DII_v1.0,frozen_confirmed_by_researcher,0.0216,1.9323671072625643,-1.9107671072625643
2022-11-05,M5_absdev_stress_interaction,RQI_DII_v1.0,frozen_confirmed_by_researcher,0.0073,1.9185169702467988,-1.9112169702467987
2022-11-06,M5_absdev_stress_interaction,RQI_DII_v1.0,frozen_confirmed_by_researcher,0.9762000000000001,3.2787902517343355,-2.3025902517343355
2022-11-07,M5_absdev_stress_interaction,RQI_DII_v1.0,frozen_confirmed_by_researcher,0.1333,3.1698699052066104,-3.03656990520661
2022-11-08,M5_absdev_stress_interaction,RQI_DII_v1.0,frozen_confirmed_by_researcher,0.8080999999999999,2.9439745993405495,-2.1358745993405495
2022-11-09,M5_absdev_stress_interaction,RQI_DII_v1.0,frozen_confirmed_by_researcher,0.8611,3.034973854464397,-2.173873854464397
2022-11-10,M5_absdev_stress_interaction,RQI_DII_v1.0,frozen_confirmed_by_researcher,12.045599999999999,3.001643876029277,9.043956123970721
2022-11-11,M5_absdev_stress_interaction,RQI_DII_v1.0,frozen_confirmed_by_researcher,1.6746,2.825648628928036,-1.151048628928036
2022-11-12,M5_absdev_stress_interaction,RQI_DII_v1.0,frozen_confirmed_by_researcher,10.2976,2.681660700717771,7.615939299282228
2022-11-13,M5_absdev_stress_interaction,RQI_DII_v1.0,frozen_confirmed_by_researcher,3.0311999999999997,2.635776376693684,0.39542362330631553
2022-11-14,M5_absdev_stress_interaction,RQI_DII_v1.0,frozen_confirmed_by_researcher,4.1428,2.637553120448274,1.5052468795517262
2022-11-15,M5_absdev_stress_interaction,RQI_DII_v1.0,frozen_confirmed_by_researcher,2.875,2.618396618728923,0.25660338127107707
2022-11-16,M5_absdev_stress_interaction,RQI_DII_v1.0,frozen_confirmed_by_researcher,2.9200999999999997,2.527780781894535,0.3923192181054649
2022-11-17,M5_absdev_stress_interaction,RQI_DII_v1.0,frozen_confirmed_by_researcher,0.8248,2.531137730228579,-1.7063377302285792
2022-11-18,M5_absdev_stress_interaction,RQI_DII_v1.0,frozen_confirmed_by_researcher,0.0104,2.5900551561131238,-2.5796551561131236
2022-11-19,M5_absdev_stress_interaction,RQI_DII_v1.0,frozen_confirmed_by_researcher,0.0,2.506642200032843,-2.506642200032843
2022-11-20,M5_absdev_stress_interaction,RQI_DII_v1.0,frozen_confirmed_by_researcher,0.8682,2.4850965062047408,-1.616896506204741
2022-11-21,M5_absdev_stress_interaction,RQI_DII_v1.0,frozen_confirmed_by_researcher,1.8009,1.112858259607492,0.6880417403925079
2022-11-22,M5_absdev_stress_interaction,RQI_DII_v1.0,frozen_confirmed_by_researcher,2.6976,1.4604763482975613,1.2371236517024387
2022-11-23,M5_absdev_stress_interaction,RQI_DII_v1.0,frozen_confirmed_by_researcher,0.3982,1.4486345485027528,-1.0504345485027526
2022-11-24,M5_absdev_stress_interaction,RQI_DII_v1.0,frozen_confirmed_by_researcher,1.2782,1.520670417182771,-0.24247041718277096
2022-11-25,M5_absdev_stress_interaction,RQI_DII_v1.0,frozen_confirmed_by_researcher,0.1927,1.4609218586467136,-1.2682218586467136
2022-11-26,M5_absdev_stress_interaction,RQI_DII_v1.0,frozen_confirmed_by_researcher,1.6916000000000002,1.4652892938711943,0.22631070612880588
2022-11-27,M5_absdev_stress_interaction,RQI_DII_v1.0,frozen_confirmed_by_researcher,0.7417,1.408470137564052,-0.666770137564052
2022-11-28,M5_absdev_stress_interaction,RQI_DII_v1.0,frozen_confirmed_by_researcher,1.5294,1.363361747616807,0.16603825238319314
2022-11-29,M5_absdev_stress_interaction,RQI_DII_v1.0,frozen_confirmed_by_researcher,0.8682,1.496262748758454,-0.6280627487584541
2022-11-30,M5_absdev_stress_interaction,RQI_DII_v1.0,frozen_confirmed_by_researcher,1.0096,1.5894176754367209,-0.5798176754367208
2022-12-01,M5_absdev_stress_interaction,RQI_DII_v1.0,frozen_confirmed_by_researcher,0.08929999999999999,1.6002624504426421,-1.5109624504426422
2022-12-02,M5_absdev_stress_interaction,RQI_DII_v1.0,frozen_confirmed_by_researcher,0.16949999999999998,1.6323350953619524,-1.4628350953619524
2022-12-03,M5_absdev_stress_interaction,RQI_DII_v1.0,frozen_confirmed_by_researcher,0.0,1.5860675835245388,-1.5860675835245388
2022-12-04,M5_absdev_stress_interaction,RQI_DII_v1.0,frozen_confirmed_by_researcher,0.7566,1.547925405271144,-0.7913254052711439
2022-12-05,M5_absdev_stress_interaction,RQI_DII_v1.0,frozen_confirmed_by_researcher,0.0078000000000000005,1.5052212923901607,-1.4974212923901606
2022-12-06,M5_absdev_stress_interaction,RQI_DII_v1.0,frozen_confirmed_by_researcher,0.0,1.5764779589883915,-1.5764779589883915
2022-12-07,M5_absdev_stress_interaction,RQI_DII_v1.0,frozen_confirmed_by_researcher,0.3085,1.6066625380750565,-1.2981625380750565
2022-12-08,M5_absdev_stress_interaction,RQI_DII_v1.0,frozen_confirmed_by_researcher,0.17989999999999998,1.6568495342968959,-1.476949534296896
2022-12-09,M5_absdev_stress_interaction,RQI_DII_v1.0,frozen_confirmed_by_researcher,0.2626,1.6596713361678894,-1.3970713361678895
2022-12-10,M5_absdev_stress_interaction,RQI_DII_v1.0,frozen_confirmed_by_researcher,0.7462,1.6644599341216235,-0.9182599341216235
2022-12-11,M5_absdev_stress_interaction,RQI_DII_v1.0,frozen_confirmed_by_researcher,0.0947,1.6448317106798527,-1.5501317106798527
2022-12-12,M5_absdev_stress_interaction,RQI_DII_v1.0,frozen_confirmed_by_researcher,0.5607,1.6339352581247226,-1.0732352581247226
2022-12-13,M5_absdev_stress_interaction,RQI_DII_v1.0,frozen_confirmed_by_researcher,0.031200000000000002,1.6886500009261454,-1.6574500009261455
2022-12-14,M5_absdev_stress_interaction,RQI_DII_v1.0,frozen_confirmed_by_researcher,0.0,0.9970894154695884,-0.9970894154695884
2022-12-15,M5_absdev_stress_interaction,RQI_DII_v1.0,frozen_confirmed_by_researcher,0.3239,0.9731640029639834,-0.6492640029639833
2022-12-16,M5_absdev_stress_interaction,RQI_DII_v1.0,frozen_confirmed_by_researcher,0.3671,0.9944697704544865,-0.6273697704544865
2022-12-17,M5_absdev_stress_interaction,RQI_DII_v1.0,frozen_confirmed_by_researcher,0.5147,1.0469528764985512,-0.5322528764985511
2022-12-18,M5_absdev_stress_interaction,RQI_DII_v1.0,frozen_confirmed_by_researcher,1.0524,1.0273088771132848,0.025091122886715223
2022-12-19,M5_absdev_stress_interaction,RQI_DII_v1.0,frozen_confirmed_by_researcher,0.3606,1.0110555072519674,-0.6504555072519673
2022-12-20,M5_absdev_stress_interaction,RQI_DII_v1.0,frozen_confirmed_by_researcher,0.571,1.1004564428417325,-0.5294564428417325
2022-12-21,M5_absdev_stress_interaction,RQI_DII_v1.0,frozen_confirmed_by_researcher,0.0577,1.109302524198938,-1.051602524198938
2022-12-22,M5_absdev_stress_interaction,RQI_DII_v1.0,frozen_confirmed_by_researcher,0.0479,3.2554588761905734,-3.2075588761905736
2022-12-23,M5_absdev_stress_interaction,RQI_DII_v1.0,frozen_confirmed_by_researcher,0.33009999999999995,3.2650350555085197,-2.93493505550852
2022-12-24,M5_absdev_stress_interaction,RQI_DII_v1.0,frozen_confirmed_by_researcher,2.1706000000000003,3.2708811026546982,-1.100281102654698
2022-12-25,M5_absdev_stress_interaction,RQI_DII_v1.0,frozen_confirmed_by_researcher,0.6642,3.22679417841897,-2.56259417841897
2022-12-26,M5_absdev_stress_interaction,RQI_DII_v1.0,frozen_confirmed_by_researcher,3.83,3.1904452673580863,0.6395547326419138
2022-12-27,M5_absdev_stress_interaction,RQI_DII_v1.0,frozen_confirmed_by_researcher,1.0551,3.1569501706424035,-2.1018501706424035
2022-12-28,M5_absdev_stress_interaction,RQI_DII_v1.0,frozen_confirmed_by_researcher,0.2289,3.22742111798334,-2.99852111798334
2022-12-29,M5_absdev_stress_interaction,RQI_DII_v1.0,frozen_confirmed_by_researcher,0.6625,3.1559778343536777,-2.4934778343536776
2022-12-30,M5_absdev_stress_interaction,RQI_DII_v1.0,frozen_confirmed_by_researcher,0.6057,3.133748870232921,-2.528048870232921
2022-12-31,M5_absdev_stress_interaction,RQI_DII_v1.0,frozen_confirmed_by_researcher,0.42169999999999996,3.107206187975976,-2.685506187975976
2023-01-01,M5_absdev_stress_interaction,RQI_DII_v1.0,frozen_confirmed_by_researcher,2.4048,3.091981957445398,-0.6871819574453983
2023-01-02,M5_absdev_stress_interaction,RQI_DII_v1.0,frozen_confirmed_by_researcher,4.1658,3.0685792543000616,1.0972207456999383
2023-01-03,M5_absdev_stress_interaction,RQI_DII_v1.0,frozen_confirmed_by_researcher,0.8502,3.033285277641994,-2.183085277641994
2023-01-04,M5_absdev_stress_interaction,RQI_DII_v1.0,frozen_confirmed_by_researcher,0.0,3.1668906703695257,-3.1668906703695257
2023-01-05,M5_absdev_stress_interaction,RQI_DII_v1.0,frozen_confirmed_by_researcher,0.9265,3.1719405163746046,-2.2454405163746047
2023-01-06,M5_absdev_stress_interaction,RQI_DII_v1.0,frozen_confirmed_by_researcher,0.5836,3.2729063560398686,-2.6893063560398685
2023-01-07,M5_absdev_stress_interaction,RQI_DII_v1.0,frozen_confirmed_by_researcher,1.2625,3.273488889585906,-2.0109888895859056
2023-01-08,M5_absdev_stress_interaction,RQI_DII_v1.0,frozen_confirmed_by_researcher,1.4,3.2338785404641044,-1.8338785404641045
2023-01-09,M5_absdev_stress_interaction,RQI_DII_v1.0,frozen_confirmed_by_researcher,0.0,3.1883582870856344,-3.1883582870856344
2023-01-10,M5_absdev_stress_interaction,RQI_DII_v1.0,frozen_confirmed_by_researcher,0.2497,3.274167178289929,-3.024467178289929
2023-01-11,M5_absdev_stress_interaction,RQI_DII_v1.0,frozen_confirmed_by_researcher,0.0,3.247572017811706,-3.247572017811706
2023-01-12,M5_absdev_stress_interaction,RQI_DII_v1.0,frozen_confirmed_by_researcher,0.0,3.205690844512901,-3.205690844512901
2023-01-13,M5_absdev_stress_interaction,RQI_DII_v1.0,frozen_confirmed_by_researcher,0.0,3.1654977536355204,-3.1654977536355204
2023-01-14,M5_absdev_stress_interaction,RQI_DII_v1.0,frozen_confirmed_by_researcher,0.3,3.2858999968652256,-2.985899996865226
2023-01-15,M5_absdev_stress_interaction,RQI_DII_v1.0,frozen_confirmed_by_researcher,0.2,3.2142906676348844,-3.014290667634884
2023-01-16,M5_absdev_stress_interaction,RQI_DII_v1.0,frozen_confirmed_by_researcher,0.0,3.1488581220258425,-3.1488581220258425
2023-01-17,M5_absdev_stress_interaction,RQI_DII_v1.0,frozen_confirmed_by_researcher,0.3,3.157086600817479,-2.857086600817479
2023-01-18,M5_absdev_stress_interaction,RQI_DII_v1.0,frozen_confirmed_by_researcher,0.3017,3.2229180632847374,-2.9212180632847375
2023-01-19,M5_absdev_stress_interaction,RQI_DII_v1.0,frozen_confirmed_by_researcher,0.5,3.341922257738986,-2.841922257738986
2023-01-20,M5_absdev_stress_interaction,RQI_DII_v1.0,frozen_confirmed_by_researcher,0.0848,3.364195451517446,-3.279395451517446
2023-01-21,M5_absdev_stress_interaction,RQI_DII_v1.0,frozen_confirmed_by_researcher,4.75,3.304241514867954,1.4457584851320462
2023-01-22,M5_absdev_stress_interaction,RQI_DII_v1.0,frozen_confirmed_by_researcher,0.0,3.247956655586961,-3.247956655586961
2023-01-23,M5_absdev_stress_interaction,RQI_DII_v1.0,frozen_confirmed_by_researcher,0.3322,3.202625575595505,-2.870425575595505
2023-01-24,M5_absdev_stress_interaction,RQI_DII_v1.0,frozen_confirmed_by_researcher,1.0,3.196612395512659,-2.196612395512659
2023-01-25,M5_absdev_stress_interaction,RQI_DII_v1.0,frozen_confirmed_by_researcher,3.8000000000000003,3.2695510467929125,0.5304489532070877
2023-01-26,M5_absdev_stress_interaction,RQI_DII_v1.0,frozen_confirmed_by_researcher,0.0,3.2875215031070866,-3.2875215031070866
2023-01-27,M5_absdev_stress_interaction,RQI_DII_v1.0,frozen_confirmed_by_researcher,0.0,3.3463696559859955,-3.3463696559859955
2023-01-28,M5_absdev_stress_interaction,RQI_DII_v1.0,frozen_confirmed_by_researcher,0.4576,3.4016551967184228,-2.9440551967184225
2023-01-29,M5_absdev_stress_interaction,RQI_DII_v1.0,frozen_confirmed_by_researcher,0.3,3.3841663407966394,-3.0841663407966395
2023-01-30,M5_absdev_stress_interaction,RQI_DII_v1.0,frozen_confirmed_by_researcher,2.0181999999999998,3.409063665638712,-1.390863665638712
2023-01-31,M5_absdev_stress_interaction,RQI_DII_v1.0,frozen_confirmed_by_researcher,0.5545,3.5139314338678105,-2.9594314338678105
2023-02-01,M5_absdev_stress_interaction,RQI_DII_v1.0,frozen_confirmed_by_researcher,2.872,3.584563770336729,-0.7125637703367289
2023-02-02,M5_absdev_stress_interaction,RQI_DII_v1.0,frozen_confirmed_by_researcher,0.0,3.5790875998766865,-3.5790875998766865
2023-02-03,M5_absdev_stress_interaction,RQI_DII_v1.0,frozen_confirmed_by_researcher,0.1,3.5566197905224612,-3.456619790522461
2023-02-04,M5_absdev_stress_interaction,RQI_DII_v1.0,frozen_confirmed_by_researcher,0.0,3.6749992605537614,-3.6749992605537614
2023-02-05,M5_absdev_stress_interaction,RQI_DII_v1.0,frozen_confirmed_by_researcher,0.2,3.674170825319777,-3.474170825319777
2023-02-06,M5_absdev_stress_interaction,RQI_DII_v1.0,frozen_confirmed_by_researcher,0.3298,3.6499829523205563,-3.320182952320556
2023-02-07,M5_absdev_stress_interaction,RQI_DII_v1.0,frozen_confirmed_by_researcher,1.0,3.6851203738068534,-2.6851203738068534
2023-02-08,M5_absdev_stress_interaction,RQI_DII_v1.0,frozen_confirmed_by_researcher,0.0,3.726037513306437,-3.726037513306437
2023-02-09,M5_absdev_stress_interaction,RQI_DII_v1.0,frozen_confirmed_by_researcher,1.8347,3.7640714227948706,-1.9293714227948706
2023-02-10,M5_absdev_stress_interaction,RQI_DII_v1.0,frozen_confirmed_by_researcher,0.0,3.7632199855889894,-3.7632199855889894
2023-02-11,M5_absdev_stress_interaction,RQI_DII_v1.0,frozen_confirmed_by_researcher,0.0,3.792081365677973,-3.792081365677973
2023-02-12,M5_absdev_stress_interaction,RQI_DII_v1.0,frozen_confirmed_by_researcher,0.0,3.80449287821142,-3.80449287821142
2023-02-13,M5_absdev_stress_interaction,RQI_DII_v1.0,frozen_confirmed_by_researcher,0.0,3.817362079923271,-3.817362079923271
2023-02-14,M5_absdev_stress_interaction,RQI_DII_v1.0,frozen_confirmed_by_researcher,2.0042,3.8854627416340577,-1.8812627416340577
2023-02-15,M5_absdev_stress_interaction,RQI_DII_v1.0,frozen_confirmed_by_researcher,0.38439999999999996,3.85423196151271,-3.46983196151271
2023-02-16,M5_absdev_stress_interaction,RQI_DII_v1.0,frozen_confirmed_by_researcher,0.7952,3.718188710557115,-2.922988710557115
2023-02-17,M5_absdev_stress_interaction,RQI_DII_v1.0,frozen_confirmed_by_researcher,0.2,3.6594896743735035,-3.4594896743735033
2023-02-18,M5_absdev_stress_interaction,RQI_DII_v1.0,frozen_confirmed_by_researcher,0.1156,3.582648221122895,-3.467048221122895
2023-02-19,M5_absdev_stress_interaction,RQI_DII_v1.0,frozen_confirmed_by_researcher,0.5769,3.586036832664547,-3.009136832664547
2023-02-20,M5_absdev_stress_interaction,RQI_DII_v1.0,frozen_confirmed_by_researcher,0.0,3.564824435946548,-3.564824435946548
2023-02-21,M5_absdev_stress_interaction,RQI_DII_v1.0,frozen_confirmed_by_researcher,0.6,3.5386175465308156,-2.9386175465308155
2023-02-22,M5_absdev_stress_interaction,RQI_DII_v1.0,frozen_confirmed_by_researcher,0.2764,3.487921399303673,-3.211521399303673
2023-02-23,M5_absdev_stress_interaction,RQI_DII_v1.0,frozen_confirmed_by_researcher,1.05,3.4723531281101145,-2.4223531281101147
2023-02-24,M5_absdev_stress_interaction,RQI_DII_v1.0,frozen_confirmed_by_researcher,0.0492,3.4267431733730973,-3.3775431733730974
2023-02-25,M5_absdev_stress_interaction,RQI_DII_v1.0,frozen_confirmed_by_researcher,0.9,3.349453077271903,-2.449453077271903
2023-02-26,M5_absdev_stress_interaction,RQI_DII_v1.0,frozen_confirmed_by_researcher,1.0,3.321374267358749,-2.321374267358749
2023-02-27,M5_absdev_stress_interaction,RQI_DII_v1.0,frozen_confirmed_by_researcher,0.4702,3.301129225381146,-2.830929225381146
2023-02-28,M5_absdev_stress_interaction,RQI_DII_v1.0,frozen_confirmed_by_researcher,0.46780000000000005,3.3020460625003807,-2.8342460625003807
2023-03-01,M5_absdev_stress_interaction,RQI_DII_v1.0,frozen_confirmed_by_researcher,1.3871,3.3307592707999447,-1.9436592707999447
2023-03-02,M5_absdev_stress_interaction,RQI_DII_v1.0,frozen_confirmed_by_researcher,1.0,2.7571463962206053,-1.7571463962206053
2023-03-03,M5_absdev_stress_interaction,RQI_DII_v1.0,frozen_confirmed_by_researcher,0.6813,2.5828712681253023,-1.9015712681253023
2023-03-04,M5_absdev_stress_interaction,RQI_DII_v1.0,frozen_confirmed_by_researcher,2.8174,2.494644184897709,0.32275581510229134
2023-03-05,M5_absdev_stress_interaction,RQI_DII_v1.0,frozen_confirmed_by_researcher,0.0221,2.423973771316014,-2.401873771316014
2023-03-06,M5_absdev_stress_interaction,RQI_DII_v1.0,frozen_confirmed_by_researcher,0.0,2.345228420923263,-2.345228420923263
2023-03-07,M5_absdev_stress_interaction,RQI_DII_v1.0,frozen_confirmed_by_researcher,0.1626,2.391048533157573,-2.228448533157573
2023-03-08,M5_absdev_stress_interaction,RQI_DII_v1.0,frozen_confirmed_by_researcher,0.0483,2.3996038702496207,-2.351303870249621
2023-03-09,M5_absdev_stress_interaction,RQI_DII_v1.0,frozen_confirmed_by_researcher,0.3619,2.3999773008221155,-2.0380773008221156
2023-03-10,M5_absdev_stress_interaction,RQI_DII_v1.0,frozen_confirmed_by_researcher,0.0,63.08461054478386,-63.08461054478386
2023-03-11,M5_absdev_stress_interaction,RQI_DII_v1.0,frozen_confirmed_by_researcher,24.4083,63.342162270445215,-38.93386227044522
2023-03-12,M5_absdev_stress_interaction,RQI_DII_v1.0,frozen_confirmed_by_researcher,389.34999999999997,63.76558015940998,325.58441984059
2023-03-13,M5_absdev_stress_interaction,RQI_DII_v1.0,frozen_confirmed_by_researcher,80.77000000000001,63.81280004436451,16.957199955635502
2023-03-14,M5_absdev_stress_interaction,RQI_DII_v1.0,frozen_confirmed_by_researcher,5.73,64.20963011705226,-58.47963011705225
2023-03-15,M5_absdev_stress_interaction,RQI_DII_v1.0,frozen_confirmed_by_researcher,27.64,64.49517463238476,-36.85517463238476
2023-03-16,M5_absdev_stress_interaction,RQI_DII_v1.0,frozen_confirmed_by_researcher,20.0,64.76648532118173,-44.76648532118173
2023-03-17,M5_absdev_stress_interaction,RQI_DII_v1.0,frozen_confirmed_by_researcher,40.0,64.93997983162961,-24.939979831629614
2023-03-18,M5_absdev_stress_interaction,RQI_DII_v1.0,frozen_confirmed_by_researcher,30.0,65.1640216227292,-35.164021622729194
2023-03-19,M5_absdev_stress_interaction,RQI_DII_v1.0,frozen_confirmed_by_researcher,50.0,65.15774181580696,-15.157741815806958
2023-03-20,M5_absdev_stress_interaction,RQI_DII_v1.0,frozen_confirmed_by_researcher,40.0,65.16011325587914,-25.16011325587914
2023-03-21,M5_absdev_stress_interaction,RQI_DII_v1.0,frozen_confirmed_by_researcher,60.0,4.706586508617079,55.29341349138292
2023-03-22,M5_absdev_stress_interaction,RQI_DII_v1.0,frozen_confirmed_by_researcher,20.0,4.734975644356211,15.265024355643789
2023-03-23,M5_absdev_stress_interaction,RQI_DII_v1.0,frozen_confirmed_by_researcher,40.0,4.878737731622607,35.12126226837739
2023-03-24,M5_absdev_stress_interaction,RQI_DII_v1.0,frozen_confirmed_by_researcher,20.0,4.984799780290018,15.015200219709982
2023-03-25,M5_absdev_stress_interaction,RQI_DII_v1.0,frozen_confirmed_by_researcher,60.0,5.15702294554012,54.84297705445988
2023-03-26,M5_absdev_stress_interaction,RQI_DII_v1.0,frozen_confirmed_by_researcher,60.0,5.153383834197314,54.846616165802686
2023-03-27,M5_absdev_stress_interaction,RQI_DII_v1.0,frozen_confirmed_by_researcher,10.0,5.157211586182257,4.842788413817743
2023-03-28,M5_absdev_stress_interaction,RQI_DII_v1.0,frozen_confirmed_by_researcher,4.470000000000001,5.2965885727726345,-0.8265885727726339
2023-03-29,M5_absdev_stress_interaction,RQI_DII_v1.0,frozen_confirmed_by_researcher,0.0,5.392520488241303,-5.392520488241303
2023-03-30,M5_absdev_stress_interaction,RQI_DII_v1.0,frozen_confirmed_by_researcher,0.2,6.851054485457439,-6.651054485457439
2023-03-31,M5_absdev_stress_interaction,RQI_DII_v1.0,frozen_confirmed_by_researcher,10.0,6.948149217480818,3.051850782519182
2023-04-01,M5_absdev_stress_interaction,RQI_DII_v1.0,frozen_confirmed_by_researcher,10.0,7.05947877602398,2.9405212239760203
2023-04-02,M5_absdev_stress_interaction,RQI_DII_v1.0,frozen_confirmed_by_researcher,0.0,7.068415399907963,-7.068415399907963
2023-04-03,M5_absdev_stress_interaction,RQI_DII_v1.0,frozen_confirmed_by_researcher,0.0,7.051410032736499,-7.051410032736499
2023-04-04,M5_absdev_stress_interaction,RQI_DII_v1.0,frozen_confirmed_by_researcher,1.61,6.983677601664226,-5.373677601664226
2023-04-05,M5_absdev_stress_interaction,RQI_DII_v1.0,frozen_confirmed_by_researcher,10.78,6.991129071433136,3.7888709285668636
2023-04-06,M5_absdev_stress_interaction,RQI_DII_v1.0,frozen_confirmed_by_researcher,0.0,7.009814683488912,-7.009814683488912
2023-04-07,M5_absdev_stress_interaction,RQI_DII_v1.0,frozen_confirmed_by_researcher,5.6499999999999995,6.942623631506365,-1.2926236315063653
2023-04-08,M5_absdev_stress_interaction,RQI_DII_v1.0,frozen_confirmed_by_researcher,10.0,6.967005961955806,3.032994038044194
2023-04-09,M5_absdev_stress_interaction,RQI_DII_v1.0,frozen_confirmed_by_researcher,30.0,6.957182231033187,23.042817768966813
2023-04-10,M5_absdev_stress_interaction,RQI_DII_v1.0,frozen_confirmed_by_researcher,0.0,6.958605197796828,-6.958605197796828
2023-04-11,M5_absdev_stress_interaction,RQI_DII_v1.0,frozen_confirmed_by_researcher,0.0,6.988231294147795,-6.988231294147795
2023-04-12,M5_absdev_stress_interaction,RQI_DII_v1.0,frozen_confirmed_by_researcher,3.89,7.000003507537144,-3.110003507537144
2023-04-13,M5_absdev_stress_interaction,RQI_DII_v1.0,frozen_confirmed_by_researcher,10.0,7.091435896465612,2.9085641035343883
2023-04-14,M5_absdev_stress_interaction,RQI_DII_v1.0,frozen_confirmed_by_researcher,10.0,7.133744611571785,2.8662553884282147
2023-04-15,M5_absdev_stress_interaction,RQI_DII_v1.0,frozen_confirmed_by_researcher,0.0,7.158316368874864,-7.158316368874864
2023-04-16,M5_absdev_stress_interaction,RQI_DII_v1.0,frozen_confirmed_by_researcher,8.5,7.154303872432649,1.3456961275673507
2023-04-17,M5_absdev_stress_interaction,RQI_DII_v1.0,frozen_confirmed_by_researcher,10.0,7.149208329793112,2.8507916702068883
2023-04-18,M5_absdev_stress_interaction,RQI_DII_v1.0,frozen_confirmed_by_researcher,0.49,7.199154155911685,-6.709154155911685
2023-04-19,M5_absdev_stress_interaction,RQI_DII_v1.0,frozen_confirmed_by_researcher,9.72,7.285987307536004,2.4340126924639964
2023-04-20,M5_absdev_stress_interaction,RQI_DII_v1.0,frozen_confirmed_by_researcher,5.21,7.3658046394853045,-2.1558046394853045
2023-04-21,M5_absdev_stress_interaction,RQI_DII_v1.0,frozen_confirmed_by_researcher,0.0,7.425571211922829,-7.425571211922829
2023-04-22,M5_absdev_stress_interaction,RQI_DII_v1.0,frozen_confirmed_by_researcher,0.42,7.500531532265882,-7.080531532265882
2023-04-23,M5_absdev_stress_interaction,RQI_DII_v1.0,frozen_confirmed_by_researcher,0.0,7.491786586174101,-7.491786586174101
2023-04-24,M5_absdev_stress_interaction,RQI_DII_v1.0,frozen_confirmed_by_researcher,0.0,7.4695814797413504,-7.4695814797413504
2023-04-25,M5_absdev_stress_interaction,RQI_DII_v1.0,frozen_confirmed_by_researcher,17.080000000000002,7.494907441058842,9.58509255894116
2023-04-26,M5_absdev_stress_interaction,RQI_DII_v1.0,frozen_confirmed_by_researcher,11.96,7.484334540400482,4.475665459599519
2023-04-27,M5_absdev_stress_interaction,RQI_DII_v1.0,frozen_confirmed_by_researcher,51.86,7.462265986772081,44.39773401322792
2023-04-28,M5_absdev_stress_interaction,RQI_DII_v1.0,frozen_confirmed_by_researcher,20.0,5.371671898099919,14.628328101900081
2023-04-29,M5_absdev_stress_interaction,RQI_DII_v1.0,frozen_confirmed_by_researcher,0.0,5.354149457369829,-5.354149457369829
2023-04-30,M5_absdev_stress_interaction,RQI_DII_v1.0,frozen_confirmed_by_researcher,0.0,5.3417403283713725,-5.3417403283713725
2023-05-01,M5_absdev_stress_interaction,RQI_DII_v1.0,frozen_confirmed_by_researcher,2.77,5.335621595495979,-2.5656215954959793
2023-05-02,M5_absdev_stress_interaction,RQI_DII_v1.0,frozen_confirmed_by_researcher,13.95,5.376903199546348,8.573096800453651
2023-05-03,M5_absdev_stress_interaction,RQI_DII_v1.0,frozen_confirmed_by_researcher,10.0,5.430130603245232,4.569869396754768
2023-05-04,M5_absdev_stress_interaction,RQI_DII_v1.0,frozen_confirmed_by_researcher,7.8100000000000005,5.436375665437652,2.373624334562349
2023-05-05,M5_absdev_stress_interaction,RQI_DII_v1.0,frozen_confirmed_by_researcher,8.6,5.459148567274781,3.140851432725219
2023-05-06,M5_absdev_stress_interaction,RQI_DII_v1.0,frozen_confirmed_by_researcher,10.0,5.346464651720908,4.653535348279092
2023-05-07,M5_absdev_stress_interaction,RQI_DII_v1.0,frozen_confirmed_by_researcher,12.54,5.337972817565344,7.202027182434655
2023-05-08,M5_absdev_stress_interaction,RQI_DII_v1.0,frozen_confirmed_by_researcher,12.85,5.331839293373662,7.518160706626338
2023-05-09,M5_absdev_stress_interaction,RQI_DII_v1.0,frozen_confirmed_by_researcher,0.86,5.391559489292831,-4.531559489292831
2023-05-10,M5_absdev_stress_interaction,RQI_DII_v1.0,frozen_confirmed_by_researcher,30.0,5.422903829101244,24.577096170898756
2023-05-11,M5_absdev_stress_interaction,RQI_DII_v1.0,frozen_confirmed_by_researcher,12.83,5.421165950489296,7.408834049510704
2023-05-12,M5_absdev_stress_interaction,RQI_DII_v1.0,frozen_confirmed_by_researcher,10.0,5.481836370175188,4.518163629824812
2023-05-13,M5_absdev_stress_interaction,RQI_DII_v1.0,frozen_confirmed_by_researcher,0.0,5.455499654625385,-5.455499654625385
2023-05-14,M5_absdev_stress_interaction,RQI_DII_v1.0,frozen_confirmed_by_researcher,10.0,5.445166516185225,4.554833483814775
2023-05-15,M5_absdev_stress_interaction,RQI_DII_v1.0,frozen_confirmed_by_researcher,20.0,5.452086307709635,14.547913692290365
2023-05-16,M5_absdev_stress_interaction,RQI_DII_v1.0,frozen_confirmed_by_researcher,30.0,5.500871817804921,24.49912818219508
2023-05-17,M5_absdev_stress_interaction,RQI_DII_v1.0,frozen_confirmed_by_researcher,0.87,5.532750263223875,-4.662750263223875
2023-05-18,M5_absdev_stress_interaction,RQI_DII_v1.0,frozen_confirmed_by_researcher,5.93,5.587254680032856,0.3427453199671433
2023-05-19,M5_absdev_stress_interaction,RQI_DII_v1.0,frozen_confirmed_by_researcher,0.38,5.5314133641255125,-5.151413364125513
2023-05-20,M5_absdev_stress_interaction,RQI_DII_v1.0,frozen_confirmed_by_researcher,2.2,5.55812280768248,-3.35812280768248
2023-05-21,M5_absdev_stress_interaction,RQI_DII_v1.0,frozen_confirmed_by_researcher,10.0,5.550532174987666,4.449467825012334
2023-05-22,M5_absdev_stress_interaction,RQI_DII_v1.0,frozen_confirmed_by_researcher,1.72,5.546606035428454,-3.826606035428454
2023-05-23,M5_absdev_stress_interaction,RQI_DII_v1.0,frozen_confirmed_by_researcher,0.0,5.584472243645223,-5.584472243645223
2023-05-24,M5_absdev_stress_interaction,RQI_DII_v1.0,frozen_confirmed_by_researcher,0.0,5.631599095247395,-5.631599095247395
2023-05-25,M5_absdev_stress_interaction,RQI_DII_v1.0,frozen_confirmed_by_researcher,5.6899999999999995,5.711277554703315,-0.021277554703315715
2023-05-26,M5_absdev_stress_interaction,RQI_DII_v1.0,frozen_confirmed_by_researcher,10.0,5.731168416775688,4.268831583224312
2023-05-27,M5_absdev_stress_interaction,RQI_DII_v1.0,frozen_confirmed_by_researcher,8.05,5.714317310363299,2.335682689636702
2023-05-28,M5_absdev_stress_interaction,RQI_DII_v1.0,frozen_confirmed_by_researcher,10.0,5.7156079215110935,4.2843920784889065
2023-05-29,M5_absdev_stress_interaction,RQI_DII_v1.0,frozen_confirmed_by_researcher,5.37,5.716533310162788,-0.3465333101627879
2023-06-30,M5_absdev_stress_interaction,RQI_DII_v1.0,frozen_confirmed_by_researcher,4.51,3.259218304412059,1.250781695587941
2023-07-01,M5_absdev_stress_interaction,RQI_DII_v1.0,frozen_confirmed_by_researcher,10.0,3.501738375567129,6.498261624432871
2023-07-02,M5_absdev_stress_interaction,RQI_DII_v1.0,frozen_confirmed_by_researcher,1.5899999999999999,3.485577530930584,-1.8955775309305842
2023-07-03,M5_absdev_stress_interaction,RQI_DII_v1.0,frozen_confirmed_by_researcher,10.0,3.4757904600484153,6.524209539951585
2023-07-04,M5_absdev_stress_interaction,RQI_DII_v1.0,frozen_confirmed_by_researcher,4.970000000000001,3.3485878617895537,1.621412138210447
2023-07-05,M5_absdev_stress_interaction,RQI_DII_v1.0,frozen_confirmed_by_researcher,10.0,3.3278028545393,6.6721971454607
2023-07-06,M5_absdev_stress_interaction,RQI_DII_v1.0,frozen_confirmed_by_researcher,0.0,3.3423989449561873,-3.3423989449561873
2023-07-07,M5_absdev_stress_interaction,RQI_DII_v1.0,frozen_confirmed_by_researcher,9.200000000000001,3.395389695300537,5.804610304699464
2023-07-08,M5_absdev_stress_interaction,RQI_DII_v1.0,frozen_confirmed_by_researcher,2.7,3.4126906215727217,-0.7126906215727216
2023-07-09,M5_absdev_stress_interaction,RQI_DII_v1.0,frozen_confirmed_by_researcher,2.76,3.405627466924102,-0.6456274669241022
2023-07-10,M5_absdev_stress_interaction,RQI_DII_v1.0,frozen_confirmed_by_researcher,7.28,3.3958436064016837,3.8841563935983165
2023-07-11,M5_absdev_stress_interaction,RQI_DII_v1.0,frozen_confirmed_by_researcher,1.1400000000000001,3.433822003285684,-2.2938220032856838
2023-07-12,M5_absdev_stress_interaction,RQI_DII_v1.0,frozen_confirmed_by_researcher,9.99,3.4467705843943577,6.5432294156056425
2023-07-13,M5_absdev_stress_interaction,RQI_DII_v1.0,frozen_confirmed_by_researcher,1.96,3.4698357630354053,-1.5098357630354053
2023-07-14,M5_absdev_stress_interaction,RQI_DII_v1.0,frozen_confirmed_by_researcher,0.0,3.3905017968215247,-3.3905017968215247
2023-07-15,M5_absdev_stress_interaction,RQI_DII_v1.0,frozen_confirmed_by_researcher,0.35,3.44243972551277,-3.09243972551277
2023-07-16,M5_absdev_stress_interaction,RQI_DII_v1.0,frozen_confirmed_by_researcher,0.5,3.4308276204937442,-2.9308276204937442
2023-07-17,M5_absdev_stress_interaction,RQI_DII_v1.0,frozen_confirmed_by_researcher,9.9,3.4141176300507254,6.485882369949275
2023-07-18,M5_absdev_stress_interaction,RQI_DII_v1.0,frozen_confirmed_by_researcher,0.0,3.5052826905736083,-3.5052826905736083
2023-07-19,M5_absdev_stress_interaction,RQI_DII_v1.0,frozen_confirmed_by_researcher,10.0,3.5275838739624987,6.472416126037501
2023-07-20,M5_absdev_stress_interaction,RQI_DII_v1.0,frozen_confirmed_by_researcher,0.8500000000000001,3.5685559416274373,-2.718555941627437
2023-07-21,M5_absdev_stress_interaction,RQI_DII_v1.0,frozen_confirmed_by_researcher,0.0,3.582266220785641,-3.582266220785641
2023-07-22,M5_absdev_stress_interaction,RQI_DII_v1.0,frozen_confirmed_by_researcher,1.5899999999999999,3.5954984964313894,-2.0054984964313896
2023-07-23,M5_absdev_stress_interaction,RQI_DII_v1.0,frozen_confirmed_by_researcher,0.0,3.590816660133896,-3.590816660133896
2023-07-24,M5_absdev_stress_interaction,RQI_DII_v1.0,frozen_confirmed_by_researcher,0.72,3.586203671849546,-2.8662036718495463
2023-07-25,M5_absdev_stress_interaction,RQI_DII_v1.0,frozen_confirmed_by_researcher,0.0,3.631762496135991,-3.631762496135991
2023-07-26,M5_absdev_stress_interaction,RQI_DII_v1.0,frozen_confirmed_by_researcher,0.0,3.6573769387040898,-3.6573769387040898
2023-07-27,M5_absdev_stress_interaction,RQI_DII_v1.0,frozen_confirmed_by_researcher,0.0,3.6887428498534405,-3.6887428498534405
2023-07-28,M5_absdev_stress_interaction,RQI_DII_v1.0,frozen_confirmed_by_researcher,0.0,6.9585109393977405,-6.9585109393977405
2023-07-29,M5_absdev_stress_interaction,RQI_DII_v1.0,frozen_confirmed_by_researcher,0.0,6.962987814922769,-6.962987814922769
2023-07-30,M5_absdev_stress_interaction,RQI_DII_v1.0,frozen_confirmed_by_researcher,4.21,6.938052785362856,-2.7280527853628564
2023-07-31,M5_absdev_stress_interaction,RQI_DII_v1.0,frozen_confirmed_by_researcher,0.0,6.930939152611813,-6.930939152611813
2023-08-01,M5_absdev_stress_interaction,RQI_DII_v1.0,frozen_confirmed_by_researcher,0.0,6.952301818147191,-6.952301818147191
2023-08-02,M5_absdev_stress_interaction,RQI_DII_v1.0,frozen_confirmed_by_researcher,10.0,7.036277086090649,2.9637229139093506
2023-08-03,M5_absdev_stress_interaction,RQI_DII_v1.0,frozen_confirmed_by_researcher,10.0,7.0840736248210305,2.9159263751789695
2023-08-04,M5_absdev_stress_interaction,RQI_DII_v1.0,frozen_confirmed_by_researcher,0.0,7.120993901781617,-7.120993901781617
2023-08-05,M5_absdev_stress_interaction,RQI_DII_v1.0,frozen_confirmed_by_researcher,0.8200000000000001,7.146896347622317,-6.326896347622316
2023-08-06,M5_absdev_stress_interaction,RQI_DII_v1.0,frozen_confirmed_by_researcher,4.43,7.140122264273259,-2.7101222642732594
2023-08-07,M5_absdev_stress_interaction,RQI_DII_v1.0,frozen_confirmed_by_researcher,4.8,7.132940660340182,-2.3329406603401823
2023-08-08,M5_absdev_stress_interaction,RQI_DII_v1.0,frozen_confirmed_by_researcher,2.1,7.068914480824333,-4.968914480824333
2023-08-09,M5_absdev_stress_interaction,RQI_DII_v1.0,frozen_confirmed_by_researcher,0.0,6.996194106171913,-6.996194106171913
2023-08-10,M5_absdev_stress_interaction,RQI_DII_v1.0,frozen_confirmed_by_researcher,0.0,6.993408260476087,-6.993408260476087
2023-08-11,M5_absdev_stress_interaction,RQI_DII_v1.0,frozen_confirmed_by_researcher,3.19,7.043749718028209,-3.8537497180282094
2023-08-12,M5_absdev_stress_interaction,RQI_DII_v1.0,frozen_confirmed_by_researcher,0.0,7.050833296247276,-7.050833296247276
2023-08-13,M5_absdev_stress_interaction,RQI_DII_v1.0,frozen_confirmed_by_researcher,0.32,7.024409936980248,-6.704409936980248
2023-08-14,M5_absdev_stress_interaction,RQI_DII_v1.0,frozen_confirmed_by_researcher,10.0,7.003380964169878,2.996619035830122
2023-08-15,M5_absdev_stress_interaction,RQI_DII_v1.0,frozen_confirmed_by_researcher,2.02,7.081292840693379,-5.06129284069338
2023-08-16,M5_absdev_stress_interaction,RQI_DII_v1.0,frozen_confirmed_by_researcher,3.86,7.055112516366876,-3.195112516366876
2023-08-17,M5_absdev_stress_interaction,RQI_DII_v1.0,frozen_confirmed_by_researcher,14.66,7.030081855783465,7.629918144216536
2023-08-18,M5_absdev_stress_interaction,RQI_DII_v1.0,frozen_confirmed_by_researcher,2.4499999999999997,7.000588824156637,-4.5505888241566375
2023-08-19,M5_absdev_stress_interaction,RQI_DII_v1.0,frozen_confirmed_by_researcher,10.319999999999999,7.143449136360175,3.1765508636398234
2023-08-20,M5_absdev_stress_interaction,RQI_DII_v1.0,frozen_confirmed_by_researcher,10.0,7.050815049113396,2.949184950886604
2023-08-21,M5_absdev_stress_interaction,RQI_DII_v1.0,frozen_confirmed_by_researcher,10.0,7.040909145846001,2.959090854153999
2023-08-22,M5_absdev_stress_interaction,RQI_DII_v1.0,frozen_confirmed_by_researcher,0.0,7.03426692285467,-7.03426692285467
2023-08-23,M5_absdev_stress_interaction,RQI_DII_v1.0,frozen_confirmed_by_researcher,6.06,7.051043652040448,-0.9910436520404486
2023-08-24,M5_absdev_stress_interaction,RQI_DII_v1.0,frozen_confirmed_by_researcher,10.0,7.0031641397656585,2.9968358602343415
2023-08-25,M5_absdev_stress_interaction,RQI_DII_v1.0,frozen_confirmed_by_researcher,5.02,7.045792818438429,-2.025792818438429
2023-08-26,M5_absdev_stress_interaction,RQI_DII_v1.0,frozen_confirmed_by_researcher,0.0,7.0078029946157585,-7.0078029946157585
2023-08-27,M5_absdev_stress_interaction,RQI_DII_v1.0,frozen_confirmed_by_researcher,3.9800000000000004,6.976148535202128,-2.9961485352021278
2023-08-28,M5_absdev_stress_interaction,RQI_DII_v1.0,frozen_confirmed_by_researcher,2.41,6.942140298663958,-4.532140298663958
2023-08-29,M5_absdev_stress_interaction,RQI_DII_v1.0,frozen_confirmed_by_researcher,0.0,6.940454503170372,-6.940454503170372
2023-08-30,M5_absdev_stress_interaction,RQI_DII_v1.0,frozen_confirmed_by_researcher,11.02,7.112047991933366,3.9079520080666335
2023-08-31,M5_absdev_stress_interaction,RQI_DII_v1.0,frozen_confirmed_by_researcher,1.49,7.122968372285868,-5.632968372285868
2023-09-01,M5_absdev_stress_interaction,RQI_DII_v1.0,frozen_confirmed_by_researcher,6.69,7.0759398593007745,-0.3859398593007741
2023-09-02,M5_absdev_stress_interaction,RQI_DII_v1.0,frozen_confirmed_by_researcher,10.0,7.093820323311945,2.9061796766880548
2023-09-03,M5_absdev_stress_interaction,RQI_DII_v1.0,frozen_confirmed_by_researcher,0.0,7.0801620170174715,-7.0801620170174715
2023-09-04,M5_absdev_stress_interaction,RQI_DII_v1.0,frozen_confirmed_by_researcher,0.0,7.05178207629649,-7.05178207629649
2023-09-05,M5_absdev_stress_interaction,RQI_DII_v1.0,frozen_confirmed_by_researcher,6.840000000000001,7.114010933376278,-0.27401093337627724
2023-09-06,M5_absdev_stress_interaction,RQI_DII_v1.0,frozen_confirmed_by_researcher,1.95,7.180248829995946,-5.230248829995946
2023-09-07,M5_absdev_stress_interaction,RQI_DII_v1.0,frozen_confirmed_by_researcher,0.0,7.180047894411302,-7.180047894411302
2023-09-08,M5_absdev_stress_interaction,RQI_DII_v1.0,frozen_confirmed_by_researcher,10.0,7.245045214875802,2.7549547851241982
2023-09-09,M5_absdev_stress_interaction,RQI_DII_v1.0,frozen_confirmed_by_researcher,0.16,7.177958187422632,-7.017958187422632
2023-09-10,M5_absdev_stress_interaction,RQI_DII_v1.0,frozen_confirmed_by_researcher,0.0,7.156448222443487,-7.156448222443487
2023-09-11,M5_absdev_stress_interaction,RQI_DII_v1.0,frozen_confirmed_by_researcher,0.0,7.121521380941147,-7.121521380941147
2023-09-12,M5_absdev_stress_interaction,RQI_DII_v1.0,frozen_confirmed_by_researcher,3.1100000000000003,7.144961665371284,-4.034961665371283
2023-09-13,M5_absdev_stress_interaction,RQI_DII_v1.0,frozen_confirmed_by_researcher,10.0,7.0901639915531405,2.9098360084468595
2023-09-14,M5_absdev_stress_interaction,RQI_DII_v1.0,frozen_confirmed_by_researcher,1.9900000000000002,7.06451972594175,-5.07451972594175
2023-09-15,M5_absdev_stress_interaction,RQI_DII_v1.0,frozen_confirmed_by_researcher,0.78,7.076619067288334,-6.296619067288334
2023-09-16,M5_absdev_stress_interaction,RQI_DII_v1.0,frozen_confirmed_by_researcher,8.940000000000001,7.095203264254735,1.8447967357452661
2023-09-17,M5_absdev_stress_interaction,RQI_DII_v1.0,frozen_confirmed_by_researcher,1.81,7.06258719523305,-5.252587195233049
2023-09-18,M5_absdev_stress_interaction,RQI_DII_v1.0,frozen_confirmed_by_researcher,8.0,7.052887972946621,0.9471120270533788
2023-09-19,M5_absdev_stress_interaction,RQI_DII_v1.0,frozen_confirmed_by_researcher,7.87,7.061679989243828,0.8083200107561721
2023-09-20,M5_absdev_stress_interaction,RQI_DII_v1.0,frozen_confirmed_by_researcher,0.0,7.087202125672945,-7.087202125672945
2023-09-21,M5_absdev_stress_interaction,RQI_DII_v1.0,frozen_confirmed_by_researcher,2.8699999999999997,7.116261187991313,-4.246261187991314
2023-09-22,M5_absdev_stress_interaction,RQI_DII_v1.0,frozen_confirmed_by_researcher,8.620000000000001,7.188334345664941,1.4316656543350597
2023-09-23,M5_absdev_stress_interaction,RQI_DII_v1.0,frozen_confirmed_by_researcher,0.0,7.201763665007775,-7.201763665007775
2023-09-24,M5_absdev_stress_interaction,RQI_DII_v1.0,frozen_confirmed_by_researcher,3.73,7.187534777739415,-3.4575347777394154
2023-09-25,M5_absdev_stress_interaction,RQI_DII_v1.0,frozen_confirmed_by_researcher,10.0,7.177101711325065,2.822898288674935
2023-09-26,M5_absdev_stress_interaction,RQI_DII_v1.0,frozen_confirmed_by_researcher,10.0,7.252364009063342,2.747635990936658
2023-09-27,M5_absdev_stress_interaction,RQI_DII_v1.0,frozen_confirmed_by_researcher,0.0,7.253928349842511,-7.253928349842511
2023-09-28,M5_absdev_stress_interaction,RQI_DII_v1.0,frozen_confirmed_by_researcher,10.0,7.306978756869057,2.693021243130943
2023-09-29,M5_absdev_stress_interaction,RQI_DII_v1.0,frozen_confirmed_by_researcher,10.0,7.533115785366306,2.4668842146336942
2023-09-30,M5_absdev_stress_interaction,RQI_DII_v1.0,frozen_confirmed_by_researcher,1.07,7.704465984768774,-6.634465984768774
2023-10-01,M5_absdev_stress_interaction,RQI_DII_v1.0,frozen_confirmed_by_researcher,1.2,7.669897888363494,-6.469897888363493
2023-10-02,M5_absdev_stress_interaction,RQI_DII_v1.0,frozen_confirmed_by_researcher,0.0,7.6506105429230615,-7.6506105429230615
2023-10-03,M5_absdev_stress_interaction,RQI_DII_v1.0,frozen_confirmed_by_researcher,0.0,7.578721989497069,-7.578721989497069
2023-10-04,M5_absdev_stress_interaction,RQI_DII_v1.0,frozen_confirmed_by_researcher,0.01,7.6371179819739154,-7.627117981973916
2023-10-05,M5_absdev_stress_interaction,RQI_DII_v1.0,frozen_confirmed_by_researcher,8.17,7.665915766173953,0.5040842338260472
2023-10-06,M5_absdev_stress_interaction,RQI_DII_v1.0,frozen_confirmed_by_researcher,10.0,7.663121997776727,2.3368780022232727
2023-10-07,M5_absdev_stress_interaction,RQI_DII_v1.0,frozen_confirmed_by_researcher,10.0,7.527734314924544,2.472265685075456
2023-10-08,M5_absdev_stress_interaction,RQI_DII_v1.0,frozen_confirmed_by_researcher,0.0,7.506787930719668,-7.506787930719668
2023-10-09,M5_absdev_stress_interaction,RQI_DII_v1.0,frozen_confirmed_by_researcher,10.169999999999998,7.491922718876822,2.6780772811231763
2023-10-10,M5_absdev_stress_interaction,RQI_DII_v1.0,frozen_confirmed_by_researcher,10.0,7.498783607737209,2.5012163922627906
2023-10-11,M5_absdev_stress_interaction,RQI_DII_v1.0,frozen_confirmed_by_researcher,0.66,7.546680844736159,-6.8866808447361585
2023-10-12,M5_absdev_stress_interaction,RQI_DII_v1.0,frozen_confirmed_by_researcher,1.61,7.616478472139761,-6.006478472139761
2023-10-13,M5_absdev_stress_interaction,RQI_DII_v1.0,frozen_confirmed_by_researcher,0.0,7.659989106100795,-7.659989106100795
2023-10-14,M5_absdev_stress_interaction,RQI_DII_v1.0,frozen_confirmed_by_researcher,2.15,7.668356849599206,-5.518356849599206
2023-10-15,M5_absdev_stress_interaction,RQI_DII_v1.0,frozen_confirmed_by_researcher,0.47,7.645244136966028,-7.175244136966028
2023-10-16,M5_absdev_stress_interaction,RQI_DII_v1.0,frozen_confirmed_by_researcher,0.35,7.606121893562204,-7.256121893562204
2023-10-17,M5_absdev_stress_interaction,RQI_DII_v1.0,frozen_confirmed_by_researcher,0.0,7.564605044071811,-7.564605044071811
2023-10-18,M5_absdev_stress_interaction,RQI_DII_v1.0,frozen_confirmed_by_researcher,4.79,7.543919795346994,-2.7539197953469943
2023-10-19,M5_absdev_stress_interaction,RQI_DII_v1.0,frozen_confirmed_by_researcher,0.0,7.539234421670642,-7.539234421670642
2023-10-20,M5_absdev_stress_interaction,RQI_DII_v1.0,frozen_confirmed_by_researcher,1.04,7.481904750729882,-6.441904750729882
2023-10-21,M5_absdev_stress_interaction,RQI_DII_v1.0,frozen_confirmed_by_researcher,1.7899999999999998,7.451348233103772,-5.661348233103772
2023-10-22,M5_absdev_stress_interaction,RQI_DII_v1.0,frozen_confirmed_by_researcher,1.13,7.432971563766955,-6.302971563766955
2023-10-23,M5_absdev_stress_interaction,RQI_DII_v1.0,frozen_confirmed_by_researcher,11.6,7.429921918804439,4.170078081195561
2023-10-24,M5_absdev_stress_interaction,RQI_DII_v1.0,frozen_confirmed_by_researcher,20.0,7.464318323184273,12.535681676815727
2023-10-25,M5_absdev_stress_interaction,RQI_DII_v1.0,frozen_confirmed_by_researcher,10.0,7.64513349446122,2.35486650553878
2023-10-26,M5_absdev_stress_interaction,RQI_DII_v1.0,frozen_confirmed_by_researcher,10.0,7.581530017969328,2.418469982030672
2023-10-27,M5_absdev_stress_interaction,RQI_DII_v1.0,frozen_confirmed_by_researcher,10.0,7.588319054356077,2.4116809456439228
2023-10-28,M5_absdev_stress_interaction,RQI_DII_v1.0,frozen_confirmed_by_researcher,0.0,7.648845790138466,-7.648845790138466
2023-10-29,M5_absdev_stress_interaction,RQI_DII_v1.0,frozen_confirmed_by_researcher,0.0,7.625255548774362,-7.625255548774362
2023-10-30,M5_absdev_stress_interaction,RQI_DII_v1.0,frozen_confirmed_by_researcher,0.97,6.2147025571263725,-5.244702557126373
2023-10-31,M5_absdev_stress_interaction,RQI_DII_v1.0,frozen_confirmed_by_researcher,6.579999999999999,6.26120544361396,0.31879455638603904
2023-11-01,M5_absdev_stress_interaction,RQI_DII_v1.0,frozen_confirmed_by_researcher,3.61,6.333638162093621,-2.723638162093621
2023-11-02,M5_absdev_stress_interaction,RQI_DII_v1.0,frozen_confirmed_by_researcher,10.0,6.332768606447303,3.6672313935526972
2023-11-03,M5_absdev_stress_interaction,RQI_DII_v1.0,frozen_confirmed_by_researcher,10.059999999999999,6.466865254322954,3.5931347456770446
2023-11-04,M5_absdev_stress_interaction,RQI_DII_v1.0,frozen_confirmed_by_researcher,1.73,6.4435162403351,-4.7135162403351
2023-11-05,M5_absdev_stress_interaction,RQI_DII_v1.0,frozen_confirmed_by_researcher,0.0,6.3954072921901,-6.3954072921901
2023-11-06,M5_absdev_stress_interaction,RQI_DII_v1.0,frozen_confirmed_by_researcher,0.0,6.377628407586371,-6.377628407586371
2023-11-07,M5_absdev_stress_interaction,RQI_DII_v1.0,frozen_confirmed_by_researcher,0.8500000000000001,6.4599617574265835,-5.609961757426584
2023-11-08,M5_absdev_stress_interaction,RQI_DII_v1.0,frozen_confirmed_by_researcher,5.0600000000000005,6.483919989759727,-1.4239199897597263
2023-11-09,M5_absdev_stress_interaction,RQI_DII_v1.0,frozen_confirmed_by_researcher,0.0,6.54415856906121,-6.54415856906121
2023-11-10,M5_absdev_stress_interaction,RQI_DII_v1.0,frozen_confirmed_by_researcher,5.6499999999999995,6.595188302775341,-0.9451883027753416
2023-11-11,M5_absdev_stress_interaction,RQI_DII_v1.0,frozen_confirmed_by_researcher,0.0,6.5724489170521565,-6.5724489170521565
2023-11-12,M5_absdev_stress_interaction,RQI_DII_v1.0,frozen_confirmed_by_researcher,3.76,6.533854055979418,-2.7738540559794185
2023-11-13,M5_absdev_stress_interaction,RQI_DII_v1.0,frozen_confirmed_by_researcher,22.05,6.506055152833653,15.543944847166348
2023-11-14,M5_absdev_stress_interaction,RQI_DII_v1.0,frozen_confirmed_by_researcher,0.0,6.615841222290328,-6.615841222290328
2023-11-15,M5_absdev_stress_interaction,RQI_DII_v1.0,frozen_confirmed_by_researcher,6.68,6.712264881901206,-0.03226488190120591
2023-11-16,M5_absdev_stress_interaction,RQI_DII_v1.0,frozen_confirmed_by_researcher,6.81,6.576987847615101,0.23301215238489892
2023-11-17,M5_absdev_stress_interaction,RQI_DII_v1.0,frozen_confirmed_by_researcher,10.0,6.537308088847453,3.4626919111525467
2023-11-18,M5_absdev_stress_interaction,RQI_DII_v1.0,frozen_confirmed_by_researcher,3.6900000000000004,6.4065537247716975,-2.716553724771697
2023-11-19,M5_absdev_stress_interaction,RQI_DII_v1.0,frozen_confirmed_by_researcher,0.0,6.392485974166448,-6.392485974166448
2023-11-20,M5_absdev_stress_interaction,RQI_DII_v1.0,frozen_confirmed_by_researcher,4.64,6.363823671644695,-1.7238236716446957
2023-11-21,M5_absdev_stress_interaction,RQI_DII_v1.0,frozen_confirmed_by_researcher,10.0,6.3362352003551905,3.6637647996448095
2023-11-22,M5_absdev_stress_interaction,RQI_DII_v1.0,frozen_confirmed_by_researcher,0.0,6.403108406573267,-6.403108406573267
2023-11-23,M5_absdev_stress_interaction,RQI_DII_v1.0,frozen_confirmed_by_researcher,0.68,6.375809125175181,-5.695809125175181
2023-11-24,M5_absdev_stress_interaction,RQI_DII_v1.0,frozen_confirmed_by_researcher,0.0,6.359633428718382,-6.359633428718382
2023-11-25,M5_absdev_stress_interaction,RQI_DII_v1.0,frozen_confirmed_by_researcher,10.0,6.24269274078938,3.75730725921062
2023-11-26,M5_absdev_stress_interaction,RQI_DII_v1.0,frozen_confirmed_by_researcher,5.57,6.236323659009429,-0.6663236590094286
2023-11-27,M5_absdev_stress_interaction,RQI_DII_v1.0,frozen_confirmed_by_researcher,10.0,6.255465314492767,3.744534685507233
2023-11-28,M5_absdev_stress_interaction,RQI_DII_v1.0,frozen_confirmed_by_researcher,10.0,6.364412359397761,3.635587640602239
2023-11-29,M5_absdev_stress_interaction,RQI_DII_v1.0,frozen_confirmed_by_researcher,8.56,6.270929476894537,2.2890705231054636
2023-11-30,M5_absdev_stress_interaction,RQI_DII_v1.0,frozen_confirmed_by_researcher,10.0,6.309005740284931,3.690994259715069
2023-12-01,M5_absdev_stress_interaction,RQI_DII_v1.0,frozen_confirmed_by_researcher,0.0,6.27891530908488,-6.27891530908488
2023-12-02,M5_absdev_stress_interaction,RQI_DII_v1.0,frozen_confirmed_by_researcher,3.83,6.26731105632706,-2.4373110563270597
2023-12-03,M5_absdev_stress_interaction,RQI_DII_v1.0,frozen_confirmed_by_researcher,10.0,6.267494992474894,3.7325050075251056
2023-12-04,M5_absdev_stress_interaction,RQI_DII_v1.0,frozen_confirmed_by_researcher,0.0,6.271631048948677,-6.271631048948677
2023-12-05,M5_absdev_stress_interaction,RQI_DII_v1.0,frozen_confirmed_by_researcher,0.0,6.32837928106278,-6.32837928106278
2023-12-06,M5_absdev_stress_interaction,RQI_DII_v1.0,frozen_confirmed_by_researcher,18.17,6.363973372673286,11.806026627326716
2023-12-07,M5_absdev_stress_interaction,RQI_DII_v1.0,frozen_confirmed_by_researcher,10.0,6.362531624932501,3.637468375067499
2023-12-08,M5_absdev_stress_interaction,RQI_DII_v1.0,frozen_confirmed_by_researcher,10.0,6.325614314277175,3.674385685722825
2023-12-09,M5_absdev_stress_interaction,RQI_DII_v1.0,frozen_confirmed_by_researcher,6.1499999999999995,6.237870958652422,-0.08787095865242289
2023-12-10,M5_absdev_stress_interaction,RQI_DII_v1.0,frozen_confirmed_by_researcher,0.0,6.208818054688379,-6.208818054688379
2023-12-11,M5_absdev_stress_interaction,RQI_DII_v1.0,frozen_confirmed_by_researcher,2.04,6.201707428733414,-4.161707428733414
2023-12-12,M5_absdev_stress_interaction,RQI_DII_v1.0,frozen_confirmed_by_researcher,20.0,6.3904678252845315,13.609532174715468
2023-12-13,M5_absdev_stress_interaction,RQI_DII_v1.0,frozen_confirmed_by_researcher,13.82,6.436326308462299,7.383673691537702
2023-12-14,M5_absdev_stress_interaction,RQI_DII_v1.0,frozen_confirmed_by_researcher,10.0,6.30756030494058,3.69243969505942
2023-12-15,M5_absdev_stress_interaction,RQI_DII_v1.0,frozen_confirmed_by_researcher,10.0,6.372435482813046,3.627564517186954
2023-12-16,M5_absdev_stress_interaction,RQI_DII_v1.0,frozen_confirmed_by_researcher,15.76,6.312126571113595,9.447873428886405
2023-12-17,M5_absdev_stress_interaction,RQI_DII_v1.0,frozen_confirmed_by_researcher,1.5899999999999999,6.299720137931217,-4.7097201379312175
2023-12-18,M5_absdev_stress_interaction,RQI_DII_v1.0,frozen_confirmed_by_researcher,20.0,6.315176877223564,13.684823122776436
2023-12-19,M5_absdev_stress_interaction,RQI_DII_v1.0,frozen_confirmed_by_researcher,2.1599999999999997,6.233895199199367,-4.073895199199367
2023-12-20,M5_absdev_stress_interaction,RQI_DII_v1.0,frozen_confirmed_by_researcher,10.0,6.112065882556919,3.8879341174430806
2023-12-21,M5_absdev_stress_interaction,RQI_DII_v1.0,frozen_confirmed_by_researcher,0.0,6.038101582144179,-6.038101582144179
2023-12-22,M5_absdev_stress_interaction,RQI_DII_v1.0,frozen_confirmed_by_researcher,10.0,8.813410205966363,1.1865897940336367
2023-12-23,M5_absdev_stress_interaction,RQI_DII_v1.0,frozen_confirmed_by_researcher,0.0,8.676011101759855,-8.676011101759855
2023-12-24,M5_absdev_stress_interaction,RQI_DII_v1.0,frozen_confirmed_by_researcher,10.0,8.660228194719366,1.339771805280634
2023-12-25,M5_absdev_stress_interaction,RQI_DII_v1.0,frozen_confirmed_by_researcher,13.450000000000001,8.640306605640433,4.809693394359568
2023-12-26,M5_absdev_stress_interaction,RQI_DII_v1.0,frozen_confirmed_by_researcher,11.09,8.656779795118098,2.433220204881902
2023-12-27,M5_absdev_stress_interaction,RQI_DII_v1.0,frozen_confirmed_by_researcher,0.0,8.810431854559056,-8.810431854559056
2023-12-28,M5_absdev_stress_interaction,RQI_DII_v1.0,frozen_confirmed_by_researcher,20.0,8.725873215324953,11.274126784675047
2023-12-29,M5_absdev_stress_interaction,RQI_DII_v1.0,frozen_confirmed_by_researcher,10.0,8.742201658199463,1.2577983418005374
2023-12-30,M5_absdev_stress_interaction,RQI_DII_v1.0,frozen_confirmed_by_researcher,0.0,8.763481523176438,-8.763481523176438
2023-12-31,M5_absdev_stress_interaction,RQI_DII_v1.0,frozen_confirmed_by_researcher,4.53,8.797385923368893,-4.267385923368892
2024-01-01,M5_absdev_stress_interaction,RQI_DII_v1.0,frozen_confirmed_by_researcher,0.0,8.868084304560341,-8.868084304560341
2024-01-02,M5_absdev_stress_interaction,RQI_DII_v1.0,frozen_confirmed_by_researcher,30.0,8.818119695410246,21.181880304589754
2024-01-03,M5_absdev_stress_interaction,RQI_DII_v1.0,frozen_confirmed_by_researcher,5.13,8.730968298060986,-3.6009682980609865
2024-01-04,M5_absdev_stress_interaction,RQI_DII_v1.0,frozen_confirmed_by_researcher,23.57,8.650266119535274,14.919733880464726
2024-01-05,M5_absdev_stress_interaction,RQI_DII_v1.0,frozen_confirmed_by_researcher,0.0,8.601505860266798,-8.601505860266798
2024-01-06,M5_absdev_stress_interaction,RQI_DII_v1.0,frozen_confirmed_by_researcher,18.39,8.48151507541661,9.90848492458339
2024-01-07,M5_absdev_stress_interaction,RQI_DII_v1.0,frozen_confirmed_by_researcher,4.319999999999999,8.46285270666516,-4.142852706665161
2024-01-08,M5_absdev_stress_interaction,RQI_DII_v1.0,frozen_confirmed_by_researcher,0.0,8.455376445644276,-8.455376445644276
2024-01-09,M5_absdev_stress_interaction,RQI_DII_v1.0,frozen_confirmed_by_researcher,25.98,8.47658217826438,17.50341782173562
2024-01-10,M5_absdev_stress_interaction,RQI_DII_v1.0,frozen_confirmed_by_researcher,30.41,8.543313819468665,21.866686180531335
2024-01-11,M5_absdev_stress_interaction,RQI_DII_v1.0,frozen_confirmed_by_researcher,0.0,8.534386852094258,-8.534386852094258
2024-01-12,M5_absdev_stress_interaction,RQI_DII_v1.0,frozen_confirmed_by_researcher,3.89,8.52240034125498,-4.632400341254979
2024-01-13,M5_absdev_stress_interaction,RQI_DII_v1.0,frozen_confirmed_by_researcher,13.3,8.47825514164731,4.821744858352691
2024-01-14,M5_absdev_stress_interaction,RQI_DII_v1.0,frozen_confirmed_by_researcher,16.66,8.428266171120356,8.231733828879644
2024-01-15,M5_absdev_stress_interaction,RQI_DII_v1.0,frozen_confirmed_by_researcher,0.91,8.4208502392068,-7.5108502392068
2024-01-16,M5_absdev_stress_interaction,RQI_DII_v1.0,frozen_confirmed_by_researcher,4.8999999999999995,8.41962431442812,-3.5196243144281203
2024-01-17,M5_absdev_stress_interaction,RQI_DII_v1.0,frozen_confirmed_by_researcher,2.18,8.422688697149283,-6.242688697149283
2024-01-18,M5_absdev_stress_interaction,RQI_DII_v1.0,frozen_confirmed_by_researcher,6.12,8.302699805425675,-2.182699805425675
2024-01-19,M5_absdev_stress_interaction,RQI_DII_v1.0,frozen_confirmed_by_researcher,12.43,8.315628954143904,4.114371045856096
2024-01-20,M5_absdev_stress_interaction,RQI_DII_v1.0,frozen_confirmed_by_researcher,10.0,8.34124421539667,1.6587557846033292
2024-01-21,M5_absdev_stress_interaction,RQI_DII_v1.0,frozen_confirmed_by_researcher,4.41,8.267340062183052,-3.8573400621830523
2024-01-22,M5_absdev_stress_interaction,RQI_DII_v1.0,frozen_confirmed_by_researcher,4.25,8.249150970416395,-3.9991509704163946
2024-01-23,M5_absdev_stress_interaction,RQI_DII_v1.0,frozen_confirmed_by_researcher,20.0,8.309943159643751,11.690056840356249
2024-01-24,M5_absdev_stress_interaction,RQI_DII_v1.0,frozen_confirmed_by_researcher,20.0,8.285174748739905,11.714825251260095
2024-01-25,M5_absdev_stress_interaction,RQI_DII_v1.0,frozen_confirmed_by_researcher,2.9,8.22580715839274,-5.32580715839274
2024-01-26,M5_absdev_stress_interaction,RQI_DII_v1.0,frozen_confirmed_by_researcher,0.0,8.14350518167538,-8.14350518167538
2024-01-27,M5_absdev_stress_interaction,RQI_DII_v1.0,frozen_confirmed_by_researcher,4.62,8.103493022295822,-3.4834930222958223
2024-01-28,M5_absdev_stress_interaction,RQI_DII_v1.0,frozen_confirmed_by_researcher,2.4899999999999998,8.069543063926176,-5.579543063926176
2024-01-29,M5_absdev_stress_interaction,RQI_DII_v1.0,frozen_confirmed_by_researcher,14.74,8.05139172234476,6.68860827765524
2024-01-30,M5_absdev_stress_interaction,RQI_DII_v1.0,frozen_confirmed_by_researcher,10.0,7.931777214770477,2.0682227852295227
2024-01-31,M5_absdev_stress_interaction,RQI_DII_v1.0,frozen_confirmed_by_researcher,12.899999999999999,7.816647598052157,5.083352401947842
2024-02-01,M5_absdev_stress_interaction,RQI_DII_v1.0,frozen_confirmed_by_researcher,16.26,7.704429516765572,8.55557048323443
2024-02-02,M5_absdev_stress_interaction,RQI_DII_v1.0,frozen_confirmed_by_researcher,20.0,7.72425826541712,12.27574173458288
2024-02-03,M5_absdev_stress_interaction,RQI_DII_v1.0,frozen_confirmed_by_researcher,0.0,7.663884233896056,-7.663884233896056
2024-02-04,M5_absdev_stress_interaction,RQI_DII_v1.0,frozen_confirmed_by_researcher,1.39,7.6329237993916195,-6.24292379939162
2024-02-05,M5_absdev_stress_interaction,RQI_DII_v1.0,frozen_confirmed_by_researcher,9.86,7.605112302648934,2.254887697351066
2024-02-06,M5_absdev_stress_interaction,RQI_DII_v1.0,frozen_confirmed_by_researcher,2.4699999999999998,7.735194683028624,-5.265194683028624
2024-02-07,M5_absdev_stress_interaction,RQI_DII_v1.0,frozen_confirmed_by_researcher,20.0,7.615662073158887,12.384337926841113
2024-02-08,M5_absdev_stress_interaction,RQI_DII_v1.0,frozen_confirmed_by_researcher,10.0,7.521066631900794,2.478933368099206
2024-02-09,M5_absdev_stress_interaction,RQI_DII_v1.0,frozen_confirmed_by_researcher,1.18,7.425163691588523,-6.245163691588523
2024-02-10,M5_absdev_stress_interaction,RQI_DII_v1.0,frozen_confirmed_by_researcher,6.33,7.334807132009644,-1.0048071320096437
2024-02-11,M5_absdev_stress_interaction,RQI_DII_v1.0,frozen_confirmed_by_researcher,0.0,7.3182718992960645,-7.3182718992960645
2024-02-12,M5_absdev_stress_interaction,RQI_DII_v1.0,frozen_confirmed_by_researcher,10.0,7.320603365474824,2.679396634525176
2024-02-13,M5_absdev_stress_interaction,RQI_DII_v1.0,frozen_confirmed_by_researcher,0.01,7.376364821838706,-7.366364821838706
2024-02-14,M5_absdev_stress_interaction,RQI_DII_v1.0,frozen_confirmed_by_researcher,9.909999999999998,7.343279536333569,2.56672046366643
2024-02-15,M5_absdev_stress_interaction,RQI_DII_v1.0,frozen_confirmed_by_researcher,50.0,7.262032329966985,42.737967670033015
2024-02-16,M5_absdev_stress_interaction,RQI_DII_v1.0,frozen_confirmed_by_researcher,13.89,7.2206864412920595,6.669313558707941
2024-02-17,M5_absdev_stress_interaction,RQI_DII_v1.0,frozen_confirmed_by_researcher,5.5,7.213811941199083,-1.7138119411990829
2024-02-18,M5_absdev_stress_interaction,RQI_DII_v1.0,frozen_confirmed_by_researcher,10.0,7.203854484927319,2.7961455150726806
2024-02-19,M5_absdev_stress_interaction,RQI_DII_v1.0,frozen_confirmed_by_researcher,0.0,7.214282795750876,-7.214282795750876
2024-02-20,M5_absdev_stress_interaction,RQI_DII_v1.0,frozen_confirmed_by_researcher,10.65,7.223152787212655,3.4268472127873455
2024-02-21,M5_absdev_stress_interaction,RQI_DII_v1.0,frozen_confirmed_by_researcher,11.21,7.230630360319481,3.9793696396805203
2024-02-22,M5_absdev_stress_interaction,RQI_DII_v1.0,frozen_confirmed_by_researcher,20.89,7.198481512500848,13.691518487499152
2024-02-23,M5_absdev_stress_interaction,RQI_DII_v1.0,frozen_confirmed_by_researcher,10.0,7.213230848146566,2.7867691518534343
2024-02-24,M5_absdev_stress_interaction,RQI_DII_v1.0,frozen_confirmed_by_researcher,10.0,7.167501445958692,2.832498554041308
2024-02-25,M5_absdev_stress_interaction,RQI_DII_v1.0,frozen_confirmed_by_researcher,7.09,7.138333976471358,-0.0483339764713584
2024-02-26,M5_absdev_stress_interaction,RQI_DII_v1.0,frozen_confirmed_by_researcher,5.04,7.119504485643688,-2.079504485643688
2024-02-27,M5_absdev_stress_interaction,RQI_DII_v1.0,frozen_confirmed_by_researcher,14.879999999999999,7.012340311211915,7.867659688788084
2024-02-28,M5_absdev_stress_interaction,RQI_DII_v1.0,frozen_confirmed_by_researcher,10.0,7.027039876813831,2.9729601231861693
2024-02-29,M5_absdev_stress_interaction,RQI_DII_v1.0,frozen_confirmed_by_researcher,21.67,8.441737506175002,13.228262493825
2024-03-01,M5_absdev_stress_interaction,RQI_DII_v1.0,frozen_confirmed_by_researcher,30.0,8.375904049441544,21.624095950558456
2024-03-02,M5_absdev_stress_interaction,RQI_DII_v1.0,frozen_confirmed_by_researcher,10.0,8.288487082406277,1.7115129175937227
2024-03-03,M5_absdev_stress_interaction,RQI_DII_v1.0,frozen_confirmed_by_researcher,10.319999999999999,8.285597786915787,2.0344022130842117
2024-03-04,M5_absdev_stress_interaction,RQI_DII_v1.0,frozen_confirmed_by_researcher,20.0,8.302047106641908,11.697952893358092
2024-03-05,M5_absdev_stress_interaction,RQI_DII_v1.0,frozen_confirmed_by_researcher,30.490000000000002,8.32165368938388,22.168346310616123
2024-03-06,M5_absdev_stress_interaction,RQI_DII_v1.0,frozen_confirmed_by_researcher,1.1199999999999999,8.345082924979977,-7.225082924979977
2024-03-07,M5_absdev_stress_interaction,RQI_DII_v1.0,frozen_confirmed_by_researcher,34.81,8.22127212161655,26.58872787838345
2024-03-08,M5_absdev_stress_interaction,RQI_DII_v1.0,frozen_confirmed_by_researcher,0.0,8.153058618394766,-8.153058618394766
2024-03-09,M5_absdev_stress_interaction,RQI_DII_v1.0,frozen_confirmed_by_researcher,0.6499999999999999,7.9163170198633,-7.266317019863299
2024-03-10,M5_absdev_stress_interaction,RQI_DII_v1.0,frozen_confirmed_by_researcher,2.7300000000000004,7.89171598065866,-5.161715980658659
2024-03-11,M5_absdev_stress_interaction,RQI_DII_v1.0,frozen_confirmed_by_researcher,19.16,7.83381488584439,11.32618511415561
2024-03-12,M5_absdev_stress_interaction,RQI_DII_v1.0,frozen_confirmed_by_researcher,13.370000000000001,7.677782216128946,5.692217783871055
2024-03-13,M5_absdev_stress_interaction,RQI_DII_v1.0,frozen_confirmed_by_researcher,0.5,7.685140422879158,-7.185140422879158
2024-03-14,M5_absdev_stress_interaction,RQI_DII_v1.0,frozen_confirmed_by_researcher,10.0,7.5603117704305305,2.4396882295694695
2024-03-15,M5_absdev_stress_interaction,RQI_DII_v1.0,frozen_confirmed_by_researcher,30.0,7.632231837479424,22.367768162520576
2024-03-16,M5_absdev_stress_interaction,RQI_DII_v1.0,frozen_confirmed_by_researcher,6.8999999999999995,7.4892486739125275,-0.589248673912528
2024-03-17,M5_absdev_stress_interaction,RQI_DII_v1.0,frozen_confirmed_by_researcher,10.0,7.458458662912335,2.541541337087665
2024-03-18,M5_absdev_stress_interaction,RQI_DII_v1.0,frozen_confirmed_by_researcher,15.31,7.479828310783603,7.830171689216398
2024-03-19,M5_absdev_stress_interaction,RQI_DII_v1.0,frozen_confirmed_by_researcher,14.64,7.346749383398105,7.293250616601895
2024-03-20,M5_absdev_stress_interaction,RQI_DII_v1.0,frozen_confirmed_by_researcher,60.0,7.331232289420711,52.66876771057929
2024-03-21,M5_absdev_stress_interaction,RQI_DII_v1.0,frozen_confirmed_by_researcher,27.16,7.22908494993078,19.93091505006922
2024-03-22,M5_absdev_stress_interaction,RQI_DII_v1.0,frozen_confirmed_by_researcher,2.07,7.067334231218354,-4.997334231218353
2024-03-23,M5_absdev_stress_interaction,RQI_DII_v1.0,frozen_confirmed_by_researcher,1.17,6.98625699820218,-5.81625699820218
2024-03-24,M5_absdev_stress_interaction,RQI_DII_v1.0,frozen_confirmed_by_researcher,10.0,6.96973937799811,3.03026062200189
2024-03-25,M5_absdev_stress_interaction,RQI_DII_v1.0,frozen_confirmed_by_researcher,0.0,6.965613343707503,-6.965613343707503
2024-03-26,M5_absdev_stress_interaction,RQI_DII_v1.0,frozen_confirmed_by_researcher,0.0,6.573674444788708,-6.573674444788708
2024-03-27,M5_absdev_stress_interaction,RQI_DII_v1.0,frozen_confirmed_by_researcher,10.0,6.548023272800208,3.451976727199792
2024-03-28,M5_absdev_stress_interaction,RQI_DII_v1.0,frozen_confirmed_by_researcher,20.0,6.613054812733935,13.386945187266065
2024-03-29,M5_absdev_stress_interaction,RQI_DII_v1.0,frozen_confirmed_by_researcher,5.63,6.471455466469081,-0.841455466469081
2024-03-30,M5_absdev_stress_interaction,RQI_DII_v1.0,frozen_confirmed_by_researcher,9.02,6.441275556933135,2.5787244430668643
2024-03-31,M5_absdev_stress_interaction,RQI_DII_v1.0,frozen_confirmed_by_researcher,20.0,6.43962868977394,13.56037131022606
2024-04-01,M5_absdev_stress_interaction,RQI_DII_v1.0,frozen_confirmed_by_researcher,0.0,6.444231912553676,-6.444231912553676
2024-04-02,M5_absdev_stress_interaction,RQI_DII_v1.0,frozen_confirmed_by_researcher,12.520000000000001,6.363614850041927,6.156385149958075
2024-04-03,M5_absdev_stress_interaction,RQI_DII_v1.0,frozen_confirmed_by_researcher,20.860000000000003,6.292709447740322,14.567290552259681
2024-04-04,M5_absdev_stress_interaction,RQI_DII_v1.0,frozen_confirmed_by_researcher,10.0,6.274084027139793,3.725915972860207
2024-04-05,M5_absdev_stress_interaction,RQI_DII_v1.0,frozen_confirmed_by_researcher,11.2,6.2153565662722485,4.984643433727751
2024-04-06,M5_absdev_stress_interaction,RQI_DII_v1.0,frozen_confirmed_by_researcher,10.0,6.245876693755463,3.754123306244537
2024-04-07,M5_absdev_stress_interaction,RQI_DII_v1.0,frozen_confirmed_by_researcher,7.37,6.229197933595287,1.1408020664047127
2024-04-08,M5_absdev_stress_interaction,RQI_DII_v1.0,frozen_confirmed_by_researcher,17.95,6.228670318886088,11.721329681113911
2024-04-09,M5_absdev_stress_interaction,RQI_DII_v1.0,frozen_confirmed_by_researcher,16.45,6.3329198100616395,10.11708018993836
2024-04-10,M5_absdev_stress_interaction,RQI_DII_v1.0,frozen_confirmed_by_researcher,1.35,6.43814978647265,-5.08814978647265
2024-04-11,M5_absdev_stress_interaction,RQI_DII_v1.0,frozen_confirmed_by_researcher,2.59,6.46646093622951,-3.8764609362295097
2024-04-12,M5_absdev_stress_interaction,RQI_DII_v1.0,frozen_confirmed_by_researcher,6.88,6.44700786545468,0.43299213454532026
2024-04-13,M5_absdev_stress_interaction,RQI_DII_v1.0,frozen_confirmed_by_researcher,4.53,6.544548804171882,-2.0145488041718815
2024-04-14,M5_absdev_stress_interaction,RQI_DII_v1.0,frozen_confirmed_by_researcher,27.92,6.393454499808797,21.526545500191204
2024-04-15,M5_absdev_stress_interaction,RQI_DII_v1.0,frozen_confirmed_by_researcher,9.09,6.532764167276127,2.5572358327238724
2024-04-16,M5_absdev_stress_interaction,RQI_DII_v1.0,frozen_confirmed_by_researcher,8.12,6.484399953360196,1.6356000466398033
2024-04-17,M5_absdev_stress_interaction,RQI_DII_v1.0,frozen_confirmed_by_researcher,10.0,6.405674986255292,3.594325013744708
2024-04-18,M5_absdev_stress_interaction,RQI_DII_v1.0,frozen_confirmed_by_researcher,3.1599999999999997,6.163319134244489,-3.003319134244489
2024-04-19,M5_absdev_stress_interaction,RQI_DII_v1.0,frozen_confirmed_by_researcher,10.0,6.004413019346657,3.995586980653343
2024-04-20,M5_absdev_stress_interaction,RQI_DII_v1.0,frozen_confirmed_by_researcher,0.0,5.699333483657426,-5.699333483657426
2024-04-21,M5_absdev_stress_interaction,RQI_DII_v1.0,frozen_confirmed_by_researcher,2.4899999999999998,5.7625015913268385,-3.2725015913268387
2024-04-22,M5_absdev_stress_interaction,RQI_DII_v1.0,frozen_confirmed_by_researcher,2.78,5.821561286151564,-3.041561286151564
2024-04-23,M5_absdev_stress_interaction,RQI_DII_v1.0,frozen_confirmed_by_researcher,0.0,5.900148774092827,-5.900148774092827
2024-04-24,M5_absdev_stress_interaction,RQI_DII_v1.0,frozen_confirmed_by_researcher,1.44,6.034612801927665,-4.594612801927665
2024-04-25,M5_absdev_stress_interaction,RQI_DII_v1.0,frozen_confirmed_by_researcher,0.0,6.026806776974524,-6.026806776974524
2024-04-26,M5_absdev_stress_interaction,RQI_DII_v1.0,frozen_confirmed_by_researcher,10.0,6.019000752021441,3.980999247978559
2024-04-27,M5_absdev_stress_interaction,RQI_DII_v1.0,frozen_confirmed_by_researcher,16.95,6.0111947270682435,10.938805272931756
2024-04-28,M5_absdev_stress_interaction,RQI_DII_v1.0,frozen_confirmed_by_researcher,2.56,5.998146574613088,-3.438146574613088
2024-04-29,M5_absdev_stress_interaction,RQI_DII_v1.0,frozen_confirmed_by_researcher,2.06,5.991678924192229,-3.9316789241922288
2024-04-30,M5_absdev_stress_interaction,RQI_DII_v1.0,frozen_confirmed_by_researcher,13.64,6.045532506269012,7.594467493730988
2024-05-01,M5_absdev_stress_interaction,RQI_DII_v1.0,frozen_confirmed_by_researcher,0.0,5.982114625891427,-5.982114625891427
2024-05-02,M5_absdev_stress_interaction,RQI_DII_v1.0,frozen_confirmed_by_researcher,4.470000000000001,6.020004705649285,-1.5500047056492843
2024-05-03,M5_absdev_stress_interaction,RQI_DII_v1.0,frozen_confirmed_by_researcher,8.67,5.959441529813091,2.7105584701869088
2024-05-04,M5_absdev_stress_interaction,RQI_DII_v1.0,frozen_confirmed_by_researcher,0.0,5.848301645256697,-5.848301645256697
2024-05-05,M5_absdev_stress_interaction,RQI_DII_v1.0,frozen_confirmed_by_researcher,14.51,5.794963421578927,8.715036578421072
2024-05-06,M5_absdev_stress_interaction,RQI_DII_v1.0,frozen_confirmed_by_researcher,0.51,5.778607473390252,-5.268607473390253
2024-05-07,M5_absdev_stress_interaction,RQI_DII_v1.0,frozen_confirmed_by_researcher,10.0,5.883009167798832,4.116990832201168
2024-05-08,M5_absdev_stress_interaction,RQI_DII_v1.0,frozen_confirmed_by_researcher,7.9,5.867873397656297,2.0321266023437037
2024-05-09,M5_absdev_stress_interaction,RQI_DII_v1.0,frozen_confirmed_by_researcher,0.29,5.926137378131614,-5.636137378131614
2024-05-10,M5_absdev_stress_interaction,RQI_DII_v1.0,frozen_confirmed_by_researcher,0.0,5.915835208710234,-5.915835208710234
2024-05-11,M5_absdev_stress_interaction,RQI_DII_v1.0,frozen_confirmed_by_researcher,2.07,5.907790280656968,-3.8377902806569684
2024-05-12,M5_absdev_stress_interaction,RQI_DII_v1.0,frozen_confirmed_by_researcher,0.0,5.895165985457368,-5.895165985457368
2024-05-13,M5_absdev_stress_interaction,RQI_DII_v1.0,frozen_confirmed_by_researcher,1.95,5.889419106323999,-3.9394191063239985
2024-05-14,M5_absdev_stress_interaction,RQI_DII_v1.0,frozen_confirmed_by_researcher,0.0,5.871813724901131,-5.871813724901131
2024-05-15,M5_absdev_stress_interaction,RQI_DII_v1.0,frozen_confirmed_by_researcher,0.0,5.944365012158016,-5.944365012158016
2024-05-16,M5_absdev_stress_interaction,RQI_DII_v1.0,frozen_confirmed_by_researcher,3.2899999999999996,5.80314402215447,-2.5131440221544703
2024-05-17,M5_absdev_stress_interaction,RQI_DII_v1.0,frozen_confirmed_by_researcher,0.0,5.778716409705169,-5.778716409705169
2024-05-18,M5_absdev_stress_interaction,RQI_DII_v1.0,frozen_confirmed_by_researcher,2.95,5.72185182372192,-2.77185182372192
2024-05-19,M5_absdev_stress_interaction,RQI_DII_v1.0,frozen_confirmed_by_researcher,0.04,5.683002603029934,-5.643002603029934
2024-05-20,M5_absdev_stress_interaction,RQI_DII_v1.0,frozen_confirmed_by_researcher,0.15,5.689643924439906,-5.539643924439906
2024-05-21,M5_absdev_stress_interaction,RQI_DII_v1.0,frozen_confirmed_by_researcher,0.0,5.742661980270668,-5.742661980270668
2024-05-22,M5_absdev_stress_interaction,RQI_DII_v1.0,frozen_confirmed_by_researcher,0.0,5.817665388610465,-5.817665388610465
2024-05-23,M5_absdev_stress_interaction,RQI_DII_v1.0,frozen_confirmed_by_researcher,0.0,5.805460119110876,-5.805460119110876
2024-05-24,M5_absdev_stress_interaction,RQI_DII_v1.0,frozen_confirmed_by_researcher,0.0,5.916746844267834,-5.916746844267834
2024-05-25,M5_absdev_stress_interaction,RQI_DII_v1.0,frozen_confirmed_by_researcher,0.0,5.907691236842027,-5.907691236842027
2024-05-26,M5_absdev_stress_interaction,RQI_DII_v1.0,frozen_confirmed_by_researcher,5.15,5.914559956919845,-0.7645599569198449
2024-05-27,M5_absdev_stress_interaction,RQI_DII_v1.0,frozen_confirmed_by_researcher,0.0,5.939518242387464,-5.939518242387464
2024-05-28,M5_absdev_stress_interaction,RQI_DII_v1.0,frozen_confirmed_by_researcher,2.3800000000000003,5.963190766192156,-3.5831907661921556
2024-05-29,M5_absdev_stress_interaction,RQI_DII_v1.0,frozen_confirmed_by_researcher,2.64,6.044712366902843,-3.4047123669028427
2024-05-30,M5_absdev_stress_interaction,RQI_DII_v1.0,frozen_confirmed_by_researcher,0.0,6.085687080714024,-6.085687080714024
2024-05-31,M5_absdev_stress_interaction,RQI_DII_v1.0,frozen_confirmed_by_researcher,3.4499999999999997,6.013570931151378,-2.563570931151378
2024-06-01,M5_absdev_stress_interaction,RQI_DII_v1.0,frozen_confirmed_by_researcher,0.0,5.986254261070883,-5.986254261070883
2024-06-02,M5_absdev_stress_interaction,RQI_DII_v1.0,frozen_confirmed_by_researcher,1.32,5.9950307472074655,-4.675030747207465
2024-06-03,M5_absdev_stress_interaction,RQI_DII_v1.0,frozen_confirmed_by_researcher,0.0,5.986135482474424,-5.986135482474424
2024-06-04,M5_absdev_stress_interaction,RQI_DII_v1.0,frozen_confirmed_by_researcher,1.72,5.996110837108574,-4.2761108371085745
2024-06-05,M5_absdev_stress_interaction,RQI_DII_v1.0,frozen_confirmed_by_researcher,3.09,5.958194578092105,-2.8681945780921048
2024-06-06,M5_absdev_stress_interaction,RQI_DII_v1.0,frozen_confirmed_by_researcher,10.0,5.894285183397699,4.105714816602301
2024-06-07,M5_absdev_stress_interaction,RQI_DII_v1.0,frozen_confirmed_by_researcher,0.0,5.906982760523249,-5.906982760523249
2024-06-08,M5_absdev_stress_interaction,RQI_DII_v1.0,frozen_confirmed_by_researcher,0.0,6.004078152750594,-6.004078152750594
2024-06-09,M5_absdev_stress_interaction,RQI_DII_v1.0,frozen_confirmed_by_researcher,0.0,6.0056333113199685,-6.0056333113199685
2024-06-10,M5_absdev_stress_interaction,RQI_DII_v1.0,frozen_confirmed_by_researcher,0.0,5.99300441611615,-5.99300441611615
2024-06-11,M5_absdev_stress_interaction,RQI_DII_v1.0,frozen_confirmed_by_researcher,0.77,6.027867764592202,-5.257867764592202
2024-06-12,M5_absdev_stress_interaction,RQI_DII_v1.0,frozen_confirmed_by_researcher,0.0,6.0102301001044225,-6.0102301001044225
2024-06-13,M5_absdev_stress_interaction,RQI_DII_v1.0,frozen_confirmed_by_researcher,0.92,5.903261249469153,-4.9832612494691535
2024-06-14,M5_absdev_stress_interaction,RQI_DII_v1.0,frozen_confirmed_by_researcher,2.94,5.831209398428712,-2.8912093984287117
2024-06-15,M5_absdev_stress_interaction,RQI_DII_v1.0,frozen_confirmed_by_researcher,0.0,5.866012357002262,-5.866012357002262
2024-06-16,M5_absdev_stress_interaction,RQI_DII_v1.0,frozen_confirmed_by_researcher,0.0,5.866226665573322,-5.866226665573322
2024-06-17,M5_absdev_stress_interaction,RQI_DII_v1.0,frozen_confirmed_by_researcher,1.77,5.842666530467056,-4.072666530467057
2024-06-18,M5_absdev_stress_interaction,RQI_DII_v1.0,frozen_confirmed_by_researcher,0.0,5.84516232370737,-5.84516232370737
2024-06-19,M5_absdev_stress_interaction,RQI_DII_v1.0,frozen_confirmed_by_researcher,6.29,5.718605056334013,0.5713949436659869
2024-06-20,M5_absdev_stress_interaction,RQI_DII_v1.0,frozen_confirmed_by_researcher,1.69,5.708639286234529,-4.01863928623453
2024-06-21,M5_absdev_stress_interaction,RQI_DII_v1.0,frozen_confirmed_by_researcher,1.53,5.769540291618739,-4.239540291618739
2024-06-22,M5_absdev_stress_interaction,RQI_DII_v1.0,frozen_confirmed_by_researcher,0.0,5.732674366441302,-5.732674366441302
2024-06-23,M5_absdev_stress_interaction,RQI_DII_v1.0,frozen_confirmed_by_researcher,1.9000000000000001,5.716924201775214,-3.8169242017752136
2024-06-24,M5_absdev_stress_interaction,RQI_DII_v1.0,frozen_confirmed_by_researcher,7.15,5.717489271777197,1.4325107282228036
2024-06-25,M5_absdev_stress_interaction,RQI_DII_v1.0,frozen_confirmed_by_researcher,0.0,5.754416957693081,-5.754416957693081
2024-06-26,M5_absdev_stress_interaction,RQI_DII_v1.0,frozen_confirmed_by_researcher,0.0,5.66781454228834,-5.66781454228834
2024-06-27,M5_absdev_stress_interaction,RQI_DII_v1.0,frozen_confirmed_by_researcher,0.26,5.603329889026099,-5.3433298890261
2024-06-28,M5_absdev_stress_interaction,RQI_DII_v1.0,frozen_confirmed_by_researcher,0.81,5.697700855672792,-4.887700855672792
2024-06-29,M5_absdev_stress_interaction,RQI_DII_v1.0,frozen_confirmed_by_researcher,1.9900000000000002,5.815616237215238,-3.825616237215238
2024-06-30,M5_absdev_stress_interaction,RQI_DII_v1.0,frozen_confirmed_by_researcher,10.0,5.8192443709137365,4.1807556290862635
2024-07-01,M5_absdev_stress_interaction,RQI_DII_v1.0,frozen_confirmed_by_researcher,0.39,5.828983364745056,-5.438983364745057
2024-07-02,M5_absdev_stress_interaction,RQI_DII_v1.0,frozen_confirmed_by_researcher,10.0,5.721561735658554,4.278438264341446
2024-07-03,M5_absdev_stress_interaction,RQI_DII_v1.0,frozen_confirmed_by_researcher,0.0,5.684452921606294,-5.684452921606294
2024-07-04,M5_absdev_stress_interaction,RQI_DII_v1.0,frozen_confirmed_by_researcher,10.39,5.59810288368476,4.791897116315241
2024-07-05,M5_absdev_stress_interaction,RQI_DII_v1.0,frozen_confirmed_by_researcher,10.0,5.543257573451001,4.456742426548999
2024-07-06,M5_absdev_stress_interaction,RQI_DII_v1.0,frozen_confirmed_by_researcher,10.0,5.289327315141975,4.710672684858025
2024-07-07,M5_absdev_stress_interaction,RQI_DII_v1.0,frozen_confirmed_by_researcher,2.18,5.235877297760794,-3.055877297760794
2024-07-08,M5_absdev_stress_interaction,RQI_DII_v1.0,frozen_confirmed_by_researcher,0.0,5.230581322257251,-5.230581322257251
2024-07-09,M5_absdev_stress_interaction,RQI_DII_v1.0,frozen_confirmed_by_researcher,7.5,5.1759111405198155,2.3240888594801845
2024-07-10,M5_absdev_stress_interaction,RQI_DII_v1.0,frozen_confirmed_by_researcher,0.34,5.135698017719847,-4.795698017719847
2024-07-11,M5_absdev_stress_interaction,RQI_DII_v1.0,frozen_confirmed_by_researcher,0.0,5.083106892591388,-5.083106892591388
2024-07-12,M5_absdev_stress_interaction,RQI_DII_v1.0,frozen_confirmed_by_researcher,0.0,5.119950117144128,-5.119950117144128
2024-07-13,M5_absdev_stress_interaction,RQI_DII_v1.0,frozen_confirmed_by_researcher,30.0,5.128878239002688,24.871121760997312
2024-07-14,M5_absdev_stress_interaction,RQI_DII_v1.0,frozen_confirmed_by_researcher,2.48,5.107103888612528,-2.627103888612528
2024-07-15,M5_absdev_stress_interaction,RQI_DII_v1.0,frozen_confirmed_by_researcher,1.33,5.100629072822528,-3.770629072822528
2024-07-16,M5_absdev_stress_interaction,RQI_DII_v1.0,frozen_confirmed_by_researcher,0.0,5.104025644665683,-5.104025644665683
2024-07-17,M5_absdev_stress_interaction,RQI_DII_v1.0,frozen_confirmed_by_researcher,0.0,5.083941057343907,-5.083941057343907
2024-07-18,M5_absdev_stress_interaction,RQI_DII_v1.0,frozen_confirmed_by_researcher,0.0,5.1439126618763,-5.1439126618763
2024-07-19,M5_absdev_stress_interaction,RQI_DII_v1.0,frozen_confirmed_by_researcher,4.14,5.165936672766463,-1.0259366727664636
2024-07-20,M5_absdev_stress_interaction,RQI_DII_v1.0,frozen_confirmed_by_researcher,20.0,5.065485602378033,14.934514397621967
2024-07-21,M5_absdev_stress_interaction,RQI_DII_v1.0,frozen_confirmed_by_researcher,1.73,5.012048305129554,-3.2820483051295537
2024-07-22,M5_absdev_stress_interaction,RQI_DII_v1.0,frozen_confirmed_by_researcher,0.0,5.048340882420746,-5.048340882420746
2024-07-23,M5_absdev_stress_interaction,RQI_DII_v1.0,frozen_confirmed_by_researcher,10.0,5.029486605006014,4.970513394993986
2024-07-24,M5_absdev_stress_interaction,RQI_DII_v1.0,frozen_confirmed_by_researcher,1.51,4.9716424169469065,-3.4616424169469067
2024-07-25,M5_absdev_stress_interaction,RQI_DII_v1.0,frozen_confirmed_by_researcher,2.5500000000000003,5.006881413552037,-2.4568814135520367
2024-07-26,M5_absdev_stress_interaction,RQI_DII_v1.0,frozen_confirmed_by_researcher,3.76,5.081636691321364,-1.3216366913213644
2024-07-27,M5_absdev_stress_interaction,RQI_DII_v1.0,frozen_confirmed_by_researcher,2.12,4.953915884156004,-2.8339158841560037
2024-07-28,M5_absdev_stress_interaction,RQI_DII_v1.0,frozen_confirmed_by_researcher,1.1900000000000002,4.938158940728101,-3.748158940728101
2024-07-29,M5_absdev_stress_interaction,RQI_DII_v1.0,frozen_confirmed_by_researcher,1.09,4.884782148965485,-3.794782148965485
2024-07-30,M5_absdev_stress_interaction,RQI_DII_v1.0,frozen_confirmed_by_researcher,0.0,5.06270563239849,-5.06270563239849
2024-07-31,M5_absdev_stress_interaction,RQI_DII_v1.0,frozen_confirmed_by_researcher,20.0,5.14401662818085,14.85598337181915
2024-08-05,M5_absdev_stress_interaction,RQI_DII_v1.0,frozen_confirmed_by_researcher,0.0,5.192867029298213,-5.192867029298213
2024-08-06,M5_absdev_stress_interaction,RQI_DII_v1.0,frozen_confirmed_by_researcher,0.0,5.014039863641756,-5.014039863641756
2024-08-07,M5_absdev_stress_interaction,RQI_DII_v1.0,frozen_confirmed_by_researcher,0.0,4.837730241144413,-4.837730241144413
2024-08-08,M5_absdev_stress_interaction,RQI_DII_v1.0,frozen_confirmed_by_researcher,50.0,4.745206046635758,45.25479395336424
2024-08-09,M5_absdev_stress_interaction,RQI_DII_v1.0,frozen_confirmed_by_researcher,0.0,4.734602718373424,-4.734602718373424
2024-08-10,M5_absdev_stress_interaction,RQI_DII_v1.0,frozen_confirmed_by_researcher,1.45,4.7483920674265505,-3.2983920674265503
2024-08-11,M5_absdev_stress_interaction,RQI_DII_v1.0,frozen_confirmed_by_researcher,22.790000000000003,4.726150112887524,18.06384988711248
2024-08-12,M5_absdev_stress_interaction,RQI_DII_v1.0,frozen_confirmed_by_researcher,10.0,4.724517465007693,5.275482534992307
2024-08-13,M5_absdev_stress_interaction,RQI_DII_v1.0,frozen_confirmed_by_researcher,0.0,4.705923800661822,-4.705923800661822
2024-08-14,M5_absdev_stress_interaction,RQI_DII_v1.0,frozen_confirmed_by_researcher,0.0,4.708214835297213,-4.708214835297213
2024-08-15,M5_absdev_stress_interaction,RQI_DII_v1.0,frozen_confirmed_by_researcher,0.0,4.699294780357093,-4.699294780357093
2024-08-16,M5_absdev_stress_interaction,RQI_DII_v1.0,frozen_confirmed_by_researcher,5.590000000000001,4.668213674215565,0.9217863257844359
2024-08-17,M5_absdev_stress_interaction,RQI_DII_v1.0,frozen_confirmed_by_researcher,0.0,4.57444258987266,-4.57444258987266
2024-08-18,M5_absdev_stress_interaction,RQI_DII_v1.0,frozen_confirmed_by_researcher,0.0,4.558683630043447,-4.558683630043447
2024-08-19,M5_absdev_stress_interaction,RQI_DII_v1.0,frozen_confirmed_by_researcher,1.02,4.561077249450136,-3.541077249450136
2024-08-20,M5_absdev_stress_interaction,RQI_DII_v1.0,frozen_confirmed_by_researcher,1.07,4.521663788824696,-3.451663788824696
2024-08-21,M5_absdev_stress_interaction,RQI_DII_v1.0,frozen_confirmed_by_researcher,8.88,4.5481547898340295,4.331845210165971
2024-08-22,M5_absdev_stress_interaction,RQI_DII_v1.0,frozen_confirmed_by_researcher,3.93,4.505741799045779,-0.5757417990457792
2024-08-23,M5_absdev_stress_interaction,RQI_DII_v1.0,frozen_confirmed_by_researcher,3.4699999999999998,4.571104758952629,-1.101104758952629
2024-08-24,M5_absdev_stress_interaction,RQI_DII_v1.0,frozen_confirmed_by_researcher,12.28,4.482079804253772,7.797920195746228
2024-08-25,M5_absdev_stress_interaction,RQI_DII_v1.0,frozen_confirmed_by_researcher,10.0,4.498429131538103,5.501570868461897
2024-08-26,M5_absdev_stress_interaction,RQI_DII_v1.0,frozen_confirmed_by_researcher,1.16,4.507923068018783,-3.3479230680187833
2024-08-27,M5_absdev_stress_interaction,RQI_DII_v1.0,frozen_confirmed_by_researcher,10.49,7.5079698636848775,2.9820301363151227
2024-08-28,M5_absdev_stress_interaction,RQI_DII_v1.0,frozen_confirmed_by_researcher,0.0,7.591314674268347,-7.591314674268347
2024-08-29,M5_absdev_stress_interaction,RQI_DII_v1.0,frozen_confirmed_by_researcher,3.83,7.541233359672276,-3.711233359672276
2024-08-30,M5_absdev_stress_interaction,RQI_DII_v1.0,frozen_confirmed_by_researcher,0.0,7.3724951120274795,-7.3724951120274795
2024-08-31,M5_absdev_stress_interaction,RQI_DII_v1.0,frozen_confirmed_by_researcher,0.0,7.3343589712927155,-7.3343589712927155
2024-09-01,M5_absdev_stress_interaction,RQI_DII_v1.0,frozen_confirmed_by_researcher,17.23,7.3317984603882,9.8982015396118
2024-09-02,M5_absdev_stress_interaction,RQI_DII_v1.0,frozen_confirmed_by_researcher,10.0,7.314042667708918,2.685957332291082
2024-09-03,M5_absdev_stress_interaction,RQI_DII_v1.0,frozen_confirmed_by_researcher,0.0,7.291422271023123,-7.291422271023123
2024-09-04,M5_absdev_stress_interaction,RQI_DII_v1.0,frozen_confirmed_by_researcher,1.11,7.328899760493073,-6.2188997604930725
2024-09-05,M5_absdev_stress_interaction,RQI_DII_v1.0,frozen_confirmed_by_researcher,0.0,7.233305572016889,-7.233305572016889
2024-09-06,M5_absdev_stress_interaction,RQI_DII_v1.0,frozen_confirmed_by_researcher,0.0,7.222237364714545,-7.222237364714545
2024-09-07,M5_absdev_stress_interaction,RQI_DII_v1.0,frozen_confirmed_by_researcher,2.26,7.243130202904808,-4.983130202904809
2024-09-08,M5_absdev_stress_interaction,RQI_DII_v1.0,frozen_confirmed_by_researcher,6.1899999999999995,7.19994955195051,-1.0099495519505108
2024-09-09,M5_absdev_stress_interaction,RQI_DII_v1.0,frozen_confirmed_by_researcher,3.5500000000000003,7.176978247650311,-3.6269782476503107
2024-09-10,M5_absdev_stress_interaction,RQI_DII_v1.0,frozen_confirmed_by_researcher,10.0,7.12959849540448,2.8704015045955202
2024-09-11,M5_absdev_stress_interaction,RQI_DII_v1.0,frozen_confirmed_by_researcher,0.0,7.048788057702495,-7.048788057702495
2024-09-12,M5_absdev_stress_interaction,RQI_DII_v1.0,frozen_confirmed_by_researcher,1.6400000000000001,7.029007572300884,-5.3890075723008835
2024-09-13,M5_absdev_stress_interaction,RQI_DII_v1.0,frozen_confirmed_by_researcher,6.930000000000001,7.010799707043418,-0.08079970704341743
2024-09-14,M5_absdev_stress_interaction,RQI_DII_v1.0,frozen_confirmed_by_researcher,1.27,6.905319161567888,-5.635319161567889
2024-09-15,M5_absdev_stress_interaction,RQI_DII_v1.0,frozen_confirmed_by_researcher,0.0,6.900555111851645,-6.900555111851645
2024-09-16,M5_absdev_stress_interaction,RQI_DII_v1.0,frozen_confirmed_by_researcher,0.0,6.900320710150595,-6.900320710150595
2024-09-17,M5_absdev_stress_interaction,RQI_DII_v1.0,frozen_confirmed_by_researcher,5.010000000000001,6.971924821266384,-1.9619248212663836
2024-09-18,M5_absdev_stress_interaction,RQI_DII_v1.0,frozen_confirmed_by_researcher,0.0,6.9128984404623,-6.9128984404623
2024-09-19,M5_absdev_stress_interaction,RQI_DII_v1.0,frozen_confirmed_by_researcher,0.5599999999999999,6.918167411928891,-6.358167411928892
2024-09-20,M5_absdev_stress_interaction,RQI_DII_v1.0,frozen_confirmed_by_researcher,6.359999999999999,6.903120060013066,-0.5431200600130666
2024-09-21,M5_absdev_stress_interaction,RQI_DII_v1.0,frozen_confirmed_by_researcher,2.69,6.84515544068114,-4.15515544068114
2024-09-22,M5_absdev_stress_interaction,RQI_DII_v1.0,frozen_confirmed_by_researcher,10.0,6.8142637350699715,3.1857362649300285
2024-09-23,M5_absdev_stress_interaction,RQI_DII_v1.0,frozen_confirmed_by_researcher,0.0,6.793422884282165,-6.793422884282165
2024-09-24,M5_absdev_stress_interaction,RQI_DII_v1.0,frozen_confirmed_by_researcher,0.0,6.799333562946572,-6.799333562946572
2024-09-25,M5_absdev_stress_interaction,RQI_DII_v1.0,frozen_confirmed_by_researcher,2.62,6.735999545494963,-4.1159995454949625
2024-09-26,M5_absdev_stress_interaction,RQI_DII_v1.0,frozen_confirmed_by_researcher,0.36,6.716365679880482,-6.356365679880482
2024-09-27,M5_absdev_stress_interaction,RQI_DII_v1.0,frozen_confirmed_by_researcher,0.0,6.63109972808769,-6.63109972808769
2024-09-28,M5_absdev_stress_interaction,RQI_DII_v1.0,frozen_confirmed_by_researcher,3.23,6.6221781902432895,-3.3921781902432895
2024-09-29,M5_absdev_stress_interaction,RQI_DII_v1.0,frozen_confirmed_by_researcher,0.0,6.621360737585519,-6.621360737585519
2024-09-30,M5_absdev_stress_interaction,RQI_DII_v1.0,frozen_confirmed_by_researcher,9.41,6.625198752950723,2.784801247049277
2024-10-01,M5_absdev_stress_interaction,RQI_DII_v1.0,frozen_confirmed_by_researcher,2.75,6.862703913579992,-4.112703913579992
2024-10-02,M5_absdev_stress_interaction,RQI_DII_v1.0,frozen_confirmed_by_researcher,0.0,6.83548904511207,-6.83548904511207
2024-10-03,M5_absdev_stress_interaction,RQI_DII_v1.0,frozen_confirmed_by_researcher,0.0,6.821447451088886,-6.821447451088886
2024-10-04,M5_absdev_stress_interaction,RQI_DII_v1.0,frozen_confirmed_by_researcher,1.88,6.822216451603026,-4.942216451603026
2024-10-05,M5_absdev_stress_interaction,RQI_DII_v1.0,frozen_confirmed_by_researcher,2.11,6.813431237714553,-4.703431237714554
2024-10-06,M5_absdev_stress_interaction,RQI_DII_v1.0,frozen_confirmed_by_researcher,20.0,6.789279869037671,13.21072013096233
2024-10-07,M5_absdev_stress_interaction,RQI_DII_v1.0,frozen_confirmed_by_researcher,24.87,6.779564062186523,18.090435937813478
2024-10-08,M5_absdev_stress_interaction,RQI_DII_v1.0,frozen_confirmed_by_researcher,0.0,6.857654978401854,-6.857654978401854
2024-10-09,M5_absdev_stress_interaction,RQI_DII_v1.0,frozen_confirmed_by_researcher,1.76,6.94970655960185,-5.18970655960185
2024-10-10,M5_absdev_stress_interaction,RQI_DII_v1.0,frozen_confirmed_by_researcher,1.18,7.031280473271352,-5.851280473271352
2024-10-11,M5_absdev_stress_interaction,RQI_DII_v1.0,frozen_confirmed_by_researcher,5.419999999999999,7.0440072151969275,-1.6240072151969285
2024-10-12,M5_absdev_stress_interaction,RQI_DII_v1.0,frozen_confirmed_by_researcher,0.76,7.07997195920575,-6.31997195920575
2024-10-13,M5_absdev_stress_interaction,RQI_DII_v1.0,frozen_confirmed_by_researcher,0.0,7.0575173827587605,-7.0575173827587605
2024-10-14,M5_absdev_stress_interaction,RQI_DII_v1.0,frozen_confirmed_by_researcher,20.0,7.060347438819804,12.939652561180196
2024-10-15,M5_absdev_stress_interaction,RQI_DII_v1.0,frozen_confirmed_by_researcher,0.18,7.089338405932949,-6.9093384059329495
2024-10-16,M5_absdev_stress_interaction,RQI_DII_v1.0,frozen_confirmed_by_researcher,1.46,7.0785725038933265,-5.6185725038933265
2024-10-17,M5_absdev_stress_interaction,RQI_DII_v1.0,frozen_confirmed_by_researcher,6.449999999999999,7.103779269353254,-0.6537792693532545
2024-10-18,M5_absdev_stress_interaction,RQI_DII_v1.0,frozen_confirmed_by_researcher,1.69,7.118661515635154,-5.428661515635154
2024-10-19,M5_absdev_stress_interaction,RQI_DII_v1.0,frozen_confirmed_by_researcher,0.0,7.041990532818033,-7.041990532818033
2024-10-20,M5_absdev_stress_interaction,RQI_DII_v1.0,frozen_confirmed_by_researcher,8.26,7.032826145439742,1.2271738545602577
2024-10-21,M5_absdev_stress_interaction,RQI_DII_v1.0,frozen_confirmed_by_researcher,7.569999999999999,7.020251475021723,0.5497485249782761
2024-10-22,M5_absdev_stress_interaction,RQI_DII_v1.0,frozen_confirmed_by_researcher,1.45,7.100883963918477,-5.650883963918477
2024-10-23,M5_absdev_stress_interaction,RQI_DII_v1.0,frozen_confirmed_by_researcher,2.5799999999999996,7.137758411651475,-4.557758411651475
2024-10-24,M5_absdev_stress_interaction,RQI_DII_v1.0,frozen_confirmed_by_researcher,3.2899999999999996,7.208842370548666,-3.9188423705486666
2024-10-25,M5_absdev_stress_interaction,RQI_DII_v1.0,frozen_confirmed_by_researcher,38.63,7.160117698654346,31.469882301345656
2024-10-26,M5_absdev_stress_interaction,RQI_DII_v1.0,frozen_confirmed_by_researcher,3.8200000000000003,7.0783595636606265,-3.258359563660626
2024-10-27,M5_absdev_stress_interaction,RQI_DII_v1.0,frozen_confirmed_by_researcher,0.0,7.084564847144577,-7.084564847144577
2024-10-28,M5_absdev_stress_interaction,RQI_DII_v1.0,frozen_confirmed_by_researcher,10.0,7.067854879437448,2.932145120562552
2024-10-29,M5_absdev_stress_interaction,RQI_DII_v1.0,frozen_confirmed_by_researcher,10.610000000000001,7.042554667799266,3.5674453322007356
2024-10-30,M5_absdev_stress_interaction,RQI_DII_v1.0,frozen_confirmed_by_researcher,0.68,7.011413359783489,-6.33141335978349
2024-10-31,M5_absdev_stress_interaction,RQI_DII_v1.0,frozen_confirmed_by_researcher,0.0,6.910838302524894,-6.910838302524894
2024-11-01,M5_absdev_stress_interaction,RQI_DII_v1.0,frozen_confirmed_by_researcher,2.3800000000000003,7.020022949719987,-4.640022949719986
2024-11-02,M5_absdev_stress_interaction,RQI_DII_v1.0,frozen_confirmed_by_researcher,1.73,6.945047596586164,-5.215047596586164
2024-11-03,M5_absdev_stress_interaction,RQI_DII_v1.0,frozen_confirmed_by_researcher,7.640000000000001,6.874501534883109,0.7654984651168917
2024-11-04,M5_absdev_stress_interaction,RQI_DII_v1.0,frozen_confirmed_by_researcher,10.0,6.865721213966253,3.1342787860337467
2024-11-05,M5_absdev_stress_interaction,RQI_DII_v1.0,frozen_confirmed_by_researcher,20.0,6.754409776558475,13.245590223441525
2024-11-06,M5_absdev_stress_interaction,RQI_DII_v1.0,frozen_confirmed_by_researcher,3.04,6.604347499738481,-3.5643474997384805
2024-11-07,M5_absdev_stress_interaction,RQI_DII_v1.0,frozen_confirmed_by_researcher,10.0,6.206663319165784,3.7933366808342157
2024-11-08,M5_absdev_stress_interaction,RQI_DII_v1.0,frozen_confirmed_by_researcher,0.0,6.148556481747448,-6.148556481747448
2024-11-09,M5_absdev_stress_interaction,RQI_DII_v1.0,frozen_confirmed_by_researcher,1.1500000000000001,6.0801378337732785,-4.930137833773278
2024-11-10,M5_absdev_stress_interaction,RQI_DII_v1.0,frozen_confirmed_by_researcher,24.44,6.122076000857248,18.317923999142753
2024-11-11,M5_absdev_stress_interaction,RQI_DII_v1.0,frozen_confirmed_by_researcher,80.0,6.137808585517803,73.8621914144822
2024-11-12,M5_absdev_stress_interaction,RQI_DII_v1.0,frozen_confirmed_by_researcher,1.33,6.133432021052329,-4.803432021052329
2024-11-13,M5_absdev_stress_interaction,RQI_DII_v1.0,frozen_confirmed_by_researcher,6.51,6.262951423503523,0.2470485764964767
2024-11-14,M5_absdev_stress_interaction,RQI_DII_v1.0,frozen_confirmed_by_researcher,20.330000000000002,6.194892035857151,14.13510796414285
2024-11-15,M5_absdev_stress_interaction,RQI_DII_v1.0,frozen_confirmed_by_researcher,0.0,6.126356457727127,-6.126356457727127
2024-11-16,M5_absdev_stress_interaction,RQI_DII_v1.0,frozen_confirmed_by_researcher,18.59,6.089650824828425,12.500349175171575
2024-11-17,M5_absdev_stress_interaction,RQI_DII_v1.0,frozen_confirmed_by_researcher,10.33,6.036124149096622,4.293875850903378
2024-11-18,M5_absdev_stress_interaction,RQI_DII_v1.0,frozen_confirmed_by_researcher,9.030000000000001,6.036437920496155,2.993562079503846
2024-11-19,M5_absdev_stress_interaction,RQI_DII_v1.0,frozen_confirmed_by_researcher,3.4299999999999997,5.939014401743123,-2.509014401743123
2024-11-20,M5_absdev_stress_interaction,RQI_DII_v1.0,frozen_confirmed_by_researcher,0.0,5.895580720175531,-5.895580720175531
2024-11-21,M5_absdev_stress_interaction,RQI_DII_v1.0,frozen_confirmed_by_researcher,0.0,5.763189261212403,-5.763189261212403
2024-11-22,M5_absdev_stress_interaction,RQI_DII_v1.0,frozen_confirmed_by_researcher,0.0,5.659310668028525,-5.659310668028525
2024-11-23,M5_absdev_stress_interaction,RQI_DII_v1.0,frozen_confirmed_by_researcher,1.55,5.46097587057784,-3.9109758705778406
2024-11-24,M5_absdev_stress_interaction,RQI_DII_v1.0,frozen_confirmed_by_researcher,20.0,5.368564441209799,14.631435558790201
2024-11-25,M5_absdev_stress_interaction,RQI_DII_v1.0,frozen_confirmed_by_researcher,30.0,5.391223146304355,24.608776853695645
2024-11-26,M5_absdev_stress_interaction,RQI_DII_v1.0,frozen_confirmed_by_researcher,31.47,5.438447839870321,26.031552160129678
2024-11-27,M5_absdev_stress_interaction,RQI_DII_v1.0,frozen_confirmed_by_researcher,3.05,5.508657620134898,-2.4586576201348977
2024-11-28,M5_absdev_stress_interaction,RQI_DII_v1.0,frozen_confirmed_by_researcher,10.0,5.207915055565081,4.792084944434919
2024-11-29,M5_absdev_stress_interaction,RQI_DII_v1.0,frozen_confirmed_by_researcher,1.26,5.189660685851095,-3.929660685851095
2024-11-30,M5_absdev_stress_interaction,RQI_DII_v1.0,frozen_confirmed_by_researcher,2.7399999999999998,5.126508866806489,-2.3865088668064893
2024-12-01,M5_absdev_stress_interaction,RQI_DII_v1.0,frozen_confirmed_by_researcher,0.0,5.08345618198814,-5.08345618198814
2024-12-02,M5_absdev_stress_interaction,RQI_DII_v1.0,frozen_confirmed_by_researcher,0.0,5.027984036618989,-5.027984036618989
2024-12-03,M5_absdev_stress_interaction,RQI_DII_v1.0,frozen_confirmed_by_researcher,10.0,5.0577143727944645,4.9422856272055355
2024-12-04,M5_absdev_stress_interaction,RQI_DII_v1.0,frozen_confirmed_by_researcher,10.0,4.998773924223315,5.001226075776685
2024-12-05,M5_absdev_stress_interaction,RQI_DII_v1.0,frozen_confirmed_by_researcher,16.41,4.829918460128511,11.58008153987149
2024-12-06,M5_absdev_stress_interaction,RQI_DII_v1.0,frozen_confirmed_by_researcher,5.069999999999999,4.938719889933964,0.13128011006603568
2024-12-07,M5_absdev_stress_interaction,RQI_DII_v1.0,frozen_confirmed_by_researcher,1.94,4.248872489339476,-2.308872489339476
2024-12-08,M5_absdev_stress_interaction,RQI_DII_v1.0,frozen_confirmed_by_researcher,0.0,4.242255377645165,-4.242255377645165
2024-12-09,M5_absdev_stress_interaction,RQI_DII_v1.0,frozen_confirmed_by_researcher,7.5600000000000005,4.704534380011751,2.8554656199882498
2024-12-10,M5_absdev_stress_interaction,RQI_DII_v1.0,frozen_confirmed_by_researcher,10.0,4.810229880585268,5.189770119414732
2024-12-11,M5_absdev_stress_interaction,RQI_DII_v1.0,frozen_confirmed_by_researcher,11.13,4.75178313595012,6.378216864049881
2024-12-12,M5_absdev_stress_interaction,RQI_DII_v1.0,frozen_confirmed_by_researcher,0.0,4.504271663219072,-4.504271663219072
2024-12-13,M5_absdev_stress_interaction,RQI_DII_v1.0,frozen_confirmed_by_researcher,0.78,4.513865025043913,-3.7338650250439125
2024-12-14,M5_absdev_stress_interaction,RQI_DII_v1.0,frozen_confirmed_by_researcher,0.0,4.381549556235655,-4.381549556235655
2024-12-15,M5_absdev_stress_interaction,RQI_DII_v1.0,frozen_confirmed_by_researcher,10.0,4.370459236331044,5.629540763668956
2024-12-16,M5_absdev_stress_interaction,RQI_DII_v1.0,frozen_confirmed_by_researcher,6.29,4.327009250957303,1.9629907490426968
2024-12-17,M5_absdev_stress_interaction,RQI_DII_v1.0,frozen_confirmed_by_researcher,0.0,4.244830795852465,-4.244830795852465
2024-12-18,M5_absdev_stress_interaction,RQI_DII_v1.0,frozen_confirmed_by_researcher,1.69,4.1976678137707495,-2.5076678137707495
2024-12-19,M5_absdev_stress_interaction,RQI_DII_v1.0,frozen_confirmed_by_researcher,0.98,4.243764985707742,-3.2637649857077418
2024-12-20,M5_absdev_stress_interaction,RQI_DII_v1.0,frozen_confirmed_by_researcher,10.0,7.1672796282307445,2.8327203717692555
2024-12-21,M5_absdev_stress_interaction,RQI_DII_v1.0,frozen_confirmed_by_researcher,1.4100000000000001,7.084920694557866,-5.674920694557866
2024-12-22,M5_absdev_stress_interaction,RQI_DII_v1.0,frozen_confirmed_by_researcher,10.0,7.028259971682985,2.971740028317015
2024-12-23,M5_absdev_stress_interaction,RQI_DII_v1.0,frozen_confirmed_by_researcher,20.0,7.00075400612792,12.99924599387208
2024-12-24,M5_absdev_stress_interaction,RQI_DII_v1.0,frozen_confirmed_by_researcher,2.78,6.988407583363994,-4.208407583363995
2024-12-25,M5_absdev_stress_interaction,RQI_DII_v1.0,frozen_confirmed_by_researcher,0.0,6.975349487847495,-6.975349487847495
2024-12-26,M5_absdev_stress_interaction,RQI_DII_v1.0,frozen_confirmed_by_researcher,10.0,6.954016635518201,3.045983364481799
2024-12-27,M5_absdev_stress_interaction,RQI_DII_v1.0,frozen_confirmed_by_researcher,2.3800000000000003,6.845968288758456,-4.4659682887584555
2024-12-28,M5_absdev_stress_interaction,RQI_DII_v1.0,frozen_confirmed_by_researcher,0.09,6.8236729762048185,-6.733672976204819
2024-12-29,M5_absdev_stress_interaction,RQI_DII_v1.0,frozen_confirmed_by_researcher,4.51,6.7871543339740015,-2.2771543339740017
2024-12-30,M5_absdev_stress_interaction,RQI_DII_v1.0,frozen_confirmed_by_researcher,11.23,6.779999753438574,4.450000246561427
2024-12-31,M5_absdev_stress_interaction,RQI_DII_v1.0,frozen_confirmed_by_researcher,4.8999999999999995,6.721646054045664,-1.8216460540456643
2022-08-24,M6_absdev_high_confidence,RQI_DII_v1.0,frozen_confirmed_by_researcher,0.0,0.7370874957689892,-0.7370874957689892
2022-08-25,M6_absdev_high_confidence,RQI_DII_v1.0,frozen_confirmed_by_researcher,1.2970000000000002,0.7217132307922114,0.5752867692077888
2022-08-26,M6_absdev_high_confidence,RQI_DII_v1.0,frozen_confirmed_by_researcher,0.16469999999999999,0.7053029011918781,-0.5406029011918781
2022-08-27,M6_absdev_high_confidence,RQI_DII_v1.0,frozen_confirmed_by_researcher,0.4125,0.6982259884411732,-0.28572598844117325
2022-08-28,M6_absdev_high_confidence,RQI_DII_v1.0,frozen_confirmed_by_researcher,0.9199,0.6887471588313403,0.23115284116865975
2022-08-29,M6_absdev_high_confidence,RQI_DII_v1.0,frozen_confirmed_by_researcher,0.2417,0.6756512085902244,-0.4339512085902244
2022-08-30,M6_absdev_high_confidence,RQI_DII_v1.0,frozen_confirmed_by_researcher,0.0804,0.6676074706027535,-0.5872074706027535
2022-08-31,M6_absdev_high_confidence,RQI_DII_v1.0,frozen_confirmed_by_researcher,0.4778,0.6604802970959582,-0.18268029709595823
2022-09-01,M6_absdev_high_confidence,RQI_DII_v1.0,frozen_confirmed_by_researcher,0.034300000000000004,0.6458402301730501,-0.6115402301730501
2022-09-02,M6_absdev_high_confidence,RQI_DII_v1.0,frozen_confirmed_by_researcher,0.0,0.6252737401643742,-0.6252737401643742
2022-09-03,M6_absdev_high_confidence,RQI_DII_v1.0,frozen_confirmed_by_researcher,0.0,0.6081141094165261,-0.6081141094165261
2022-09-04,M6_absdev_high_confidence,RQI_DII_v1.0,frozen_confirmed_by_researcher,0.0,0.5976521942867592,-0.5976521942867592
2022-09-05,M6_absdev_high_confidence,RQI_DII_v1.0,frozen_confirmed_by_researcher,3.673,0.5875066777539004,3.0854933222460996
2022-09-06,M6_absdev_high_confidence,RQI_DII_v1.0,frozen_confirmed_by_researcher,0.8797999999999999,0.5754274755398612,0.30437252446013874
2022-09-07,M6_absdev_high_confidence,RQI_DII_v1.0,frozen_confirmed_by_researcher,0.2703,0.5535424909136069,-0.28324249091360687
2022-09-08,M6_absdev_high_confidence,RQI_DII_v1.0,frozen_confirmed_by_researcher,0.030000000000000002,0.5475398109645582,-0.5175398109645581
2022-09-09,M6_absdev_high_confidence,RQI_DII_v1.0,frozen_confirmed_by_researcher,0.0,0.534508386074279,-0.534508386074279
2022-09-10,M6_absdev_high_confidence,RQI_DII_v1.0,frozen_confirmed_by_researcher,0.4919,0.5252925078283752,-0.03339250782837522
2022-09-11,M6_absdev_high_confidence,RQI_DII_v1.0,frozen_confirmed_by_researcher,0.19069999999999998,0.5128326469828224,-0.3221326469828224
2022-09-12,M6_absdev_high_confidence,RQI_DII_v1.0,frozen_confirmed_by_researcher,0.0713,0.49832820201804395,-0.4270282020180439
2022-09-13,M6_absdev_high_confidence,RQI_DII_v1.0,frozen_confirmed_by_researcher,0.92,0.4821152856138724,0.43788471438612764
2022-09-14,M6_absdev_high_confidence,RQI_DII_v1.0,frozen_confirmed_by_researcher,0.4682,0.46585933200994134,0.0023406679900586647
2022-09-15,M6_absdev_high_confidence,RQI_DII_v1.0,frozen_confirmed_by_researcher,0.0,0.43119724485343625,-0.43119724485343625
2022-09-16,M6_absdev_high_confidence,RQI_DII_v1.0,frozen_confirmed_by_researcher,0.1435,0.4034969295981483,-0.25999692959814835
2022-09-17,M6_absdev_high_confidence,RQI_DII_v1.0,frozen_confirmed_by_researcher,0.37070000000000003,0.3865545498416765,-0.015854549841676446
2022-09-18,M6_absdev_high_confidence,RQI_DII_v1.0,frozen_confirmed_by_researcher,0.8611,0.37485274099901034,0.48624725900098964
2022-09-19,M6_absdev_high_confidence,RQI_DII_v1.0,frozen_confirmed_by_researcher,0.37070000000000003,0.3629441921918115,0.0077558078081885196
2022-09-20,M6_absdev_high_confidence,RQI_DII_v1.0,frozen_confirmed_by_researcher,0.1057,0.3453551075737451,-0.23965510757374509
2022-09-21,M6_absdev_high_confidence,RQI_DII_v1.0,frozen_confirmed_by_researcher,0.5078,0.3406959785257584,0.16710402147424164
2022-09-22,M6_absdev_high_confidence,RQI_DII_v1.0,frozen_confirmed_by_researcher,0.9493,0.32155006250076923,0.6277499374992308
2022-09-23,M6_absdev_high_confidence,RQI_DII_v1.0,frozen_confirmed_by_researcher,0.7509,0.7101299853570708,0.040770014642929175
2022-09-24,M6_absdev_high_confidence,RQI_DII_v1.0,frozen_confirmed_by_researcher,0.33859999999999996,0.6925331433017803,-0.35393314330178033
2022-09-25,M6_absdev_high_confidence,RQI_DII_v1.0,frozen_confirmed_by_researcher,0.36019999999999996,0.6803211366679207,-0.32012113666792075
2022-09-26,M6_absdev_high_confidence,RQI_DII_v1.0,frozen_confirmed_by_researcher,0.1459,0.6592508034313695,-0.5133508034313695
2022-09-27,M6_absdev_high_confidence,RQI_DII_v1.0,frozen_confirmed_by_researcher,2.5963000000000003,0.6406009446205942,1.955699055379406
2022-09-28,M6_absdev_high_confidence,RQI_DII_v1.0,frozen_confirmed_by_researcher,0.39530000000000004,0.6250136029885027,-0.22971360298850269
2022-09-29,M6_absdev_high_confidence,RQI_DII_v1.0,frozen_confirmed_by_researcher,0.9021,0.60096752554049,0.30113247445950997
2022-09-30,M6_absdev_high_confidence,RQI_DII_v1.0,frozen_confirmed_by_researcher,0.9009,0.5771008964886661,0.3237991035113339
2022-10-01,M6_absdev_high_confidence,RQI_DII_v1.0,frozen_confirmed_by_researcher,0.0595,0.512338598370718,-0.45283859837071805
2022-10-02,M6_absdev_high_confidence,RQI_DII_v1.0,frozen_confirmed_by_researcher,0.0,0.50082618146633,-0.50082618146633
2022-10-03,M6_absdev_high_confidence,RQI_DII_v1.0,frozen_confirmed_by_researcher,0.40240000000000004,0.4923025076081018,-0.08990250760810176
2022-10-04,M6_absdev_high_confidence,RQI_DII_v1.0,frozen_confirmed_by_researcher,0.2173,0.4738819092639659,-0.2565819092639659
2022-10-05,M6_absdev_high_confidence,RQI_DII_v1.0,frozen_confirmed_by_researcher,0.8351000000000001,0.4411449558404854,0.39395504415951466
2022-10-06,M6_absdev_high_confidence,RQI_DII_v1.0,frozen_confirmed_by_researcher,0.30960000000000004,0.41825005811796956,-0.10865005811796952
2022-10-07,M6_absdev_high_confidence,RQI_DII_v1.0,frozen_confirmed_by_researcher,0.0,0.39844341362241664,-0.39844341362241664
2022-10-08,M6_absdev_high_confidence,RQI_DII_v1.0,frozen_confirmed_by_researcher,1.0,0.38250547031645965,0.6174945296835403
2022-10-09,M6_absdev_high_confidence,RQI_DII_v1.0,frozen_confirmed_by_researcher,0.4588,0.369391819818631,0.08940818018136898
2022-10-10,M6_absdev_high_confidence,RQI_DII_v1.0,frozen_confirmed_by_researcher,0.2082,0.3580671601368408,-0.14986716013684082
2022-10-11,M6_absdev_high_confidence,RQI_DII_v1.0,frozen_confirmed_by_researcher,0.3506,0.3436992740704241,0.006900725929575913
2022-10-12,M6_absdev_high_confidence,RQI_DII_v1.0,frozen_confirmed_by_researcher,0.4421,0.32975836546318504,0.11234163453681495
2022-10-13,M6_absdev_high_confidence,RQI_DII_v1.0,frozen_confirmed_by_researcher,0.0,0.31131851553448797,-0.31131851553448797
2022-10-14,M6_absdev_high_confidence,RQI_DII_v1.0,frozen_confirmed_by_researcher,0.0,0.283309790941054,-0.283309790941054
2022-10-15,M6_absdev_high_confidence,RQI_DII_v1.0,frozen_confirmed_by_researcher,0.7149,0.25603977015888546,0.4588602298411145
2022-10-16,M6_absdev_high_confidence,RQI_DII_v1.0,frozen_confirmed_by_researcher,0.2598,0.24426025832635645,0.015539741673643526
2022-10-17,M6_absdev_high_confidence,RQI_DII_v1.0,frozen_confirmed_by_researcher,0.038,0.23286333313857455,-0.19486333313857454
2022-10-18,M6_absdev_high_confidence,RQI_DII_v1.0,frozen_confirmed_by_researcher,0.38680000000000003,0.21150996765933883,0.1752900323406612
2022-10-19,M6_absdev_high_confidence,RQI_DII_v1.0,frozen_confirmed_by_researcher,0.0797,0.19021906618873174,-0.11051906618873175
2022-10-20,M6_absdev_high_confidence,RQI_DII_v1.0,frozen_confirmed_by_researcher,0.4422,0.16985697024185953,0.27234302975814045
2022-10-21,M6_absdev_high_confidence,RQI_DII_v1.0,frozen_confirmed_by_researcher,0.041999999999999996,0.13899191316939863,-0.09699191316939863
2022-10-22,M6_absdev_high_confidence,RQI_DII_v1.0,frozen_confirmed_by_researcher,1.6963,0.12496652068990244,1.5713334793100975
2022-10-23,M6_absdev_high_confidence,RQI_DII_v1.0,frozen_confirmed_by_researcher,0.0,0.11658749884723818,-0.11658749884723818
2022-10-24,M6_absdev_high_confidence,RQI_DII_v1.0,frozen_confirmed_by_researcher,0.9390000000000001,0.10579774075747395,0.8332022592425261
2022-10-25,M6_absdev_high_confidence,RQI_DII_v1.0,frozen_confirmed_by_researcher,0.0753,0.6023484041770857,-0.5270484041770856
2022-10-26,M6_absdev_high_confidence,RQI_DII_v1.0,frozen_confirmed_by_researcher,0.1484,0.5917118830319907,-0.44331188303199076
2022-10-27,M6_absdev_high_confidence,RQI_DII_v1.0,frozen_confirmed_by_researcher,0.0,0.582319199567884,-0.582319199567884
2022-10-28,M6_absdev_high_confidence,RQI_DII_v1.0,frozen_confirmed_by_researcher,0.8449,0.5718064132815357,0.2730935867184643
2022-10-29,M6_absdev_high_confidence,RQI_DII_v1.0,frozen_confirmed_by_researcher,0.5363,0.5551617921232506,-0.018861792123250565
2022-10-30,M6_absdev_high_confidence,RQI_DII_v1.0,frozen_confirmed_by_researcher,0.3883,0.541659193172201,-0.15335919317220104
2022-10-31,M6_absdev_high_confidence,RQI_DII_v1.0,frozen_confirmed_by_researcher,0.3169,0.5298912212515035,-0.21299122125150344
2022-11-01,M6_absdev_high_confidence,RQI_DII_v1.0,frozen_confirmed_by_researcher,0.0,0.5062736296782404,-0.5062736296782404
2022-11-02,M6_absdev_high_confidence,RQI_DII_v1.0,frozen_confirmed_by_researcher,0.5412,0.47557404771614387,0.06562595228385615
2022-11-03,M6_absdev_high_confidence,RQI_DII_v1.0,frozen_confirmed_by_researcher,0.2311,0.4414788074561855,-0.2103788074561855
2022-11-04,M6_absdev_high_confidence,RQI_DII_v1.0,frozen_confirmed_by_researcher,0.0216,0.40893061360378624,-0.38733061360378623
2022-11-05,M6_absdev_high_confidence,RQI_DII_v1.0,frozen_confirmed_by_researcher,0.0073,0.39869532263186613,-0.39139532263186616
2022-11-06,M6_absdev_high_confidence,RQI_DII_v1.0,frozen_confirmed_by_researcher,0.9762000000000001,2.7652630704430763,-1.7890630704430763
2022-11-07,M6_absdev_high_confidence,RQI_DII_v1.0,frozen_confirmed_by_researcher,0.1333,2.771201857542657,-2.6379018575426567
2022-11-08,M6_absdev_high_confidence,RQI_DII_v1.0,frozen_confirmed_by_researcher,0.8080999999999999,2.7970413278814448,-1.9889413278814447
2022-11-09,M6_absdev_high_confidence,RQI_DII_v1.0,frozen_confirmed_by_researcher,0.8611,2.768968248784269,-1.9078682487842689
2022-11-10,M6_absdev_high_confidence,RQI_DII_v1.0,frozen_confirmed_by_researcher,12.045599999999999,2.762047018837322,9.283552981162677
2022-11-11,M6_absdev_high_confidence,RQI_DII_v1.0,frozen_confirmed_by_researcher,1.6746,2.7793971059042377,-1.1047971059042376
2022-11-12,M6_absdev_high_confidence,RQI_DII_v1.0,frozen_confirmed_by_researcher,10.2976,2.79130186075394,7.506298139246059
2022-11-13,M6_absdev_high_confidence,RQI_DII_v1.0,frozen_confirmed_by_researcher,3.0311999999999997,2.7865164730098044,0.24468352699019524
2022-11-14,M6_absdev_high_confidence,RQI_DII_v1.0,frozen_confirmed_by_researcher,4.1428,2.7736226164274385,1.3691773835725618
2022-11-15,M6_absdev_high_confidence,RQI_DII_v1.0,frozen_confirmed_by_researcher,2.875,2.764290085189181,0.11070991481081904
2022-11-16,M6_absdev_high_confidence,RQI_DII_v1.0,frozen_confirmed_by_researcher,2.9200999999999997,2.767114767773151,0.15298523222684857
2022-11-17,M6_absdev_high_confidence,RQI_DII_v1.0,frozen_confirmed_by_researcher,0.8248,2.753952074585847,-1.9291520745858468
2022-11-18,M6_absdev_high_confidence,RQI_DII_v1.0,frozen_confirmed_by_researcher,0.0104,2.7313370039803857,-2.7209370039803855
2022-11-19,M6_absdev_high_confidence,RQI_DII_v1.0,frozen_confirmed_by_researcher,0.0,2.7329362768775454,-2.7329362768775454
2022-11-20,M6_absdev_high_confidence,RQI_DII_v1.0,frozen_confirmed_by_researcher,0.8682,2.7240102134476345,-1.8558102134476346
2022-11-21,M6_absdev_high_confidence,RQI_DII_v1.0,frozen_confirmed_by_researcher,1.8009,0.33429487144774583,1.4666051285522541
2022-11-22,M6_absdev_high_confidence,RQI_DII_v1.0,frozen_confirmed_by_researcher,2.6976,0.7224080167424418,1.9751919832575582
2022-11-23,M6_absdev_high_confidence,RQI_DII_v1.0,frozen_confirmed_by_researcher,0.3982,0.7118310519362439,-0.31363105193624385
2022-11-24,M6_absdev_high_confidence,RQI_DII_v1.0,frozen_confirmed_by_researcher,1.2782,0.6869841705556183,0.5912158294443817
2022-11-25,M6_absdev_high_confidence,RQI_DII_v1.0,frozen_confirmed_by_researcher,0.1927,0.6845574734311626,-0.4918574734311626
2022-11-26,M6_absdev_high_confidence,RQI_DII_v1.0,frozen_confirmed_by_researcher,1.6916000000000002,0.671222868413146,1.0203771315868542
2022-11-27,M6_absdev_high_confidence,RQI_DII_v1.0,frozen_confirmed_by_researcher,0.7417,0.6682977987637955,0.07340220123620456
2022-11-28,M6_absdev_high_confidence,RQI_DII_v1.0,frozen_confirmed_by_researcher,1.5294,0.6633804031232913,0.8660195968767088
2022-11-29,M6_absdev_high_confidence,RQI_DII_v1.0,frozen_confirmed_by_researcher,0.8682,0.628178675472931,0.24002132452706892
2022-11-30,M6_absdev_high_confidence,RQI_DII_v1.0,frozen_confirmed_by_researcher,1.0096,0.5997388568869013,0.40986114311309874
2022-12-01,M6_absdev_high_confidence,RQI_DII_v1.0,frozen_confirmed_by_researcher,0.08929999999999999,0.5853022768141827,-0.4960022768141827
2022-12-02,M6_absdev_high_confidence,RQI_DII_v1.0,frozen_confirmed_by_researcher,0.16949999999999998,0.5672542476129294,-0.39775424761292943
2022-12-03,M6_absdev_high_confidence,RQI_DII_v1.0,frozen_confirmed_by_researcher,0.0,0.5625340507379022,-0.5625340507379022
2022-12-04,M6_absdev_high_confidence,RQI_DII_v1.0,frozen_confirmed_by_researcher,0.7566,0.5564315093784273,0.20016849062157271
2022-12-05,M6_absdev_high_confidence,RQI_DII_v1.0,frozen_confirmed_by_researcher,0.0078000000000000005,0.5511050795601804,-0.5433050795601804
2022-12-06,M6_absdev_high_confidence,RQI_DII_v1.0,frozen_confirmed_by_researcher,0.0,0.5263907620538788,-0.5263907620538788
2022-12-07,M6_absdev_high_confidence,RQI_DII_v1.0,frozen_confirmed_by_researcher,0.3085,0.5086639451896886,-0.2001639451896886
2022-12-08,M6_absdev_high_confidence,RQI_DII_v1.0,frozen_confirmed_by_researcher,0.17989999999999998,0.487534162685229,-0.30763416268522903
2022-12-09,M6_absdev_high_confidence,RQI_DII_v1.0,frozen_confirmed_by_researcher,0.2626,0.47446251274703144,-0.21186251274703144
2022-12-10,M6_absdev_high_confidence,RQI_DII_v1.0,frozen_confirmed_by_researcher,0.7462,0.4610562562737357,0.2851437437262643
2022-12-11,M6_absdev_high_confidence,RQI_DII_v1.0,frozen_confirmed_by_researcher,0.0947,0.4518039779767875,-0.3571039779767875
2022-12-12,M6_absdev_high_confidence,RQI_DII_v1.0,frozen_confirmed_by_researcher,0.5607,0.4410661833992364,0.11963381660076355
2022-12-13,M6_absdev_high_confidence,RQI_DII_v1.0,frozen_confirmed_by_researcher,0.031200000000000002,0.4191661056882481,-0.3879661056882481
2022-12-14,M6_absdev_high_confidence,RQI_DII_v1.0,frozen_confirmed_by_researcher,0.0,0.524228148759164,-0.524228148759164
2022-12-15,M6_absdev_high_confidence,RQI_DII_v1.0,frozen_confirmed_by_researcher,0.3239,0.5157069414440585,-0.19180694144405847
2022-12-16,M6_absdev_high_confidence,RQI_DII_v1.0,frozen_confirmed_by_researcher,0.3671,0.499490656561278,-0.13239065656127802
2022-12-17,M6_absdev_high_confidence,RQI_DII_v1.0,frozen_confirmed_by_researcher,0.5147,0.4779702421257639,0.03672975787423616
2022-12-18,M6_absdev_high_confidence,RQI_DII_v1.0,frozen_confirmed_by_researcher,1.0524,0.46872064775413946,0.5836793522458605
2022-12-19,M6_absdev_high_confidence,RQI_DII_v1.0,frozen_confirmed_by_researcher,0.3606,0.45889421330907965,-0.09829421330907967
2022-12-20,M6_absdev_high_confidence,RQI_DII_v1.0,frozen_confirmed_by_researcher,0.571,0.43109305267130793,0.13990694732869202
2022-12-21,M6_absdev_high_confidence,RQI_DII_v1.0,frozen_confirmed_by_researcher,0.0577,0.4169965057938896,-0.3592965057938896
2022-12-22,M6_absdev_high_confidence,RQI_DII_v1.0,frozen_confirmed_by_researcher,0.0479,0.9404317962157052,-0.8925317962157051
2022-12-23,M6_absdev_high_confidence,RQI_DII_v1.0,frozen_confirmed_by_researcher,0.33009999999999995,0.9262110394361542,-0.5961110394361543
2022-12-24,M6_absdev_high_confidence,RQI_DII_v1.0,frozen_confirmed_by_researcher,2.1706000000000003,0.9126248815417668,1.2579751184582335
2022-12-25,M6_absdev_high_confidence,RQI_DII_v1.0,frozen_confirmed_by_researcher,0.6642,0.9075337062677775,-0.2433337062677775
2022-12-26,M6_absdev_high_confidence,RQI_DII_v1.0,frozen_confirmed_by_researcher,3.83,0.901126080447824,2.928873919552176
2022-12-27,M6_absdev_high_confidence,RQI_DII_v1.0,frozen_confirmed_by_researcher,1.0551,0.894232941697382,0.16086705830261794
2022-12-28,M6_absdev_high_confidence,RQI_DII_v1.0,frozen_confirmed_by_researcher,0.2289,0.869652296817577,-0.6407522968175771
2022-12-29,M6_absdev_high_confidence,RQI_DII_v1.0,frozen_confirmed_by_researcher,0.6625,0.8692151966201891,-0.2067151966201891
2022-12-30,M6_absdev_high_confidence,RQI_DII_v1.0,frozen_confirmed_by_researcher,0.6057,0.8604053764076838,-0.25470537640768376
2022-12-31,M6_absdev_high_confidence,RQI_DII_v1.0,frozen_confirmed_by_researcher,0.42169999999999996,0.8523294392304237,-0.43062943923042374
2023-01-01,M6_absdev_high_confidence,RQI_DII_v1.0,frozen_confirmed_by_researcher,2.4048,0.8423279196565048,1.562472080343495
2023-01-02,M6_absdev_high_confidence,RQI_DII_v1.0,frozen_confirmed_by_researcher,4.1658,0.8337177849892186,3.3320822150107814
2023-01-03,M6_absdev_high_confidence,RQI_DII_v1.0,frozen_confirmed_by_researcher,0.8502,0.8271306855835903,0.023069314416409692
2023-01-04,M6_absdev_high_confidence,RQI_DII_v1.0,frozen_confirmed_by_researcher,0.0,0.7918091213980887,-0.7918091213980887
2023-01-05,M6_absdev_high_confidence,RQI_DII_v1.0,frozen_confirmed_by_researcher,0.9265,0.7783584193892352,0.14814158061076477
2023-01-06,M6_absdev_high_confidence,RQI_DII_v1.0,frozen_confirmed_by_researcher,0.5836,0.7485897479783503,-0.1649897479783503
2023-01-07,M6_absdev_high_confidence,RQI_DII_v1.0,frozen_confirmed_by_researcher,1.2625,0.7358990596568162,0.5266009403431837
2023-01-08,M6_absdev_high_confidence,RQI_DII_v1.0,frozen_confirmed_by_researcher,1.4,0.7300462948611255,0.6699537051388744
2023-01-09,M6_absdev_high_confidence,RQI_DII_v1.0,frozen_confirmed_by_researcher,0.0,0.7251989686075291,-0.7251989686075291
2023-01-10,M6_absdev_high_confidence,RQI_DII_v1.0,frozen_confirmed_by_researcher,0.2497,0.6980089142945403,-0.44830891429454023
2023-01-11,M6_absdev_high_confidence,RQI_DII_v1.0,frozen_confirmed_by_researcher,0.0,0.6899419051174718,-0.6899419051174718
2023-01-12,M6_absdev_high_confidence,RQI_DII_v1.0,frozen_confirmed_by_researcher,0.0,0.6844754704636387,-0.6844754704636387
2023-01-13,M6_absdev_high_confidence,RQI_DII_v1.0,frozen_confirmed_by_researcher,0.0,0.678721846194712,-0.678721846194712
2023-01-14,M6_absdev_high_confidence,RQI_DII_v1.0,frozen_confirmed_by_researcher,0.3,0.6456465037423627,-0.34564650374236267
2023-01-15,M6_absdev_high_confidence,RQI_DII_v1.0,frozen_confirmed_by_researcher,0.2,0.6452376525045764,-0.4452376525045764
2023-01-16,M6_absdev_high_confidence,RQI_DII_v1.0,frozen_confirmed_by_researcher,0.0,0.6437779591466395,-0.6437779591466395
2023-01-17,M6_absdev_high_confidence,RQI_DII_v1.0,frozen_confirmed_by_researcher,0.3,0.6297864835861375,-0.32978648358613755
2023-01-18,M6_absdev_high_confidence,RQI_DII_v1.0,frozen_confirmed_by_researcher,0.3017,0.6059951436941944,-0.30429514369419436
2023-01-19,M6_absdev_high_confidence,RQI_DII_v1.0,frozen_confirmed_by_researcher,0.5,0.5731576480937548,-0.0731576480937548
2023-01-20,M6_absdev_high_confidence,RQI_DII_v1.0,frozen_confirmed_by_researcher,0.0848,0.5567767771814474,-0.47197677718144737
2023-01-21,M6_absdev_high_confidence,RQI_DII_v1.0,frozen_confirmed_by_researcher,4.75,0.5543850205673522,4.195614979432648
2023-01-22,M6_absdev_high_confidence,RQI_DII_v1.0,frozen_confirmed_by_researcher,0.0,0.5513690521826504,-0.5513690521826504
2023-01-23,M6_absdev_high_confidence,RQI_DII_v1.0,frozen_confirmed_by_researcher,0.3322,0.5464895422918659,-0.21428954229186586
2023-01-24,M6_absdev_high_confidence,RQI_DII_v1.0,frozen_confirmed_by_researcher,1.0,0.5349209676979143,0.4650790323020857
2023-01-25,M6_absdev_high_confidence,RQI_DII_v1.0,frozen_confirmed_by_researcher,3.8000000000000003,1.0284634739801604,2.77153652601984
2023-01-26,M6_absdev_high_confidence,RQI_DII_v1.0,frozen_confirmed_by_researcher,0.0,1.0128146179864004,-1.0128146179864004
2023-01-27,M6_absdev_high_confidence,RQI_DII_v1.0,frozen_confirmed_by_researcher,0.0,0.9902113326392694,-0.9902113326392694
2023-01-28,M6_absdev_high_confidence,RQI_DII_v1.0,frozen_confirmed_by_researcher,0.4576,0.9682141463771714,-0.5106141463771714
2023-01-29,M6_absdev_high_confidence,RQI_DII_v1.0,frozen_confirmed_by_researcher,0.3,0.9585979023598199,-0.6585979023598199
2023-01-30,M6_absdev_high_confidence,RQI_DII_v1.0,frozen_confirmed_by_researcher,2.0181999999999998,0.9417705940102437,1.0764294059897561
2023-01-31,M6_absdev_high_confidence,RQI_DII_v1.0,frozen_confirmed_by_researcher,0.5545,0.9113380963855491,-0.3568380963855491
2023-02-01,M6_absdev_high_confidence,RQI_DII_v1.0,frozen_confirmed_by_researcher,2.872,0.8867299947412448,1.985270005258755
2023-02-02,M6_absdev_high_confidence,RQI_DII_v1.0,frozen_confirmed_by_researcher,0.0,0.8750700599240631,-0.8750700599240631
2023-02-03,M6_absdev_high_confidence,RQI_DII_v1.0,frozen_confirmed_by_researcher,0.1,0.8663008739067735,-0.7663008739067735
2023-02-04,M6_absdev_high_confidence,RQI_DII_v1.0,frozen_confirmed_by_researcher,0.0,0.8335696612486174,-0.8335696612486174
2023-02-05,M6_absdev_high_confidence,RQI_DII_v1.0,frozen_confirmed_by_researcher,0.2,0.8211190178299432,-0.6211190178299433
2023-02-06,M6_absdev_high_confidence,RQI_DII_v1.0,frozen_confirmed_by_researcher,0.3298,0.81264246232044,-0.48284246232044004
2023-02-07,M6_absdev_high_confidence,RQI_DII_v1.0,frozen_confirmed_by_researcher,1.0,0.7940730296666771,0.20592697033332286
2023-02-08,M6_absdev_high_confidence,RQI_DII_v1.0,frozen_confirmed_by_researcher,0.0,0.7745203067597259,-0.7745203067597259
2023-02-09,M6_absdev_high_confidence,RQI_DII_v1.0,frozen_confirmed_by_researcher,1.8347,0.755458101203466,1.079241898796534
2023-02-10,M6_absdev_high_confidence,RQI_DII_v1.0,frozen_confirmed_by_researcher,0.0,0.7430113710578397,-0.7430113710578397
2023-02-11,M6_absdev_high_confidence,RQI_DII_v1.0,frozen_confirmed_by_researcher,0.0,0.7255096670234664,-0.7255096670234664
2023-02-12,M6_absdev_high_confidence,RQI_DII_v1.0,frozen_confirmed_by_researcher,0.0,0.7108065414658924,-0.7108065414658924
2023-02-13,M6_absdev_high_confidence,RQI_DII_v1.0,frozen_confirmed_by_researcher,0.0,0.696025550291516,-0.696025550291516
2023-02-14,M6_absdev_high_confidence,RQI_DII_v1.0,frozen_confirmed_by_researcher,2.0042,0.6718481567039447,1.3323518432960553
2023-02-15,M6_absdev_high_confidence,RQI_DII_v1.0,frozen_confirmed_by_researcher,0.38439999999999996,0.6645697949318361,-0.28016979493183614
2023-02-16,M6_absdev_high_confidence,RQI_DII_v1.0,frozen_confirmed_by_researcher,0.7952,0.675122939947677,0.12007706005232299
2023-02-17,M6_absdev_high_confidence,RQI_DII_v1.0,frozen_confirmed_by_researcher,0.2,0.6725176899773473,-0.4725176899773473
2023-02-18,M6_absdev_high_confidence,RQI_DII_v1.0,frozen_confirmed_by_researcher,0.1156,0.6729989680747508,-0.5573989680747508
2023-02-19,M6_absdev_high_confidence,RQI_DII_v1.0,frozen_confirmed_by_researcher,0.5769,0.6598308880990729,-0.0829308880990729
2023-02-20,M6_absdev_high_confidence,RQI_DII_v1.0,frozen_confirmed_by_researcher,0.0,0.6508481215911814,-0.6508481215911814
2023-02-21,M6_absdev_high_confidence,RQI_DII_v1.0,frozen_confirmed_by_researcher,0.6,0.6427150567431283,-0.042715056743128366
2023-02-22,M6_absdev_high_confidence,RQI_DII_v1.0,frozen_confirmed_by_researcher,0.2764,0.6387482935137783,-0.3623482935137783
2023-02-23,M6_absdev_high_confidence,RQI_DII_v1.0,frozen_confirmed_by_researcher,1.05,0.6288053047937652,0.42119469520623487
2023-02-24,M6_absdev_high_confidence,RQI_DII_v1.0,frozen_confirmed_by_researcher,0.0492,0.6239732392278583,-0.5747732392278583
2023-02-25,M6_absdev_high_confidence,RQI_DII_v1.0,frozen_confirmed_by_researcher,0.9,0.6245308439109394,0.27546915608906064
2023-02-26,M6_absdev_high_confidence,RQI_DII_v1.0,frozen_confirmed_by_researcher,1.0,0.6167162446308865,0.3832837553691135
2023-02-27,M6_absdev_high_confidence,RQI_DII_v1.0,frozen_confirmed_by_researcher,0.4702,0.607568904265662,-0.137368904265662
2023-02-28,M6_absdev_high_confidence,RQI_DII_v1.0,frozen_confirmed_by_researcher,0.46780000000000005,0.5948213416391255,-0.12702134163912543
2023-03-01,M6_absdev_high_confidence,RQI_DII_v1.0,frozen_confirmed_by_researcher,1.3871,0.5773448457336059,0.8097551542663941
