date,stablecoin,issuer,gecko_id,defillama_asset_id,price_usd,peg_dev,abs_peg_dev,tail_depeg_50bp,tail_depeg_100bp,downside_depeg_50bp,downside_depeg_100bp,premium_50bp,circulating_face_usd,market_cap_usd_est,active_chains_with_supply,market_stress_flag,market_stress_window_ids,market_stress_types,source_price,source_supply,access_date,rule_version,rule_status,provisional_flag,provisional_reason,latest_disclosure_event_id,latest_disclosure_report_date,latest_disclosure_publication_date,days_since_disclosure,stale_disclosure_45d,report_to_publication_lag_days,pilot_rqi_asof,pilot_dii_asof,disclosure_rule_version_asof,disclosure_rule_status_asof,disclosure_asset_confidence_asof,disclosure_manual_review_required_asof,stress_regime_asof,asof_merge_rule,coding_status
2022-01-01,USDC,Circle,usd-coin,2,1.000430619,0.000430619,0.000430619,0,0,0,0,0,37776898856.00,37793166307.12,16,0,,normal,DeFiLlama stablecoinprices,DeFiLlama stablecoin/{asset},2026-05-22,RQI_DII_v1.0,frozen_confirmed_by_researcher,1,market_abnormal_price_qc_pending,,,,,,,,,,,,,,latest publication_date <= market date,rules_frozen_v1_0_market_qc_pending
2022-01-02,USDC,Circle,usd-coin,2,1.0049661491,0.0049661491,0.0049661491,0,0,0,0,0,37424988859.00,37610846934.16,16,0,,normal,DeFiLlama stablecoinprices,DeFiLlama stablecoin/{asset},2026-05-22,RQI_DII_v1.0,frozen_confirmed_by_researcher,1,market_abnormal_price_qc_pending,,,,,,,,,,,,,,latest publication_date <= market date,rules_frozen_v1_0_market_qc_pending
2022-01-03,USDC,Circle,usd-coin,2,1.0003279954,0.0003279954,0.0003279954,0,0,0,0,0,37565087226.00,37577408401.41,16,0,,normal,DeFiLlama stablecoinprices,DeFiLlama stablecoin/{asset},2026-05-22,RQI_DII_v1.0,frozen_confirmed_by_researcher,1,market_abnormal_price_qc_pending,,,,,,,,,,,,,,latest publication_date <= market date,rules_frozen_v1_0_market_qc_pending
2022-01-04,USDC,Circle,usd-coin,2,1.0008293667,0.0008293667,0.0008293667,0,0,0,0,0,37565985268.00,37597141246.44,16,0,,normal,DeFiLlama stablecoinprices,DeFiLlama stablecoin/{asset},2026-05-22,RQI_DII_v1.0,frozen_confirmed_by_researcher,1,market_abnormal_price_qc_pending,,,,,,,,,,,,,,latest publication_date <= market date,rules_frozen_v1_0_market_qc_pending
2022-01-05,USDC,Circle,usd-coin,2,0.9998077876,-0.0001922124,0.0001922124,0,0,0,0,0,37524581819.00,37517369128.38,16,0,,normal,DeFiLlama stablecoinprices,DeFiLlama stablecoin/{asset},2026-05-22,RQI_DII_v1.0,frozen_confirmed_by_researcher,1,market_abnormal_price_qc_pending,,,,,,,,,,,,,,latest publication_date <= market date,rules_frozen_v1_0_market_qc_pending
2022-01-06,USDC,Circle,usd-coin,2,1.0015449557,0.0015449557,0.0015449557,0,0,0,0,0,37793861866.00,37852251706.75,17,0,,normal,DeFiLlama stablecoinprices,DeFiLlama stablecoin/{asset},2026-05-22,RQI_DII_v1.0,frozen_confirmed_by_researcher,1,market_abnormal_price_qc_pending,,,,,,,,,,,,,,latest publication_date <= market date,rules_frozen_v1_0_market_qc_pending
2022-01-07,USDC,Circle,usd-coin,2,1.0005977338,0.0005977338,0.0005977338,0,0,0,0,0,37996569298.00,38019281131.32,17,0,,normal,DeFiLlama stablecoinprices,DeFiLlama stablecoin/{asset},2026-05-22,RQI_DII_v1.0,frozen_confirmed_by_researcher,1,market_abnormal_price_qc_pending,,,,,,,,,,,,,,latest publication_date <= market date,rules_frozen_v1_0_market_qc_pending
2022-01-08,USDC,Circle,usd-coin,2,1.0022072715,0.0022072715,0.0022072715,0,0,0,0,0,38229047250.00,38313429135.68,17,0,,normal,DeFiLlama stablecoinprices,DeFiLlama stablecoin/{asset},2026-05-22,RQI_DII_v1.0,frozen_confirmed_by_researcher,1,market_abnormal_price_qc_pending,,,,,,,,,,,,,,latest publication_date <= market date,rules_frozen_v1_0_market_qc_pending
2022-01-09,USDC,Circle,usd-coin,2,0.9994029448,-0.0005970552,0.0005970552,0,0,0,0,0,38334950637.00,38312062557.09,17,0,,normal,DeFiLlama stablecoinprices,DeFiLlama stablecoin/{asset},2026-05-22,RQI_DII_v1.0,frozen_confirmed_by_researcher,1,market_abnormal_price_qc_pending,,,,,,,,,,,,,,latest publication_date <= market date,rules_frozen_v1_0_market_qc_pending
2022-01-10,USDC,Circle,usd-coin,2,1.0005933471,0.0005933471,0.0005933471,0,0,0,0,0,38232201267.00,38254886232.04,17,0,,normal,DeFiLlama stablecoinprices,DeFiLlama stablecoin/{asset},2026-05-22,RQI_DII_v1.0,frozen_confirmed_by_researcher,1,market_abnormal_price_qc_pending,,,,,,,,,,,,,,latest publication_date <= market date,rules_frozen_v1_0_market_qc_pending
2022-01-11,USDC,Circle,usd-coin,2,1.0007153854,0.0007153854,0.0007153854,0,0,0,0,0,38434537009.00,38462032514.52,17,0,,normal,DeFiLlama stablecoinprices,DeFiLlama stablecoin/{asset},2026-05-22,RQI_DII_v1.0,frozen_confirmed_by_researcher,1,market_abnormal_price_qc_pending,,,,,,,,,,,,,,latest publication_date <= market date,rules_frozen_v1_0_market_qc_pending
2022-01-12,USDC,Circle,usd-coin,2,0.9998590607,-0.0001409393,0.0001409393,0,0,0,0,0,38654990719.00,38649542711.66,18,0,,normal,DeFiLlama stablecoinprices,DeFiLlama stablecoin/{asset},2026-05-22,RQI_DII_v1.0,frozen_confirmed_by_researcher,1,market_abnormal_price_qc_pending,,,,,,,,,,,,,,latest publication_date <= market date,rules_frozen_v1_0_market_qc_pending
2022-01-13,USDC,Circle,usd-coin,2,1.0014087269,0.0014087269,0.0014087269,0,0,0,0,0,39005413769.00,39060361746.04,18,0,,normal,DeFiLlama stablecoinprices,DeFiLlama stablecoin/{asset},2026-05-22,RQI_DII_v1.0,frozen_confirmed_by_researcher,1,market_abnormal_price_qc_pending,,,,,,,,,,,,,,latest publication_date <= market date,rules_frozen_v1_0_market_qc_pending
2022-01-14,USDC,Circle,usd-coin,2,1.000221484,0.000221484,0.000221484,0,0,0,0,0,39285926239.00,39294627441.15,18,0,,normal,DeFiLlama stablecoinprices,DeFiLlama stablecoin/{asset},2026-05-22,RQI_DII_v1.0,frozen_confirmed_by_researcher,1,market_abnormal_price_qc_pending,,,,,,,,,,,,,,latest publication_date <= market date,rules_frozen_v1_0_market_qc_pending
2022-01-15,USDC,Circle,usd-coin,2,1.0008576323,0.0008576323,0.0008576323,0,0,0,0,0,39540266490.00,39574177498.29,18,0,,normal,DeFiLlama stablecoinprices,DeFiLlama stablecoin/{asset},2026-05-22,RQI_DII_v1.0,frozen_confirmed_by_researcher,1,market_abnormal_price_qc_pending,,,,,,,,,,,,,,latest publication_date <= market date,rules_frozen_v1_0_market_qc_pending
2022-01-16,USDC,Circle,usd-coin,2,1.000121237,0.000121237,0.000121237,0,0,0,0,0,39546736355.00,39551530881.71,18,0,,normal,DeFiLlama stablecoinprices,DeFiLlama stablecoin/{asset},2026-05-22,RQI_DII_v1.0,frozen_confirmed_by_researcher,1,market_abnormal_price_qc_pending,,,,,,,,,,,,,,latest publication_date <= market date,rules_frozen_v1_0_market_qc_pending
2022-01-17,USDC,Circle,usd-coin,2,0.9997303949,-0.0002696051,0.0002696051,0,0,0,0,0,39618943928.00,39608262460.08,18,0,,normal,DeFiLlama stablecoinprices,DeFiLlama stablecoin/{asset},2026-05-22,RQI_DII_v1.0,frozen_confirmed_by_researcher,1,market_abnormal_price_qc_pending,,,,,,,,,,,,,,latest publication_date <= market date,rules_frozen_v1_0_market_qc_pending
2022-01-18,USDC,Circle,usd-coin,2,1.0024061834,0.0024061834,0.0024061834,0,0,0,0,0,39731580655.00,39827182124.32,18,0,,normal,DeFiLlama stablecoinprices,DeFiLlama stablecoin/{asset},2026-05-22,RQI_DII_v1.0,frozen_confirmed_by_researcher,1,market_abnormal_price_qc_pending,,,,,,,,,,,,,,latest publication_date <= market date,rules_frozen_v1_0_market_qc_pending
2022-01-19,USDC,Circle,usd-coin,2,0.9996010732,-0.0003989268,0.0003989268,0,0,0,0,0,39996179257.00,39980223709.43,18,0,,normal,DeFiLlama stablecoinprices,DeFiLlama stablecoin/{asset},2026-05-22,RQI_DII_v1.0,frozen_confirmed_by_researcher,1,market_abnormal_price_qc_pending,,,,,,,,,,,,,,latest publication_date <= market date,rules_frozen_v1_0_market_qc_pending
2022-01-20,USDC,Circle,usd-coin,2,0.9987928148,-0.0012071852,0.0012071852,0,0,0,0,0,40311298005.00,40262634804.32,18,0,,normal,DeFiLlama stablecoinprices,DeFiLlama stablecoin/{asset},2026-05-22,RQI_DII_v1.0,frozen_confirmed_by_researcher,1,market_abnormal_price_qc_pending,,,,,,,,,,,,,,latest publication_date <= market date,rules_frozen_v1_0_market_qc_pending
2022-01-21,USDC,Circle,usd-coin,2,1.0002063531,0.0002063531,0.0002063531,0,0,0,0,0,40562399718.00,40570769896.74,18,0,,normal,DeFiLlama stablecoinprices,DeFiLlama stablecoin/{asset},2026-05-22,RQI_DII_v1.0,frozen_confirmed_by_researcher,1,market_abnormal_price_qc_pending,,,,,,,,,,,,,,latest publication_date <= market date,rules_frozen_v1_0_market_qc_pending
2022-01-22,USDC,Circle,usd-coin,2,1.002901645,0.002901645,0.002901645,0,0,0,0,0,41360220459.00,41480233134.61,18,0,,normal,DeFiLlama stablecoinprices,DeFiLlama stablecoin/{asset},2026-05-22,RQI_DII_v1.0,frozen_confirmed_by_researcher,1,market_abnormal_price_qc_pending,,,,,,,,,,,,,,latest publication_date <= market date,rules_frozen_v1_0_market_qc_pending
2022-01-23,USDC,Circle,usd-coin,2,1.00407974,0.00407974,0.00407974,0,0,0,0,0,41738233083.00,41908514222.59,18,0,,normal,DeFiLlama stablecoinprices,DeFiLlama stablecoin/{asset},2026-05-22,RQI_DII_v1.0,frozen_confirmed_by_researcher,1,market_abnormal_price_qc_pending,,,,,,,,,,,,,,latest publication_date <= market date,rules_frozen_v1_0_market_qc_pending
2022-01-24,USDC,Circle,usd-coin,2,1.0050951569,0.0050951569,0.0050951569,1,0,0,0,1,42043082531.00,42257298633.85,18,0,,normal,DeFiLlama stablecoinprices,DeFiLlama stablecoin/{asset},2026-05-22,RQI_DII_v1.0,frozen_confirmed_by_researcher,1,market_abnormal_price_qc_pending,,,,,,,,,,,,,,latest publication_date <= market date,rules_frozen_v1_0_market_qc_pending
2022-01-25,USDC,Circle,usd-coin,2,1.0009858721,0.0009858721,0.0009858721,0,0,0,0,0,42419394450.00,42461214545.58,18,0,,normal,DeFiLlama stablecoinprices,DeFiLlama stablecoin/{asset},2026-05-22,RQI_DII_v1.0,frozen_confirmed_by_researcher,1,market_abnormal_price_qc_pending,,,,,,,,,,,,,,latest publication_date <= market date,rules_frozen_v1_0_market_qc_pending
2022-01-26,USDC,Circle,usd-coin,2,1.0027546097,0.0027546097,0.0027546097,0,0,0,0,0,42835870097.00,42953866201.40,18,0,,normal,DeFiLlama stablecoinprices,DeFiLlama stablecoin/{asset},2026-05-22,RQI_DII_v1.0,frozen_confirmed_by_researcher,1,market_abnormal_price_qc_pending,,,,,,,,,,,,,,latest publication_date <= market date,rules_frozen_v1_0_market_qc_pending
2022-01-27,USDC,Circle,usd-coin,2,1.000836377,0.000836377,0.000836377,0,0,0,0,0,43319453133.00,43355684529.08,18,0,,normal,DeFiLlama stablecoinprices,DeFiLlama stablecoin/{asset},2026-05-22,RQI_DII_v1.0,frozen_confirmed_by_researcher,1,market_abnormal_price_qc_pending,,,,,,,,,,,,,,latest publication_date <= market date,rules_frozen_v1_0_market_qc_pending
2022-01-28,USDC,Circle,usd-coin,2,1.0025949195,0.0025949195,0.0025949195,0,0,0,0,0,43688077667.00,43801444711.96,18,0,,normal,DeFiLlama stablecoinprices,DeFiLlama stablecoin/{asset},2026-05-22,RQI_DII_v1.0,frozen_confirmed_by_researcher,1,market_abnormal_price_qc_pending,,,,,,,,,,,,,,latest publication_date <= market date,rules_frozen_v1_0_market_qc_pending
2022-01-29,USDC,Circle,usd-coin,2,1.0003506016,0.0003506016,0.0003506016,0,0,0,0,0,43845369287.00,43860741542.50,18,0,,normal,DeFiLlama stablecoinprices,DeFiLlama stablecoin/{asset},2026-05-22,RQI_DII_v1.0,frozen_confirmed_by_researcher,1,market_abnormal_price_qc_pending,,,,,,,,,,,,,,latest publication_date <= market date,rules_frozen_v1_0_market_qc_pending
2022-01-30,USDC,Circle,usd-coin,2,1.0031210946,0.0031210946,0.0031210946,0,0,0,0,0,43973677850.00,44110923858.51,18,0,,normal,DeFiLlama stablecoinprices,DeFiLlama stablecoin/{asset},2026-05-22,RQI_DII_v1.0,frozen_confirmed_by_researcher,1,market_abnormal_price_qc_pending,,,,,,,,,,,,,,latest publication_date <= market date,rules_frozen_v1_0_market_qc_pending
2022-01-31,USDC,Circle,usd-coin,2,1.0007130268,0.0007130268,0.0007130268,0,0,0,0,0,43997451192.00,44028822552.60,18,0,,normal,DeFiLlama stablecoinprices,DeFiLlama stablecoin/{asset},2026-05-22,RQI_DII_v1.0,frozen_confirmed_by_researcher,1,market_abnormal_price_qc_pending,,,,,,,,,,,,,,latest publication_date <= market date,rules_frozen_v1_0_market_qc_pending
2022-02-01,USDC,Circle,usd-coin,2,1.0010944391,0.0010944391,0.0010944391,0,0,0,0,0,44183771010.00,44232127456.26,18,0,,normal,DeFiLlama stablecoinprices,DeFiLlama stablecoin/{asset},2026-05-22,RQI_DII_v1.0,frozen_confirmed_by_researcher,1,market_abnormal_price_qc_pending,,,,,,,,,,,,,,latest publication_date <= market date,rules_frozen_v1_0_market_qc_pending
2022-02-02,USDC,Circle,usd-coin,2,1.0006513882,0.0006513882,0.0006513882,0,0,0,0,0,44414171768.00,44443102634.84,18,0,,normal,DeFiLlama stablecoinprices,DeFiLlama stablecoin/{asset},2026-05-22,RQI_DII_v1.0,frozen_confirmed_by_researcher,1,market_abnormal_price_qc_pending,,,,,,,,,,,,,,latest publication_date <= market date,rules_frozen_v1_0_market_qc_pending
2022-02-03,USDC,Circle,usd-coin,2,1.0008908162,0.0008908162,0.0008908162,0,0,0,0,0,44720601228.00,44760439062.35,18,0,,normal,DeFiLlama stablecoinprices,DeFiLlama stablecoin/{asset},2026-05-22,RQI_DII_v1.0,frozen_confirmed_by_researcher,1,market_abnormal_price_qc_pending,,,,,,,,,,,,,,latest publication_date <= market date,rules_frozen_v1_0_market_qc_pending
2022-02-04,USDC,Circle,usd-coin,2,1.0018205293,0.0018205293,0.0018205293,0,0,0,0,0,45055703809.00,45137729036.73,18,0,,normal,DeFiLlama stablecoinprices,DeFiLlama stablecoin/{asset},2026-05-22,RQI_DII_v1.0,frozen_confirmed_by_researcher,1,market_abnormal_price_qc_pending,,,,,,,,,,,,,,latest publication_date <= market date,rules_frozen_v1_0_market_qc_pending
2022-02-05,USDC,Circle,usd-coin,2,1.0109247319,0.0109247319,0.0109247319,1,1,0,0,1,45102574316.00,45595307850.14,18,0,,normal,DeFiLlama stablecoinprices,DeFiLlama stablecoin/{asset},2026-05-22,RQI_DII_v1.0,frozen_confirmed_by_researcher,1,market_abnormal_price_qc_pending,,,,,,,,,,,,,,latest publication_date <= market date,rules_frozen_v1_0_market_qc_pending
2022-02-06,USDC,Circle,usd-coin,2,0.9984807417,-0.0015192583,0.0015192583,0,0,0,0,0,45193301860.00,45124641561.04,18,0,,normal,DeFiLlama stablecoinprices,DeFiLlama stablecoin/{asset},2026-05-22,RQI_DII_v1.0,frozen_confirmed_by_researcher,1,market_abnormal_price_qc_pending,,,,,,,,,,,,,,latest publication_date <= market date,rules_frozen_v1_0_market_qc_pending
2022-02-07,USDC,Circle,usd-coin,2,1.0016139883,0.0016139883,0.0016139883,0,0,0,0,0,45256724828.00,45329768654.33,18,0,,normal,DeFiLlama stablecoinprices,DeFiLlama stablecoin/{asset},2026-05-22,RQI_DII_v1.0,frozen_confirmed_by_researcher,1,market_abnormal_price_qc_pending,,,,,,,,,,,,,,latest publication_date <= market date,rules_frozen_v1_0_market_qc_pending
2022-02-08,USDC,Circle,usd-coin,2,0.9991344731,-0.0008655269,0.0008655269,0,0,0,0,0,45571607587.00,45532164136.29,18,0,,normal,DeFiLlama stablecoinprices,DeFiLlama stablecoin/{asset},2026-05-22,RQI_DII_v1.0,frozen_confirmed_by_researcher,1,market_abnormal_price_qc_pending,,,,,,,,,,,,,,latest publication_date <= market date,rules_frozen_v1_0_market_qc_pending
2022-02-09,USDC,Circle,usd-coin,2,1.0009916194,0.0009916194,0.0009916194,0,0,0,0,0,45803010019.00,45848429171.81,18,0,,normal,DeFiLlama stablecoinprices,DeFiLlama stablecoin/{asset},2026-05-22,RQI_DII_v1.0,frozen_confirmed_by_researcher,1,market_abnormal_price_qc_pending,,,,,,,,,,,,,,latest publication_date <= market date,rules_frozen_v1_0_market_qc_pending
2022-02-10,USDC,Circle,usd-coin,2,1.0013323797,0.0013323797,0.0013323797,0,0,0,0,0,46034924626.00,46096260626.36,18,0,,normal,DeFiLlama stablecoinprices,DeFiLlama stablecoin/{asset},2026-05-22,RQI_DII_v1.0,frozen_confirmed_by_researcher,1,market_abnormal_price_qc_pending,,,,,,,,,,,,,,latest publication_date <= market date,rules_frozen_v1_0_market_qc_pending
2022-02-11,USDC,Circle,usd-coin,2,1.0019474373,0.0019474373,0.0019474373,0,0,0,0,0,46075497320.00,46165226463.04,18,0,,normal,DeFiLlama stablecoinprices,DeFiLlama stablecoin/{asset},2026-05-22,RQI_DII_v1.0,frozen_confirmed_by_researcher,1,market_abnormal_price_qc_pending,,,,,,,,,,,,,,latest publication_date <= market date,rules_frozen_v1_0_market_qc_pending
2022-02-12,USDC,Circle,usd-coin,2,1.0003195479,0.0003195479,0.0003195479,0,0,0,0,0,46328988440.00,46343792768.87,18,0,,normal,DeFiLlama stablecoinprices,DeFiLlama stablecoin/{asset},2026-05-22,RQI_DII_v1.0,frozen_confirmed_by_researcher,1,market_abnormal_price_qc_pending,,,,,,,,,,,,,,latest publication_date <= market date,rules_frozen_v1_0_market_qc_pending
2022-02-13,USDC,Circle,usd-coin,2,1.0008991098,0.0008991098,0.0008991098,0,0,0,0,0,46329711058.00,46371366556.20,18,0,,normal,DeFiLlama stablecoinprices,DeFiLlama stablecoin/{asset},2026-05-22,RQI_DII_v1.0,frozen_confirmed_by_researcher,1,market_abnormal_price_qc_pending,,,,,,,,,,,,,,latest publication_date <= market date,rules_frozen_v1_0_market_qc_pending
2022-02-14,USDC,Circle,usd-coin,2,1.0002074575,0.0002074575,0.0002074575,0,0,0,0,0,46409299749.00,46418927704.37,18,0,,normal,DeFiLlama stablecoinprices,DeFiLlama stablecoin/{asset},2026-05-22,RQI_DII_v1.0,frozen_confirmed_by_researcher,1,market_abnormal_price_qc_pending,,,,,,,,,,,,,,latest publication_date <= market date,rules_frozen_v1_0_market_qc_pending
2022-02-15,USDC,Circle,usd-coin,2,0.9999529954,-0.0000470046,0.0000470046,0,0,0,0,0,46490992459.00,46488807168.98,18,0,,normal,DeFiLlama stablecoinprices,DeFiLlama stablecoin/{asset},2026-05-22,RQI_DII_v1.0,frozen_confirmed_by_researcher,1,market_abnormal_price_qc_pending,,,,,,,,,,,,,,latest publication_date <= market date,rules_frozen_v1_0_market_qc_pending
2022-02-16,USDC,Circle,usd-coin,2,1.0000372537,0.0000372537,0.0000372537,0,0,0,0,0,46571012140.00,46572747082.12,18,0,,normal,DeFiLlama stablecoinprices,DeFiLlama stablecoin/{asset},2026-05-22,RQI_DII_v1.0,frozen_confirmed_by_researcher,1,market_abnormal_price_qc_pending,,,,,,,,,,,,,,latest publication_date <= market date,rules_frozen_v1_0_market_qc_pending
2022-02-17,USDC,Circle,usd-coin,2,0.9989945015,-0.0010054985,0.0010054985,0,0,0,0,0,46652480244.00,46605571245.24,18,0,,normal,DeFiLlama stablecoinprices,DeFiLlama stablecoin/{asset},2026-05-22,RQI_DII_v1.0,frozen_confirmed_by_researcher,1,market_abnormal_price_qc_pending,,,,,,,,,,,,,,latest publication_date <= market date,rules_frozen_v1_0_market_qc_pending
2022-02-18,USDC,Circle,usd-coin,2,0.9993043308,-0.0006956692,0.0006956692,0,0,0,0,0,46408032810.00,46375748171.88,18,0,,normal,DeFiLlama stablecoinprices,DeFiLlama stablecoin/{asset},2026-05-22,RQI_DII_v1.0,frozen_confirmed_by_researcher,1,market_abnormal_price_qc_pending,,,,,,,,,,,,,,latest publication_date <= market date,rules_frozen_v1_0_market_qc_pending
2022-02-19,USDC,Circle,usd-coin,2,1.0007035124,0.0007035124,0.0007035124,0,0,0,0,0,46478101159.00,46510799080.12,18,0,,normal,DeFiLlama stablecoinprices,DeFiLlama stablecoin/{asset},2026-05-22,RQI_DII_v1.0,frozen_confirmed_by_researcher,1,market_abnormal_price_qc_pending,,,,,,,,,,,,,,latest publication_date <= market date,rules_frozen_v1_0_market_qc_pending
2022-02-20,USDC,Circle,usd-coin,2,1.0024519527,0.0024519527,0.0024519527,0,0,0,0,0,46508916076.00,46622953739.52,18,0,,normal,DeFiLlama stablecoinprices,DeFiLlama stablecoin/{asset},2026-05-22,RQI_DII_v1.0,frozen_confirmed_by_researcher,1,market_abnormal_price_qc_pending,,,,,,,,,,,,,,latest publication_date <= market date,rules_frozen_v1_0_market_qc_pending
2022-02-21,USDC,Circle,usd-coin,2,1.0016246907,0.0016246907,0.0016246907,0,0,0,0,0,46547773207.00,46623398942.34,18,0,,normal,DeFiLlama stablecoinprices,DeFiLlama stablecoin/{asset},2026-05-22,RQI_DII_v1.0,frozen_confirmed_by_researcher,1,market_abnormal_price_qc_pending,,,,,,,,,,,,,,latest publication_date <= market date,rules_frozen_v1_0_market_qc_pending
2022-02-22,USDC,Circle,usd-coin,2,1.0016619796,0.0016619796,0.0016619796,0,0,0,0,0,46588984173.00,46666414113.91,18,0,,normal,DeFiLlama stablecoinprices,DeFiLlama stablecoin/{asset},2026-05-22,RQI_DII_v1.0,frozen_confirmed_by_researcher,1,market_abnormal_price_qc_pending,,,,,,,,,,,,,,latest publication_date <= market date,rules_frozen_v1_0_market_qc_pending
2022-02-23,USDC,Circle,usd-coin,2,0.9997218294,-0.0002781706,0.0002781706,0,0,0,0,0,46766228554.00,46753219565.20,18,0,,normal,DeFiLlama stablecoinprices,DeFiLlama stablecoin/{asset},2026-05-22,RQI_DII_v1.0,frozen_confirmed_by_researcher,1,market_abnormal_price_qc_pending,,,,,,,,,,,,,,latest publication_date <= market date,rules_frozen_v1_0_market_qc_pending
2022-02-24,USDC,Circle,usd-coin,2,1.0004966672,0.0004966672,0.0004966672,0,0,0,0,0,46920192948.00,46943496669.02,18,0,,normal,DeFiLlama stablecoinprices,DeFiLlama stablecoin/{asset},2026-05-22,RQI_DII_v1.0,frozen_confirmed_by_researcher,1,market_abnormal_price_qc_pending,,,,,,,,,,,,,,latest publication_date <= market date,rules_frozen_v1_0_market_qc_pending
2022-02-25,USDC,Circle,usd-coin,2,1.0008244235,0.0008244235,0.0008244235,0,0,0,0,0,47192138526.00,47231044833.67,18,0,,normal,DeFiLlama stablecoinprices,DeFiLlama stablecoin/{asset},2026-05-22,RQI_DII_v1.0,frozen_confirmed_by_researcher,1,market_abnormal_price_qc_pending,USDC_ASSURANCE_2022_01,2022-01-31,2022-02-25,0,0,25,,0.6275,RQI_DII_v1.0,frozen_confirmed_by_researcher,low,1,normal,latest publication_date <= market date,rules_frozen_v1_0_market_qc_pending
2022-02-26,USDC,Circle,usd-coin,2,1.0013726671,0.0013726671,0.0013726671,0,0,0,0,0,47237970956.00,47302812962.47,18,0,,normal,DeFiLlama stablecoinprices,DeFiLlama stablecoin/{asset},2026-05-22,RQI_DII_v1.0,frozen_confirmed_by_researcher,1,market_abnormal_price_qc_pending,USDC_ASSURANCE_2022_01,2022-01-31,2022-02-25,1,0,25,,0.6275,RQI_DII_v1.0,frozen_confirmed_by_researcher,low,1,normal,latest publication_date <= market date,rules_frozen_v1_0_market_qc_pending
2022-02-27,USDC,Circle,usd-coin,2,1.0025797639,0.0025797639,0.0025797639,0,0,0,0,0,47319988124.00,47442062520.44,18,0,,normal,DeFiLlama stablecoinprices,DeFiLlama stablecoin/{asset},2026-05-22,RQI_DII_v1.0,frozen_confirmed_by_researcher,1,market_abnormal_price_qc_pending,USDC_ASSURANCE_2022_01,2022-01-31,2022-02-25,2,0,25,,0.6275,RQI_DII_v1.0,frozen_confirmed_by_researcher,low,1,normal,latest publication_date <= market date,rules_frozen_v1_0_market_qc_pending
2022-02-28,USDC,Circle,usd-coin,2,1.0024356061,0.0024356061,0.0024356061,0,0,0,0,0,47350370373.00,47465697225.58,18,0,,normal,DeFiLlama stablecoinprices,DeFiLlama stablecoin/{asset},2026-05-22,RQI_DII_v1.0,frozen_confirmed_by_researcher,1,market_abnormal_price_qc_pending,USDC_ASSURANCE_2022_01,2022-01-31,2022-02-25,3,0,25,,0.6275,RQI_DII_v1.0,frozen_confirmed_by_researcher,low,1,normal,latest publication_date <= market date,rules_frozen_v1_0_market_qc_pending
2022-03-01,USDC,Circle,usd-coin,2,1.0005005775,0.0005005775,0.0005005775,0,0,0,0,0,47454720712.00,47478475475.12,18,0,,normal,DeFiLlama stablecoinprices,DeFiLlama stablecoin/{asset},2026-05-22,RQI_DII_v1.0,frozen_confirmed_by_researcher,1,market_abnormal_price_qc_pending,USDC_ASSURANCE_2022_01,2022-01-31,2022-02-25,4,0,25,,0.6275,RQI_DII_v1.0,frozen_confirmed_by_researcher,low,1,normal,latest publication_date <= market date,rules_frozen_v1_0_market_qc_pending
2022-03-02,USDC,Circle,usd-coin,2,1.0005139116,0.0005139116,0.0005139116,0,0,0,0,0,47504755161.00,47529168404.20,18,0,,normal,DeFiLlama stablecoinprices,DeFiLlama stablecoin/{asset},2026-05-22,RQI_DII_v1.0,frozen_confirmed_by_researcher,1,market_abnormal_price_qc_pending,USDC_ASSURANCE_2022_01,2022-01-31,2022-02-25,5,0,25,,0.6275,RQI_DII_v1.0,frozen_confirmed_by_researcher,low,1,normal,latest publication_date <= market date,rules_frozen_v1_0_market_qc_pending
2022-03-03,USDC,Circle,usd-coin,2,0.9996553709,-0.0003446291,0.0003446291,0,0,0,0,0,47520491381.00,47504114434.95,18,0,,normal,DeFiLlama stablecoinprices,DeFiLlama stablecoin/{asset},2026-05-22,RQI_DII_v1.0,frozen_confirmed_by_researcher,1,market_abnormal_price_qc_pending,USDC_ASSURANCE_2022_01,2022-01-31,2022-02-25,6,0,25,,0.6275,RQI_DII_v1.0,frozen_confirmed_by_researcher,low,1,normal,latest publication_date <= market date,rules_frozen_v1_0_market_qc_pending
2022-03-04,USDC,Circle,usd-coin,2,0.9993073172,-0.0006926828,0.0006926828,0,0,0,0,0,47132514871.00,47099866990.98,18,0,,normal,DeFiLlama stablecoinprices,DeFiLlama stablecoin/{asset},2026-05-22,RQI_DII_v1.0,frozen_confirmed_by_researcher,1,market_abnormal_price_qc_pending,USDC_ASSURANCE_2022_01,2022-01-31,2022-02-25,7,0,25,,0.6275,RQI_DII_v1.0,frozen_confirmed_by_researcher,low,1,normal,latest publication_date <= market date,rules_frozen_v1_0_market_qc_pending
2022-03-05,USDC,Circle,usd-coin,2,1.0001582515,0.0001582515,0.0001582515,0,0,0,0,0,46869192817.00,46876609939.26,18,0,,normal,DeFiLlama stablecoinprices,DeFiLlama stablecoin/{asset},2026-05-22,RQI_DII_v1.0,frozen_confirmed_by_researcher,1,market_abnormal_price_qc_pending,USDC_ASSURANCE_2022_01,2022-01-31,2022-02-25,8,0,25,,0.6275,RQI_DII_v1.0,frozen_confirmed_by_researcher,low,1,normal,latest publication_date <= market date,rules_frozen_v1_0_market_qc_pending
2022-03-06,USDC,Circle,usd-coin,2,1.0011706273,0.0011706273,0.0011706273,0,0,0,0,0,46879802162.00,46934680936.21,18,0,,normal,DeFiLlama stablecoinprices,DeFiLlama stablecoin/{asset},2026-05-22,RQI_DII_v1.0,frozen_confirmed_by_researcher,1,market_abnormal_price_qc_pending,USDC_ASSURANCE_2022_01,2022-01-31,2022-02-25,9,0,25,,0.6275,RQI_DII_v1.0,frozen_confirmed_by_researcher,low,1,normal,latest publication_date <= market date,rules_frozen_v1_0_market_qc_pending
2022-03-07,USDC,Circle,usd-coin,2,0.9999293399,-0.0000706601,0.0000706601,0,0,0,0,0,46699223662.00,46695923888.29,18,0,,normal,DeFiLlama stablecoinprices,DeFiLlama stablecoin/{asset},2026-05-22,RQI_DII_v1.0,frozen_confirmed_by_researcher,1,market_abnormal_price_qc_pending,USDC_ASSURANCE_2022_01,2022-01-31,2022-02-25,10,0,25,,0.6275,RQI_DII_v1.0,frozen_confirmed_by_researcher,low,1,normal,latest publication_date <= market date,rules_frozen_v1_0_market_qc_pending
2022-03-08,USDC,Circle,usd-coin,2,0.998568696,-0.001431304,0.001431304,0,0,0,0,0,46761347092.00,46694417387.79,18,0,,normal,DeFiLlama stablecoinprices,DeFiLlama stablecoin/{asset},2026-05-22,RQI_DII_v1.0,frozen_confirmed_by_researcher,1,market_abnormal_price_qc_pending,USDC_ASSURANCE_2022_01,2022-01-31,2022-02-25,11,0,25,,0.6275,RQI_DII_v1.0,frozen_confirmed_by_researcher,low,1,normal,latest publication_date <= market date,rules_frozen_v1_0_market_qc_pending
2022-03-09,USDC,Circle,usd-coin,2,1.0000849056,0.0000849056,0.0000849056,0,0,0,0,0,46673089910.00,46677052716.80,18,0,,normal,DeFiLlama stablecoinprices,DeFiLlama stablecoin/{asset},2026-05-22,RQI_DII_v1.0,frozen_confirmed_by_researcher,1,market_abnormal_price_qc_pending,USDC_ASSURANCE_2022_01,2022-01-31,2022-02-25,12,0,25,,0.6275,RQI_DII_v1.0,frozen_confirmed_by_researcher,low,1,normal,latest publication_date <= market date,rules_frozen_v1_0_market_qc_pending
2022-03-10,USDC,Circle,usd-coin,2,0.9999741333,-0.0000258667,0.0000258667,0,0,0,0,0,46593516901.00,46592311680.97,18,0,,normal,DeFiLlama stablecoinprices,DeFiLlama stablecoin/{asset},2026-05-22,RQI_DII_v1.0,frozen_confirmed_by_researcher,1,market_abnormal_price_qc_pending,USDC_ASSURANCE_2022_01,2022-01-31,2022-02-25,13,0,25,,0.6275,RQI_DII_v1.0,frozen_confirmed_by_researcher,low,1,normal,latest publication_date <= market date,rules_frozen_v1_0_market_qc_pending
2022-03-11,USDC,Circle,usd-coin,2,1.000323085,0.000323085,0.000323085,0,0,0,0,0,46821257773.00,46836385019.68,18,0,,normal,DeFiLlama stablecoinprices,DeFiLlama stablecoin/{asset},2026-05-22,RQI_DII_v1.0,frozen_confirmed_by_researcher,1,market_abnormal_price_qc_pending,USDC_ASSURANCE_2022_01,2022-01-31,2022-02-25,14,0,25,,0.6275,RQI_DII_v1.0,frozen_confirmed_by_researcher,low,1,normal,latest publication_date <= market date,rules_frozen_v1_0_market_qc_pending
2022-03-12,USDC,Circle,usd-coin,2,0.9992508426,-0.0007491574,0.0007491574,0,0,0,0,0,46718635251.00,46683635637.62,18,0,,normal,DeFiLlama stablecoinprices,DeFiLlama stablecoin/{asset},2026-05-22,RQI_DII_v1.0,frozen_confirmed_by_researcher,1,market_abnormal_price_qc_pending,USDC_ASSURANCE_2022_01,2022-01-31,2022-02-25,15,0,25,,0.6275,RQI_DII_v1.0,frozen_confirmed_by_researcher,low,1,normal,latest publication_date <= market date,rules_frozen_v1_0_market_qc_pending
2022-03-13,USDC,Circle,usd-coin,2,1.0003452289,0.0003452289,0.0003452289,0,0,0,0,0,46731112240.00,46747245171.30,18,0,,normal,DeFiLlama stablecoinprices,DeFiLlama stablecoin/{asset},2026-05-22,RQI_DII_v1.0,frozen_confirmed_by_researcher,1,market_abnormal_price_qc_pending,USDC_ASSURANCE_2022_01,2022-01-31,2022-02-25,16,0,25,,0.6275,RQI_DII_v1.0,frozen_confirmed_by_researcher,low,1,normal,latest publication_date <= market date,rules_frozen_v1_0_market_qc_pending
2022-03-14,USDC,Circle,usd-coin,2,1.0010941313,0.0010941313,0.0010941313,0,0,0,0,0,46769616454.00,46820788557.27,18,0,,normal,DeFiLlama stablecoinprices,DeFiLlama stablecoin/{asset},2026-05-22,RQI_DII_v1.0,frozen_confirmed_by_researcher,1,market_abnormal_price_qc_pending,USDC_ASSURANCE_2022_01,2022-01-31,2022-02-25,17,0,25,,0.6275,RQI_DII_v1.0,frozen_confirmed_by_researcher,low,1,normal,latest publication_date <= market date,rules_frozen_v1_0_market_qc_pending
2022-03-15,USDC,Circle,usd-coin,2,1.0007202201,0.0007202201,0.0007202201,0,0,0,0,0,46722361413.00,46756011799.05,18,0,,normal,DeFiLlama stablecoinprices,DeFiLlama stablecoin/{asset},2026-05-22,RQI_DII_v1.0,frozen_confirmed_by_researcher,1,market_abnormal_price_qc_pending,USDC_ASSURANCE_2022_01,2022-01-31,2022-02-25,18,0,25,,0.6275,RQI_DII_v1.0,frozen_confirmed_by_researcher,low,1,normal,latest publication_date <= market date,rules_frozen_v1_0_market_qc_pending
2022-03-16,USDC,Circle,usd-coin,2,0.9998504695,-0.0001495305,0.0001495305,0,0,0,0,0,46596267562.00,46589299997.50,18,0,,normal,DeFiLlama stablecoinprices,DeFiLlama stablecoin/{asset},2026-05-22,RQI_DII_v1.0,frozen_confirmed_by_researcher,1,market_abnormal_price_qc_pending,USDC_ASSURANCE_2022_01,2022-01-31,2022-02-25,19,0,25,,0.6275,RQI_DII_v1.0,frozen_confirmed_by_researcher,low,1,normal,latest publication_date <= market date,rules_frozen_v1_0_market_qc_pending
2022-03-17,USDC,Circle,usd-coin,2,0.9999267675,-0.0000732325,0.0000732325,0,0,0,0,0,46758297907.00,46754873678.33,18,0,,normal,DeFiLlama stablecoinprices,DeFiLlama stablecoin/{asset},2026-05-22,RQI_DII_v1.0,frozen_confirmed_by_researcher,1,market_abnormal_price_qc_pending,USDC_ASSURANCE_2022_01,2022-01-31,2022-02-25,20,0,25,,0.6275,RQI_DII_v1.0,frozen_confirmed_by_researcher,low,1,normal,latest publication_date <= market date,rules_frozen_v1_0_market_qc_pending
2022-03-18,USDC,Circle,usd-coin,2,1.000661743,0.000661743,0.000661743,0,0,0,0,0,46941136001.00,46972198969.64,18,0,,normal,DeFiLlama stablecoinprices,DeFiLlama stablecoin/{asset},2026-05-22,RQI_DII_v1.0,frozen_confirmed_by_researcher,1,market_abnormal_price_qc_pending,USDC_ASSURANCE_2022_01,2022-01-31,2022-02-25,21,0,25,,0.6275,RQI_DII_v1.0,frozen_confirmed_by_researcher,low,1,normal,latest publication_date <= market date,rules_frozen_v1_0_market_qc_pending
2022-03-19,USDC,Circle,usd-coin,2,1.0001809569,0.0001809569,0.0001809569,0,0,0,0,0,47141172431.00,47149702953.31,18,0,,normal,DeFiLlama stablecoinprices,DeFiLlama stablecoin/{asset},2026-05-22,RQI_DII_v1.0,frozen_confirmed_by_researcher,1,market_abnormal_price_qc_pending,USDC_ASSURANCE_2022_01,2022-01-31,2022-02-25,22,0,25,,0.6275,RQI_DII_v1.0,frozen_confirmed_by_researcher,low,1,normal,latest publication_date <= market date,rules_frozen_v1_0_market_qc_pending
2022-03-20,USDC,Circle,usd-coin,2,0.9998901532,-0.0001098468,0.0001098468,0,0,0,0,0,47162949224.00,47157768523.28,18,0,,normal,DeFiLlama stablecoinprices,DeFiLlama stablecoin/{asset},2026-05-22,RQI_DII_v1.0,frozen_confirmed_by_researcher,1,market_abnormal_price_qc_pending,USDC_ASSURANCE_2022_01,2022-01-31,2022-02-25,23,0,25,,0.6275,RQI_DII_v1.0,frozen_confirmed_by_researcher,low,1,normal,latest publication_date <= market date,rules_frozen_v1_0_market_qc_pending
2022-03-21,USDC,Circle,usd-coin,2,0.9995387481,-0.0004612519,0.0004612519,0,0,0,0,0,47233882363.00,47212095644.64,18,0,,normal,DeFiLlama stablecoinprices,DeFiLlama stablecoin/{asset},2026-05-22,RQI_DII_v1.0,frozen_confirmed_by_researcher,1,market_abnormal_price_qc_pending,USDC_ASSURANCE_2022_01,2022-01-31,2022-02-25,24,0,25,,0.6275,RQI_DII_v1.0,frozen_confirmed_by_researcher,low,1,normal,latest publication_date <= market date,rules_frozen_v1_0_market_qc_pending
2022-03-22,USDC,Circle,usd-coin,2,0.9990389697,-0.0009610303,0.0009610303,0,0,0,0,0,47306126558.00,47260663938.78,18,0,,normal,DeFiLlama stablecoinprices,DeFiLlama stablecoin/{asset},2026-05-22,RQI_DII_v1.0,frozen_confirmed_by_researcher,1,market_abnormal_price_qc_pending,USDC_ASSURANCE_2022_01,2022-01-31,2022-02-25,25,0,25,,0.6275,RQI_DII_v1.0,frozen_confirmed_by_researcher,low,1,normal,latest publication_date <= market date,rules_frozen_v1_0_market_qc_pending
2022-03-23,USDC,Circle,usd-coin,2,0.9995525569,-0.0004474431,0.0004474431,0,0,0,0,0,46886198056.00,46865219148.01,18,0,,normal,DeFiLlama stablecoinprices,DeFiLlama stablecoin/{asset},2026-05-22,RQI_DII_v1.0,frozen_confirmed_by_researcher,1,market_abnormal_price_qc_pending,USDC_ASSURANCE_2022_01,2022-01-31,2022-02-25,26,0,25,,0.6275,RQI_DII_v1.0,frozen_confirmed_by_researcher,low,1,normal,latest publication_date <= market date,rules_frozen_v1_0_market_qc_pending
2022-03-24,USDC,Circle,usd-coin,2,0.9988846681,-0.0011153319,0.0011153319,0,0,0,0,0,46740907186.00,46688775560.74,18,0,,normal,DeFiLlama stablecoinprices,DeFiLlama stablecoin/{asset},2026-05-22,RQI_DII_v1.0,frozen_confirmed_by_researcher,1,market_abnormal_price_qc_pending,USDC_ASSURANCE_2022_01,2022-01-31,2022-02-25,27,0,25,,0.6275,RQI_DII_v1.0,frozen_confirmed_by_researcher,low,1,normal,latest publication_date <= market date,rules_frozen_v1_0_market_qc_pending
2022-03-25,USDC,Circle,usd-coin,2,1.0002616764,0.0002616764,0.0002616764,0,0,0,0,0,46813974752.00,46826224863.55,18,0,,normal,DeFiLlama stablecoinprices,DeFiLlama stablecoin/{asset},2026-05-22,RQI_DII_v1.0,frozen_confirmed_by_researcher,1,market_abnormal_price_qc_pending,USDC_ASSURANCE_2022_01,2022-01-31,2022-02-25,28,0,25,,0.6275,RQI_DII_v1.0,frozen_confirmed_by_researcher,low,1,normal,latest publication_date <= market date,rules_frozen_v1_0_market_qc_pending
2022-03-26,USDC,Circle,usd-coin,2,0.9991693697,-0.0008306303,0.0008306303,0,0,0,0,0,46449330311.00,46410748088.06,18,0,,normal,DeFiLlama stablecoinprices,DeFiLlama stablecoin/{asset},2026-05-22,RQI_DII_v1.0,frozen_confirmed_by_researcher,1,market_abnormal_price_qc_pending,USDC_ASSURANCE_2022_01,2022-01-31,2022-02-25,29,0,25,,0.6275,RQI_DII_v1.0,frozen_confirmed_by_researcher,low,1,normal,latest publication_date <= market date,rules_frozen_v1_0_market_qc_pending
2022-03-27,USDC,Circle,usd-coin,2,0.9992760087,-0.0007239913,0.0007239913,0,0,0,0,0,46497609181.00,46463945317.06,18,0,,normal,DeFiLlama stablecoinprices,DeFiLlama stablecoin/{asset},2026-05-22,RQI_DII_v1.0,frozen_confirmed_by_researcher,1,market_abnormal_price_qc_pending,USDC_ASSURANCE_2022_01,2022-01-31,2022-02-25,30,0,25,,0.6275,RQI_DII_v1.0,frozen_confirmed_by_researcher,low,1,normal,latest publication_date <= market date,rules_frozen_v1_0_market_qc_pending
2022-03-28,USDC,Circle,usd-coin,2,1.0006601159,0.0006601159,0.0006601159,0,0,0,0,0,46592888956.00,46623645661.50,18,0,,normal,DeFiLlama stablecoinprices,DeFiLlama stablecoin/{asset},2026-05-22,RQI_DII_v1.0,frozen_confirmed_by_researcher,1,market_abnormal_price_qc_pending,USDC_ASSURANCE_2022_01,2022-01-31,2022-02-25,31,0,25,,0.6275,RQI_DII_v1.0,frozen_confirmed_by_researcher,low,1,normal,latest publication_date <= market date,rules_frozen_v1_0_market_qc_pending
2022-03-29,USDC,Circle,usd-coin,2,0.9993075321,-0.0006924679,0.0006924679,0,0,0,0,0,46437092820.00,46404936621.57,18,0,,normal,DeFiLlama stablecoinprices,DeFiLlama stablecoin/{asset},2026-05-22,RQI_DII_v1.0,frozen_confirmed_by_researcher,1,market_abnormal_price_qc_pending,USDC_ASSURANCE_2022_01,2022-01-31,2022-02-25,32,0,25,,0.6275,RQI_DII_v1.0,frozen_confirmed_by_researcher,low,1,normal,latest publication_date <= market date,rules_frozen_v1_0_market_qc_pending
2022-03-30,USDC,Circle,usd-coin,2,1.001090889,0.001090889,0.001090889,0,0,0,0,0,46431588190.00,46482239898.58,18,0,,normal,DeFiLlama stablecoinprices,DeFiLlama stablecoin/{asset},2026-05-22,RQI_DII_v1.0,frozen_confirmed_by_researcher,1,market_abnormal_price_qc_pending,USDC_ASSURANCE_2022_01,2022-01-31,2022-02-25,33,0,25,,0.6275,RQI_DII_v1.0,frozen_confirmed_by_researcher,low,1,normal,latest publication_date <= market date,rules_frozen_v1_0_market_qc_pending
2022-03-31,USDC,Circle,usd-coin,2,1.0078603676,0.0078603676,0.0078603676,1,0,0,0,1,46166774793.00,46529662614.21,18,0,,normal,DeFiLlama stablecoinprices,DeFiLlama stablecoin/{asset},2026-05-22,RQI_DII_v1.0,frozen_confirmed_by_researcher,1,market_abnormal_price_qc_pending,USDC_ASSURANCE_2022_02,2022-02-28,2022-03-31,0,0,31,,0.5675,RQI_DII_v1.0,frozen_confirmed_by_researcher,low,1,normal,latest publication_date <= market date,rules_frozen_v1_0_market_qc_pending
2022-04-01,USDC,Circle,usd-coin,2,1.0075398704,0.0075398704,0.0075398704,1,0,0,0,1,45987956449.00,46334699680.03,18,0,,normal,DeFiLlama stablecoinprices,DeFiLlama stablecoin/{asset},2026-05-22,RQI_DII_v1.0,frozen_confirmed_by_researcher,1,market_abnormal_price_qc_pending,USDC_ASSURANCE_2022_02,2022-02-28,2022-03-31,1,0,31,,0.5675,RQI_DII_v1.0,frozen_confirmed_by_researcher,low,1,normal,latest publication_date <= market date,rules_frozen_v1_0_market_qc_pending
2022-04-02,USDC,Circle,usd-coin,2,1.0055911087,0.0055911087,0.0055911087,1,0,0,0,1,46128563368.00,46386473181.97,18,0,,normal,DeFiLlama stablecoinprices,DeFiLlama stablecoin/{asset},2026-05-22,RQI_DII_v1.0,frozen_confirmed_by_researcher,1,market_abnormal_price_qc_pending,USDC_ASSURANCE_2022_02,2022-02-28,2022-03-31,2,0,31,,0.5675,RQI_DII_v1.0,frozen_confirmed_by_researcher,low,1,normal,latest publication_date <= market date,rules_frozen_v1_0_market_qc_pending
2022-04-03,USDC,Circle,usd-coin,2,1.0032681375,0.0032681375,0.0032681375,0,0,0,0,0,46057808267.00,46208331518.75,18,0,,normal,DeFiLlama stablecoinprices,DeFiLlama stablecoin/{asset},2026-05-22,RQI_DII_v1.0,frozen_confirmed_by_researcher,1,market_abnormal_price_qc_pending,USDC_ASSURANCE_2022_02,2022-02-28,2022-03-31,3,0,31,,0.5675,RQI_DII_v1.0,frozen_confirmed_by_researcher,low,1,normal,latest publication_date <= market date,rules_frozen_v1_0_market_qc_pending
2022-04-04,USDC,Circle,usd-coin,2,1.0010914974,0.0010914974,0.0010914974,0,0,0,0,0,45937237659.00,45987378033.36,18,0,,normal,DeFiLlama stablecoinprices,DeFiLlama stablecoin/{asset},2026-05-22,RQI_DII_v1.0,frozen_confirmed_by_researcher,1,market_abnormal_price_qc_pending,USDC_ASSURANCE_2022_02,2022-02-28,2022-03-31,4,0,31,,0.5675,RQI_DII_v1.0,frozen_confirmed_by_researcher,low,1,normal,latest publication_date <= market date,rules_frozen_v1_0_market_qc_pending
2022-04-05,USDC,Circle,usd-coin,2,1.0004016879,0.0004016879,0.0004016879,0,0,0,0,0,45848038602.00,45866455205.00,18,0,,normal,DeFiLlama stablecoinprices,DeFiLlama stablecoin/{asset},2026-05-22,RQI_DII_v1.0,frozen_confirmed_by_researcher,1,market_abnormal_price_qc_pending,USDC_ASSURANCE_2022_02,2022-02-28,2022-03-31,5,0,31,,0.5675,RQI_DII_v1.0,frozen_confirmed_by_researcher,low,1,normal,latest publication_date <= market date,rules_frozen_v1_0_market_qc_pending
2022-04-06,USDC,Circle,usd-coin,2,0.997993631,-0.002006369,0.002006369,0,0,0,0,0,45661374934.00,45569761365.04,18,0,,normal,DeFiLlama stablecoinprices,DeFiLlama stablecoin/{asset},2026-05-22,RQI_DII_v1.0,frozen_confirmed_by_researcher,1,market_abnormal_price_qc_pending,USDC_ASSURANCE_2022_02,2022-02-28,2022-03-31,6,0,31,,0.5675,RQI_DII_v1.0,frozen_confirmed_by_researcher,low,1,normal,latest publication_date <= market date,rules_frozen_v1_0_market_qc_pending
2022-04-07,USDC,Circle,usd-coin,2,1.0014919605,0.0014919605,0.0014919605,0,0,0,0,0,45456530851.00,45524350200.13,18,0,,normal,DeFiLlama stablecoinprices,DeFiLlama stablecoin/{asset},2026-05-22,RQI_DII_v1.0,frozen_confirmed_by_researcher,1,market_abnormal_price_qc_pending,USDC_ASSURANCE_2022_02,2022-02-28,2022-03-31,7,0,31,,0.5675,RQI_DII_v1.0,frozen_confirmed_by_researcher,low,1,normal,latest publication_date <= market date,rules_frozen_v1_0_market_qc_pending
2022-04-08,USDC,Circle,usd-coin,2,0.9965315375,-0.0034684625,0.0034684625,0,0,0,0,0,45343742654.00,45186469581.98,18,0,,normal,DeFiLlama stablecoinprices,DeFiLlama stablecoin/{asset},2026-05-22,RQI_DII_v1.0,frozen_confirmed_by_researcher,1,market_abnormal_price_qc_pending,USDC_ASSURANCE_2022_02,2022-02-28,2022-03-31,8,0,31,,0.5675,RQI_DII_v1.0,frozen_confirmed_by_researcher,low,1,normal,latest publication_date <= market date,rules_frozen_v1_0_market_qc_pending
2022-04-09,USDC,Circle,usd-coin,2,0.9983373653,-0.0016626347,0.0016626347,0,0,0,0,0,45342330870.00,45266943136.20,18,0,,normal,DeFiLlama stablecoinprices,DeFiLlama stablecoin/{asset},2026-05-22,RQI_DII_v1.0,frozen_confirmed_by_researcher,1,market_abnormal_price_qc_pending,USDC_ASSURANCE_2022_02,2022-02-28,2022-03-31,9,0,31,,0.5675,RQI_DII_v1.0,frozen_confirmed_by_researcher,low,1,normal,latest publication_date <= market date,rules_frozen_v1_0_market_qc_pending
2022-04-10,USDC,Circle,usd-coin,2,1.0013035145,0.0013035145,0.0013035145,0,0,0,0,0,45391418347.00,45450586718.83,18,0,,normal,DeFiLlama stablecoinprices,DeFiLlama stablecoin/{asset},2026-05-22,RQI_DII_v1.0,frozen_confirmed_by_researcher,1,market_abnormal_price_qc_pending,USDC_ASSURANCE_2022_02,2022-02-28,2022-03-31,10,0,31,,0.5675,RQI_DII_v1.0,frozen_confirmed_by_researcher,low,1,normal,latest publication_date <= market date,rules_frozen_v1_0_market_qc_pending
2022-04-11,USDC,Circle,usd-coin,2,0.9977366828,-0.0022633172,0.0022633172,0,0,0,0,0,45387306216.00,45284580346.23,18,0,,normal,DeFiLlama stablecoinprices,DeFiLlama stablecoin/{asset},2026-05-22,RQI_DII_v1.0,frozen_confirmed_by_researcher,1,market_abnormal_price_qc_pending,USDC_ASSURANCE_2022_02,2022-02-28,2022-03-31,11,0,31,,0.5675,RQI_DII_v1.0,frozen_confirmed_by_researcher,low,1,normal,latest publication_date <= market date,rules_frozen_v1_0_market_qc_pending
2022-04-12,USDC,Circle,usd-coin,2,0.9978439586,-0.0021560414,0.0021560414,0,0,0,0,0,45271230729.00,45173624082.62,18,0,,normal,DeFiLlama stablecoinprices,DeFiLlama stablecoin/{asset},2026-05-22,RQI_DII_v1.0,frozen_confirmed_by_researcher,1,market_abnormal_price_qc_pending,USDC_ASSURANCE_2022_02,2022-02-28,2022-03-31,12,0,31,,0.5675,RQI_DII_v1.0,frozen_confirmed_by_researcher,low,1,normal,latest publication_date <= market date,rules_frozen_v1_0_market_qc_pending
2022-04-13,USDC,Circle,usd-coin,2,0.9975094854,-0.0024905146,0.0024905146,0,0,0,0,0,45062575768.00,44950346764.13,18,0,,normal,DeFiLlama stablecoinprices,DeFiLlama stablecoin/{asset},2026-05-22,RQI_DII_v1.0,frozen_confirmed_by_researcher,1,market_abnormal_price_qc_pending,USDC_ASSURANCE_2022_02,2022-02-28,2022-03-31,13,0,31,,0.5675,RQI_DII_v1.0,frozen_confirmed_by_researcher,low,1,normal,latest publication_date <= market date,rules_frozen_v1_0_market_qc_pending
2022-04-14,USDC,Circle,usd-coin,2,1.0000578524,0.0000578524,0.0000578524,0,0,0,0,0,44774379975.00,44776970280.91,18,0,,normal,DeFiLlama stablecoinprices,DeFiLlama stablecoin/{asset},2026-05-22,RQI_DII_v1.0,frozen_confirmed_by_researcher,1,market_abnormal_price_qc_pending,USDC_ASSURANCE_2022_02,2022-02-28,2022-03-31,14,0,31,,0.5675,RQI_DII_v1.0,frozen_confirmed_by_researcher,low,1,normal,latest publication_date <= market date,rules_frozen_v1_0_market_qc_pending
2022-04-15,USDC,Circle,usd-coin,2,0.9994327863,-0.0005672137,0.0005672137,0,0,0,0,0,44696278849.00,44670926508.75,18,0,,normal,DeFiLlama stablecoinprices,DeFiLlama stablecoin/{asset},2026-05-22,RQI_DII_v1.0,frozen_confirmed_by_researcher,1,market_abnormal_price_qc_pending,USDC_ASSURANCE_2022_02,2022-02-28,2022-03-31,15,0,31,,0.5675,RQI_DII_v1.0,frozen_confirmed_by_researcher,low,1,normal,latest publication_date <= market date,rules_frozen_v1_0_market_qc_pending
2022-04-16,USDC,Circle,usd-coin,2,0.9999587068,-0.0000412932,0.0000412932,0,0,0,0,0,44615980686.00,44614138351.38,18,0,,normal,DeFiLlama stablecoinprices,DeFiLlama stablecoin/{asset},2026-05-22,RQI_DII_v1.0,frozen_confirmed_by_researcher,1,market_abnormal_price_qc_pending,USDC_ASSURANCE_2022_02,2022-02-28,2022-03-31,16,0,31,,0.5675,RQI_DII_v1.0,frozen_confirmed_by_researcher,low,1,normal,latest publication_date <= market date,rules_frozen_v1_0_market_qc_pending
2022-04-17,USDC,Circle,usd-coin,2,0.9978280022,-0.0021719978,0.0021719978,0,0,0,0,0,44690559740.00,44593491943.88,18,0,,normal,DeFiLlama stablecoinprices,DeFiLlama stablecoin/{asset},2026-05-22,RQI_DII_v1.0,frozen_confirmed_by_researcher,1,market_abnormal_price_qc_pending,USDC_ASSURANCE_2022_02,2022-02-28,2022-03-31,17,0,31,,0.5675,RQI_DII_v1.0,frozen_confirmed_by_researcher,low,1,normal,latest publication_date <= market date,rules_frozen_v1_0_market_qc_pending
2022-04-18,USDC,Circle,usd-coin,2,0.9998454945,-0.0001545055,0.0001545055,0,0,0,0,0,44576665345.00,44569778007.10,18,0,,normal,DeFiLlama stablecoinprices,DeFiLlama stablecoin/{asset},2026-05-22,RQI_DII_v1.0,frozen_confirmed_by_researcher,1,market_abnormal_price_qc_pending,USDC_ASSURANCE_2022_02,2022-02-28,2022-03-31,18,0,31,,0.5675,RQI_DII_v1.0,frozen_confirmed_by_researcher,low,1,normal,latest publication_date <= market date,rules_frozen_v1_0_market_qc_pending
2022-04-19,USDC,Circle,usd-coin,2,0.9991704091,-0.0008295909,0.0008295909,0,0,0,0,0,44335198422.00,44298418343.26,18,0,,normal,DeFiLlama stablecoinprices,DeFiLlama stablecoin/{asset},2026-05-22,RQI_DII_v1.0,frozen_confirmed_by_researcher,1,market_abnormal_price_qc_pending,USDC_ASSURANCE_2022_02,2022-02-28,2022-03-31,19,0,31,,0.5675,RQI_DII_v1.0,frozen_confirmed_by_researcher,low,1,normal,latest publication_date <= market date,rules_frozen_v1_0_market_qc_pending
2022-04-20,USDC,Circle,usd-coin,2,0.9994108245,-0.0005891755,0.0005891755,0,0,0,0,0,44398089857.00,44371931588.24,18,0,,normal,DeFiLlama stablecoinprices,DeFiLlama stablecoin/{asset},2026-05-22,RQI_DII_v1.0,frozen_confirmed_by_researcher,1,market_abnormal_price_qc_pending,USDC_ASSURANCE_2022_02,2022-02-28,2022-03-31,20,0,31,,0.5675,RQI_DII_v1.0,frozen_confirmed_by_researcher,low,1,normal,latest publication_date <= market date,rules_frozen_v1_0_market_qc_pending
2022-04-21,USDC,Circle,usd-coin,2,0.9988019644,-0.0011980356,0.0011980356,0,0,0,0,0,44376323863.00,44323159446.98,18,0,,normal,DeFiLlama stablecoinprices,DeFiLlama stablecoin/{asset},2026-05-22,RQI_DII_v1.0,frozen_confirmed_by_researcher,1,market_abnormal_price_qc_pending,USDC_ASSURANCE_2022_02,2022-02-28,2022-03-31,21,0,31,,0.5675,RQI_DII_v1.0,frozen_confirmed_by_researcher,low,1,normal,latest publication_date <= market date,rules_frozen_v1_0_market_qc_pending
2022-04-22,USDC,Circle,usd-coin,2,0.9993429689,-0.0006570311,0.0006570311,0,0,0,0,0,44320188909.00,44291069166.49,18,0,,normal,DeFiLlama stablecoinprices,DeFiLlama stablecoin/{asset},2026-05-22,RQI_DII_v1.0,frozen_confirmed_by_researcher,1,market_abnormal_price_qc_pending,USDC_ASSURANCE_2022_02,2022-02-28,2022-03-31,22,0,31,,0.5675,RQI_DII_v1.0,frozen_confirmed_by_researcher,low,1,normal,latest publication_date <= market date,rules_frozen_v1_0_market_qc_pending
2022-04-23,USDC,Circle,usd-coin,2,0.9994630212,-0.0005369788,0.0005369788,0,0,0,0,0,44372176289.00,44348349370.89,18,0,,normal,DeFiLlama stablecoinprices,DeFiLlama stablecoin/{asset},2026-05-22,RQI_DII_v1.0,frozen_confirmed_by_researcher,1,market_abnormal_price_qc_pending,USDC_ASSURANCE_2022_02,2022-02-28,2022-03-31,23,0,31,,0.5675,RQI_DII_v1.0,frozen_confirmed_by_researcher,low,1,normal,latest publication_date <= market date,rules_frozen_v1_0_market_qc_pending
2022-04-24,USDC,Circle,usd-coin,2,1.001052106,0.001052106,0.001052106,0,0,0,0,0,44318975895.00,44365604157.33,18,0,,normal,DeFiLlama stablecoinprices,DeFiLlama stablecoin/{asset},2026-05-22,RQI_DII_v1.0,frozen_confirmed_by_researcher,1,market_abnormal_price_qc_pending,USDC_ASSURANCE_2022_02,2022-02-28,2022-03-31,24,0,31,,0.5675,RQI_DII_v1.0,frozen_confirmed_by_researcher,low,1,normal,latest publication_date <= market date,rules_frozen_v1_0_market_qc_pending
2022-04-25,USDC,Circle,usd-coin,2,0.999203836,-0.000796164,0.000796164,0,0,0,0,0,44201071284.00,44165879981.36,18,0,,normal,DeFiLlama stablecoinprices,DeFiLlama stablecoin/{asset},2026-05-22,RQI_DII_v1.0,frozen_confirmed_by_researcher,1,market_abnormal_price_qc_pending,USDC_ASSURANCE_2022_02,2022-02-28,2022-03-31,25,0,31,,0.5675,RQI_DII_v1.0,frozen_confirmed_by_researcher,low,1,normal,latest publication_date <= market date,rules_frozen_v1_0_market_qc_pending
2022-04-26,USDC,Circle,usd-coin,2,0.9994745287,-0.0005254713,0.0005254713,0,0,0,0,0,44290485857.00,44267212478.29,18,0,,normal,DeFiLlama stablecoinprices,DeFiLlama stablecoin/{asset},2026-05-22,RQI_DII_v1.0,frozen_confirmed_by_researcher,1,market_abnormal_price_qc_pending,USDC_ASSURANCE_2022_02,2022-02-28,2022-03-31,26,0,31,,0.5675,RQI_DII_v1.0,frozen_confirmed_by_researcher,low,1,normal,latest publication_date <= market date,rules_frozen_v1_0_market_qc_pending
2022-04-27,USDC,Circle,usd-coin,2,0.9979337197,-0.0020662803,0.0020662803,0,0,0,0,0,44083324373.00,43992235868.25,18,0,,normal,DeFiLlama stablecoinprices,DeFiLlama stablecoin/{asset},2026-05-22,RQI_DII_v1.0,frozen_confirmed_by_researcher,1,market_abnormal_price_qc_pending,USDC_ASSURANCE_2022_02,2022-02-28,2022-03-31,27,0,31,,0.5675,RQI_DII_v1.0,frozen_confirmed_by_researcher,low,1,normal,latest publication_date <= market date,rules_frozen_v1_0_market_qc_pending
2022-04-28,USDC,Circle,usd-coin,2,0.9975890704,-0.0024109296,0.0024109296,0,0,0,0,0,44088115344.00,43981821999.63,18,0,,normal,DeFiLlama stablecoinprices,DeFiLlama stablecoin/{asset},2026-05-22,RQI_DII_v1.0,frozen_confirmed_by_researcher,1,market_abnormal_price_qc_pending,USDC_ASSURANCE_2022_02,2022-02-28,2022-03-31,28,0,31,,0.5675,RQI_DII_v1.0,frozen_confirmed_by_researcher,low,1,normal,latest publication_date <= market date,rules_frozen_v1_0_market_qc_pending
2022-04-29,USDC,Circle,usd-coin,2,0.9985310296,-0.0014689704,0.0014689704,0,0,0,0,0,43919043423.00,43854527647.02,18,0,,normal,DeFiLlama stablecoinprices,DeFiLlama stablecoin/{asset},2026-05-22,RQI_DII_v1.0,frozen_confirmed_by_researcher,1,market_abnormal_price_qc_pending,USDC_ASSURANCE_2022_03,2022-03-31,2022-04-29,0,0,29,,0.6275,RQI_DII_v1.0,frozen_confirmed_by_researcher,low,1,normal,latest publication_date <= market date,rules_frozen_v1_0_market_qc_pending
2022-04-30,USDC,Circle,usd-coin,2,0.9973827292,-0.0026172708,0.0026172708,0,0,0,0,0,43862120654.00,43747321604.81,18,0,,normal,DeFiLlama stablecoinprices,DeFiLlama stablecoin/{asset},2026-05-22,RQI_DII_v1.0,frozen_confirmed_by_researcher,1,market_abnormal_price_qc_pending,USDC_ASSURANCE_2022_03,2022-03-31,2022-04-29,1,0,29,,0.6275,RQI_DII_v1.0,frozen_confirmed_by_researcher,low,1,normal,latest publication_date <= market date,rules_frozen_v1_0_market_qc_pending
2022-05-01,USDC,Circle,usd-coin,2,0.9979603621,-0.0020396379,0.0020396379,0,0,0,0,0,43809890055.00,43720533741.31,18,0,,normal,DeFiLlama stablecoinprices,DeFiLlama stablecoin/{asset},2026-05-22,RQI_DII_v1.0,frozen_confirmed_by_researcher,1,market_abnormal_price_qc_pending,USDC_ASSURANCE_2022_03,2022-03-31,2022-04-29,2,0,29,,0.6275,RQI_DII_v1.0,frozen_confirmed_by_researcher,low,1,normal,latest publication_date <= market date,rules_frozen_v1_0_market_qc_pending
2022-05-02,USDC,Circle,usd-coin,2,0.9982434801,-0.0017565199,0.0017565199,0,0,0,0,0,43788216532.00,43711301657.39,18,0,,normal,DeFiLlama stablecoinprices,DeFiLlama stablecoin/{asset},2026-05-22,RQI_DII_v1.0,frozen_confirmed_by_researcher,1,market_abnormal_price_qc_pending,USDC_ASSURANCE_2022_03,2022-03-31,2022-04-29,3,0,29,,0.6275,RQI_DII_v1.0,frozen_confirmed_by_researcher,low,1,normal,latest publication_date <= market date,rules_frozen_v1_0_market_qc_pending
2022-05-03,USDC,Circle,usd-coin,2,0.9983558256,-0.0016441744,0.0016441744,0,0,0,0,0,43557751683.00,43486135144.76,18,0,,normal,DeFiLlama stablecoinprices,DeFiLlama stablecoin/{asset},2026-05-22,RQI_DII_v1.0,frozen_confirmed_by_researcher,1,market_abnormal_price_qc_pending,USDC_ASSURANCE_2022_03,2022-03-31,2022-04-29,4,0,29,,0.6275,RQI_DII_v1.0,frozen_confirmed_by_researcher,low,1,normal,latest publication_date <= market date,rules_frozen_v1_0_market_qc_pending
2022-05-04,USDC,Circle,usd-coin,2,0.9984317941,-0.0015682059,0.0015682059,0,0,0,0,0,43414954391.00,43346870802.42,18,0,,normal,DeFiLlama stablecoinprices,DeFiLlama stablecoin/{asset},2026-05-22,RQI_DII_v1.0,frozen_confirmed_by_researcher,1,market_abnormal_price_qc_pending,USDC_ASSURANCE_2022_03,2022-03-31,2022-04-29,5,0,29,,0.6275,RQI_DII_v1.0,frozen_confirmed_by_researcher,low,1,normal,latest publication_date <= market date,rules_frozen_v1_0_market_qc_pending
2022-05-05,USDC,Circle,usd-coin,2,0.999947671,-0.000052329,0.000052329,0,0,0,0,0,43346941726.00,43344673424.94,18,0,,normal,DeFiLlama stablecoinprices,DeFiLlama stablecoin/{asset},2026-05-22,RQI_DII_v1.0,frozen_confirmed_by_researcher,1,market_abnormal_price_qc_pending,USDC_ASSURANCE_2022_03,2022-03-31,2022-04-29,6,0,29,,0.6275,RQI_DII_v1.0,frozen_confirmed_by_researcher,low,1,normal,latest publication_date <= market date,rules_frozen_v1_0_market_qc_pending
2022-05-06,USDC,Circle,usd-coin,2,0.9992701839,-0.0007298161,0.0007298161,0,0,0,0,0,43151563877.00,43120071169.04,18,0,,normal,DeFiLlama stablecoinprices,DeFiLlama stablecoin/{asset},2026-05-22,RQI_DII_v1.0,frozen_confirmed_by_researcher,1,market_abnormal_price_qc_pending,USDC_ASSURANCE_2022_03,2022-03-31,2022-04-29,7,0,29,,0.6275,RQI_DII_v1.0,frozen_confirmed_by_researcher,low,1,normal,latest publication_date <= market date,rules_frozen_v1_0_market_qc_pending
2022-05-07,USDC,Circle,usd-coin,2,0.9970394903,-0.0029605097,0.0029605097,0,0,0,0,0,43140795861.00,43013077114.55,18,1,CRYPTO_TERRA_2022,crypto_native_stress,DeFiLlama stablecoinprices,DeFiLlama stablecoin/{asset},2026-05-22,RQI_DII_v1.0,frozen_confirmed_by_researcher,1,market_abnormal_price_qc_pending,USDC_ASSURANCE_2022_03,2022-03-31,2022-04-29,8,0,29,,0.6275,RQI_DII_v1.0,frozen_confirmed_by_researcher,low,1,normal,latest publication_date <= market date,rules_frozen_v1_0_market_qc_pending
2022-05-08,USDC,Circle,usd-coin,2,0.9972543032,-0.0027456968,0.0027456968,0,0,0,0,0,43178304490.00,43059749959.07,18,1,CRYPTO_TERRA_2022,crypto_native_stress,DeFiLlama stablecoinprices,DeFiLlama stablecoin/{asset},2026-05-22,RQI_DII_v1.0,frozen_confirmed_by_researcher,1,market_abnormal_price_qc_pending,USDC_ASSURANCE_2022_03,2022-03-31,2022-04-29,9,0,29,,0.6275,RQI_DII_v1.0,frozen_confirmed_by_researcher,low,1,normal,latest publication_date <= market date,rules_frozen_v1_0_market_qc_pending
2022-05-09,USDC,Circle,usd-coin,2,0.9992029244,-0.0007970756,0.0007970756,0,0,0,0,0,43055013549.00,43020695448.47,18,1,CRYPTO_TERRA_2022,crypto_native_stress,DeFiLlama stablecoinprices,DeFiLlama stablecoin/{asset},2026-05-22,RQI_DII_v1.0,frozen_confirmed_by_researcher,1,market_abnormal_price_qc_pending,USDC_ASSURANCE_2022_03,2022-03-31,2022-04-29,10,0,29,,0.6275,RQI_DII_v1.0,frozen_confirmed_by_researcher,low,1,normal,latest publication_date <= market date,rules_frozen_v1_0_market_qc_pending
2022-05-10,USDC,Circle,usd-coin,2,0.9992029244,-0.0007970756,0.0007970756,0,0,0,0,0,42974483042.00,42940229130.37,18,1,CRYPTO_TERRA_2022,crypto_native_stress,DeFiLlama stablecoinprices,DeFiLlama stablecoin/{asset},2026-05-22,RQI_DII_v1.0,frozen_confirmed_by_researcher,1,market_abnormal_price_qc_pending,USDC_ASSURANCE_2022_03,2022-03-31,2022-04-29,11,0,29,,0.6275,RQI_DII_v1.0,frozen_confirmed_by_researcher,low,1,normal,latest publication_date <= market date,rules_frozen_v1_0_market_qc_pending
2022-05-11,USDC,Circle,usd-coin,2,1,0,0,0,0,0,0,0,42974483042.00,42974483042.00,18,1,CRYPTO_TERRA_2022,crypto_native_stress,DeFiLlama stablecoinprices,DeFiLlama stablecoin/{asset},2026-05-22,RQI_DII_v1.0,frozen_confirmed_by_researcher,1,market_abnormal_price_qc_pending,USDC_ASSURANCE_2022_03,2022-03-31,2022-04-29,12,0,29,,0.6275,RQI_DII_v1.0,frozen_confirmed_by_researcher,low,1,normal,latest publication_date <= market date,rules_frozen_v1_0_market_qc_pending
2022-05-12,USDC,Circle,usd-coin,2,1,0,0,0,0,0,0,0,49698558751.00,49698558751.00,41,1,CRYPTO_TERRA_2022,crypto_native_stress,DeFiLlama stablecoinprices,DeFiLlama stablecoin/{asset},2026-05-22,RQI_DII_v1.0,frozen_confirmed_by_researcher,1,market_abnormal_price_qc_pending,USDC_ASSURANCE_2022_03,2022-03-31,2022-04-29,13,0,29,,0.6275,RQI_DII_v1.0,frozen_confirmed_by_researcher,low,1,normal,latest publication_date <= market date,rules_frozen_v1_0_market_qc_pending
2022-05-13,USDC,Circle,usd-coin,2,1,0,0,0,0,0,0,0,49698558751.00,49698558751.00,41,1,CRYPTO_TERRA_2022,crypto_native_stress,DeFiLlama stablecoinprices,DeFiLlama stablecoin/{asset},2026-05-22,RQI_DII_v1.0,frozen_confirmed_by_researcher,1,market_abnormal_price_qc_pending,USDC_ASSURANCE_2022_03,2022-03-31,2022-04-29,14,0,29,,0.6275,RQI_DII_v1.0,frozen_confirmed_by_researcher,low,1,normal,latest publication_date <= market date,rules_frozen_v1_0_market_qc_pending
2022-05-14,USDC,Circle,usd-coin,2,1,0,0,0,0,0,0,0,50783901028.00,50783901028.00,41,1,CRYPTO_TERRA_2022,crypto_native_stress,DeFiLlama stablecoinprices,DeFiLlama stablecoin/{asset},2026-05-22,RQI_DII_v1.0,frozen_confirmed_by_researcher,1,market_abnormal_price_qc_pending,USDC_ASSURANCE_2022_03,2022-03-31,2022-04-29,15,0,29,,0.6275,RQI_DII_v1.0,frozen_confirmed_by_researcher,low,1,normal,latest publication_date <= market date,rules_frozen_v1_0_market_qc_pending
2022-05-15,USDC,Circle,usd-coin,2,1.0002,0.0002,0.0002,0,0,0,0,0,51099273331.00,51109493185.67,41,1,CRYPTO_TERRA_2022,crypto_native_stress,DeFiLlama stablecoinprices,DeFiLlama stablecoin/{asset},2026-05-22,RQI_DII_v1.0,frozen_confirmed_by_researcher,1,market_abnormal_price_qc_pending,USDC_ASSURANCE_2022_03,2022-03-31,2022-04-29,16,0,29,,0.6275,RQI_DII_v1.0,frozen_confirmed_by_researcher,low,1,normal,latest publication_date <= market date,rules_frozen_v1_0_market_qc_pending
2022-05-16,USDC,Circle,usd-coin,2,1.00027657,0.00027657,0.00027657,0,0,0,0,0,51140592274.00,51154736227.61,41,1,CRYPTO_TERRA_2022,crypto_native_stress,DeFiLlama stablecoinprices,DeFiLlama stablecoin/{asset},2026-05-22,RQI_DII_v1.0,frozen_confirmed_by_researcher,1,market_abnormal_price_qc_pending,USDC_ASSURANCE_2022_03,2022-03-31,2022-04-29,17,0,29,,0.6275,RQI_DII_v1.0,frozen_confirmed_by_researcher,low,1,normal,latest publication_date <= market date,rules_frozen_v1_0_market_qc_pending
2022-05-17,USDC,Circle,usd-coin,2,1.00027657,0.00027657,0.00027657,0,0,0,0,0,52049135966.00,52063531195.53,41,1,CRYPTO_TERRA_2022,crypto_native_stress,DeFiLlama stablecoinprices,DeFiLlama stablecoin/{asset},2026-05-22,RQI_DII_v1.0,frozen_confirmed_by_researcher,1,market_abnormal_price_qc_pending,USDC_ASSURANCE_2022_03,2022-03-31,2022-04-29,18,0,29,,0.6275,RQI_DII_v1.0,frozen_confirmed_by_researcher,low,1,normal,latest publication_date <= market date,rules_frozen_v1_0_market_qc_pending
2022-05-18,USDC,Circle,usd-coin,2,1.0001988,0.0001988,0.0001988,0,0,0,0,0,52250837492.00,52261224958.49,41,1,CRYPTO_TERRA_2022,crypto_native_stress,DeFiLlama stablecoinprices,DeFiLlama stablecoin/{asset},2026-05-22,RQI_DII_v1.0,frozen_confirmed_by_researcher,1,market_abnormal_price_qc_pending,USDC_ASSURANCE_2022_03,2022-03-31,2022-04-29,19,0,29,,0.6275,RQI_DII_v1.0,frozen_confirmed_by_researcher,low,1,normal,latest publication_date <= market date,rules_frozen_v1_0_market_qc_pending
2022-05-19,USDC,Circle,usd-coin,2,1.00044593,0.00044593,0.00044593,0,0,0,0,0,52355375095.00,52378721927.42,41,1,CRYPTO_TERRA_2022,crypto_native_stress,DeFiLlama stablecoinprices,DeFiLlama stablecoin/{asset},2026-05-22,RQI_DII_v1.0,frozen_confirmed_by_researcher,1,market_abnormal_price_qc_pending,USDC_ASSURANCE_2022_03,2022-03-31,2022-04-29,20,0,29,,0.6275,RQI_DII_v1.0,frozen_confirmed_by_researcher,low,1,normal,latest publication_date <= market date,rules_frozen_v1_0_market_qc_pending
2022-05-20,USDC,Circle,usd-coin,2,1.0005012,0.0005012,0.0005012,0,0,0,0,0,52709987383.00,52736405628.68,41,1,CRYPTO_TERRA_2022,crypto_native_stress,DeFiLlama stablecoinprices,DeFiLlama stablecoin/{asset},2026-05-22,RQI_DII_v1.0,frozen_confirmed_by_researcher,1,market_abnormal_price_qc_pending,USDC_ASSURANCE_2022_03,2022-03-31,2022-04-29,21,0,29,,0.6275,RQI_DII_v1.0,frozen_confirmed_by_researcher,low,1,normal,latest publication_date <= market date,rules_frozen_v1_0_market_qc_pending
2022-05-21,USDC,Circle,usd-coin,2,1.0005012,0.0005012,0.0005012,0,0,0,0,0,52939706370.00,52966239750.83,41,0,,normal,DeFiLlama stablecoinprices,DeFiLlama stablecoin/{asset},2026-05-22,RQI_DII_v1.0,frozen_confirmed_by_researcher,1,market_abnormal_price_qc_pending,USDC_ASSURANCE_2022_03,2022-03-31,2022-04-29,22,0,29,,0.6275,RQI_DII_v1.0,frozen_confirmed_by_researcher,low,1,normal,latest publication_date <= market date,rules_frozen_v1_0_market_qc_pending
2022-05-22,USDC,Circle,usd-coin,2,1.00009383,0.00009383,0.00009383,0,0,0,0,0,53048951223.00,53053928806.09,41,0,,normal,DeFiLlama stablecoinprices,DeFiLlama stablecoin/{asset},2026-05-22,RQI_DII_v1.0,frozen_confirmed_by_researcher,1,market_abnormal_price_qc_pending,USDC_ASSURANCE_2022_03,2022-03-31,2022-04-29,23,0,29,,0.6275,RQI_DII_v1.0,frozen_confirmed_by_researcher,low,1,normal,latest publication_date <= market date,rules_frozen_v1_0_market_qc_pending
2022-05-23,USDC,Circle,usd-coin,2,1.00043695,0.00043695,0.00043695,0,0,0,0,0,53080540767.00,53103734309.29,41,0,,normal,DeFiLlama stablecoinprices,DeFiLlama stablecoin/{asset},2026-05-22,RQI_DII_v1.0,frozen_confirmed_by_researcher,1,market_abnormal_price_qc_pending,USDC_ASSURANCE_2022_04,2022-04-30,2022-05-23,0,0,23,,0.6275,RQI_DII_v1.0,frozen_confirmed_by_researcher,low,1,normal,latest publication_date <= market date,rules_frozen_v1_0_market_qc_pending
2022-05-24,USDC,Circle,usd-coin,2,1.00015237,0.00015237,0.00015237,0,0,0,0,0,53312170609.00,53320293784.44,41,0,,normal,DeFiLlama stablecoinprices,DeFiLlama stablecoin/{asset},2026-05-22,RQI_DII_v1.0,frozen_confirmed_by_researcher,1,market_abnormal_price_qc_pending,USDC_ASSURANCE_2022_04,2022-04-30,2022-05-23,1,0,23,,0.6275,RQI_DII_v1.0,frozen_confirmed_by_researcher,low,1,normal,latest publication_date <= market date,rules_frozen_v1_0_market_qc_pending
2022-05-25,USDC,Circle,usd-coin,2,1.00015237,0.00015237,0.00015237,0,0,0,0,0,53400729027.00,53408865696.08,41,0,,normal,DeFiLlama stablecoinprices,DeFiLlama stablecoin/{asset},2026-05-22,RQI_DII_v1.0,frozen_confirmed_by_researcher,1,market_abnormal_price_qc_pending,USDC_ASSURANCE_2022_04,2022-04-30,2022-05-23,2,0,23,,0.6275,RQI_DII_v1.0,frozen_confirmed_by_researcher,low,1,normal,latest publication_date <= market date,rules_frozen_v1_0_market_qc_pending
2022-05-26,USDC,Circle,usd-coin,2,1.00012672,0.00012672,0.00012672,0,0,0,0,0,53423170870.00,53429940654.21,41,0,,normal,DeFiLlama stablecoinprices,DeFiLlama stablecoin/{asset},2026-05-22,RQI_DII_v1.0,frozen_confirmed_by_researcher,1,market_abnormal_price_qc_pending,USDC_ASSURANCE_2022_04,2022-04-30,2022-05-23,3,0,23,,0.6275,RQI_DII_v1.0,frozen_confirmed_by_researcher,low,1,normal,latest publication_date <= market date,rules_frozen_v1_0_market_qc_pending
2022-05-27,USDC,Circle,usd-coin,2,1.00007517,0.00007517,0.00007517,0,0,0,0,0,53198439606.00,53202438532.71,41,0,,normal,DeFiLlama stablecoinprices,DeFiLlama stablecoin/{asset},2026-05-22,RQI_DII_v1.0,frozen_confirmed_by_researcher,1,market_abnormal_price_qc_pending,USDC_ASSURANCE_2022_04,2022-04-30,2022-05-23,4,0,23,,0.6275,RQI_DII_v1.0,frozen_confirmed_by_researcher,low,1,normal,latest publication_date <= market date,rules_frozen_v1_0_market_qc_pending
2022-05-28,USDC,Circle,usd-coin,2,1.00031002,0.00031002,0.00031002,0,0,0,0,0,53559536443.00,53576140970.49,41,0,,normal,DeFiLlama stablecoinprices,DeFiLlama stablecoin/{asset},2026-05-22,RQI_DII_v1.0,frozen_confirmed_by_researcher,1,market_abnormal_price_qc_pending,USDC_ASSURANCE_2022_04,2022-04-30,2022-05-23,5,0,23,,0.6275,RQI_DII_v1.0,frozen_confirmed_by_researcher,low,1,normal,latest publication_date <= market date,rules_frozen_v1_0_market_qc_pending
2022-05-29,USDC,Circle,usd-coin,2,1.00013216,0.00013216,0.00013216,0,0,0,0,0,53692764085.00,53699860120.70,41,0,,normal,DeFiLlama stablecoinprices,DeFiLlama stablecoin/{asset},2026-05-22,RQI_DII_v1.0,frozen_confirmed_by_researcher,1,market_abnormal_price_qc_pending,USDC_ASSURANCE_2022_04,2022-04-30,2022-05-23,6,0,23,,0.6275,RQI_DII_v1.0,frozen_confirmed_by_researcher,low,1,normal,latest publication_date <= market date,rules_frozen_v1_0_market_qc_pending
2022-05-30,USDC,Circle,usd-coin,2,1.0003994,0.0003994,0.0003994,0,0,0,0,0,53698623984.00,53720071214.42,41,0,,normal,DeFiLlama stablecoinprices,DeFiLlama stablecoin/{asset},2026-05-22,RQI_DII_v1.0,frozen_confirmed_by_researcher,1,market_abnormal_price_qc_pending,USDC_ASSURANCE_2022_04,2022-04-30,2022-05-23,7,0,23,,0.6275,RQI_DII_v1.0,frozen_confirmed_by_researcher,low,1,normal,latest publication_date <= market date,rules_frozen_v1_0_market_qc_pending
2022-05-31,USDC,Circle,usd-coin,2,1.00035516,0.00035516,0.00035516,0,0,0,0,0,53742762430.00,53761849709.50,41,0,,normal,DeFiLlama stablecoinprices,DeFiLlama stablecoin/{asset},2026-05-22,RQI_DII_v1.0,frozen_confirmed_by_researcher,1,market_abnormal_price_qc_pending,USDC_ASSURANCE_2022_04,2022-04-30,2022-05-23,8,0,23,,0.6275,RQI_DII_v1.0,frozen_confirmed_by_researcher,low,1,normal,latest publication_date <= market date,rules_frozen_v1_0_market_qc_pending
2022-06-01,USDC,Circle,usd-coin,2,1.00035516,0.00035516,0.00035516,0,0,0,0,0,53967843682.00,53987010901.36,41,0,,normal,DeFiLlama stablecoinprices,DeFiLlama stablecoin/{asset},2026-05-22,RQI_DII_v1.0,frozen_confirmed_by_researcher,1,market_abnormal_price_qc_pending,USDC_ASSURANCE_2022_04,2022-04-30,2022-05-23,9,0,23,,0.6275,RQI_DII_v1.0,frozen_confirmed_by_researcher,low,1,normal,latest publication_date <= market date,rules_frozen_v1_0_market_qc_pending
2022-06-02,USDC,Circle,usd-coin,2,1.00023883,0.00023883,0.00023883,0,0,0,0,0,53922770463.00,53935648838.27,41,0,,normal,DeFiLlama stablecoinprices,DeFiLlama stablecoin/{asset},2026-05-22,RQI_DII_v1.0,frozen_confirmed_by_researcher,1,market_abnormal_price_qc_pending,USDC_ASSURANCE_2022_04,2022-04-30,2022-05-23,10,0,23,,0.6275,RQI_DII_v1.0,frozen_confirmed_by_researcher,low,1,normal,latest publication_date <= market date,rules_frozen_v1_0_market_qc_pending
2022-06-03,USDC,Circle,usd-coin,2,1.00068168,0.00068168,0.00068168,0,0,0,0,0,54119107067.00,54155998979.91,42,0,,normal,DeFiLlama stablecoinprices,DeFiLlama stablecoin/{asset},2026-05-22,RQI_DII_v1.0,frozen_confirmed_by_researcher,1,market_abnormal_price_qc_pending,USDC_ASSURANCE_2022_04,2022-04-30,2022-05-23,11,0,23,,0.6275,RQI_DII_v1.0,frozen_confirmed_by_researcher,low,1,normal,latest publication_date <= market date,rules_frozen_v1_0_market_qc_pending
2022-06-04,USDC,Circle,usd-coin,2,1.0002993,0.0002993,0.0002993,0,0,0,0,0,54095128063.00,54111318734.83,42,0,,normal,DeFiLlama stablecoinprices,DeFiLlama stablecoin/{asset},2026-05-22,RQI_DII_v1.0,frozen_confirmed_by_researcher,1,market_abnormal_price_qc_pending,USDC_ASSURANCE_2022_04,2022-04-30,2022-05-23,12,0,23,,0.6275,RQI_DII_v1.0,frozen_confirmed_by_researcher,low,1,normal,latest publication_date <= market date,rules_frozen_v1_0_market_qc_pending
2022-06-05,USDC,Circle,usd-coin,2,1.00021656,0.00021656,0.00021656,0,0,0,0,0,54065388959.00,54077097359.63,42,0,,normal,DeFiLlama stablecoinprices,DeFiLlama stablecoin/{asset},2026-05-22,RQI_DII_v1.0,frozen_confirmed_by_researcher,1,market_abnormal_price_qc_pending,USDC_ASSURANCE_2022_04,2022-04-30,2022-05-23,13,0,23,,0.6275,RQI_DII_v1.0,frozen_confirmed_by_researcher,low,1,normal,latest publication_date <= market date,rules_frozen_v1_0_market_qc_pending
2022-06-06,USDC,Circle,usd-coin,2,1.0003994,0.0003994,0.0003994,0,0,0,0,0,54055865384.00,54077455296.63,42,0,,normal,DeFiLlama stablecoinprices,DeFiLlama stablecoin/{asset},2026-05-22,RQI_DII_v1.0,frozen_confirmed_by_researcher,1,market_abnormal_price_qc_pending,USDC_ASSURANCE_2022_04,2022-04-30,2022-05-23,14,0,23,,0.6275,RQI_DII_v1.0,frozen_confirmed_by_researcher,low,1,normal,latest publication_date <= market date,rules_frozen_v1_0_market_qc_pending
2022-06-07,USDC,Circle,usd-coin,2,1.0003278,0.0003278,0.0003278,0,0,0,0,0,53743345429.00,53760962497.63,42,0,,normal,DeFiLlama stablecoinprices,DeFiLlama stablecoin/{asset},2026-05-22,RQI_DII_v1.0,frozen_confirmed_by_researcher,1,market_abnormal_price_qc_pending,USDC_ASSURANCE_2022_04,2022-04-30,2022-05-23,15,0,23,,0.6275,RQI_DII_v1.0,frozen_confirmed_by_researcher,low,1,normal,latest publication_date <= market date,rules_frozen_v1_0_market_qc_pending
2022-06-08,USDC,Circle,usd-coin,2,1.0003278,0.0003278,0.0003278,0,0,0,0,0,53810188964.00,53827827943.94,42,0,,normal,DeFiLlama stablecoinprices,DeFiLlama stablecoin/{asset},2026-05-22,RQI_DII_v1.0,frozen_confirmed_by_researcher,1,market_abnormal_price_qc_pending,USDC_ASSURANCE_2022_04,2022-04-30,2022-05-23,16,0,23,,0.6275,RQI_DII_v1.0,frozen_confirmed_by_researcher,low,1,normal,latest publication_date <= market date,rules_frozen_v1_0_market_qc_pending
2022-06-09,USDC,Circle,usd-coin,2,1.00059837,0.00059837,0.00059837,0,0,0,0,0,53769837678.00,53802011935.77,42,0,,normal,DeFiLlama stablecoinprices,DeFiLlama stablecoin/{asset},2026-05-22,RQI_DII_v1.0,frozen_confirmed_by_researcher,1,market_abnormal_price_qc_pending,USDC_ASSURANCE_2022_04,2022-04-30,2022-05-23,17,0,23,,0.6275,RQI_DII_v1.0,frozen_confirmed_by_researcher,low,1,normal,latest publication_date <= market date,rules_frozen_v1_0_market_qc_pending
2022-06-10,USDC,Circle,usd-coin,2,1.00095606,0.00095606,0.00095606,0,0,0,0,0,53791821823.00,53843250032.17,42,0,,normal,DeFiLlama stablecoinprices,DeFiLlama stablecoin/{asset},2026-05-22,RQI_DII_v1.0,frozen_confirmed_by_researcher,1,market_abnormal_price_qc_pending,USDC_ASSURANCE_2022_04,2022-04-30,2022-05-23,18,0,23,,0.6275,RQI_DII_v1.0,frozen_confirmed_by_researcher,low,1,normal,latest publication_date <= market date,rules_frozen_v1_0_market_qc_pending
2022-06-11,USDC,Circle,usd-coin,2,1.0005,0.0005,0.0005,0,0,0,0,0,53144746114.00,53171318487.06,42,0,,normal,DeFiLlama stablecoinprices,DeFiLlama stablecoin/{asset},2026-05-22,RQI_DII_v1.0,frozen_confirmed_by_researcher,1,market_abnormal_price_qc_pending,USDC_ASSURANCE_2022_04,2022-04-30,2022-05-23,19,0,23,,0.6275,RQI_DII_v1.0,frozen_confirmed_by_researcher,low,1,normal,latest publication_date <= market date,rules_frozen_v1_0_market_qc_pending
2022-06-12,USDC,Circle,usd-coin,2,1.00042396,0.00042396,0.00042396,0,0,0,0,0,53076161704.00,53098663873.52,42,0,,normal,DeFiLlama stablecoinprices,DeFiLlama stablecoin/{asset},2026-05-22,RQI_DII_v1.0,frozen_confirmed_by_researcher,1,market_abnormal_price_qc_pending,USDC_ASSURANCE_2022_04,2022-04-30,2022-05-23,20,0,23,,0.6275,RQI_DII_v1.0,frozen_confirmed_by_researcher,low,1,normal,latest publication_date <= market date,rules_frozen_v1_0_market_qc_pending
2022-06-13,USDC,Circle,usd-coin,2,1.00071648,0.00071648,0.00071648,0,0,0,0,0,53224899558.00,53263034134.04,42,0,,normal,DeFiLlama stablecoinprices,DeFiLlama stablecoin/{asset},2026-05-22,RQI_DII_v1.0,frozen_confirmed_by_researcher,1,market_abnormal_price_qc_pending,USDC_ASSURANCE_2022_04,2022-04-30,2022-05-23,21,0,23,,0.6275,RQI_DII_v1.0,frozen_confirmed_by_researcher,low,1,normal,latest publication_date <= market date,rules_frozen_v1_0_market_qc_pending
2022-06-14,USDC,Circle,usd-coin,2,1.000352,0.000352,0.000352,0,0,0,0,0,53531389589.00,53550232638.14,42,0,,normal,DeFiLlama stablecoinprices,DeFiLlama stablecoin/{asset},2026-05-22,RQI_DII_v1.0,frozen_confirmed_by_researcher,1,market_abnormal_price_qc_pending,USDC_ASSURANCE_2022_04,2022-04-30,2022-05-23,22,0,23,,0.6275,RQI_DII_v1.0,frozen_confirmed_by_researcher,low,1,normal,latest publication_date <= market date,rules_frozen_v1_0_market_qc_pending
2022-06-15,USDC,Circle,usd-coin,2,1.00038787,0.00038787,0.00038787,0,0,0,0,0,53319593227.00,53340274297.62,42,0,,normal,DeFiLlama stablecoinprices,DeFiLlama stablecoin/{asset},2026-05-22,RQI_DII_v1.0,frozen_confirmed_by_researcher,1,market_abnormal_price_qc_pending,USDC_ASSURANCE_2022_04,2022-04-30,2022-05-23,23,0,23,,0.6275,RQI_DII_v1.0,frozen_confirmed_by_researcher,low,1,normal,latest publication_date <= market date,rules_frozen_v1_0_market_qc_pending
2022-06-16,USDC,Circle,usd-coin,2,1.000512,0.000512,0.000512,0,0,0,0,0,53483595978.00,53510979579.14,42,0,,normal,DeFiLlama stablecoinprices,DeFiLlama stablecoin/{asset},2026-05-22,RQI_DII_v1.0,frozen_confirmed_by_researcher,1,market_abnormal_price_qc_pending,USDC_ASSURANCE_2022_04,2022-04-30,2022-05-23,24,0,23,,0.6275,RQI_DII_v1.0,frozen_confirmed_by_researcher,low,1,normal,latest publication_date <= market date,rules_frozen_v1_0_market_qc_pending
2022-06-17,USDC,Circle,usd-coin,2,1.0009935,0.0009935,0.0009935,0,0,0,0,0,53835748425.00,53889234241.06,42,0,,normal,DeFiLlama stablecoinprices,DeFiLlama stablecoin/{asset},2026-05-22,RQI_DII_v1.0,frozen_confirmed_by_researcher,1,market_abnormal_price_qc_pending,USDC_ASSURANCE_2022_04,2022-04-30,2022-05-23,25,0,23,,0.6275,RQI_DII_v1.0,frozen_confirmed_by_researcher,low,1,normal,latest publication_date <= market date,rules_frozen_v1_0_market_qc_pending
2022-06-18,USDC,Circle,usd-coin,2,1.00042012,0.00042012,0.00042012,0,0,0,0,0,54370927710.00,54393770024.15,42,0,,normal,DeFiLlama stablecoinprices,DeFiLlama stablecoin/{asset},2026-05-22,RQI_DII_v1.0,frozen_confirmed_by_researcher,1,market_abnormal_price_qc_pending,USDC_ASSURANCE_2022_04,2022-04-30,2022-05-23,26,0,23,,0.6275,RQI_DII_v1.0,frozen_confirmed_by_researcher,low,1,normal,latest publication_date <= market date,rules_frozen_v1_0_market_qc_pending
2022-06-19,USDC,Circle,usd-coin,2,1.00025912,0.00025912,0.00025912,0,0,0,0,0,54650530354.00,54664691399.43,42,0,,normal,DeFiLlama stablecoinprices,DeFiLlama stablecoin/{asset},2026-05-22,RQI_DII_v1.0,frozen_confirmed_by_researcher,1,market_abnormal_price_qc_pending,USDC_ASSURANCE_2022_04,2022-04-30,2022-05-23,27,0,23,,0.6275,RQI_DII_v1.0,frozen_confirmed_by_researcher,low,1,normal,latest publication_date <= market date,rules_frozen_v1_0_market_qc_pending
2022-06-20,USDC,Circle,usd-coin,2,1.0005972,0.0005972,0.0005972,0,0,0,0,0,55158414192.00,55191354796.96,42,0,,normal,DeFiLlama stablecoinprices,DeFiLlama stablecoin/{asset},2026-05-22,RQI_DII_v1.0,frozen_confirmed_by_researcher,1,market_abnormal_price_qc_pending,USDC_ASSURANCE_2022_04,2022-04-30,2022-05-23,28,0,23,,0.6275,RQI_DII_v1.0,frozen_confirmed_by_researcher,low,1,normal,latest publication_date <= market date,rules_frozen_v1_0_market_qc_pending
2022-06-21,USDC,Circle,usd-coin,2,1.00005906,0.00005906,0.00005906,0,0,0,0,0,54947604836.00,54950850041.54,42,0,,normal,DeFiLlama stablecoinprices,DeFiLlama stablecoin/{asset},2026-05-22,RQI_DII_v1.0,frozen_confirmed_by_researcher,1,market_abnormal_price_qc_pending,USDC_ASSURANCE_2022_04,2022-04-30,2022-05-23,29,0,23,,0.6275,RQI_DII_v1.0,frozen_confirmed_by_researcher,low,1,normal,latest publication_date <= market date,rules_frozen_v1_0_market_qc_pending
2022-06-22,USDC,Circle,usd-coin,2,1.00014814,0.00014814,0.00014814,0,0,0,0,0,55086476516.00,55094637026.63,42,0,,normal,DeFiLlama stablecoinprices,DeFiLlama stablecoin/{asset},2026-05-22,RQI_DII_v1.0,frozen_confirmed_by_researcher,1,market_abnormal_price_qc_pending,USDC_ASSURANCE_2022_04,2022-04-30,2022-05-23,30,0,23,,0.6275,RQI_DII_v1.0,frozen_confirmed_by_researcher,low,1,normal,latest publication_date <= market date,rules_frozen_v1_0_market_qc_pending
2022-06-23,USDC,Circle,usd-coin,2,1.00076398,0.00076398,0.00076398,0,0,0,0,0,55080391671.00,55122471988.63,42,0,,normal,DeFiLlama stablecoinprices,DeFiLlama stablecoin/{asset},2026-05-22,RQI_DII_v1.0,frozen_confirmed_by_researcher,1,market_abnormal_price_qc_pending,USDC_ASSURANCE_2022_04,2022-04-30,2022-05-23,31,0,23,,0.6275,RQI_DII_v1.0,frozen_confirmed_by_researcher,low,1,normal,latest publication_date <= market date,rules_frozen_v1_0_market_qc_pending
2022-06-24,USDC,Circle,usd-coin,2,1.000011,0.000011,0.000011,0,0,0,0,0,54862379161.00,54862982647.17,42,0,,normal,DeFiLlama stablecoinprices,DeFiLlama stablecoin/{asset},2026-05-22,RQI_DII_v1.0,frozen_confirmed_by_researcher,1,market_abnormal_price_qc_pending,USDC_ASSURANCE_2022_04,2022-04-30,2022-05-23,32,0,23,,0.6275,RQI_DII_v1.0,frozen_confirmed_by_researcher,low,1,normal,latest publication_date <= market date,rules_frozen_v1_0_market_qc_pending
2022-06-25,USDC,Circle,usd-coin,2,0.99999274,-0.00000726,0.00000726,0,0,0,0,0,54941607063.00,54941208186.93,43,0,,normal,DeFiLlama stablecoinprices,DeFiLlama stablecoin/{asset},2026-05-22,RQI_DII_v1.0,frozen_confirmed_by_researcher,1,market_abnormal_price_qc_pending,USDC_ASSURANCE_2022_04,2022-04-30,2022-05-23,33,0,23,,0.6275,RQI_DII_v1.0,frozen_confirmed_by_researcher,low,1,normal,latest publication_date <= market date,rules_frozen_v1_0_market_qc_pending
2022-06-26,USDC,Circle,usd-coin,2,1.0002993,0.0002993,0.0002993,0,0,0,0,0,55100604230.00,55117095840.85,43,0,,normal,DeFiLlama stablecoinprices,DeFiLlama stablecoin/{asset},2026-05-22,RQI_DII_v1.0,frozen_confirmed_by_researcher,1,market_abnormal_price_qc_pending,USDC_ASSURANCE_2022_04,2022-04-30,2022-05-23,34,0,23,,0.6275,RQI_DII_v1.0,frozen_confirmed_by_researcher,low,1,normal,latest publication_date <= market date,rules_frozen_v1_0_market_qc_pending
2022-06-27,USDC,Circle,usd-coin,2,1.00019895,0.00019895,0.00019895,0,0,0,0,0,55149302532.00,55160274485.74,43,0,,normal,DeFiLlama stablecoinprices,DeFiLlama stablecoin/{asset},2026-05-22,RQI_DII_v1.0,frozen_confirmed_by_researcher,1,market_abnormal_price_qc_pending,USDC_ASSURANCE_2022_04,2022-04-30,2022-05-23,35,0,23,,0.6275,RQI_DII_v1.0,frozen_confirmed_by_researcher,low,1,normal,latest publication_date <= market date,rules_frozen_v1_0_market_qc_pending
2022-06-28,USDC,Circle,usd-coin,2,1.00024458,0.00024458,0.00024458,0,0,0,0,0,54903977944.00,54917406358.93,43,0,,normal,DeFiLlama stablecoinprices,DeFiLlama stablecoin/{asset},2026-05-22,RQI_DII_v1.0,frozen_confirmed_by_researcher,1,market_abnormal_price_qc_pending,USDC_ASSURANCE_2022_04,2022-04-30,2022-05-23,36,0,23,,0.6275,RQI_DII_v1.0,frozen_confirmed_by_researcher,low,1,normal,latest publication_date <= market date,rules_frozen_v1_0_market_qc_pending
2022-06-29,USDC,Circle,usd-coin,2,1.00036763,0.00036763,0.00036763,0,0,0,0,0,54815361660.00,54835513431.41,43,0,,normal,DeFiLlama stablecoinprices,DeFiLlama stablecoin/{asset},2026-05-22,RQI_DII_v1.0,frozen_confirmed_by_researcher,1,market_abnormal_price_qc_pending,USDC_ASSURANCE_2022_04,2022-04-30,2022-05-23,37,0,23,,0.6275,RQI_DII_v1.0,frozen_confirmed_by_researcher,low,1,normal,latest publication_date <= market date,rules_frozen_v1_0_market_qc_pending
2022-06-30,USDC,Circle,usd-coin,2,1.00014503,0.00014503,0.00014503,0,0,0,0,0,54856604145.00,54864559998.30,43,0,,normal,DeFiLlama stablecoinprices,DeFiLlama stablecoin/{asset},2026-05-22,RQI_DII_v1.0,frozen_confirmed_by_researcher,1,market_abnormal_price_qc_pending,USDC_ASSURANCE_2022_04,2022-04-30,2022-05-23,38,0,23,,0.6275,RQI_DII_v1.0,frozen_confirmed_by_researcher,low,1,normal,latest publication_date <= market date,rules_frozen_v1_0_market_qc_pending
2022-07-01,USDC,Circle,usd-coin,2,1.00097403,0.00097403,0.00097403,0,0,0,0,0,54936211384.00,54989720901.97,43,0,,normal,DeFiLlama stablecoinprices,DeFiLlama stablecoin/{asset},2026-05-22,RQI_DII_v1.0,frozen_confirmed_by_researcher,1,market_abnormal_price_qc_pending,USDC_ASSURANCE_2022_04,2022-04-30,2022-05-23,39,0,23,,0.6275,RQI_DII_v1.0,frozen_confirmed_by_researcher,low,1,normal,latest publication_date <= market date,rules_frozen_v1_0_market_qc_pending
2022-07-02,USDC,Circle,usd-coin,2,1.00070325,0.00070325,0.00070325,0,0,0,0,0,54925910610.00,54964537256.64,43,0,,normal,DeFiLlama stablecoinprices,DeFiLlama stablecoin/{asset},2026-05-22,RQI_DII_v1.0,frozen_confirmed_by_researcher,1,market_abnormal_price_qc_pending,USDC_ASSURANCE_2022_04,2022-04-30,2022-05-23,40,0,23,,0.6275,RQI_DII_v1.0,frozen_confirmed_by_researcher,low,1,normal,latest publication_date <= market date,rules_frozen_v1_0_market_qc_pending
2022-07-03,USDC,Circle,usd-coin,2,1.00045639,0.00045639,0.00045639,0,0,0,0,0,54982243829.00,55007337175.26,43,0,,normal,DeFiLlama stablecoinprices,DeFiLlama stablecoin/{asset},2026-05-22,RQI_DII_v1.0,frozen_confirmed_by_researcher,1,market_abnormal_price_qc_pending,USDC_ASSURANCE_2022_04,2022-04-30,2022-05-23,41,0,23,,0.6275,RQI_DII_v1.0,frozen_confirmed_by_researcher,low,1,normal,latest publication_date <= market date,rules_frozen_v1_0_market_qc_pending
2022-07-04,USDC,Circle,usd-coin,2,1.00018833,0.00018833,0.00018833,0,0,0,0,0,54991190857.00,55001547347.97,43,0,,normal,DeFiLlama stablecoinprices,DeFiLlama stablecoin/{asset},2026-05-22,RQI_DII_v1.0,frozen_confirmed_by_researcher,1,market_abnormal_price_qc_pending,USDC_ASSURANCE_2022_04,2022-04-30,2022-05-23,42,0,23,,0.6275,RQI_DII_v1.0,frozen_confirmed_by_researcher,low,1,normal,latest publication_date <= market date,rules_frozen_v1_0_market_qc_pending
2022-07-05,USDC,Circle,usd-coin,2,1,0,0,0,0,0,0,0,55134883556.00,55134883556.00,43,0,,normal,DeFiLlama stablecoinprices,DeFiLlama stablecoin/{asset},2026-05-22,RQI_DII_v1.0,frozen_confirmed_by_researcher,1,market_abnormal_price_qc_pending,USDC_ASSURANCE_2022_04,2022-04-30,2022-05-23,43,0,23,,0.6275,RQI_DII_v1.0,frozen_confirmed_by_researcher,low,1,normal,latest publication_date <= market date,rules_frozen_v1_0_market_qc_pending
2022-07-06,USDC,Circle,usd-coin,2,1.00053174,0.00053174,0.00053174,0,0,0,0,0,55066135821.00,55095416688.06,43,0,,normal,DeFiLlama stablecoinprices,DeFiLlama stablecoin/{asset},2026-05-22,RQI_DII_v1.0,frozen_confirmed_by_researcher,1,market_abnormal_price_qc_pending,USDC_ASSURANCE_2022_04,2022-04-30,2022-05-23,44,0,23,,0.6275,RQI_DII_v1.0,frozen_confirmed_by_researcher,low,1,normal,latest publication_date <= market date,rules_frozen_v1_0_market_qc_pending
2022-07-07,USDC,Circle,usd-coin,2,1.00072564,0.00072564,0.00072564,0,0,0,0,0,54812392883.00,54852166947.77,43,0,,normal,DeFiLlama stablecoinprices,DeFiLlama stablecoin/{asset},2026-05-22,RQI_DII_v1.0,frozen_confirmed_by_researcher,1,market_abnormal_price_qc_pending,USDC_ASSURANCE_2022_04,2022-04-30,2022-05-23,45,0,23,,0.6275,RQI_DII_v1.0,frozen_confirmed_by_researcher,low,1,normal,latest publication_date <= market date,rules_frozen_v1_0_market_qc_pending
2022-07-08,USDC,Circle,usd-coin,2,1.00028204,0.00028204,0.00028204,0,0,0,0,0,54642413527.00,54657824873.31,43,0,,normal,DeFiLlama stablecoinprices,DeFiLlama stablecoin/{asset},2026-05-22,RQI_DII_v1.0,frozen_confirmed_by_researcher,1,market_abnormal_price_qc_pending,USDC_ASSURANCE_2022_04,2022-04-30,2022-05-23,46,1,23,,0.6275,RQI_DII_v1.0,frozen_confirmed_by_researcher,low,1,normal,latest publication_date <= market date,rules_frozen_v1_0_market_qc_pending
2022-07-09,USDC,Circle,usd-coin,2,1.00016595,0.00016595,0.00016595,0,0,0,0,0,54695202332.00,54704279000.83,43,0,,normal,DeFiLlama stablecoinprices,DeFiLlama stablecoin/{asset},2026-05-22,RQI_DII_v1.0,frozen_confirmed_by_researcher,1,market_abnormal_price_qc_pending,USDC_ASSURANCE_2022_04,2022-04-30,2022-05-23,47,1,23,,0.6275,RQI_DII_v1.0,frozen_confirmed_by_researcher,low,1,normal,latest publication_date <= market date,rules_frozen_v1_0_market_qc_pending
2022-07-10,USDC,Circle,usd-coin,2,1,0,0,0,0,0,0,0,54624871906.00,54624871906.00,43,0,,normal,DeFiLlama stablecoinprices,DeFiLlama stablecoin/{asset},2026-05-22,RQI_DII_v1.0,frozen_confirmed_by_researcher,1,market_abnormal_price_qc_pending,USDC_ASSURANCE_2022_04,2022-04-30,2022-05-23,48,1,23,,0.6275,RQI_DII_v1.0,frozen_confirmed_by_researcher,low,1,normal,latest publication_date <= market date,rules_frozen_v1_0_market_qc_pending
2022-07-11,USDC,Circle,usd-coin,2,1.0003994,0.0003994,0.0003994,0,0,0,0,0,54671697581.00,54693533457.01,43,0,,normal,DeFiLlama stablecoinprices,DeFiLlama stablecoin/{asset},2026-05-22,RQI_DII_v1.0,frozen_confirmed_by_researcher,1,market_abnormal_price_qc_pending,USDC_ASSURANCE_2022_04,2022-04-30,2022-05-23,49,1,23,,0.6275,RQI_DII_v1.0,frozen_confirmed_by_researcher,low,1,normal,latest publication_date <= market date,rules_frozen_v1_0_market_qc_pending
2022-07-12,USDC,Circle,usd-coin,2,1.0003994,0.0003994,0.0003994,0,0,0,0,0,54699936873.00,54721784027.79,43,0,,normal,DeFiLlama stablecoinprices,DeFiLlama stablecoin/{asset},2026-05-22,RQI_DII_v1.0,frozen_confirmed_by_researcher,1,market_abnormal_price_qc_pending,USDC_ASSURANCE_2022_04,2022-04-30,2022-05-23,50,1,23,,0.6275,RQI_DII_v1.0,frozen_confirmed_by_researcher,low,1,normal,latest publication_date <= market date,rules_frozen_v1_0_market_qc_pending
2022-07-13,USDC,Circle,usd-coin,2,1.0006514,0.0006514,0.0006514,0,0,0,0,0,54587311024.00,54622869198.40,43,0,,normal,DeFiLlama stablecoinprices,DeFiLlama stablecoin/{asset},2026-05-22,RQI_DII_v1.0,frozen_confirmed_by_researcher,1,market_abnormal_price_qc_pending,USDC_ASSURANCE_2022_04,2022-04-30,2022-05-23,51,1,23,,0.6275,RQI_DII_v1.0,frozen_confirmed_by_researcher,low,1,normal,latest publication_date <= market date,rules_frozen_v1_0_market_qc_pending
2022-07-14,USDC,Circle,usd-coin,2,0.99990002,-0.00009998,0.00009998,0,0,0,0,0,54585468400.00,54580010944.87,43,0,,normal,DeFiLlama stablecoinprices,DeFiLlama stablecoin/{asset},2026-05-22,RQI_DII_v1.0,frozen_confirmed_by_researcher,1,market_abnormal_price_qc_pending,USDC_ASSURANCE_2022_04,2022-04-30,2022-05-23,52,1,23,,0.6275,RQI_DII_v1.0,frozen_confirmed_by_researcher,low,1,normal,latest publication_date <= market date,rules_frozen_v1_0_market_qc_pending
2022-07-15,USDC,Circle,usd-coin,2,1.00002079,0.00002079,0.00002079,0,0,0,0,0,54533826843.00,54534960601.26,43,0,,normal,DeFiLlama stablecoinprices,DeFiLlama stablecoin/{asset},2026-05-22,RQI_DII_v1.0,frozen_confirmed_by_researcher,1,market_abnormal_price_qc_pending,USDC_ASSURANCE_2022_04,2022-04-30,2022-05-23,53,1,23,,0.6275,RQI_DII_v1.0,frozen_confirmed_by_researcher,low,1,normal,latest publication_date <= market date,rules_frozen_v1_0_market_qc_pending
2022-07-16,USDC,Circle,usd-coin,2,1.00002079,0.00002079,0.00002079,0,0,0,0,0,54081737343.00,54082861702.32,43,0,,normal,DeFiLlama stablecoinprices,DeFiLlama stablecoin/{asset},2026-05-22,RQI_DII_v1.0,frozen_confirmed_by_researcher,1,market_abnormal_price_qc_pending,USDC_ASSURANCE_2022_04,2022-04-30,2022-05-23,54,1,23,,0.6275,RQI_DII_v1.0,frozen_confirmed_by_researcher,low,1,normal,latest publication_date <= market date,rules_frozen_v1_0_market_qc_pending
2022-07-17,USDC,Circle,usd-coin,2,1.00002781,0.00002781,0.00002781,0,0,0,0,0,54071732189.00,54073235923.87,43,0,,normal,DeFiLlama stablecoinprices,DeFiLlama stablecoin/{asset},2026-05-22,RQI_DII_v1.0,frozen_confirmed_by_researcher,1,market_abnormal_price_qc_pending,USDC_ASSURANCE_2022_04,2022-04-30,2022-05-23,55,1,23,,0.6275,RQI_DII_v1.0,frozen_confirmed_by_researcher,low,1,normal,latest publication_date <= market date,rules_frozen_v1_0_market_qc_pending
2022-07-18,USDC,Circle,usd-coin,2,0.99984849,-0.00015151,0.00015151,0,0,0,0,0,54046926354.00,54038737704.19,43,0,,normal,DeFiLlama stablecoinprices,DeFiLlama stablecoin/{asset},2026-05-22,RQI_DII_v1.0,frozen_confirmed_by_researcher,1,market_abnormal_price_qc_pending,USDC_ASSURANCE_2022_04,2022-04-30,2022-05-23,56,1,23,,0.6275,RQI_DII_v1.0,frozen_confirmed_by_researcher,low,1,normal,latest publication_date <= market date,rules_frozen_v1_0_market_qc_pending
2022-07-19,USDC,Circle,usd-coin,2,0.99977267,-0.00022733,0.00022733,0,0,0,0,0,54068077290.00,54055785993.99,43,0,,normal,DeFiLlama stablecoinprices,DeFiLlama stablecoin/{asset},2026-05-22,RQI_DII_v1.0,frozen_confirmed_by_researcher,1,market_abnormal_price_qc_pending,USDC_ASSURANCE_2022_04,2022-04-30,2022-05-23,57,1,23,,0.6275,RQI_DII_v1.0,frozen_confirmed_by_researcher,low,1,normal,latest publication_date <= market date,rules_frozen_v1_0_market_qc_pending
2022-07-20,USDC,Circle,usd-coin,2,0.9999,-0.0001,0.0001,0,0,0,0,0,53978364533.00,53972966696.55,43,0,,normal,DeFiLlama stablecoinprices,DeFiLlama stablecoin/{asset},2026-05-22,RQI_DII_v1.0,frozen_confirmed_by_researcher,1,market_abnormal_price_qc_pending,USDC_ASSURANCE_2022_04,2022-04-30,2022-05-23,58,1,23,,0.6275,RQI_DII_v1.0,frozen_confirmed_by_researcher,low,1,normal,latest publication_date <= market date,rules_frozen_v1_0_market_qc_pending
2022-07-21,USDC,Circle,usd-coin,2,1.00024509,0.00024509,0.00024509,0,0,0,0,0,54159942863.00,54173216923.40,43,0,,normal,DeFiLlama stablecoinprices,DeFiLlama stablecoin/{asset},2026-05-22,RQI_DII_v1.0,frozen_confirmed_by_researcher,1,market_abnormal_price_qc_pending,USDC_ASSURANCE_2022_04,2022-04-30,2022-05-23,59,1,23,,0.6275,RQI_DII_v1.0,frozen_confirmed_by_researcher,low,1,normal,latest publication_date <= market date,rules_frozen_v1_0_market_qc_pending
2022-07-22,USDC,Circle,usd-coin,2,1.00024622,0.00024622,0.00024622,0,0,0,0,0,54232540607.00,54245893743.15,44,0,,normal,DeFiLlama stablecoinprices,DeFiLlama stablecoin/{asset},2026-05-22,RQI_DII_v1.0,frozen_confirmed_by_researcher,1,market_abnormal_price_qc_pending,USDC_ASSURANCE_2022_04,2022-04-30,2022-05-23,60,1,23,,0.6275,RQI_DII_v1.0,frozen_confirmed_by_researcher,low,1,normal,latest publication_date <= market date,rules_frozen_v1_0_market_qc_pending
2022-07-23,USDC,Circle,usd-coin,2,1.00009393,0.00009393,0.00009393,0,0,0,0,0,54261692387.00,54266789187.77,44,0,,normal,DeFiLlama stablecoinprices,DeFiLlama stablecoin/{asset},2026-05-22,RQI_DII_v1.0,frozen_confirmed_by_researcher,1,market_abnormal_price_qc_pending,USDC_ASSURANCE_2022_04,2022-04-30,2022-05-23,61,1,23,,0.6275,RQI_DII_v1.0,frozen_confirmed_by_researcher,low,1,normal,latest publication_date <= market date,rules_frozen_v1_0_market_qc_pending
2022-07-24,USDC,Circle,usd-coin,2,1.00008601,0.00008601,0.00008601,0,0,0,0,0,54379972292.00,54384649513.42,44,0,,normal,DeFiLlama stablecoinprices,DeFiLlama stablecoin/{asset},2026-05-22,RQI_DII_v1.0,frozen_confirmed_by_researcher,1,market_abnormal_price_qc_pending,USDC_ASSURANCE_2022_04,2022-04-30,2022-05-23,62,1,23,,0.6275,RQI_DII_v1.0,frozen_confirmed_by_researcher,low,1,normal,latest publication_date <= market date,rules_frozen_v1_0_market_qc_pending
2022-07-25,USDC,Circle,usd-coin,2,1.00009137,0.00009137,0.00009137,0,0,0,0,0,54369542979.00,54374510724.14,44,0,,normal,DeFiLlama stablecoinprices,DeFiLlama stablecoin/{asset},2026-05-22,RQI_DII_v1.0,frozen_confirmed_by_researcher,1,market_abnormal_price_qc_pending,USDC_ASSURANCE_2022_04,2022-04-30,2022-05-23,63,1,23,,0.6275,RQI_DII_v1.0,frozen_confirmed_by_researcher,low,1,normal,latest publication_date <= market date,rules_frozen_v1_0_market_qc_pending
2022-07-26,USDC,Circle,usd-coin,2,1,0,0,0,0,0,0,0,54306232859.00,54306232859.00,44,0,,normal,DeFiLlama stablecoinprices,DeFiLlama stablecoin/{asset},2026-05-22,RQI_DII_v1.0,frozen_confirmed_by_researcher,1,market_abnormal_price_qc_pending,USDC_ASSURANCE_2022_04,2022-04-30,2022-05-23,64,1,23,,0.6275,RQI_DII_v1.0,frozen_confirmed_by_researcher,low,1,normal,latest publication_date <= market date,rules_frozen_v1_0_market_qc_pending
2022-07-27,USDC,Circle,usd-coin,2,1.00037178,0.00037178,0.00037178,0,0,0,0,0,54361164115.00,54381374508.59,44,0,,normal,DeFiLlama stablecoinprices,DeFiLlama stablecoin/{asset},2026-05-22,RQI_DII_v1.0,frozen_confirmed_by_researcher,1,market_abnormal_price_qc_pending,USDC_ASSURANCE_2022_04,2022-04-30,2022-05-23,65,1,23,,0.6275,RQI_DII_v1.0,frozen_confirmed_by_researcher,low,1,normal,latest publication_date <= market date,rules_frozen_v1_0_market_qc_pending
2022-07-28,USDC,Circle,usd-coin,2,1.00001973,0.00001973,0.00001973,0,0,0,0,0,54343399973.00,54344472168.28,44,0,,normal,DeFiLlama stablecoinprices,DeFiLlama stablecoin/{asset},2026-05-22,RQI_DII_v1.0,frozen_confirmed_by_researcher,1,market_abnormal_price_qc_pending,USDC_ASSURANCE_2022_06,2022-06-30,2022-07-28,0,0,28,,0.6275,RQI_DII_v1.0,frozen_confirmed_by_researcher,low,1,normal,latest publication_date <= market date,rules_frozen_v1_0_market_qc_pending
2022-07-29,USDC,Circle,usd-coin,2,1.0000481,0.0000481,0.0000481,0,0,0,0,0,53893876415.00,53896468710.46,44,0,,normal,DeFiLlama stablecoinprices,DeFiLlama stablecoin/{asset},2026-05-22,RQI_DII_v1.0,frozen_confirmed_by_researcher,1,market_abnormal_price_qc_pending,USDC_ASSURANCE_2022_06,2022-06-30,2022-07-28,1,0,28,,0.6275,RQI_DII_v1.0,frozen_confirmed_by_researcher,low,1,normal,latest publication_date <= market date,rules_frozen_v1_0_market_qc_pending
2022-07-30,USDC,Circle,usd-coin,2,1.00000638,0.00000638,0.00000638,0,0,0,0,0,53849225567.00,53849569125.06,44,0,,normal,DeFiLlama stablecoinprices,DeFiLlama stablecoin/{asset},2026-05-22,RQI_DII_v1.0,frozen_confirmed_by_researcher,1,market_abnormal_price_qc_pending,USDC_ASSURANCE_2022_06,2022-06-30,2022-07-28,2,0,28,,0.6275,RQI_DII_v1.0,frozen_confirmed_by_researcher,low,1,normal,latest publication_date <= market date,rules_frozen_v1_0_market_qc_pending
2022-07-31,USDC,Circle,usd-coin,2,1,0,0,0,0,0,0,0,53683064902.00,53683064902.00,44,0,,normal,DeFiLlama stablecoinprices,DeFiLlama stablecoin/{asset},2026-05-22,RQI_DII_v1.0,frozen_confirmed_by_researcher,1,market_abnormal_price_qc_pending,USDC_ASSURANCE_2022_06,2022-06-30,2022-07-28,3,0,28,,0.6275,RQI_DII_v1.0,frozen_confirmed_by_researcher,low,1,normal,latest publication_date <= market date,rules_frozen_v1_0_market_qc_pending
2022-08-01,USDC,Circle,usd-coin,2,1.00002092,0.00002092,0.00002092,0,0,0,0,0,53726203763.00,53727327715.18,44,0,,normal,DeFiLlama stablecoinprices,DeFiLlama stablecoin/{asset},2026-05-22,RQI_DII_v1.0,frozen_confirmed_by_researcher,1,market_abnormal_price_qc_pending,USDC_ASSURANCE_2022_06,2022-06-30,2022-07-28,4,0,28,,0.6275,RQI_DII_v1.0,frozen_confirmed_by_researcher,low,1,normal,latest publication_date <= market date,rules_frozen_v1_0_market_qc_pending
2022-08-02,USDC,Circle,usd-coin,2,0.99989049,-0.00010951,0.00010951,0,0,0,0,0,53796587760.00,53790696495.67,44,0,,normal,DeFiLlama stablecoinprices,DeFiLlama stablecoin/{asset},2026-05-22,RQI_DII_v1.0,frozen_confirmed_by_researcher,1,market_abnormal_price_qc_pending,USDC_ASSURANCE_2022_06,2022-06-30,2022-07-28,5,0,28,,0.6275,RQI_DII_v1.0,frozen_confirmed_by_researcher,low,1,normal,latest publication_date <= market date,rules_frozen_v1_0_market_qc_pending
2022-08-03,USDC,Circle,usd-coin,2,1.00008715,0.00008715,0.00008715,0,0,0,0,0,53630543730.00,53635217631.89,44,0,,normal,DeFiLlama stablecoinprices,DeFiLlama stablecoin/{asset},2026-05-22,RQI_DII_v1.0,frozen_confirmed_by_researcher,1,market_abnormal_price_qc_pending,USDC_ASSURANCE_2022_06,2022-06-30,2022-07-28,6,0,28,,0.6275,RQI_DII_v1.0,frozen_confirmed_by_researcher,low,1,normal,latest publication_date <= market date,rules_frozen_v1_0_market_qc_pending
2022-08-04,USDC,Circle,usd-coin,2,1.00061002,0.00061002,0.00061002,0,0,0,0,0,53657548335.00,53690280512.64,44,0,,normal,DeFiLlama stablecoinprices,DeFiLlama stablecoin/{asset},2026-05-22,RQI_DII_v1.0,frozen_confirmed_by_researcher,1,market_abnormal_price_qc_pending,USDC_ASSURANCE_2022_06,2022-06-30,2022-07-28,7,0,28,,0.6275,RQI_DII_v1.0,frozen_confirmed_by_researcher,low,1,normal,latest publication_date <= market date,rules_frozen_v1_0_market_qc_pending
2022-08-05,USDC,Circle,usd-coin,2,1.0000294,0.0000294,0.0000294,0,0,0,0,0,53470947839.00,53472519884.87,44,0,,normal,DeFiLlama stablecoinprices,DeFiLlama stablecoin/{asset},2026-05-22,RQI_DII_v1.0,frozen_confirmed_by_researcher,1,market_abnormal_price_qc_pending,USDC_ASSURANCE_2022_06,2022-06-30,2022-07-28,8,0,28,,0.6275,RQI_DII_v1.0,frozen_confirmed_by_researcher,low,1,normal,latest publication_date <= market date,rules_frozen_v1_0_market_qc_pending
2022-08-06,USDC,Circle,usd-coin,2,1.00001572,0.00001572,0.00001572,0,0,0,0,0,53612347783.00,53613190569.11,45,0,,normal,DeFiLlama stablecoinprices,DeFiLlama stablecoin/{asset},2026-05-22,RQI_DII_v1.0,frozen_confirmed_by_researcher,1,market_abnormal_price_qc_pending,USDC_ASSURANCE_2022_06,2022-06-30,2022-07-28,9,0,28,,0.6275,RQI_DII_v1.0,frozen_confirmed_by_researcher,low,1,normal,latest publication_date <= market date,rules_frozen_v1_0_market_qc_pending
2022-08-07,USDC,Circle,usd-coin,2,1.00001572,0.00001572,0.00001572,0,0,0,0,0,53594283947.00,53595126449.14,45,0,,normal,DeFiLlama stablecoinprices,DeFiLlama stablecoin/{asset},2026-05-22,RQI_DII_v1.0,frozen_confirmed_by_researcher,1,market_abnormal_price_qc_pending,USDC_ASSURANCE_2022_06,2022-06-30,2022-07-28,10,0,28,,0.6275,RQI_DII_v1.0,frozen_confirmed_by_researcher,low,1,normal,latest publication_date <= market date,rules_frozen_v1_0_market_qc_pending
2022-08-08,USDC,Circle,usd-coin,2,1.00004386,0.00004386,0.00004386,0,0,0,0,0,53580519535.00,53582869576.59,45,0,,normal,DeFiLlama stablecoinprices,DeFiLlama stablecoin/{asset},2026-05-22,RQI_DII_v1.0,frozen_confirmed_by_researcher,1,market_abnormal_price_qc_pending,USDC_ASSURANCE_2022_06,2022-06-30,2022-07-28,11,0,28,,0.6275,RQI_DII_v1.0,frozen_confirmed_by_researcher,low,1,normal,latest publication_date <= market date,rules_frozen_v1_0_market_qc_pending
2022-08-09,USDC,Circle,usd-coin,2,0.99994135,-0.00005865,0.00005865,0,0,0,0,0,53423734422.00,53420601119.98,45,0,,normal,DeFiLlama stablecoinprices,DeFiLlama stablecoin/{asset},2026-05-22,RQI_DII_v1.0,frozen_confirmed_by_researcher,1,market_abnormal_price_qc_pending,USDC_ASSURANCE_2022_06,2022-06-30,2022-07-28,12,0,28,,0.6275,RQI_DII_v1.0,frozen_confirmed_by_researcher,low,1,normal,latest publication_date <= market date,rules_frozen_v1_0_market_qc_pending
2022-08-10,USDC,Circle,usd-coin,2,0.99995,-0.00005,0.00005,0,0,0,0,0,53334593618.00,53331926888.32,45,0,,normal,DeFiLlama stablecoinprices,DeFiLlama stablecoin/{asset},2026-05-22,RQI_DII_v1.0,frozen_confirmed_by_researcher,1,market_abnormal_price_qc_pending,USDC_ASSURANCE_2022_06,2022-06-30,2022-07-28,13,0,28,,0.6275,RQI_DII_v1.0,frozen_confirmed_by_researcher,low,1,normal,latest publication_date <= market date,rules_frozen_v1_0_market_qc_pending
2022-08-11,USDC,Circle,usd-coin,2,0.9999,-0.0001,0.0001,0,0,0,0,0,53193844589.00,53188525204.54,45,0,,normal,DeFiLlama stablecoinprices,DeFiLlama stablecoin/{asset},2026-05-22,RQI_DII_v1.0,frozen_confirmed_by_researcher,1,market_abnormal_price_qc_pending,USDC_ASSURANCE_2022_06,2022-06-30,2022-07-28,14,0,28,,0.6275,RQI_DII_v1.0,frozen_confirmed_by_researcher,low,1,normal,latest publication_date <= market date,rules_frozen_v1_0_market_qc_pending
2022-08-12,USDC,Circle,usd-coin,2,0.99996961,-0.00003039,0.00003039,0,0,0,0,0,53056231396.00,53054619017.13,45,0,,normal,DeFiLlama stablecoinprices,DeFiLlama stablecoin/{asset},2026-05-22,RQI_DII_v1.0,frozen_confirmed_by_researcher,1,market_abnormal_price_qc_pending,USDC_ASSURANCE_2022_06,2022-06-30,2022-07-28,15,0,28,,0.6275,RQI_DII_v1.0,frozen_confirmed_by_researcher,low,1,normal,latest publication_date <= market date,rules_frozen_v1_0_market_qc_pending
2022-08-13,USDC,Circle,usd-coin,2,1.00000017,0.00000017,0.00000017,0,0,0,0,0,53081962792.00,53081971815.93,45,0,,normal,DeFiLlama stablecoinprices,DeFiLlama stablecoin/{asset},2026-05-22,RQI_DII_v1.0,frozen_confirmed_by_researcher,1,market_abnormal_price_qc_pending,USDC_ASSURANCE_2022_06,2022-06-30,2022-07-28,16,0,28,,0.6275,RQI_DII_v1.0,frozen_confirmed_by_researcher,low,1,normal,latest publication_date <= market date,rules_frozen_v1_0_market_qc_pending
2022-08-14,USDC,Circle,usd-coin,2,1,0,0,0,0,0,0,0,53075487832.00,53075487832.00,45,0,,normal,DeFiLlama stablecoinprices,DeFiLlama stablecoin/{asset},2026-05-22,RQI_DII_v1.0,frozen_confirmed_by_researcher,1,market_abnormal_price_qc_pending,USDC_ASSURANCE_2022_06,2022-06-30,2022-07-28,17,0,28,,0.6275,RQI_DII_v1.0,frozen_confirmed_by_researcher,low,1,normal,latest publication_date <= market date,rules_frozen_v1_0_market_qc_pending
2022-08-15,USDC,Circle,usd-coin,2,0.99985387,-0.00014613,0.00014613,0,0,0,0,0,52861237416.00,52853512803.38,46,0,,normal,DeFiLlama stablecoinprices,DeFiLlama stablecoin/{asset},2026-05-22,RQI_DII_v1.0,frozen_confirmed_by_researcher,1,market_abnormal_price_qc_pending,USDC_ASSURANCE_2022_06,2022-06-30,2022-07-28,18,0,28,,0.6275,RQI_DII_v1.0,frozen_confirmed_by_researcher,low,1,normal,latest publication_date <= market date,rules_frozen_v1_0_market_qc_pending
2022-08-16,USDC,Circle,usd-coin,2,0.99989424,-0.00010576,0.00010576,0,0,0,0,0,52793329990.00,52787746567.42,46,0,,normal,DeFiLlama stablecoinprices,DeFiLlama stablecoin/{asset},2026-05-22,RQI_DII_v1.0,frozen_confirmed_by_researcher,1,market_abnormal_price_qc_pending,USDC_ASSURANCE_2022_06,2022-06-30,2022-07-28,19,0,28,,0.6275,RQI_DII_v1.0,frozen_confirmed_by_researcher,low,1,normal,latest publication_date <= market date,rules_frozen_v1_0_market_qc_pending
2022-08-17,USDC,Circle,usd-coin,2,1.00017933,0.00017933,0.00017933,0,0,0,0,0,52743252421.00,52752710868.46,46,0,,normal,DeFiLlama stablecoinprices,DeFiLlama stablecoin/{asset},2026-05-22,RQI_DII_v1.0,frozen_confirmed_by_researcher,1,market_abnormal_price_qc_pending,USDC_ASSURANCE_2022_06,2022-06-30,2022-07-28,20,0,28,,0.6275,RQI_DII_v1.0,frozen_confirmed_by_researcher,low,1,normal,latest publication_date <= market date,rules_frozen_v1_0_market_qc_pending
2022-08-18,USDC,Circle,usd-coin,2,1.00007204,0.00007204,0.00007204,0,0,0,0,0,52487563655.00,52491344859.09,47,0,,normal,DeFiLlama stablecoinprices,DeFiLlama stablecoin/{asset},2026-05-22,RQI_DII_v1.0,frozen_confirmed_by_researcher,1,market_abnormal_price_qc_pending,USDC_ASSURANCE_2022_06,2022-06-30,2022-07-28,21,0,28,,0.6275,RQI_DII_v1.0,frozen_confirmed_by_researcher,low,1,normal,latest publication_date <= market date,rules_frozen_v1_0_market_qc_pending
2022-08-19,USDC,Circle,usd-coin,2,1,0,0,0,0,0,0,0,52098471350.00,52098471350.00,47,0,,normal,DeFiLlama stablecoinprices,DeFiLlama stablecoin/{asset},2026-05-22,RQI_DII_v1.0,frozen_confirmed_by_researcher,1,market_abnormal_price_qc_pending,USDC_ASSURANCE_2022_06,2022-06-30,2022-07-28,22,0,28,,0.6275,RQI_DII_v1.0,frozen_confirmed_by_researcher,low,1,normal,latest publication_date <= market date,rules_frozen_v1_0_market_qc_pending
2022-08-20,USDC,Circle,usd-coin,2,1.00002388,0.00002388,0.00002388,0,0,0,0,0,51721099886.00,51722334985.87,48,0,,normal,DeFiLlama stablecoinprices,DeFiLlama stablecoin/{asset},2026-05-22,RQI_DII_v1.0,frozen_confirmed_by_researcher,1,market_abnormal_price_qc_pending,USDC_ASSURANCE_2022_06,2022-06-30,2022-07-28,23,0,28,,0.6275,RQI_DII_v1.0,frozen_confirmed_by_researcher,low,1,normal,latest publication_date <= market date,rules_frozen_v1_0_market_qc_pending
2022-08-21,USDC,Circle,usd-coin,2,1.00000554,0.00000554,0.00000554,0,0,0,0,0,51684365670.00,51684652001.39,50,0,,normal,DeFiLlama stablecoinprices,DeFiLlama stablecoin/{asset},2026-05-22,RQI_DII_v1.0,frozen_confirmed_by_researcher,1,market_abnormal_price_qc_pending,USDC_ASSURANCE_2022_06,2022-06-30,2022-07-28,24,0,28,,0.6275,RQI_DII_v1.0,frozen_confirmed_by_researcher,low,1,normal,latest publication_date <= market date,rules_frozen_v1_0_market_qc_pending
2022-08-22,USDC,Circle,usd-coin,2,0.99990785,-0.00009215,0.00009215,0,0,0,0,0,51817968938.00,51813193912.16,50,0,,normal,DeFiLlama stablecoinprices,DeFiLlama stablecoin/{asset},2026-05-22,RQI_DII_v1.0,frozen_confirmed_by_researcher,1,market_abnormal_price_qc_pending,USDC_ASSURANCE_2022_06,2022-06-30,2022-07-28,25,0,28,,0.6275,RQI_DII_v1.0,frozen_confirmed_by_researcher,low,1,normal,latest publication_date <= market date,rules_frozen_v1_0_market_qc_pending
2022-08-23,USDC,Circle,usd-coin,2,1.00005754,0.00005754,0.00005754,0,0,0,0,0,51512580932.00,51515544965.91,52,0,,normal,DeFiLlama stablecoinprices,DeFiLlama stablecoin/{asset},2026-05-22,RQI_DII_v1.0,frozen_confirmed_by_researcher,1,market_abnormal_price_qc_pending,USDC_ASSURANCE_2022_06,2022-06-30,2022-07-28,26,0,28,,0.6275,RQI_DII_v1.0,frozen_confirmed_by_researcher,low,1,normal,latest publication_date <= market date,rules_frozen_v1_0_market_qc_pending
2022-08-24,USDC,Circle,usd-coin,2,1,0,0,0,0,0,0,0,51614075738.00,51614075738.00,53,0,,normal,DeFiLlama stablecoinprices,DeFiLlama stablecoin/{asset},2026-05-22,RQI_DII_v1.0,frozen_confirmed_by_researcher,1,market_abnormal_price_qc_pending,USDC_ASSURANCE_2022_07,2022-07-31,2022-08-24,0,0,24,0.9164,0.8400,RQI_DII_v1.0,frozen_confirmed_by_researcher,medium,0,normal,latest publication_date <= market date,rules_frozen_v1_0_market_qc_pending
2022-08-25,USDC,Circle,usd-coin,2,1.0001297,0.0001297,0.0001297,0,0,0,0,0,51506864112.00,51513544552.28,56,0,,normal,DeFiLlama stablecoinprices,DeFiLlama stablecoin/{asset},2026-05-22,RQI_DII_v1.0,frozen_confirmed_by_researcher,1,market_abnormal_price_qc_pending,USDC_ASSURANCE_2022_07,2022-07-31,2022-08-24,1,0,24,0.9164,0.8400,RQI_DII_v1.0,frozen_confirmed_by_researcher,medium,0,normal,latest publication_date <= market date,rules_frozen_v1_0_market_qc_pending
2022-08-26,USDC,Circle,usd-coin,2,0.99998353,-0.00001647,0.00001647,0,0,0,0,0,51372944698.00,51372098585.60,56,0,,normal,DeFiLlama stablecoinprices,DeFiLlama stablecoin/{asset},2026-05-22,RQI_DII_v1.0,frozen_confirmed_by_researcher,1,market_abnormal_price_qc_pending,USDC_ASSURANCE_2022_07,2022-07-31,2022-08-24,2,0,24,0.9164,0.8400,RQI_DII_v1.0,frozen_confirmed_by_researcher,medium,0,normal,latest publication_date <= market date,rules_frozen_v1_0_market_qc_pending
2022-08-27,USDC,Circle,usd-coin,2,0.99995875,-0.00004125,0.00004125,0,0,0,0,0,51481855274.00,51479731647.47,56,0,,normal,DeFiLlama stablecoinprices,DeFiLlama stablecoin/{asset},2026-05-22,RQI_DII_v1.0,frozen_confirmed_by_researcher,1,market_abnormal_price_qc_pending,USDC_ASSURANCE_2022_07,2022-07-31,2022-08-24,3,0,24,0.9164,0.8400,RQI_DII_v1.0,frozen_confirmed_by_researcher,medium,0,normal,latest publication_date <= market date,rules_frozen_v1_0_market_qc_pending
2022-08-28,USDC,Circle,usd-coin,2,1.00009199,0.00009199,0.00009199,0,0,0,0,0,51528353075.00,51533093168.20,56,0,,normal,DeFiLlama stablecoinprices,DeFiLlama stablecoin/{asset},2026-05-22,RQI_DII_v1.0,frozen_confirmed_by_researcher,1,market_abnormal_price_qc_pending,USDC_ASSURANCE_2022_07,2022-07-31,2022-08-24,4,0,24,0.9164,0.8400,RQI_DII_v1.0,frozen_confirmed_by_researcher,medium,0,normal,latest publication_date <= market date,rules_frozen_v1_0_market_qc_pending
2022-08-29,USDC,Circle,usd-coin,2,1.00002417,0.00002417,0.00002417,0,0,0,0,0,51480614266.00,51481858552.45,56,0,,normal,DeFiLlama stablecoinprices,DeFiLlama stablecoin/{asset},2026-05-22,RQI_DII_v1.0,frozen_confirmed_by_researcher,1,market_abnormal_price_qc_pending,USDC_ASSURANCE_2022_07,2022-07-31,2022-08-24,5,0,24,0.9164,0.8400,RQI_DII_v1.0,frozen_confirmed_by_researcher,medium,0,normal,latest publication_date <= market date,rules_frozen_v1_0_market_qc_pending
2022-08-30,USDC,Circle,usd-coin,2,0.99999196,-0.00000804,0.00000804,0,0,0,0,0,51564529081.00,51564114502.19,56,0,,normal,DeFiLlama stablecoinprices,DeFiLlama stablecoin/{asset},2026-05-22,RQI_DII_v1.0,frozen_confirmed_by_researcher,1,market_abnormal_price_qc_pending,USDC_ASSURANCE_2022_07,2022-07-31,2022-08-24,6,0,24,0.9164,0.8400,RQI_DII_v1.0,frozen_confirmed_by_researcher,medium,0,normal,latest publication_date <= market date,rules_frozen_v1_0_market_qc_pending
2022-08-31,USDC,Circle,usd-coin,2,1.00004778,0.00004778,0.00004778,0,0,0,0,0,51672532094.00,51675001007.58,56,0,,normal,DeFiLlama stablecoinprices,DeFiLlama stablecoin/{asset},2026-05-22,RQI_DII_v1.0,frozen_confirmed_by_researcher,1,market_abnormal_price_qc_pending,USDC_ASSURANCE_2022_07,2022-07-31,2022-08-24,7,0,24,0.9164,0.8400,RQI_DII_v1.0,frozen_confirmed_by_researcher,medium,0,normal,latest publication_date <= market date,rules_frozen_v1_0_market_qc_pending
2022-09-01,USDC,Circle,usd-coin,2,1.00000343,0.00000343,0.00000343,0,0,0,0,0,51584353051.00,51584529985.33,56,0,,normal,DeFiLlama stablecoinprices,DeFiLlama stablecoin/{asset},2026-05-22,RQI_DII_v1.0,frozen_confirmed_by_researcher,1,market_abnormal_price_qc_pending,USDC_ASSURANCE_2022_07,2022-07-31,2022-08-24,8,0,24,0.9164,0.8400,RQI_DII_v1.0,frozen_confirmed_by_researcher,medium,0,normal,latest publication_date <= market date,rules_frozen_v1_0_market_qc_pending
2022-09-02,USDC,Circle,usd-coin,2,1,0,0,0,0,0,0,0,51342180296.00,51342180296.00,57,0,,normal,DeFiLlama stablecoinprices,DeFiLlama stablecoin/{asset},2026-05-22,RQI_DII_v1.0,frozen_confirmed_by_researcher,1,market_abnormal_price_qc_pending,USDC_ASSURANCE_2022_07,2022-07-31,2022-08-24,9,0,24,0.9164,0.8400,RQI_DII_v1.0,frozen_confirmed_by_researcher,medium,0,normal,latest publication_date <= market date,rules_frozen_v1_0_market_qc_pending
2022-09-03,USDC,Circle,usd-coin,2,1,0,0,0,0,0,0,0,51189283476.00,51189283476.00,58,0,,normal,DeFiLlama stablecoinprices,DeFiLlama stablecoin/{asset},2026-05-22,RQI_DII_v1.0,frozen_confirmed_by_researcher,1,market_abnormal_price_qc_pending,USDC_ASSURANCE_2022_07,2022-07-31,2022-08-24,10,0,24,0.9164,0.8400,RQI_DII_v1.0,frozen_confirmed_by_researcher,medium,0,normal,latest publication_date <= market date,rules_frozen_v1_0_market_qc_pending
2022-09-04,USDC,Circle,usd-coin,2,1,0,0,0,0,0,0,0,51210045002.00,51210045002.00,58,0,,normal,DeFiLlama stablecoinprices,DeFiLlama stablecoin/{asset},2026-05-22,RQI_DII_v1.0,frozen_confirmed_by_researcher,1,market_abnormal_price_qc_pending,USDC_ASSURANCE_2022_07,2022-07-31,2022-08-24,11,0,24,0.9164,0.8400,RQI_DII_v1.0,frozen_confirmed_by_researcher,medium,0,normal,latest publication_date <= market date,rules_frozen_v1_0_market_qc_pending
2022-09-05,USDC,Circle,usd-coin,2,1.0003673,0.0003673,0.0003673,0,0,0,0,0,51239014869.00,51257834959.16,58,0,,normal,DeFiLlama stablecoinprices,DeFiLlama stablecoin/{asset},2026-05-22,RQI_DII_v1.0,frozen_confirmed_by_researcher,1,market_abnormal_price_qc_pending,USDC_ASSURANCE_2022_07,2022-07-31,2022-08-24,12,0,24,0.9164,0.8400,RQI_DII_v1.0,frozen_confirmed_by_researcher,medium,0,normal,latest publication_date <= market date,rules_frozen_v1_0_market_qc_pending
2022-09-06,USDC,Circle,usd-coin,2,0.99991202,-0.00008798,0.00008798,0,0,0,0,0,51217879059.00,51213372910.00,58,0,,normal,DeFiLlama stablecoinprices,DeFiLlama stablecoin/{asset},2026-05-22,RQI_DII_v1.0,frozen_confirmed_by_researcher,1,market_abnormal_price_qc_pending,USDC_ASSURANCE_2022_07,2022-07-31,2022-08-24,13,0,24,0.9164,0.8400,RQI_DII_v1.0,frozen_confirmed_by_researcher,medium,0,normal,latest publication_date <= market date,rules_frozen_v1_0_market_qc_pending
2022-09-07,USDC,Circle,usd-coin,2,0.99997297,-0.00002703,0.00002703,0,0,0,0,0,50943439185.00,50942062183.84,58,0,,normal,DeFiLlama stablecoinprices,DeFiLlama stablecoin/{asset},2026-05-22,RQI_DII_v1.0,frozen_confirmed_by_researcher,1,market_abnormal_price_qc_pending,USDC_ASSURANCE_2022_07,2022-07-31,2022-08-24,14,0,24,0.9164,0.8400,RQI_DII_v1.0,frozen_confirmed_by_researcher,medium,0,normal,latest publication_date <= market date,rules_frozen_v1_0_market_qc_pending
2022-09-08,USDC,Circle,usd-coin,2,0.999997,-0.000003,0.000003,0,0,0,0,0,51079187324.00,51079034086.44,58,0,,normal,DeFiLlama stablecoinprices,DeFiLlama stablecoin/{asset},2026-05-22,RQI_DII_v1.0,frozen_confirmed_by_researcher,1,market_abnormal_price_qc_pending,USDC_ASSURANCE_2022_07,2022-07-31,2022-08-24,15,0,24,0.9164,0.8400,RQI_DII_v1.0,frozen_confirmed_by_researcher,medium,0,normal,latest publication_date <= market date,rules_frozen_v1_0_market_qc_pending
2022-09-09,USDC,Circle,usd-coin,2,1,0,0,0,0,0,0,0,51033530314.00,51033530314.00,58,0,,normal,DeFiLlama stablecoinprices,DeFiLlama stablecoin/{asset},2026-05-22,RQI_DII_v1.0,frozen_confirmed_by_researcher,1,market_abnormal_price_qc_pending,USDC_ASSURANCE_2022_07,2022-07-31,2022-08-24,16,0,24,0.9164,0.8400,RQI_DII_v1.0,frozen_confirmed_by_researcher,medium,0,normal,latest publication_date <= market date,rules_frozen_v1_0_market_qc_pending
2022-09-10,USDC,Circle,usd-coin,2,1.00004919,0.00004919,0.00004919,0,0,0,0,0,51086417749.00,51088930689.89,58,0,,normal,DeFiLlama stablecoinprices,DeFiLlama stablecoin/{asset},2026-05-22,RQI_DII_v1.0,frozen_confirmed_by_researcher,1,market_abnormal_price_qc_pending,USDC_ASSURANCE_2022_07,2022-07-31,2022-08-24,17,0,24,0.9164,0.8400,RQI_DII_v1.0,frozen_confirmed_by_researcher,medium,0,normal,latest publication_date <= market date,rules_frozen_v1_0_market_qc_pending
2022-09-11,USDC,Circle,usd-coin,2,0.99998093,-0.00001907,0.00001907,0,0,0,0,0,51055513171.00,51054539542.36,58,0,,normal,DeFiLlama stablecoinprices,DeFiLlama stablecoin/{asset},2026-05-22,RQI_DII_v1.0,frozen_confirmed_by_researcher,1,market_abnormal_price_qc_pending,USDC_ASSURANCE_2022_07,2022-07-31,2022-08-24,18,0,24,0.9164,0.8400,RQI_DII_v1.0,frozen_confirmed_by_researcher,medium,0,normal,latest publication_date <= market date,rules_frozen_v1_0_market_qc_pending
2022-09-12,USDC,Circle,usd-coin,2,1.00000713,0.00000713,0.00000713,0,0,0,0,0,50971883741.00,50972247170.53,58,0,,normal,DeFiLlama stablecoinprices,DeFiLlama stablecoin/{asset},2026-05-22,RQI_DII_v1.0,frozen_confirmed_by_researcher,1,market_abnormal_price_qc_pending,USDC_ASSURANCE_2022_07,2022-07-31,2022-08-24,19,0,24,0.9164,0.8400,RQI_DII_v1.0,frozen_confirmed_by_researcher,medium,0,normal,latest publication_date <= market date,rules_frozen_v1_0_market_qc_pending
2022-09-13,USDC,Circle,usd-coin,2,0.999908,-0.000092,0.000092,0,0,0,0,0,50844432290.00,50839754602.23,58,0,,normal,DeFiLlama stablecoinprices,DeFiLlama stablecoin/{asset},2026-05-22,RQI_DII_v1.0,frozen_confirmed_by_researcher,1,market_abnormal_price_qc_pending,USDC_ASSURANCE_2022_07,2022-07-31,2022-08-24,20,0,24,0.9164,0.8400,RQI_DII_v1.0,frozen_confirmed_by_researcher,medium,0,normal,latest publication_date <= market date,rules_frozen_v1_0_market_qc_pending
2022-09-14,USDC,Circle,usd-coin,2,0.99995318,-0.00004682,0.00004682,0,0,0,0,0,50716195432.00,50713820899.73,58,0,,normal,DeFiLlama stablecoinprices,DeFiLlama stablecoin/{asset},2026-05-22,RQI_DII_v1.0,frozen_confirmed_by_researcher,1,market_abnormal_price_qc_pending,USDC_ASSURANCE_2022_07,2022-07-31,2022-08-24,21,0,24,0.9164,0.8400,RQI_DII_v1.0,frozen_confirmed_by_researcher,medium,0,normal,latest publication_date <= market date,rules_frozen_v1_0_market_qc_pending
2022-09-15,USDC,Circle,usd-coin,2,1,0,0,0,0,0,0,0,50119467114.00,50119467114.00,58,0,,normal,DeFiLlama stablecoinprices,DeFiLlama stablecoin/{asset},2026-05-22,RQI_DII_v1.0,frozen_confirmed_by_researcher,1,market_abnormal_price_qc_pending,USDC_ASSURANCE_2022_07,2022-07-31,2022-08-24,22,0,24,0.9164,0.8400,RQI_DII_v1.0,frozen_confirmed_by_researcher,medium,0,normal,latest publication_date <= market date,rules_frozen_v1_0_market_qc_pending
2022-09-16,USDC,Circle,usd-coin,2,1.00001435,0.00001435,0.00001435,0,0,0,0,0,49704486910.00,49705200169.39,58,0,,normal,DeFiLlama stablecoinprices,DeFiLlama stablecoin/{asset},2026-05-22,RQI_DII_v1.0,frozen_confirmed_by_researcher,1,market_abnormal_price_qc_pending,USDC_ASSURANCE_2022_07,2022-07-31,2022-08-24,23,0,24,0.9164,0.8400,RQI_DII_v1.0,frozen_confirmed_by_researcher,medium,0,normal,latest publication_date <= market date,rules_frozen_v1_0_market_qc_pending
2022-09-17,USDC,Circle,usd-coin,2,1.00003707,0.00003707,0.00003707,0,0,0,0,0,49561913353.00,49563750613.13,58,0,,normal,DeFiLlama stablecoinprices,DeFiLlama stablecoin/{asset},2026-05-22,RQI_DII_v1.0,frozen_confirmed_by_researcher,1,market_abnormal_price_qc_pending,USDC_ASSURANCE_2022_07,2022-07-31,2022-08-24,24,0,24,0.9164,0.8400,RQI_DII_v1.0,frozen_confirmed_by_researcher,medium,0,normal,latest publication_date <= market date,rules_frozen_v1_0_market_qc_pending
2022-09-18,USDC,Circle,usd-coin,2,1.00008611,0.00008611,0.00008611,0,0,0,0,0,49550927651.00,49555194481.38,58,0,,normal,DeFiLlama stablecoinprices,DeFiLlama stablecoin/{asset},2026-05-22,RQI_DII_v1.0,frozen_confirmed_by_researcher,1,market_abnormal_price_qc_pending,USDC_ASSURANCE_2022_07,2022-07-31,2022-08-24,25,0,24,0.9164,0.8400,RQI_DII_v1.0,frozen_confirmed_by_researcher,medium,0,normal,latest publication_date <= market date,rules_frozen_v1_0_market_qc_pending
2022-09-19,USDC,Circle,usd-coin,2,1.00003707,0.00003707,0.00003707,0,0,0,0,0,49534763948.00,49536600201.70,58,0,,normal,DeFiLlama stablecoinprices,DeFiLlama stablecoin/{asset},2026-05-22,RQI_DII_v1.0,frozen_confirmed_by_researcher,1,market_abnormal_price_qc_pending,USDC_ASSURANCE_2022_07,2022-07-31,2022-08-24,26,0,24,0.9164,0.8400,RQI_DII_v1.0,frozen_confirmed_by_researcher,medium,0,normal,latest publication_date <= market date,rules_frozen_v1_0_market_qc_pending
2022-09-20,USDC,Circle,usd-coin,2,0.99998943,-0.00001057,0.00001057,0,0,0,0,0,49376522237.00,49376000327.16,58,0,,normal,DeFiLlama stablecoinprices,DeFiLlama stablecoin/{asset},2026-05-22,RQI_DII_v1.0,frozen_confirmed_by_researcher,1,market_abnormal_price_qc_pending,USDC_ASSURANCE_2022_07,2022-07-31,2022-08-24,27,0,24,0.9164,0.8400,RQI_DII_v1.0,frozen_confirmed_by_researcher,medium,0,normal,latest publication_date <= market date,rules_frozen_v1_0_market_qc_pending
2022-09-21,USDC,Circle,usd-coin,2,0.99994922,-0.00005078,0.00005078,0,0,0,0,0,49541752937.00,49539237206.79,58,0,,normal,DeFiLlama stablecoinprices,DeFiLlama stablecoin/{asset},2026-05-22,RQI_DII_v1.0,frozen_confirmed_by_researcher,1,market_abnormal_price_qc_pending,USDC_ASSURANCE_2022_07,2022-07-31,2022-08-24,28,0,24,0.9164,0.8400,RQI_DII_v1.0,frozen_confirmed_by_researcher,medium,0,normal,latest publication_date <= market date,rules_frozen_v1_0_market_qc_pending
2022-09-22,USDC,Circle,usd-coin,2,1.00009493,0.00009493,0.00009493,0,0,0,0,0,49344614702.00,49349298986.27,58,0,,normal,DeFiLlama stablecoinprices,DeFiLlama stablecoin/{asset},2026-05-22,RQI_DII_v1.0,frozen_confirmed_by_researcher,1,market_abnormal_price_qc_pending,USDC_ASSURANCE_2022_07,2022-07-31,2022-08-24,29,0,24,0.9164,0.8400,RQI_DII_v1.0,frozen_confirmed_by_researcher,medium,0,normal,latest publication_date <= market date,rules_frozen_v1_0_market_qc_pending
2022-09-23,USDC,Circle,usd-coin,2,1.00007509,0.00007509,0.00007509,0,0,0,0,0,49266820426.00,49270519871.55,58,0,,normal,DeFiLlama stablecoinprices,DeFiLlama stablecoin/{asset},2026-05-22,RQI_DII_v1.0,frozen_confirmed_by_researcher,1,market_abnormal_price_qc_pending,USDC_ASSURANCE_2022_08,2022-08-31,2022-09-23,0,0,23,0.9245,0.8400,RQI_DII_v1.0,frozen_confirmed_by_researcher,medium,0,normal,latest publication_date <= market date,rules_frozen_v1_0_market_qc_pending
2022-09-24,USDC,Circle,usd-coin,2,1.00003386,0.00003386,0.00003386,0,0,0,0,0,49109241972.00,49110904810.93,58,0,,normal,DeFiLlama stablecoinprices,DeFiLlama stablecoin/{asset},2026-05-22,RQI_DII_v1.0,frozen_confirmed_by_researcher,1,market_abnormal_price_qc_pending,USDC_ASSURANCE_2022_08,2022-08-31,2022-09-23,1,0,23,0.9245,0.8400,RQI_DII_v1.0,frozen_confirmed_by_researcher,medium,0,normal,latest publication_date <= market date,rules_frozen_v1_0_market_qc_pending
2022-09-25,USDC,Circle,usd-coin,2,0.99996398,-0.00003602,0.00003602,0,0,0,0,0,49085687134.00,49083919067.55,58,0,,normal,DeFiLlama stablecoinprices,DeFiLlama stablecoin/{asset},2026-05-22,RQI_DII_v1.0,frozen_confirmed_by_researcher,1,market_abnormal_price_qc_pending,USDC_ASSURANCE_2022_08,2022-08-31,2022-09-23,2,0,23,0.9245,0.8400,RQI_DII_v1.0,frozen_confirmed_by_researcher,medium,0,normal,latest publication_date <= market date,rules_frozen_v1_0_market_qc_pending
2022-09-26,USDC,Circle,usd-coin,2,0.99998541,-0.00001459,0.00001459,0,0,0,0,0,48842795109.00,48842082492.62,58,0,,normal,DeFiLlama stablecoinprices,DeFiLlama stablecoin/{asset},2026-05-22,RQI_DII_v1.0,frozen_confirmed_by_researcher,1,market_abnormal_price_qc_pending,USDC_ASSURANCE_2022_08,2022-08-31,2022-09-23,3,0,23,0.9245,0.8400,RQI_DII_v1.0,frozen_confirmed_by_researcher,medium,0,normal,latest publication_date <= market date,rules_frozen_v1_0_market_qc_pending
2022-09-27,USDC,Circle,usd-coin,2,1.00025963,0.00025963,0.00025963,0,0,0,0,0,48660646745.00,48673280508.71,58,0,,normal,DeFiLlama stablecoinprices,DeFiLlama stablecoin/{asset},2026-05-22,RQI_DII_v1.0,frozen_confirmed_by_researcher,1,market_abnormal_price_qc_pending,USDC_ASSURANCE_2022_08,2022-08-31,2022-09-23,4,0,23,0.9245,0.8400,RQI_DII_v1.0,frozen_confirmed_by_researcher,medium,0,normal,latest publication_date <= market date,rules_frozen_v1_0_market_qc_pending
2022-09-28,USDC,Circle,usd-coin,2,1.00003953,0.00003953,0.00003953,0,0,0,0,0,48554336367.00,48556255719.92,58,0,,normal,DeFiLlama stablecoinprices,DeFiLlama stablecoin/{asset},2026-05-22,RQI_DII_v1.0,frozen_confirmed_by_researcher,1,market_abnormal_price_qc_pending,USDC_ASSURANCE_2022_08,2022-08-31,2022-09-23,5,0,23,0.9245,0.8400,RQI_DII_v1.0,frozen_confirmed_by_researcher,medium,0,normal,latest publication_date <= market date,rules_frozen_v1_0_market_qc_pending
2022-09-29,USDC,Circle,usd-coin,2,1.00009021,0.00009021,0.00009021,0,0,0,0,0,48241404250.00,48245756107.08,58,0,,normal,DeFiLlama stablecoinprices,DeFiLlama stablecoin/{asset},2026-05-22,RQI_DII_v1.0,frozen_confirmed_by_researcher,1,market_abnormal_price_qc_pending,USDC_ASSURANCE_2022_08,2022-08-31,2022-09-23,6,0,23,0.9245,0.8400,RQI_DII_v1.0,frozen_confirmed_by_researcher,medium,0,normal,latest publication_date <= market date,rules_frozen_v1_0_market_qc_pending
2022-09-30,USDC,Circle,usd-coin,2,1.00009009,0.00009009,0.00009009,0,0,0,0,0,47934839888.00,47939158337.73,58,0,,normal,DeFiLlama stablecoinprices,DeFiLlama stablecoin/{asset},2026-05-22,RQI_DII_v1.0,frozen_confirmed_by_researcher,1,market_abnormal_price_qc_pending,USDC_ASSURANCE_2022_08,2022-08-31,2022-09-23,7,0,23,0.9245,0.8400,RQI_DII_v1.0,frozen_confirmed_by_researcher,medium,0,normal,latest publication_date <= market date,rules_frozen_v1_0_market_qc_pending
2022-10-01,USDC,Circle,usd-coin,2,0.99999405,-0.00000595,0.00000595,0,0,0,0,0,46655043771.00,46654766173.49,58,0,,normal,DeFiLlama stablecoinprices,DeFiLlama stablecoin/{asset},2026-05-22,RQI_DII_v1.0,frozen_confirmed_by_researcher,1,market_abnormal_price_qc_pending,USDC_ASSURANCE_2022_08,2022-08-31,2022-09-23,8,0,23,0.9245,0.8400,RQI_DII_v1.0,frozen_confirmed_by_researcher,medium,0,normal,latest publication_date <= market date,rules_frozen_v1_0_market_qc_pending
2022-10-02,USDC,Circle,usd-coin,2,1,0,0,0,0,0,0,0,46649171223.00,46649171223.00,58,0,,normal,DeFiLlama stablecoinprices,DeFiLlama stablecoin/{asset},2026-05-22,RQI_DII_v1.0,frozen_confirmed_by_researcher,1,market_abnormal_price_qc_pending,USDC_ASSURANCE_2022_08,2022-08-31,2022-09-23,9,0,23,0.9245,0.8400,RQI_DII_v1.0,frozen_confirmed_by_researcher,medium,0,normal,latest publication_date <= market date,rules_frozen_v1_0_market_qc_pending
2022-10-03,USDC,Circle,usd-coin,2,1.00004024,0.00004024,0.00004024,0,0,0,0,0,46713868622.00,46715748388.07,58,0,,normal,DeFiLlama stablecoinprices,DeFiLlama stablecoin/{asset},2026-05-22,RQI_DII_v1.0,frozen_confirmed_by_researcher,1,market_abnormal_price_qc_pending,USDC_ASSURANCE_2022_08,2022-08-31,2022-09-23,10,0,23,0.9245,0.8400,RQI_DII_v1.0,frozen_confirmed_by_researcher,medium,0,normal,latest publication_date <= market date,rules_frozen_v1_0_market_qc_pending
2022-10-04,USDC,Circle,usd-coin,2,1.00002173,0.00002173,0.00002173,0,0,0,0,0,46545057042.00,46546068466.09,58,0,,normal,DeFiLlama stablecoinprices,DeFiLlama stablecoin/{asset},2026-05-22,RQI_DII_v1.0,frozen_confirmed_by_researcher,1,market_abnormal_price_qc_pending,USDC_ASSURANCE_2022_08,2022-08-31,2022-09-23,11,0,23,0.9245,0.8400,RQI_DII_v1.0,frozen_confirmed_by_researcher,medium,0,normal,latest publication_date <= market date,rules_frozen_v1_0_market_qc_pending
2022-10-05,USDC,Circle,usd-coin,2,0.99991649,-0.00008351,0.00008351,0,0,0,0,0,46042220579.00,46038375593.16,58,0,,normal,DeFiLlama stablecoinprices,DeFiLlama stablecoin/{asset},2026-05-22,RQI_DII_v1.0,frozen_confirmed_by_researcher,1,market_abnormal_price_qc_pending,USDC_ASSURANCE_2022_08,2022-08-31,2022-09-23,12,0,23,0.9245,0.8400,RQI_DII_v1.0,frozen_confirmed_by_researcher,medium,0,normal,latest publication_date <= market date,rules_frozen_v1_0_market_qc_pending
2022-10-06,USDC,Circle,usd-coin,2,0.99996904,-0.00003096,0.00003096,0,0,0,0,0,45772124700.00,45770707595.02,58,0,,normal,DeFiLlama stablecoinprices,DeFiLlama stablecoin/{asset},2026-05-22,RQI_DII_v1.0,frozen_confirmed_by_researcher,1,market_abnormal_price_qc_pending,USDC_ASSURANCE_2022_08,2022-08-31,2022-09-23,13,0,23,0.9245,0.8400,RQI_DII_v1.0,frozen_confirmed_by_researcher,medium,0,normal,latest publication_date <= market date,rules_frozen_v1_0_market_qc_pending
2022-10-07,USDC,Circle,usd-coin,2,1,0,0,0,0,0,0,0,45574752171.00,45574752171.00,58,0,,normal,DeFiLlama stablecoinprices,DeFiLlama stablecoin/{asset},2026-05-22,RQI_DII_v1.0,frozen_confirmed_by_researcher,1,market_abnormal_price_qc_pending,USDC_ASSURANCE_2022_08,2022-08-31,2022-09-23,14,0,23,0.9245,0.8400,RQI_DII_v1.0,frozen_confirmed_by_researcher,medium,0,normal,latest publication_date <= market date,rules_frozen_v1_0_market_qc_pending
2022-10-08,USDC,Circle,usd-coin,2,0.9999,-0.0001,0.0001,0,0,0,0,0,45467119482.00,45462572770.05,58,0,,normal,DeFiLlama stablecoinprices,DeFiLlama stablecoin/{asset},2026-05-22,RQI_DII_v1.0,frozen_confirmed_by_researcher,1,market_abnormal_price_qc_pending,USDC_ASSURANCE_2022_08,2022-08-31,2022-09-23,15,0,23,0.9245,0.8400,RQI_DII_v1.0,frozen_confirmed_by_researcher,medium,0,normal,latest publication_date <= market date,rules_frozen_v1_0_market_qc_pending
2022-10-09,USDC,Circle,usd-coin,2,1.00004588,0.00004588,0.00004588,0,0,0,0,0,45424589439.00,45426673519.16,58,0,,normal,DeFiLlama stablecoinprices,DeFiLlama stablecoin/{asset},2026-05-22,RQI_DII_v1.0,frozen_confirmed_by_researcher,1,market_abnormal_price_qc_pending,USDC_ASSURANCE_2022_08,2022-08-31,2022-09-23,16,0,23,0.9245,0.8400,RQI_DII_v1.0,frozen_confirmed_by_researcher,medium,0,normal,latest publication_date <= market date,rules_frozen_v1_0_market_qc_pending
2022-10-10,USDC,Circle,usd-coin,2,1.00002082,0.00002082,0.00002082,0,0,0,0,0,45423185597.00,45424131307.72,58,0,,normal,DeFiLlama stablecoinprices,DeFiLlama stablecoin/{asset},2026-05-22,RQI_DII_v1.0,frozen_confirmed_by_researcher,1,market_abnormal_price_qc_pending,USDC_ASSURANCE_2022_08,2022-08-31,2022-09-23,17,0,23,0.9245,0.8400,RQI_DII_v1.0,frozen_confirmed_by_researcher,medium,0,normal,latest publication_date <= market date,rules_frozen_v1_0_market_qc_pending
2022-10-11,USDC,Circle,usd-coin,2,1.00003506,0.00003506,0.00003506,0,0,0,0,0,45351914609.00,45353504647.13,58,0,,normal,DeFiLlama stablecoinprices,DeFiLlama stablecoin/{asset},2026-05-22,RQI_DII_v1.0,frozen_confirmed_by_researcher,1,market_abnormal_price_qc_pending,USDC_ASSURANCE_2022_08,2022-08-31,2022-09-23,18,0,23,0.9245,0.8400,RQI_DII_v1.0,frozen_confirmed_by_researcher,medium,0,normal,latest publication_date <= market date,rules_frozen_v1_0_market_qc_pending
2022-10-12,USDC,Circle,usd-coin,2,0.99995579,-0.00004421,0.00004421,0,0,0,0,0,45290536253.00,45288533958.39,58,0,,normal,DeFiLlama stablecoinprices,DeFiLlama stablecoin/{asset},2026-05-22,RQI_DII_v1.0,frozen_confirmed_by_researcher,1,market_abnormal_price_qc_pending,USDC_ASSURANCE_2022_08,2022-08-31,2022-09-23,19,0,23,0.9245,0.8400,RQI_DII_v1.0,frozen_confirmed_by_researcher,medium,0,normal,latest publication_date <= market date,rules_frozen_v1_0_market_qc_pending
2022-10-13,USDC,Circle,usd-coin,2,1,0,0,0,0,0,0,0,45126428771.00,45126428771.00,58,0,,normal,DeFiLlama stablecoinprices,DeFiLlama stablecoin/{asset},2026-05-22,RQI_DII_v1.0,frozen_confirmed_by_researcher,1,market_abnormal_price_qc_pending,USDC_ASSURANCE_2022_08,2022-08-31,2022-09-23,20,0,23,0.9245,0.8400,RQI_DII_v1.0,frozen_confirmed_by_researcher,medium,0,normal,latest publication_date <= market date,rules_frozen_v1_0_market_qc_pending
2022-10-14,USDC,Circle,usd-coin,2,1,0,0,0,0,0,0,0,44745808946.00,44745808946.00,58,0,,normal,DeFiLlama stablecoinprices,DeFiLlama stablecoin/{asset},2026-05-22,RQI_DII_v1.0,frozen_confirmed_by_researcher,1,market_abnormal_price_qc_pending,USDC_ASSURANCE_2022_08,2022-08-31,2022-09-23,21,0,23,0.9245,0.8400,RQI_DII_v1.0,frozen_confirmed_by_researcher,medium,0,normal,latest publication_date <= market date,rules_frozen_v1_0_market_qc_pending
2022-10-15,USDC,Circle,usd-coin,2,0.99992851,-0.00007149,0.00007149,0,0,0,0,0,44384981368.00,44381808285.68,58,0,,normal,DeFiLlama stablecoinprices,DeFiLlama stablecoin/{asset},2026-05-22,RQI_DII_v1.0,frozen_confirmed_by_researcher,1,market_abnormal_price_qc_pending,USDC_ASSURANCE_2022_08,2022-08-31,2022-09-23,22,0,23,0.9245,0.8400,RQI_DII_v1.0,frozen_confirmed_by_researcher,medium,0,normal,latest publication_date <= market date,rules_frozen_v1_0_market_qc_pending
2022-10-16,USDC,Circle,usd-coin,2,0.99997402,-0.00002598,0.00002598,0,0,0,0,0,44373399038.00,44372246217.09,58,0,,normal,DeFiLlama stablecoinprices,DeFiLlama stablecoin/{asset},2026-05-22,RQI_DII_v1.0,frozen_confirmed_by_researcher,1,market_abnormal_price_qc_pending,USDC_ASSURANCE_2022_08,2022-08-31,2022-09-23,23,0,23,0.9245,0.8400,RQI_DII_v1.0,frozen_confirmed_by_researcher,medium,0,normal,latest publication_date <= market date,rules_frozen_v1_0_market_qc_pending
2022-10-17,USDC,Circle,usd-coin,2,0.9999962,-0.0000038,0.0000038,0,0,0,0,0,44370405718.00,44370237110.46,58,0,,normal,DeFiLlama stablecoinprices,DeFiLlama stablecoin/{asset},2026-05-22,RQI_DII_v1.0,frozen_confirmed_by_researcher,1,market_abnormal_price_qc_pending,USDC_ASSURANCE_2022_08,2022-08-31,2022-09-23,24,0,23,0.9245,0.8400,RQI_DII_v1.0,frozen_confirmed_by_researcher,medium,0,normal,latest publication_date <= market date,rules_frozen_v1_0_market_qc_pending
2022-10-18,USDC,Circle,usd-coin,2,1.00003868,0.00003868,0.00003868,0,0,0,0,0,44144525925.00,44146233435.26,58,0,,normal,DeFiLlama stablecoinprices,DeFiLlama stablecoin/{asset},2026-05-22,RQI_DII_v1.0,frozen_confirmed_by_researcher,1,market_abnormal_price_qc_pending,USDC_ASSURANCE_2022_08,2022-08-31,2022-09-23,25,0,23,0.9245,0.8400,RQI_DII_v1.0,frozen_confirmed_by_researcher,medium,0,normal,latest publication_date <= market date,rules_frozen_v1_0_market_qc_pending
2022-10-19,USDC,Circle,usd-coin,2,0.99999203,-0.00000797,0.00000797,0,0,0,0,0,43921183769.00,43920833717.17,58,0,,normal,DeFiLlama stablecoinprices,DeFiLlama stablecoin/{asset},2026-05-22,RQI_DII_v1.0,frozen_confirmed_by_researcher,1,market_abnormal_price_qc_pending,USDC_ASSURANCE_2022_08,2022-08-31,2022-09-23,26,0,23,0.9245,0.8400,RQI_DII_v1.0,frozen_confirmed_by_researcher,medium,0,normal,latest publication_date <= market date,rules_frozen_v1_0_market_qc_pending
2022-10-20,USDC,Circle,usd-coin,2,1.00004422,0.00004422,0.00004422,0,0,0,0,0,43719507163.00,43721440439.61,58,0,,normal,DeFiLlama stablecoinprices,DeFiLlama stablecoin/{asset},2026-05-22,RQI_DII_v1.0,frozen_confirmed_by_researcher,1,market_abnormal_price_qc_pending,USDC_ASSURANCE_2022_08,2022-08-31,2022-09-23,27,0,23,0.9245,0.8400,RQI_DII_v1.0,frozen_confirmed_by_researcher,medium,0,normal,latest publication_date <= market date,rules_frozen_v1_0_market_qc_pending
2022-10-21,USDC,Circle,usd-coin,2,1.0000042,0.0000042,0.0000042,0,0,0,0,0,43288164649.00,43288346459.29,58,0,,normal,DeFiLlama stablecoinprices,DeFiLlama stablecoin/{asset},2026-05-22,RQI_DII_v1.0,frozen_confirmed_by_researcher,1,market_abnormal_price_qc_pending,USDC_ASSURANCE_2022_08,2022-08-31,2022-09-23,28,0,23,0.9245,0.8400,RQI_DII_v1.0,frozen_confirmed_by_researcher,medium,0,normal,latest publication_date <= market date,rules_frozen_v1_0_market_qc_pending
2022-10-22,USDC,Circle,usd-coin,2,1.00016963,0.00016963,0.00016963,0,0,0,0,0,43227731957.00,43235064677.17,58,0,,normal,DeFiLlama stablecoinprices,DeFiLlama stablecoin/{asset},2026-05-22,RQI_DII_v1.0,frozen_confirmed_by_researcher,1,market_abnormal_price_qc_pending,USDC_ASSURANCE_2022_08,2022-08-31,2022-09-23,29,0,23,0.9245,0.8400,RQI_DII_v1.0,frozen_confirmed_by_researcher,medium,0,normal,latest publication_date <= market date,rules_frozen_v1_0_market_qc_pending
2022-10-23,USDC,Circle,usd-coin,2,1,0,0,0,0,0,0,0,43290851666.00,43290851666.00,58,0,,normal,DeFiLlama stablecoinprices,DeFiLlama stablecoin/{asset},2026-05-22,RQI_DII_v1.0,frozen_confirmed_by_researcher,1,market_abnormal_price_qc_pending,USDC_ASSURANCE_2022_08,2022-08-31,2022-09-23,30,0,23,0.9245,0.8400,RQI_DII_v1.0,frozen_confirmed_by_researcher,medium,0,normal,latest publication_date <= market date,rules_frozen_v1_0_market_qc_pending
2022-10-24,USDC,Circle,usd-coin,2,0.9999061,-0.0000939,0.0000939,0,0,0,0,0,43301228285.00,43297162299.66,58,0,,normal,DeFiLlama stablecoinprices,DeFiLlama stablecoin/{asset},2026-05-22,RQI_DII_v1.0,frozen_confirmed_by_researcher,1,market_abnormal_price_qc_pending,USDC_ASSURANCE_2022_08,2022-08-31,2022-09-23,31,0,23,0.9245,0.8400,RQI_DII_v1.0,frozen_confirmed_by_researcher,medium,0,normal,latest publication_date <= market date,rules_frozen_v1_0_market_qc_pending
2022-10-25,USDC,Circle,usd-coin,2,1.00000753,0.00000753,0.00000753,0,0,0,0,0,43159609763.00,43159934754.86,59,0,,normal,DeFiLlama stablecoinprices,DeFiLlama stablecoin/{asset},2026-05-22,RQI_DII_v1.0,frozen_confirmed_by_researcher,1,market_abnormal_price_qc_pending,USDC_ASSURANCE_2022_09,2022-09-30,2022-10-25,0,0,25,0.9209,0.8400,RQI_DII_v1.0,frozen_confirmed_by_researcher,medium,0,normal,latest publication_date <= market date,rules_frozen_v1_0_market_qc_pending
2022-10-26,USDC,Circle,usd-coin,2,1.00001484,0.00001484,0.00001484,0,0,0,0,0,43173301271.00,43173941962.79,59,0,,normal,DeFiLlama stablecoinprices,DeFiLlama stablecoin/{asset},2026-05-22,RQI_DII_v1.0,frozen_confirmed_by_researcher,1,market_abnormal_price_qc_pending,USDC_ASSURANCE_2022_09,2022-09-30,2022-10-25,1,0,25,0.9209,0.8400,RQI_DII_v1.0,frozen_confirmed_by_researcher,medium,0,normal,latest publication_date <= market date,rules_frozen_v1_0_market_qc_pending
2022-10-27,USDC,Circle,usd-coin,2,1,0,0,0,0,0,0,0,43214177934.00,43214177934.00,59,0,,normal,DeFiLlama stablecoinprices,DeFiLlama stablecoin/{asset},2026-05-22,RQI_DII_v1.0,frozen_confirmed_by_researcher,1,market_abnormal_price_qc_pending,USDC_ASSURANCE_2022_09,2022-09-30,2022-10-25,2,0,25,0.9209,0.8400,RQI_DII_v1.0,frozen_confirmed_by_researcher,medium,0,normal,latest publication_date <= market date,rules_frozen_v1_0_market_qc_pending
2022-10-28,USDC,Circle,usd-coin,2,0.99991551,-0.00008449,0.00008449,0,0,0,0,0,43230592447.00,43226939894.24,59,0,,normal,DeFiLlama stablecoinprices,DeFiLlama stablecoin/{asset},2026-05-22,RQI_DII_v1.0,frozen_confirmed_by_researcher,1,market_abnormal_price_qc_pending,USDC_ASSURANCE_2022_09,2022-09-30,2022-10-25,3,0,25,0.9209,0.8400,RQI_DII_v1.0,frozen_confirmed_by_researcher,medium,0,normal,latest publication_date <= market date,rules_frozen_v1_0_market_qc_pending
2022-10-29,USDC,Circle,usd-coin,2,0.99994637,-0.00005363,0.00005363,0,0,0,0,0,43113081831.00,43110769676.42,59,0,,normal,DeFiLlama stablecoinprices,DeFiLlama stablecoin/{asset},2026-05-22,RQI_DII_v1.0,frozen_confirmed_by_researcher,1,market_abnormal_price_qc_pending,USDC_ASSURANCE_2022_09,2022-09-30,2022-10-25,4,0,25,0.9209,0.8400,RQI_DII_v1.0,frozen_confirmed_by_researcher,medium,0,normal,latest publication_date <= market date,rules_frozen_v1_0_market_qc_pending
2022-10-30,USDC,Circle,usd-coin,2,0.99996117,-0.00003883,0.00003883,0,0,0,0,0,43064280295.00,43062608109.00,59,0,,normal,DeFiLlama stablecoinprices,DeFiLlama stablecoin/{asset},2026-05-22,RQI_DII_v1.0,frozen_confirmed_by_researcher,1,market_abnormal_price_qc_pending,USDC_ASSURANCE_2022_09,2022-09-30,2022-10-25,5,0,25,0.9209,0.8400,RQI_DII_v1.0,frozen_confirmed_by_researcher,medium,0,normal,latest publication_date <= market date,rules_frozen_v1_0_market_qc_pending
2022-10-31,USDC,Circle,usd-coin,2,0.99996831,-0.00003169,0.00003169,0,0,0,0,0,43053293918.00,43051929559.12,59,0,,normal,DeFiLlama stablecoinprices,DeFiLlama stablecoin/{asset},2026-05-22,RQI_DII_v1.0,frozen_confirmed_by_researcher,1,market_abnormal_price_qc_pending,USDC_ASSURANCE_2022_09,2022-09-30,2022-10-25,6,0,25,0.9209,0.8400,RQI_DII_v1.0,frozen_confirmed_by_researcher,medium,0,normal,latest publication_date <= market date,rules_frozen_v1_0_market_qc_pending
2022-11-01,USDC,Circle,usd-coin,2,1,0,0,0,0,0,0,0,42785088328.00,42785088328.00,59,0,,normal,DeFiLlama stablecoinprices,DeFiLlama stablecoin/{asset},2026-05-22,RQI_DII_v1.0,frozen_confirmed_by_researcher,1,market_abnormal_price_qc_pending,USDC_ASSURANCE_2022_09,2022-09-30,2022-10-25,7,0,25,0.9209,0.8400,RQI_DII_v1.0,frozen_confirmed_by_researcher,medium,0,normal,latest publication_date <= market date,rules_frozen_v1_0_market_qc_pending
2022-11-02,USDC,Circle,usd-coin,2,0.99994588,-0.00005412,0.00005412,0,0,0,0,0,42366510977.00,42364218101.43,59,0,,normal,DeFiLlama stablecoinprices,DeFiLlama stablecoin/{asset},2026-05-22,RQI_DII_v1.0,frozen_confirmed_by_researcher,1,market_abnormal_price_qc_pending,USDC_ASSURANCE_2022_09,2022-09-30,2022-10-25,8,0,25,0.9209,0.8400,RQI_DII_v1.0,frozen_confirmed_by_researcher,medium,0,normal,latest publication_date <= market date,rules_frozen_v1_0_market_qc_pending
2022-11-03,USDC,Circle,usd-coin,2,1.00002311,0.00002311,0.00002311,0,0,0,0,0,41880031891.00,41880999738.54,59,0,,normal,DeFiLlama stablecoinprices,DeFiLlama stablecoin/{asset},2026-05-22,RQI_DII_v1.0,frozen_confirmed_by_researcher,1,market_abnormal_price_qc_pending,USDC_ASSURANCE_2022_09,2022-09-30,2022-10-25,9,0,25,0.9209,0.8400,RQI_DII_v1.0,frozen_confirmed_by_researcher,medium,0,normal,latest publication_date <= market date,rules_frozen_v1_0_market_qc_pending
2022-11-04,USDC,Circle,usd-coin,2,1.00000216,0.00000216,0.00000216,0,0,0,0,0,41431548465.00,41431637957.14,59,0,,normal,DeFiLlama stablecoinprices,DeFiLlama stablecoin/{asset},2026-05-22,RQI_DII_v1.0,frozen_confirmed_by_researcher,1,market_abnormal_price_qc_pending,USDC_ASSURANCE_2022_09,2022-09-30,2022-10-25,10,0,25,0.9209,0.8400,RQI_DII_v1.0,frozen_confirmed_by_researcher,medium,0,normal,latest publication_date <= market date,rules_frozen_v1_0_market_qc_pending
2022-11-05,USDC,Circle,usd-coin,2,1.00000073,0.00000073,0.00000073,0,0,0,0,0,41453104098.00,41453134358.77,59,0,,normal,DeFiLlama stablecoinprices,DeFiLlama stablecoin/{asset},2026-05-22,RQI_DII_v1.0,frozen_confirmed_by_researcher,1,market_abnormal_price_qc_pending,USDC_ASSURANCE_2022_09,2022-09-30,2022-10-25,11,0,25,0.9209,0.8400,RQI_DII_v1.0,frozen_confirmed_by_researcher,medium,0,normal,latest publication_date <= market date,rules_frozen_v1_0_market_qc_pending
2022-11-06,USDC,Circle,usd-coin,2,1.00009762,0.00009762,0.00009762,0,0,0,0,0,41373410739.00,41377449611.36,59,1,CRYPTO_FTX_2022,crypto_native_stress,DeFiLlama stablecoinprices,DeFiLlama stablecoin/{asset},2026-05-22,RQI_DII_v1.0,frozen_confirmed_by_researcher,1,market_abnormal_price_qc_pending,USDC_ASSURANCE_2022_09,2022-09-30,2022-10-25,12,0,25,0.9209,0.8400,RQI_DII_v1.0,frozen_confirmed_by_researcher,medium,0,normal,latest publication_date <= market date,rules_frozen_v1_0_market_qc_pending
2022-11-07,USDC,Circle,usd-coin,2,0.99998667,-0.00001333,0.00001333,0,0,0,0,0,41734994604.00,41734438276.52,59,1,CRYPTO_FTX_2022,crypto_native_stress,DeFiLlama stablecoinprices,DeFiLlama stablecoin/{asset},2026-05-22,RQI_DII_v1.0,frozen_confirmed_by_researcher,1,market_abnormal_price_qc_pending,USDC_ASSURANCE_2022_09,2022-09-30,2022-10-25,13,0,25,0.9209,0.8400,RQI_DII_v1.0,frozen_confirmed_by_researcher,medium,0,normal,latest publication_date <= market date,rules_frozen_v1_0_market_qc_pending
2022-11-08,USDC,Circle,usd-coin,2,1.00008081,0.00008081,0.00008081,0,0,0,0,0,42525674392.00,42529110891.75,59,1,CRYPTO_FTX_2022,crypto_native_stress,DeFiLlama stablecoinprices,DeFiLlama stablecoin/{asset},2026-05-22,RQI_DII_v1.0,frozen_confirmed_by_researcher,1,market_abnormal_price_qc_pending,USDC_ASSURANCE_2022_09,2022-09-30,2022-10-25,14,0,25,0.9209,0.8400,RQI_DII_v1.0,frozen_confirmed_by_researcher,medium,0,normal,latest publication_date <= market date,rules_frozen_v1_0_market_qc_pending
2022-11-09,USDC,Circle,usd-coin,2,1.00008611,0.00008611,0.00008611,0,0,0,0,0,42165618055.00,42169248936.37,59,1,CRYPTO_FTX_2022,crypto_native_stress,DeFiLlama stablecoinprices,DeFiLlama stablecoin/{asset},2026-05-22,RQI_DII_v1.0,frozen_confirmed_by_researcher,1,market_abnormal_price_qc_pending,USDC_ASSURANCE_2022_09,2022-09-30,2022-10-25,15,0,25,0.9209,0.8400,RQI_DII_v1.0,frozen_confirmed_by_researcher,medium,0,normal,latest publication_date <= market date,rules_frozen_v1_0_market_qc_pending
2022-11-10,USDC,Circle,usd-coin,2,1.00120456,0.00120456,0.00120456,0,0,0,0,0,42258336817.00,42309239519.20,59,1,CRYPTO_FTX_2022,crypto_native_stress,DeFiLlama stablecoinprices,DeFiLlama stablecoin/{asset},2026-05-22,RQI_DII_v1.0,frozen_confirmed_by_researcher,1,market_abnormal_price_qc_pending,USDC_ASSURANCE_2022_09,2022-09-30,2022-10-25,16,0,25,0.9209,0.8400,RQI_DII_v1.0,frozen_confirmed_by_researcher,medium,0,normal,latest publication_date <= market date,rules_frozen_v1_0_market_qc_pending
2022-11-11,USDC,Circle,usd-coin,2,0.99983254,-0.00016746,0.00016746,0,0,0,0,0,42874422979.00,42867243228.13,59,1,CRYPTO_FTX_2022,crypto_native_stress,DeFiLlama stablecoinprices,DeFiLlama stablecoin/{asset},2026-05-22,RQI_DII_v1.0,frozen_confirmed_by_researcher,1,market_abnormal_price_qc_pending,USDC_ASSURANCE_2022_09,2022-09-30,2022-10-25,17,0,25,0.9209,0.8400,RQI_DII_v1.0,frozen_confirmed_by_researcher,medium,0,normal,latest publication_date <= market date,rules_frozen_v1_0_market_qc_pending
2022-11-12,USDC,Circle,usd-coin,2,1.00102976,0.00102976,0.00102976,0,0,0,0,0,43379839175.00,43424509998.19,59,1,CRYPTO_FTX_2022,crypto_native_stress,DeFiLlama stablecoinprices,DeFiLlama stablecoin/{asset},2026-05-22,RQI_DII_v1.0,frozen_confirmed_by_researcher,1,market_abnormal_price_qc_pending,USDC_ASSURANCE_2022_09,2022-09-30,2022-10-25,18,0,25,0.9209,0.8400,RQI_DII_v1.0,frozen_confirmed_by_researcher,medium,0,normal,latest publication_date <= market date,rules_frozen_v1_0_market_qc_pending
2022-11-13,USDC,Circle,usd-coin,2,1.00030312,0.00030312,0.00030312,0,0,0,0,0,43522223243.00,43535415699.31,59,1,CRYPTO_FTX_2022,crypto_native_stress,DeFiLlama stablecoinprices,DeFiLlama stablecoin/{asset},2026-05-22,RQI_DII_v1.0,frozen_confirmed_by_researcher,1,market_abnormal_price_qc_pending,USDC_ASSURANCE_2022_09,2022-09-30,2022-10-25,19,0,25,0.9209,0.8400,RQI_DII_v1.0,frozen_confirmed_by_researcher,medium,0,normal,latest publication_date <= market date,rules_frozen_v1_0_market_qc_pending
2022-11-14,USDC,Circle,usd-coin,2,1.00041428,0.00041428,0.00041428,0,0,0,0,0,43486346982.00,43504362505.83,59,1,CRYPTO_FTX_2022,crypto_native_stress,DeFiLlama stablecoinprices,DeFiLlama stablecoin/{asset},2026-05-22,RQI_DII_v1.0,frozen_confirmed_by_researcher,1,market_abnormal_price_qc_pending,USDC_ASSURANCE_2022_09,2022-09-30,2022-10-25,20,0,25,0.9209,0.8400,RQI_DII_v1.0,frozen_confirmed_by_researcher,medium,0,normal,latest publication_date <= market date,rules_frozen_v1_0_market_qc_pending
2022-11-15,USDC,Circle,usd-coin,2,1.0002875,0.0002875,0.0002875,0,0,0,0,0,43528844475.00,43541359017.79,59,1,CRYPTO_FTX_2022,crypto_native_stress,DeFiLlama stablecoinprices,DeFiLlama stablecoin/{asset},2026-05-22,RQI_DII_v1.0,frozen_confirmed_by_researcher,1,market_abnormal_price_qc_pending,USDC_ASSURANCE_2022_09,2022-09-30,2022-10-25,21,0,25,0.9209,0.8400,RQI_DII_v1.0,frozen_confirmed_by_researcher,medium,0,normal,latest publication_date <= market date,rules_frozen_v1_0_market_qc_pending
2022-11-16,USDC,Circle,usd-coin,2,1.00029201,0.00029201,0.00029201,0,0,0,0,0,43840153331.00,43852955094.17,59,1,CRYPTO_FTX_2022,crypto_native_stress,DeFiLlama stablecoinprices,DeFiLlama stablecoin/{asset},2026-05-22,RQI_DII_v1.0,frozen_confirmed_by_researcher,1,market_abnormal_price_qc_pending,USDC_ASSURANCE_2022_09,2022-09-30,2022-10-25,22,0,25,0.9209,0.8400,RQI_DII_v1.0,frozen_confirmed_by_researcher,medium,0,normal,latest publication_date <= market date,rules_frozen_v1_0_market_qc_pending
2022-11-17,USDC,Circle,usd-coin,2,1.00008248,0.00008248,0.00008248,0,0,0,0,0,43798058621.00,43801671084.88,59,1,CRYPTO_FTX_2022,crypto_native_stress,DeFiLlama stablecoinprices,DeFiLlama stablecoin/{asset},2026-05-22,RQI_DII_v1.0,frozen_confirmed_by_researcher,1,market_abnormal_price_qc_pending,USDC_ASSURANCE_2022_09,2022-09-30,2022-10-25,23,0,25,0.9209,0.8400,RQI_DII_v1.0,frozen_confirmed_by_researcher,medium,0,normal,latest publication_date <= market date,rules_frozen_v1_0_market_qc_pending
2022-11-18,USDC,Circle,usd-coin,2,0.99999896,-0.00000104,0.00000104,0,0,0,0,0,43547291118.00,43547245828.82,59,1,CRYPTO_FTX_2022,crypto_native_stress,DeFiLlama stablecoinprices,DeFiLlama stablecoin/{asset},2026-05-22,RQI_DII_v1.0,frozen_confirmed_by_researcher,1,market_abnormal_price_qc_pending,USDC_ASSURANCE_2022_09,2022-09-30,2022-10-25,24,0,25,0.9209,0.8400,RQI_DII_v1.0,frozen_confirmed_by_researcher,medium,0,normal,latest publication_date <= market date,rules_frozen_v1_0_market_qc_pending
2022-11-19,USDC,Circle,usd-coin,2,1,0,0,0,0,0,0,0,43831554253.00,43831554253.00,59,1,CRYPTO_FTX_2022,crypto_native_stress,DeFiLlama stablecoinprices,DeFiLlama stablecoin/{asset},2026-05-22,RQI_DII_v1.0,frozen_confirmed_by_researcher,1,market_abnormal_price_qc_pending,USDC_ASSURANCE_2022_09,2022-09-30,2022-10-25,25,0,25,0.9209,0.8400,RQI_DII_v1.0,frozen_confirmed_by_researcher,medium,0,normal,latest publication_date <= market date,rules_frozen_v1_0_market_qc_pending
2022-11-20,USDC,Circle,usd-coin,2,1.00008682,0.00008682,0.00008682,0,0,0,0,0,43883410857.00,43887220814.73,59,1,CRYPTO_FTX_2022,crypto_native_stress,DeFiLlama stablecoinprices,DeFiLlama stablecoin/{asset},2026-05-22,RQI_DII_v1.0,frozen_confirmed_by_researcher,1,market_abnormal_price_qc_pending,USDC_ASSURANCE_2022_09,2022-09-30,2022-10-25,26,0,25,0.9209,0.8400,RQI_DII_v1.0,frozen_confirmed_by_researcher,medium,0,normal,latest publication_date <= market date,rules_frozen_v1_0_market_qc_pending
2022-11-21,USDC,Circle,usd-coin,2,1.00018009,0.00018009,0.00018009,0,0,0,0,0,43954141549.00,43962057250.35,59,0,,normal,DeFiLlama stablecoinprices,DeFiLlama stablecoin/{asset},2026-05-22,RQI_DII_v1.0,frozen_confirmed_by_researcher,1,market_abnormal_price_qc_pending,USDC_ASSURANCE_2022_09,2022-09-30,2022-10-25,27,0,25,0.9209,0.8400,RQI_DII_v1.0,frozen_confirmed_by_researcher,medium,0,normal,latest publication_date <= market date,rules_frozen_v1_0_market_qc_pending
2022-11-22,USDC,Circle,usd-coin,2,1.00026976,0.00026976,0.00026976,0,0,0,0,0,43559070238.00,43570820732.79,59,0,,normal,DeFiLlama stablecoinprices,DeFiLlama stablecoin/{asset},2026-05-22,RQI_DII_v1.0,frozen_confirmed_by_researcher,1,market_abnormal_price_qc_pending,USDC_ASSURANCE_2022_10,2022-10-31,2022-11-22,0,0,22,0.9225,0.8400,RQI_DII_v1.0,frozen_confirmed_by_researcher,medium,0,normal,latest publication_date <= market date,rules_frozen_v1_0_market_qc_pending
2022-11-23,USDC,Circle,usd-coin,2,0.99996018,-0.00003982,0.00003982,0,0,0,0,0,43574201150.00,43572466025.31,59,0,,normal,DeFiLlama stablecoinprices,DeFiLlama stablecoin/{asset},2026-05-22,RQI_DII_v1.0,frozen_confirmed_by_researcher,1,market_abnormal_price_qc_pending,USDC_ASSURANCE_2022_10,2022-10-31,2022-11-22,1,0,22,0.9225,0.8400,RQI_DII_v1.0,frozen_confirmed_by_researcher,medium,0,normal,latest publication_date <= market date,rules_frozen_v1_0_market_qc_pending
2022-11-24,USDC,Circle,usd-coin,2,0.99987218,-0.00012782,0.00012782,0,0,0,0,0,43275832443.00,43270300926.10,59,0,,normal,DeFiLlama stablecoinprices,DeFiLlama stablecoin/{asset},2026-05-22,RQI_DII_v1.0,frozen_confirmed_by_researcher,1,market_abnormal_price_qc_pending,USDC_ASSURANCE_2022_10,2022-10-31,2022-11-22,2,0,22,0.9225,0.8400,RQI_DII_v1.0,frozen_confirmed_by_researcher,medium,0,normal,latest publication_date <= market date,rules_frozen_v1_0_market_qc_pending
2022-11-25,USDC,Circle,usd-coin,2,1.00001927,0.00001927,0.00001927,0,0,0,0,0,43469708298.00,43470545959.28,59,0,,normal,DeFiLlama stablecoinprices,DeFiLlama stablecoin/{asset},2026-05-22,RQI_DII_v1.0,frozen_confirmed_by_researcher,1,market_abnormal_price_qc_pending,USDC_ASSURANCE_2022_10,2022-10-31,2022-11-22,3,0,22,0.9225,0.8400,RQI_DII_v1.0,frozen_confirmed_by_researcher,medium,0,normal,latest publication_date <= market date,rules_frozen_v1_0_market_qc_pending
2022-11-26,USDC,Circle,usd-coin,2,1.00016916,0.00016916,0.00016916,0,0,0,0,0,43424192993.00,43431538629.49,59,0,,normal,DeFiLlama stablecoinprices,DeFiLlama stablecoin/{asset},2026-05-22,RQI_DII_v1.0,frozen_confirmed_by_researcher,1,market_abnormal_price_qc_pending,USDC_ASSURANCE_2022_10,2022-10-31,2022-11-22,4,0,22,0.9225,0.8400,RQI_DII_v1.0,frozen_confirmed_by_researcher,medium,0,normal,latest publication_date <= market date,rules_frozen_v1_0_market_qc_pending
2022-11-27,USDC,Circle,usd-coin,2,0.99992583,-0.00007417,0.00007417,0,0,0,0,0,43607738852.00,43604504466.01,59,0,,normal,DeFiLlama stablecoinprices,DeFiLlama stablecoin/{asset},2026-05-22,RQI_DII_v1.0,frozen_confirmed_by_researcher,1,market_abnormal_price_qc_pending,USDC_ASSURANCE_2022_10,2022-10-31,2022-11-22,5,0,22,0.9225,0.8400,RQI_DII_v1.0,frozen_confirmed_by_researcher,medium,0,normal,latest publication_date <= market date,rules_frozen_v1_0_market_qc_pending
2022-11-28,USDC,Circle,usd-coin,2,1.00015294,0.00015294,0.00015294,0,0,0,0,0,43747949613.00,43754640424.41,59,0,,normal,DeFiLlama stablecoinprices,DeFiLlama stablecoin/{asset},2026-05-22,RQI_DII_v1.0,frozen_confirmed_by_researcher,1,market_abnormal_price_qc_pending,USDC_ASSURANCE_2022_10,2022-10-31,2022-11-22,6,0,22,0.9225,0.8400,RQI_DII_v1.0,frozen_confirmed_by_researcher,medium,0,normal,latest publication_date <= market date,rules_frozen_v1_0_market_qc_pending
2022-11-29,USDC,Circle,usd-coin,2,1.00008682,0.00008682,0.00008682,0,0,0,0,0,43221410167.00,43225162649.83,59,0,,normal,DeFiLlama stablecoinprices,DeFiLlama stablecoin/{asset},2026-05-22,RQI_DII_v1.0,frozen_confirmed_by_researcher,1,market_abnormal_price_qc_pending,USDC_ASSURANCE_2022_10,2022-10-31,2022-11-22,7,0,22,0.9225,0.8400,RQI_DII_v1.0,frozen_confirmed_by_researcher,medium,0,normal,latest publication_date <= market date,rules_frozen_v1_0_market_qc_pending
2022-11-30,USDC,Circle,usd-coin,2,1.00010096,0.00010096,0.00010096,0,0,0,0,0,42847513806.00,42851839690.99,59,0,,normal,DeFiLlama stablecoinprices,DeFiLlama stablecoin/{asset},2026-05-22,RQI_DII_v1.0,frozen_confirmed_by_researcher,1,market_abnormal_price_qc_pending,USDC_ASSURANCE_2022_10,2022-10-31,2022-11-22,8,0,22,0.9225,0.8400,RQI_DII_v1.0,frozen_confirmed_by_researcher,medium,0,normal,latest publication_date <= market date,rules_frozen_v1_0_market_qc_pending
2022-12-01,USDC,Circle,usd-coin,2,1.00000893,0.00000893,0.00000893,0,0,0,0,0,42778797664.00,42779179678.66,59,0,,normal,DeFiLlama stablecoinprices,DeFiLlama stablecoin/{asset},2026-05-22,RQI_DII_v1.0,frozen_confirmed_by_researcher,1,market_abnormal_price_qc_pending,USDC_ASSURANCE_2022_10,2022-10-31,2022-11-22,9,0,22,0.9225,0.8400,RQI_DII_v1.0,frozen_confirmed_by_researcher,medium,0,normal,latest publication_date <= market date,rules_frozen_v1_0_market_qc_pending
2022-12-02,USDC,Circle,usd-coin,2,0.99998305,-0.00001695,0.00001695,0,0,0,0,0,42632240046.00,42631517429.53,59,0,,normal,DeFiLlama stablecoinprices,DeFiLlama stablecoin/{asset},2026-05-22,RQI_DII_v1.0,frozen_confirmed_by_researcher,1,market_abnormal_price_qc_pending,USDC_ASSURANCE_2022_10,2022-10-31,2022-11-22,10,0,22,0.9225,0.8400,RQI_DII_v1.0,frozen_confirmed_by_researcher,medium,0,normal,latest publication_date <= market date,rules_frozen_v1_0_market_qc_pending
2022-12-03,USDC,Circle,usd-coin,2,1,0,0,0,0,0,0,0,42773580768.00,42773580768.00,59,0,,normal,DeFiLlama stablecoinprices,DeFiLlama stablecoin/{asset},2026-05-22,RQI_DII_v1.0,frozen_confirmed_by_researcher,1,market_abnormal_price_qc_pending,USDC_ASSURANCE_2022_10,2022-10-31,2022-11-22,11,0,22,0.9225,0.8400,RQI_DII_v1.0,frozen_confirmed_by_researcher,medium,0,normal,latest publication_date <= market date,rules_frozen_v1_0_market_qc_pending
2022-12-04,USDC,Circle,usd-coin,2,1.00007566,0.00007566,0.00007566,0,0,0,0,0,42885392478.00,42888637186.79,59,0,,normal,DeFiLlama stablecoinprices,DeFiLlama stablecoin/{asset},2026-05-22,RQI_DII_v1.0,frozen_confirmed_by_researcher,1,market_abnormal_price_qc_pending,USDC_ASSURANCE_2022_10,2022-10-31,2022-11-22,12,0,22,0.9225,0.8400,RQI_DII_v1.0,frozen_confirmed_by_researcher,medium,0,normal,latest publication_date <= market date,rules_frozen_v1_0_market_qc_pending
2022-12-05,USDC,Circle,usd-coin,2,1.00000078,0.00000078,0.00000078,0,0,0,0,0,43014379935.00,43014413486.22,59,0,,normal,DeFiLlama stablecoinprices,DeFiLlama stablecoin/{asset},2026-05-22,RQI_DII_v1.0,frozen_confirmed_by_researcher,1,market_abnormal_price_qc_pending,USDC_ASSURANCE_2022_10,2022-10-31,2022-11-22,13,0,22,0.9225,0.8400,RQI_DII_v1.0,frozen_confirmed_by_researcher,medium,0,normal,latest publication_date <= market date,rules_frozen_v1_0_market_qc_pending
2022-12-06,USDC,Circle,usd-coin,2,1,0,0,0,0,0,0,0,42722709227.00,42722709227.00,59,0,,normal,DeFiLlama stablecoinprices,DeFiLlama stablecoin/{asset},2026-05-22,RQI_DII_v1.0,frozen_confirmed_by_researcher,1,market_abnormal_price_qc_pending,USDC_ASSURANCE_2022_10,2022-10-31,2022-11-22,14,0,22,0.9225,0.8400,RQI_DII_v1.0,frozen_confirmed_by_researcher,medium,0,normal,latest publication_date <= market date,rules_frozen_v1_0_market_qc_pending
2022-12-07,USDC,Circle,usd-coin,2,0.99996915,-0.00003085,0.00003085,0,0,0,0,0,42583262153.00,42581948459.36,59,0,,normal,DeFiLlama stablecoinprices,DeFiLlama stablecoin/{asset},2026-05-22,RQI_DII_v1.0,frozen_confirmed_by_researcher,1,market_abnormal_price_qc_pending,USDC_ASSURANCE_2022_10,2022-10-31,2022-11-22,15,0,22,0.9225,0.8400,RQI_DII_v1.0,frozen_confirmed_by_researcher,medium,0,normal,latest publication_date <= market date,rules_frozen_v1_0_market_qc_pending
2022-12-08,USDC,Circle,usd-coin,2,0.99998201,-0.00001799,0.00001799,0,0,0,0,0,42371272064.00,42370509804.82,59,0,,normal,DeFiLlama stablecoinprices,DeFiLlama stablecoin/{asset},2026-05-22,RQI_DII_v1.0,frozen_confirmed_by_researcher,1,market_abnormal_price_qc_pending,USDC_ASSURANCE_2022_10,2022-10-31,2022-11-22,16,0,22,0.9225,0.8400,RQI_DII_v1.0,frozen_confirmed_by_researcher,medium,0,normal,latest publication_date <= market date,rules_frozen_v1_0_market_qc_pending
2022-12-09,USDC,Circle,usd-coin,2,1.00002626,0.00002626,0.00002626,0,0,0,0,0,42332537244.00,42333648896.43,59,0,,normal,DeFiLlama stablecoinprices,DeFiLlama stablecoin/{asset},2026-05-22,RQI_DII_v1.0,frozen_confirmed_by_researcher,1,market_abnormal_price_qc_pending,USDC_ASSURANCE_2022_10,2022-10-31,2022-11-22,17,0,22,0.9225,0.8400,RQI_DII_v1.0,frozen_confirmed_by_researcher,medium,0,normal,latest publication_date <= market date,rules_frozen_v1_0_market_qc_pending
2022-12-10,USDC,Circle,usd-coin,2,0.99992538,-0.00007462,0.00007462,0,0,0,0,0,42286679964.00,42283524531.94,59,0,,normal,DeFiLlama stablecoinprices,DeFiLlama stablecoin/{asset},2026-05-22,RQI_DII_v1.0,frozen_confirmed_by_researcher,1,market_abnormal_price_qc_pending,USDC_ASSURANCE_2022_10,2022-10-31,2022-11-22,18,0,22,0.9225,0.8400,RQI_DII_v1.0,frozen_confirmed_by_researcher,medium,0,normal,latest publication_date <= market date,rules_frozen_v1_0_market_qc_pending
2022-12-11,USDC,Circle,usd-coin,2,1.00000947,0.00000947,0.00000947,0,0,0,0,0,42329723400.00,42330124262.48,59,0,,normal,DeFiLlama stablecoinprices,DeFiLlama stablecoin/{asset},2026-05-22,RQI_DII_v1.0,frozen_confirmed_by_researcher,1,market_abnormal_price_qc_pending,USDC_ASSURANCE_2022_10,2022-10-31,2022-11-22,19,0,22,0.9225,0.8400,RQI_DII_v1.0,frozen_confirmed_by_researcher,medium,0,normal,latest publication_date <= market date,rules_frozen_v1_0_market_qc_pending
2022-12-12,USDC,Circle,usd-coin,2,1.00005607,0.00005607,0.00005607,0,0,0,0,0,42340982558.00,42343356616.89,59,0,,normal,DeFiLlama stablecoinprices,DeFiLlama stablecoin/{asset},2026-05-22,RQI_DII_v1.0,frozen_confirmed_by_researcher,1,market_abnormal_price_qc_pending,USDC_ASSURANCE_2022_10,2022-10-31,2022-11-22,20,0,22,0.9225,0.8400,RQI_DII_v1.0,frozen_confirmed_by_researcher,medium,0,normal,latest publication_date <= market date,rules_frozen_v1_0_market_qc_pending
2022-12-13,USDC,Circle,usd-coin,2,1.00000312,0.00000312,0.00000312,0,0,0,0,0,42113786081.00,42113917476.01,59,0,,normal,DeFiLlama stablecoinprices,DeFiLlama stablecoin/{asset},2026-05-22,RQI_DII_v1.0,frozen_confirmed_by_researcher,1,market_abnormal_price_qc_pending,USDC_ASSURANCE_2022_10,2022-10-31,2022-11-22,21,0,22,0.9225,0.8400,RQI_DII_v1.0,frozen_confirmed_by_researcher,medium,0,normal,latest publication_date <= market date,rules_frozen_v1_0_market_qc_pending
2022-12-14,USDC,Circle,usd-coin,2,1,0,0,0,0,0,0,0,44666185398.00,44666185398.00,59,0,,normal,DeFiLlama stablecoinprices,DeFiLlama stablecoin/{asset},2026-05-22,RQI_DII_v1.0,frozen_confirmed_by_researcher,1,market_abnormal_price_qc_pending,USDC_ASSURANCE_2022_10,2022-10-31,2022-11-22,22,0,22,0.9225,0.8400,RQI_DII_v1.0,frozen_confirmed_by_researcher,medium,0,normal,latest publication_date <= market date,rules_frozen_v1_0_market_qc_pending
2022-12-15,USDC,Circle,usd-coin,2,1.00003239,0.00003239,0.00003239,0,0,0,0,0,44728188414.00,44729637160.02,59,0,,normal,DeFiLlama stablecoinprices,DeFiLlama stablecoin/{asset},2026-05-22,RQI_DII_v1.0,frozen_confirmed_by_researcher,1,market_abnormal_price_qc_pending,USDC_ASSURANCE_2022_10,2022-10-31,2022-11-22,23,0,22,0.9225,0.8400,RQI_DII_v1.0,frozen_confirmed_by_researcher,medium,0,normal,latest publication_date <= market date,rules_frozen_v1_0_market_qc_pending
2022-12-16,USDC,Circle,usd-coin,2,1.00003671,0.00003671,0.00003671,0,0,0,0,0,44616272843.00,44617910706.38,59,0,,normal,DeFiLlama stablecoinprices,DeFiLlama stablecoin/{asset},2026-05-22,RQI_DII_v1.0,frozen_confirmed_by_researcher,1,market_abnormal_price_qc_pending,USDC_ASSURANCE_2022_10,2022-10-31,2022-11-22,24,0,22,0.9225,0.8400,RQI_DII_v1.0,frozen_confirmed_by_researcher,medium,0,normal,latest publication_date <= market date,rules_frozen_v1_0_market_qc_pending
2022-12-17,USDC,Circle,usd-coin,2,0.99994853,-0.00005147,0.00005147,0,0,0,0,0,44385390705.00,44383106188.94,59,0,,normal,DeFiLlama stablecoinprices,DeFiLlama stablecoin/{asset},2026-05-22,RQI_DII_v1.0,frozen_confirmed_by_researcher,1,market_abnormal_price_qc_pending,USDC_ASSURANCE_2022_10,2022-10-31,2022-11-22,25,0,22,0.9225,0.8400,RQI_DII_v1.0,frozen_confirmed_by_researcher,medium,0,normal,latest publication_date <= market date,rules_frozen_v1_0_market_qc_pending
2022-12-18,USDC,Circle,usd-coin,2,1.00010524,0.00010524,0.00010524,0,0,0,0,0,44430630730.00,44435306609.58,59,0,,normal,DeFiLlama stablecoinprices,DeFiLlama stablecoin/{asset},2026-05-22,RQI_DII_v1.0,frozen_confirmed_by_researcher,1,market_abnormal_price_qc_pending,USDC_ASSURANCE_2022_10,2022-10-31,2022-11-22,26,0,22,0.9225,0.8400,RQI_DII_v1.0,frozen_confirmed_by_researcher,medium,0,normal,latest publication_date <= market date,rules_frozen_v1_0_market_qc_pending
2022-12-19,USDC,Circle,usd-coin,2,1.00003606,0.00003606,0.00003606,0,0,0,0,0,44462941308.00,44464544641.66,59,0,,normal,DeFiLlama stablecoinprices,DeFiLlama stablecoin/{asset},2026-05-22,RQI_DII_v1.0,frozen_confirmed_by_researcher,1,market_abnormal_price_qc_pending,USDC_ASSURANCE_2022_10,2022-10-31,2022-11-22,27,0,22,0.9225,0.8400,RQI_DII_v1.0,frozen_confirmed_by_researcher,medium,0,normal,latest publication_date <= market date,rules_frozen_v1_0_market_qc_pending
2022-12-20,USDC,Circle,usd-coin,2,0.9999429,-0.0000571,0.0000571,0,0,0,0,0,44092546855.00,44090029170.57,59,0,,normal,DeFiLlama stablecoinprices,DeFiLlama stablecoin/{asset},2026-05-22,RQI_DII_v1.0,frozen_confirmed_by_researcher,1,market_abnormal_price_qc_pending,USDC_ASSURANCE_2022_10,2022-10-31,2022-11-22,28,0,22,0.9225,0.8400,RQI_DII_v1.0,frozen_confirmed_by_researcher,medium,0,normal,latest publication_date <= market date,rules_frozen_v1_0_market_qc_pending
2022-12-21,USDC,Circle,usd-coin,2,0.99999423,-0.00000577,0.00000577,0,0,0,0,0,44029406448.00,44029152398.32,59,0,,normal,DeFiLlama stablecoinprices,DeFiLlama stablecoin/{asset},2026-05-22,RQI_DII_v1.0,frozen_confirmed_by_researcher,1,market_abnormal_price_qc_pending,USDC_ASSURANCE_2022_10,2022-10-31,2022-11-22,29,0,22,0.9225,0.8400,RQI_DII_v1.0,frozen_confirmed_by_researcher,medium,0,normal,latest publication_date <= market date,rules_frozen_v1_0_market_qc_pending
2022-12-22,USDC,Circle,usd-coin,2,1.00000479,0.00000479,0.00000479,0,0,0,0,0,43843909854.00,43844119866.33,59,0,,normal,DeFiLlama stablecoinprices,DeFiLlama stablecoin/{asset},2026-05-22,RQI_DII_v1.0,frozen_confirmed_by_researcher,1,market_abnormal_price_qc_pending,USDC_ASSURANCE_2022_11,2022-11-30,2022-12-22,0,0,22,0.9103,0.8400,RQI_DII_v1.0,frozen_confirmed_by_researcher,medium,0,normal,latest publication_date <= market date,rules_frozen_v1_0_market_qc_pending
2022-12-23,USDC,Circle,usd-coin,2,1.00003301,0.00003301,0.00003301,0,0,0,0,0,43778374824.00,43779819948.15,59,0,,normal,DeFiLlama stablecoinprices,DeFiLlama stablecoin/{asset},2026-05-22,RQI_DII_v1.0,frozen_confirmed_by_researcher,1,market_abnormal_price_qc_pending,USDC_ASSURANCE_2022_11,2022-11-30,2022-12-22,1,0,22,0.9103,0.8400,RQI_DII_v1.0,frozen_confirmed_by_researcher,medium,0,normal,latest publication_date <= market date,rules_frozen_v1_0_market_qc_pending
2022-12-24,USDC,Circle,usd-coin,2,1.00021706,0.00021706,0.00021706,0,0,0,0,0,43726971965.00,43736463341.53,59,0,,normal,DeFiLlama stablecoinprices,DeFiLlama stablecoin/{asset},2026-05-22,RQI_DII_v1.0,frozen_confirmed_by_researcher,1,market_abnormal_price_qc_pending,USDC_ASSURANCE_2022_11,2022-11-30,2022-12-22,2,0,22,0.9103,0.8400,RQI_DII_v1.0,frozen_confirmed_by_researcher,medium,0,normal,latest publication_date <= market date,rules_frozen_v1_0_market_qc_pending
2022-12-25,USDC,Circle,usd-coin,2,1.00006642,0.00006642,0.00006642,0,0,0,0,0,43863710134.00,43866623561.63,59,0,,normal,DeFiLlama stablecoinprices,DeFiLlama stablecoin/{asset},2026-05-22,RQI_DII_v1.0,frozen_confirmed_by_researcher,1,market_abnormal_price_qc_pending,USDC_ASSURANCE_2022_11,2022-11-30,2022-12-22,3,0,22,0.9103,0.8400,RQI_DII_v1.0,frozen_confirmed_by_researcher,medium,0,normal,latest publication_date <= market date,rules_frozen_v1_0_market_qc_pending
2022-12-26,USDC,Circle,usd-coin,2,1.000383,0.000383,0.000383,0,0,0,0,0,43971585155.00,43988426272.11,59,0,,normal,DeFiLlama stablecoinprices,DeFiLlama stablecoin/{asset},2026-05-22,RQI_DII_v1.0,frozen_confirmed_by_researcher,1,market_abnormal_price_qc_pending,USDC_ASSURANCE_2022_11,2022-11-30,2022-12-22,4,0,22,0.9103,0.8400,RQI_DII_v1.0,frozen_confirmed_by_researcher,medium,0,normal,latest publication_date <= market date,rules_frozen_v1_0_market_qc_pending
2022-12-27,USDC,Circle,usd-coin,2,1.00010551,0.00010551,0.00010551,0,0,0,0,0,44068901285.00,44073550994.77,59,0,,normal,DeFiLlama stablecoinprices,DeFiLlama stablecoin/{asset},2026-05-22,RQI_DII_v1.0,frozen_confirmed_by_researcher,1,market_abnormal_price_qc_pending,USDC_ASSURANCE_2022_11,2022-11-30,2022-12-22,5,0,22,0.9103,0.8400,RQI_DII_v1.0,frozen_confirmed_by_researcher,medium,0,normal,latest publication_date <= market date,rules_frozen_v1_0_market_qc_pending
2022-12-28,USDC,Circle,usd-coin,2,1.00002289,0.00002289,0.00002289,0,0,0,0,0,43773039780.00,43774041744.88,59,0,,normal,DeFiLlama stablecoinprices,DeFiLlama stablecoin/{asset},2026-05-22,RQI_DII_v1.0,frozen_confirmed_by_researcher,1,market_abnormal_price_qc_pending,USDC_ASSURANCE_2022_11,2022-11-30,2022-12-22,6,0,22,0.9103,0.8400,RQI_DII_v1.0,frozen_confirmed_by_researcher,medium,0,normal,latest publication_date <= market date,rules_frozen_v1_0_market_qc_pending
2022-12-29,USDC,Circle,usd-coin,2,0.99993375,-0.00006625,0.00006625,0,0,0,0,0,44013416307.00,44010500418.17,59,0,,normal,DeFiLlama stablecoinprices,DeFiLlama stablecoin/{asset},2026-05-22,RQI_DII_v1.0,frozen_confirmed_by_researcher,1,market_abnormal_price_qc_pending,USDC_ASSURANCE_2022_11,2022-11-30,2022-12-22,7,0,22,0.9103,0.8400,RQI_DII_v1.0,frozen_confirmed_by_researcher,medium,0,normal,latest publication_date <= market date,rules_frozen_v1_0_market_qc_pending
2022-12-30,USDC,Circle,usd-coin,2,0.99993943,-0.00006057,0.00006057,0,0,0,0,0,44068079193.00,44065409989.44,59,0,,normal,DeFiLlama stablecoinprices,DeFiLlama stablecoin/{asset},2026-05-22,RQI_DII_v1.0,frozen_confirmed_by_researcher,1,market_abnormal_price_qc_pending,USDC_ASSURANCE_2022_11,2022-11-30,2022-12-22,8,0,22,0.9103,0.8400,RQI_DII_v1.0,frozen_confirmed_by_researcher,medium,0,normal,latest publication_date <= market date,rules_frozen_v1_0_market_qc_pending
2022-12-31,USDC,Circle,usd-coin,2,1.00004217,0.00004217,0.00004217,0,0,0,0,0,44139192450.00,44141053799.75,59,0,,normal,DeFiLlama stablecoinprices,DeFiLlama stablecoin/{asset},2026-05-22,RQI_DII_v1.0,frozen_confirmed_by_researcher,1,market_abnormal_price_qc_pending,USDC_ASSURANCE_2022_11,2022-11-30,2022-12-22,9,0,22,0.9103,0.8400,RQI_DII_v1.0,frozen_confirmed_by_researcher,medium,0,normal,latest publication_date <= market date,rules_frozen_v1_0_market_qc_pending
2023-01-01,USDC,Circle,usd-coin,2,1.00024048,0.00024048,0.00024048,0,0,0,0,0,44167379267.00,44178000638.37,59,0,,normal,DeFiLlama stablecoinprices,DeFiLlama stablecoin/{asset},2026-05-22,RQI_DII_v1.0,frozen_confirmed_by_researcher,1,market_abnormal_price_qc_pending,USDC_ASSURANCE_2022_11,2022-11-30,2022-12-22,10,0,22,0.9103,0.8400,RQI_DII_v1.0,frozen_confirmed_by_researcher,medium,0,normal,latest publication_date <= market date,rules_frozen_v1_0_market_qc_pending
2023-01-02,USDC,Circle,usd-coin,2,1.00041658,0.00041658,0.00041658,0,0,0,0,0,44226700393.00,44245124351.85,59,0,,normal,DeFiLlama stablecoinprices,DeFiLlama stablecoin/{asset},2026-05-22,RQI_DII_v1.0,frozen_confirmed_by_researcher,1,market_abnormal_price_qc_pending,USDC_ASSURANCE_2022_11,2022-11-30,2022-12-22,11,0,22,0.9103,0.8400,RQI_DII_v1.0,frozen_confirmed_by_researcher,medium,0,normal,latest publication_date <= market date,rules_frozen_v1_0_market_qc_pending
2023-01-03,USDC,Circle,usd-coin,2,1.00008502,0.00008502,0.00008502,0,0,0,0,0,44331443353.00,44335212412.31,59,0,,normal,DeFiLlama stablecoinprices,DeFiLlama stablecoin/{asset},2026-05-22,RQI_DII_v1.0,frozen_confirmed_by_researcher,1,market_abnormal_price_qc_pending,USDC_ASSURANCE_2022_11,2022-11-30,2022-12-22,12,0,22,0.9103,0.8400,RQI_DII_v1.0,frozen_confirmed_by_researcher,medium,0,normal,latest publication_date <= market date,rules_frozen_v1_0_market_qc_pending
2023-01-04,USDC,Circle,usd-coin,2,1,0,0,0,0,0,0,0,43795226282.00,43795226282.00,59,0,,normal,DeFiLlama stablecoinprices,DeFiLlama stablecoin/{asset},2026-05-22,RQI_DII_v1.0,frozen_confirmed_by_researcher,1,market_abnormal_price_qc_pending,USDC_ASSURANCE_2022_11,2022-11-30,2022-12-22,13,0,22,0.9103,0.8400,RQI_DII_v1.0,frozen_confirmed_by_researcher,medium,0,normal,latest publication_date <= market date,rules_frozen_v1_0_market_qc_pending
2023-01-05,USDC,Circle,usd-coin,2,1.00009265,0.00009265,0.00009265,0,0,0,0,0,43746800993.00,43750854134.11,59,0,,normal,DeFiLlama stablecoinprices,DeFiLlama stablecoin/{asset},2026-05-22,RQI_DII_v1.0,frozen_confirmed_by_researcher,1,market_abnormal_price_qc_pending,USDC_ASSURANCE_2022_11,2022-11-30,2022-12-22,14,0,22,0.9103,0.8400,RQI_DII_v1.0,frozen_confirmed_by_researcher,medium,0,normal,latest publication_date <= market date,rules_frozen_v1_0_market_qc_pending
2023-01-06,USDC,Circle,usd-coin,2,0.99994164,-0.00005836,0.00005836,0,0,0,0,0,43339218049.00,43336688772.23,59,0,,normal,DeFiLlama stablecoinprices,DeFiLlama stablecoin/{asset},2026-05-22,RQI_DII_v1.0,frozen_confirmed_by_researcher,1,market_abnormal_price_qc_pending,USDC_ASSURANCE_2022_11,2022-11-30,2022-12-22,15,0,22,0.9103,0.8400,RQI_DII_v1.0,frozen_confirmed_by_researcher,medium,0,normal,latest publication_date <= market date,rules_frozen_v1_0_market_qc_pending
2023-01-07,USDC,Circle,usd-coin,2,1.00012625,0.00012625,0.00012625,0,0,0,0,0,43307943157.00,43313410784.82,59,0,,normal,DeFiLlama stablecoinprices,DeFiLlama stablecoin/{asset},2026-05-22,RQI_DII_v1.0,frozen_confirmed_by_researcher,1,market_abnormal_price_qc_pending,USDC_ASSURANCE_2022_11,2022-11-30,2022-12-22,16,0,22,0.9103,0.8400,RQI_DII_v1.0,frozen_confirmed_by_researcher,medium,0,normal,latest publication_date <= market date,rules_frozen_v1_0_market_qc_pending
2023-01-08,USDC,Circle,usd-coin,2,1.00014,0.00014,0.00014,0,0,0,0,0,43426638136.00,43432717865.34,59,0,,normal,DeFiLlama stablecoinprices,DeFiLlama stablecoin/{asset},2026-05-22,RQI_DII_v1.0,frozen_confirmed_by_researcher,1,market_abnormal_price_qc_pending,USDC_ASSURANCE_2022_11,2022-11-30,2022-12-22,17,0,22,0.9103,0.8400,RQI_DII_v1.0,frozen_confirmed_by_researcher,medium,0,normal,latest publication_date <= market date,rules_frozen_v1_0_market_qc_pending
2023-01-09,USDC,Circle,usd-coin,2,1,0,0,0,0,0,0,0,43567810780.00,43567810780.00,59,0,,normal,DeFiLlama stablecoinprices,DeFiLlama stablecoin/{asset},2026-05-22,RQI_DII_v1.0,frozen_confirmed_by_researcher,1,market_abnormal_price_qc_pending,USDC_ASSURANCE_2022_11,2022-11-30,2022-12-22,18,0,22,0.9103,0.8400,RQI_DII_v1.0,frozen_confirmed_by_researcher,medium,0,normal,latest publication_date <= market date,rules_frozen_v1_0_market_qc_pending
2023-01-10,USDC,Circle,usd-coin,2,0.99997503,-0.00002497,0.00002497,0,0,0,0,0,43218230646.00,43217151486.78,59,0,,normal,DeFiLlama stablecoinprices,DeFiLlama stablecoin/{asset},2026-05-22,RQI_DII_v1.0,frozen_confirmed_by_researcher,1,market_abnormal_price_qc_pending,USDC_ASSURANCE_2022_11,2022-11-30,2022-12-22,19,0,22,0.9103,0.8400,RQI_DII_v1.0,frozen_confirmed_by_researcher,medium,0,normal,latest publication_date <= market date,rules_frozen_v1_0_market_qc_pending
2023-01-11,USDC,Circle,usd-coin,2,1,0,0,0,0,0,0,0,43288167984.00,43288167984.00,59,0,,normal,DeFiLlama stablecoinprices,DeFiLlama stablecoin/{asset},2026-05-22,RQI_DII_v1.0,frozen_confirmed_by_researcher,1,market_abnormal_price_qc_pending,USDC_ASSURANCE_2022_11,2022-11-30,2022-12-22,20,0,22,0.9103,0.8400,RQI_DII_v1.0,frozen_confirmed_by_researcher,medium,0,normal,latest publication_date <= market date,rules_frozen_v1_0_market_qc_pending
2023-01-12,USDC,Circle,usd-coin,2,1,0,0,0,0,0,0,0,43415292126.00,43415292126.00,59,0,,normal,DeFiLlama stablecoinprices,DeFiLlama stablecoin/{asset},2026-05-22,RQI_DII_v1.0,frozen_confirmed_by_researcher,1,market_abnormal_price_qc_pending,USDC_ASSURANCE_2022_11,2022-11-30,2022-12-22,21,0,22,0.9103,0.8400,RQI_DII_v1.0,frozen_confirmed_by_researcher,medium,0,normal,latest publication_date <= market date,rules_frozen_v1_0_market_qc_pending
2023-01-13,USDC,Circle,usd-coin,2,1,0,0,0,0,0,0,0,43536464564.00,43536464564.00,59,0,,normal,DeFiLlama stablecoinprices,DeFiLlama stablecoin/{asset},2026-05-22,RQI_DII_v1.0,frozen_confirmed_by_researcher,1,market_abnormal_price_qc_pending,USDC_ASSURANCE_2022_11,2022-11-30,2022-12-22,22,0,22,0.9103,0.8400,RQI_DII_v1.0,frozen_confirmed_by_researcher,medium,0,normal,latest publication_date <= market date,rules_frozen_v1_0_market_qc_pending
2023-01-14,USDC,Circle,usd-coin,2,0.99997,-0.00003,0.00003,0,0,0,0,0,43058759626.00,43057467863.21,59,0,,normal,DeFiLlama stablecoinprices,DeFiLlama stablecoin/{asset},2026-05-22,RQI_DII_v1.0,frozen_confirmed_by_researcher,1,market_abnormal_price_qc_pending,USDC_ASSURANCE_2022_11,2022-11-30,2022-12-22,23,0,22,0.9103,0.8400,RQI_DII_v1.0,frozen_confirmed_by_researcher,medium,0,normal,latest publication_date <= market date,rules_frozen_v1_0_market_qc_pending
2023-01-15,USDC,Circle,usd-coin,2,0.99998,-0.00002,0.00002,0,0,0,0,0,43295832398.00,43294966481.35,59,0,,normal,DeFiLlama stablecoinprices,DeFiLlama stablecoin/{asset},2026-05-22,RQI_DII_v1.0,frozen_confirmed_by_researcher,1,market_abnormal_price_qc_pending,USDC_ASSURANCE_2022_11,2022-11-30,2022-12-22,24,0,22,0.9103,0.8400,RQI_DII_v1.0,frozen_confirmed_by_researcher,medium,0,normal,latest publication_date <= market date,rules_frozen_v1_0_market_qc_pending
2023-01-16,USDC,Circle,usd-coin,2,1,0,0,0,0,0,0,0,43511075855.00,43511075855.00,59,0,,normal,DeFiLlama stablecoinprices,DeFiLlama stablecoin/{asset},2026-05-22,RQI_DII_v1.0,frozen_confirmed_by_researcher,1,market_abnormal_price_qc_pending,USDC_ASSURANCE_2022_11,2022-11-30,2022-12-22,25,0,22,0.9103,0.8400,RQI_DII_v1.0,frozen_confirmed_by_researcher,medium,0,normal,latest publication_date <= market date,rules_frozen_v1_0_market_qc_pending
2023-01-17,USDC,Circle,usd-coin,2,0.99997,-0.00003,0.00003,0,0,0,0,0,43451077423.00,43449773890.68,59,0,,normal,DeFiLlama stablecoinprices,DeFiLlama stablecoin/{asset},2026-05-22,RQI_DII_v1.0,frozen_confirmed_by_researcher,1,market_abnormal_price_qc_pending,USDC_ASSURANCE_2022_11,2022-11-30,2022-12-22,26,0,22,0.9103,0.8400,RQI_DII_v1.0,frozen_confirmed_by_researcher,medium,0,normal,latest publication_date <= market date,rules_frozen_v1_0_market_qc_pending
2023-01-18,USDC,Circle,usd-coin,2,1.00003017,0.00003017,0.00003017,0,0,0,0,0,43176598921.00,43177901558.99,59,0,,normal,DeFiLlama stablecoinprices,DeFiLlama stablecoin/{asset},2026-05-22,RQI_DII_v1.0,frozen_confirmed_by_researcher,1,market_abnormal_price_qc_pending,USDC_ASSURANCE_2022_11,2022-11-30,2022-12-22,27,0,22,0.9103,0.8400,RQI_DII_v1.0,frozen_confirmed_by_researcher,medium,0,normal,latest publication_date <= market date,rules_frozen_v1_0_market_qc_pending
2023-01-19,USDC,Circle,usd-coin,2,0.99995,-0.00005,0.00005,0,0,0,0,0,42707980562.00,42705845162.97,59,0,,normal,DeFiLlama stablecoinprices,DeFiLlama stablecoin/{asset},2026-05-22,RQI_DII_v1.0,frozen_confirmed_by_researcher,1,market_abnormal_price_qc_pending,USDC_ASSURANCE_2022_11,2022-11-30,2022-12-22,28,0,22,0.9103,0.8400,RQI_DII_v1.0,frozen_confirmed_by_researcher,medium,0,normal,latest publication_date <= market date,rules_frozen_v1_0_market_qc_pending
2023-01-20,USDC,Circle,usd-coin,2,1.00000848,0.00000848,0.00000848,0,0,0,0,0,42597573265.00,42597934492.42,59,0,,normal,DeFiLlama stablecoinprices,DeFiLlama stablecoin/{asset},2026-05-22,RQI_DII_v1.0,frozen_confirmed_by_researcher,1,market_abnormal_price_qc_pending,USDC_ASSURANCE_2022_11,2022-11-30,2022-12-22,29,0,22,0.9103,0.8400,RQI_DII_v1.0,frozen_confirmed_by_researcher,medium,0,normal,latest publication_date <= market date,rules_frozen_v1_0_market_qc_pending
2023-01-21,USDC,Circle,usd-coin,2,1.000475,0.000475,0.000475,0,0,0,0,0,42789166772.00,42809491626.22,59,0,,normal,DeFiLlama stablecoinprices,DeFiLlama stablecoin/{asset},2026-05-22,RQI_DII_v1.0,frozen_confirmed_by_researcher,1,market_abnormal_price_qc_pending,USDC_ASSURANCE_2022_11,2022-11-30,2022-12-22,30,0,22,0.9103,0.8400,RQI_DII_v1.0,frozen_confirmed_by_researcher,medium,0,normal,latest publication_date <= market date,rules_frozen_v1_0_market_qc_pending
2023-01-22,USDC,Circle,usd-coin,2,1,0,0,0,0,0,0,0,42968052788.00,42968052788.00,59,0,,normal,DeFiLlama stablecoinprices,DeFiLlama stablecoin/{asset},2026-05-22,RQI_DII_v1.0,frozen_confirmed_by_researcher,1,market_abnormal_price_qc_pending,USDC_ASSURANCE_2022_11,2022-11-30,2022-12-22,31,0,22,0.9103,0.8400,RQI_DII_v1.0,frozen_confirmed_by_researcher,medium,0,normal,latest publication_date <= market date,rules_frozen_v1_0_market_qc_pending
2023-01-23,USDC,Circle,usd-coin,2,1.00003322,0.00003322,0.00003322,0,0,0,0,0,43107032877.00,43108464892.63,59,0,,normal,DeFiLlama stablecoinprices,DeFiLlama stablecoin/{asset},2026-05-22,RQI_DII_v1.0,frozen_confirmed_by_researcher,1,market_abnormal_price_qc_pending,USDC_ASSURANCE_2022_11,2022-11-30,2022-12-22,32,0,22,0.9103,0.8400,RQI_DII_v1.0,frozen_confirmed_by_researcher,medium,0,normal,latest publication_date <= market date,rules_frozen_v1_0_market_qc_pending
2023-01-24,USDC,Circle,usd-coin,2,0.9999,-0.0001,0.0001,0,0,0,0,0,43100382573.00,43096072534.74,59,0,,normal,DeFiLlama stablecoinprices,DeFiLlama stablecoin/{asset},2026-05-22,RQI_DII_v1.0,frozen_confirmed_by_researcher,1,market_abnormal_price_qc_pending,USDC_ASSURANCE_2022_11,2022-11-30,2022-12-22,33,0,22,0.9103,0.8400,RQI_DII_v1.0,frozen_confirmed_by_researcher,medium,0,normal,latest publication_date <= market date,rules_frozen_v1_0_market_qc_pending
2023-01-25,USDC,Circle,usd-coin,2,1.00038,0.00038,0.00038,0,0,0,0,0,43265067842.00,43281508567.78,59,0,,normal,DeFiLlama stablecoinprices,DeFiLlama stablecoin/{asset},2026-05-22,RQI_DII_v1.0,frozen_confirmed_by_researcher,1,market_abnormal_price_qc_pending,USDC_ASSURANCE_2022_12,2022-12-31,2023-01-25,0,0,25,0.9136,0.8400,RQI_DII_v1.0,frozen_confirmed_by_researcher,medium,0,normal,latest publication_date <= market date,rules_frozen_v1_0_market_qc_pending
2023-01-26,USDC,Circle,usd-coin,2,1,0,0,0,0,0,0,0,43169202068.00,43169202068.00,59,0,,normal,DeFiLlama stablecoinprices,DeFiLlama stablecoin/{asset},2026-05-22,RQI_DII_v1.0,frozen_confirmed_by_researcher,1,market_abnormal_price_qc_pending,USDC_ASSURANCE_2022_12,2022-12-31,2023-01-25,1,0,25,0.9136,0.8400,RQI_DII_v1.0,frozen_confirmed_by_researcher,medium,0,normal,latest publication_date <= market date,rules_frozen_v1_0_market_qc_pending
2023-01-27,USDC,Circle,usd-coin,2,1,0,0,0,0,0,0,0,42922290984.00,42922290984.00,59,0,,normal,DeFiLlama stablecoinprices,DeFiLlama stablecoin/{asset},2026-05-22,RQI_DII_v1.0,frozen_confirmed_by_researcher,1,market_abnormal_price_qc_pending,USDC_ASSURANCE_2022_12,2022-12-31,2023-01-25,2,0,25,0.9136,0.8400,RQI_DII_v1.0,frozen_confirmed_by_researcher,medium,0,normal,latest publication_date <= market date,rules_frozen_v1_0_market_qc_pending
2023-01-28,USDC,Circle,usd-coin,2,0.99995424,-0.00004576,0.00004576,0,0,0,0,0,42689878260.00,42687924771.17,59,0,,normal,DeFiLlama stablecoinprices,DeFiLlama stablecoin/{asset},2026-05-22,RQI_DII_v1.0,frozen_confirmed_by_researcher,1,market_abnormal_price_qc_pending,USDC_ASSURANCE_2022_12,2022-12-31,2023-01-25,3,0,25,0.9136,0.8400,RQI_DII_v1.0,frozen_confirmed_by_researcher,medium,0,normal,latest publication_date <= market date,rules_frozen_v1_0_market_qc_pending
2023-01-29,USDC,Circle,usd-coin,2,1.00003,0.00003,0.00003,0,0,0,0,0,42725465342.00,42726747105.96,59,0,,normal,DeFiLlama stablecoinprices,DeFiLlama stablecoin/{asset},2026-05-22,RQI_DII_v1.0,frozen_confirmed_by_researcher,1,market_abnormal_price_qc_pending,USDC_ASSURANCE_2022_12,2022-12-31,2023-01-25,4,0,25,0.9136,0.8400,RQI_DII_v1.0,frozen_confirmed_by_researcher,medium,0,normal,latest publication_date <= market date,rules_frozen_v1_0_market_qc_pending
2023-01-30,USDC,Circle,usd-coin,2,1.00020182,0.00020182,0.00020182,0,0,0,0,0,42605390447.00,42613989066.90,59,0,,normal,DeFiLlama stablecoinprices,DeFiLlama stablecoin/{asset},2026-05-22,RQI_DII_v1.0,frozen_confirmed_by_researcher,1,market_abnormal_price_qc_pending,USDC_ASSURANCE_2022_12,2022-12-31,2023-01-25,5,0,25,0.9136,0.8400,RQI_DII_v1.0,frozen_confirmed_by_researcher,medium,0,normal,latest publication_date <= market date,rules_frozen_v1_0_market_qc_pending
2023-01-31,USDC,Circle,usd-coin,2,0.99994455,-0.00005545,0.00005545,0,0,0,0,0,42194271215.00,42191931542.66,59,0,,normal,DeFiLlama stablecoinprices,DeFiLlama stablecoin/{asset},2026-05-22,RQI_DII_v1.0,frozen_confirmed_by_researcher,1,market_abnormal_price_qc_pending,USDC_ASSURANCE_2022_12,2022-12-31,2023-01-25,6,0,25,0.9136,0.8400,RQI_DII_v1.0,frozen_confirmed_by_researcher,medium,0,normal,latest publication_date <= market date,rules_frozen_v1_0_market_qc_pending
2023-02-01,USDC,Circle,usd-coin,2,1.0002872,0.0002872,0.0002872,0,0,0,0,0,41910413168.00,41922449838.66,59,0,,normal,DeFiLlama stablecoinprices,DeFiLlama stablecoin/{asset},2026-05-22,RQI_DII_v1.0,frozen_confirmed_by_researcher,1,market_abnormal_price_qc_pending,USDC_ASSURANCE_2022_12,2022-12-31,2023-01-25,7,0,25,0.9136,0.8400,RQI_DII_v1.0,frozen_confirmed_by_researcher,medium,0,normal,latest publication_date <= market date,rules_frozen_v1_0_market_qc_pending
2023-02-02,USDC,Circle,usd-coin,2,1,0,0,0,0,0,0,0,41902011000.00,41902011000.00,59,0,,normal,DeFiLlama stablecoinprices,DeFiLlama stablecoin/{asset},2026-05-22,RQI_DII_v1.0,frozen_confirmed_by_researcher,1,market_abnormal_price_qc_pending,USDC_ASSURANCE_2022_12,2022-12-31,2023-01-25,8,0,25,0.9136,0.8400,RQI_DII_v1.0,frozen_confirmed_by_researcher,medium,0,normal,latest publication_date <= market date,rules_frozen_v1_0_market_qc_pending
2023-02-03,USDC,Circle,usd-coin,2,0.99999,-0.00001,0.00001,0,0,0,0,0,41954913947.00,41954494397.86,59,0,,normal,DeFiLlama stablecoinprices,DeFiLlama stablecoin/{asset},2026-05-22,RQI_DII_v1.0,frozen_confirmed_by_researcher,1,market_abnormal_price_qc_pending,USDC_ASSURANCE_2022_12,2022-12-31,2023-01-25,9,0,25,0.9136,0.8400,RQI_DII_v1.0,frozen_confirmed_by_researcher,medium,0,normal,latest publication_date <= market date,rules_frozen_v1_0_market_qc_pending
2023-02-04,USDC,Circle,usd-coin,2,1,0,0,0,0,0,0,0,41501786323.00,41501786323.00,59,0,,normal,DeFiLlama stablecoinprices,DeFiLlama stablecoin/{asset},2026-05-22,RQI_DII_v1.0,frozen_confirmed_by_researcher,1,market_abnormal_price_qc_pending,USDC_ASSURANCE_2022_12,2022-12-31,2023-01-25,10,0,25,0.9136,0.8400,RQI_DII_v1.0,frozen_confirmed_by_researcher,medium,0,normal,latest publication_date <= market date,rules_frozen_v1_0_market_qc_pending
2023-02-05,USDC,Circle,usd-coin,2,0.99998,-0.00002,0.00002,0,0,0,0,0,41476873325.00,41476043787.53,59,0,,normal,DeFiLlama stablecoinprices,DeFiLlama stablecoin/{asset},2026-05-22,RQI_DII_v1.0,frozen_confirmed_by_researcher,1,market_abnormal_price_qc_pending,USDC_ASSURANCE_2022_12,2022-12-31,2023-01-25,11,0,25,0.9136,0.8400,RQI_DII_v1.0,frozen_confirmed_by_researcher,medium,0,normal,latest publication_date <= market date,rules_frozen_v1_0_market_qc_pending
2023-02-06,USDC,Circle,usd-coin,2,1.00003298,0.00003298,0.00003298,0,0,0,0,0,41535387249.00,41536757086.07,59,0,,normal,DeFiLlama stablecoinprices,DeFiLlama stablecoin/{asset},2026-05-22,RQI_DII_v1.0,frozen_confirmed_by_researcher,1,market_abnormal_price_qc_pending,USDC_ASSURANCE_2022_12,2022-12-31,2023-01-25,12,0,25,0.9136,0.8400,RQI_DII_v1.0,frozen_confirmed_by_researcher,medium,0,normal,latest publication_date <= market date,rules_frozen_v1_0_market_qc_pending
2023-02-07,USDC,Circle,usd-coin,2,0.9999,-0.0001,0.0001,0,0,0,0,0,41382173732.00,41378035514.63,59,0,,normal,DeFiLlama stablecoinprices,DeFiLlama stablecoin/{asset},2026-05-22,RQI_DII_v1.0,frozen_confirmed_by_researcher,1,market_abnormal_price_qc_pending,USDC_ASSURANCE_2022_12,2022-12-31,2023-01-25,13,0,25,0.9136,0.8400,RQI_DII_v1.0,frozen_confirmed_by_researcher,medium,0,normal,latest publication_date <= market date,rules_frozen_v1_0_market_qc_pending
2023-02-08,USDC,Circle,usd-coin,2,1,0,0,0,0,0,0,0,41209023621.00,41209023621.00,59,0,,normal,DeFiLlama stablecoinprices,DeFiLlama stablecoin/{asset},2026-05-22,RQI_DII_v1.0,frozen_confirmed_by_researcher,1,market_abnormal_price_qc_pending,USDC_ASSURANCE_2022_12,2022-12-31,2023-01-25,14,0,25,0.9136,0.8400,RQI_DII_v1.0,frozen_confirmed_by_researcher,medium,0,normal,latest publication_date <= market date,rules_frozen_v1_0_market_qc_pending
2023-02-09,USDC,Circle,usd-coin,2,1.00018347,0.00018347,0.00018347,0,0,0,0,0,41046781303.00,41054312155.97,59,0,,normal,DeFiLlama stablecoinprices,DeFiLlama stablecoin/{asset},2026-05-22,RQI_DII_v1.0,frozen_confirmed_by_researcher,1,market_abnormal_price_qc_pending,USDC_ASSURANCE_2022_12,2022-12-31,2023-01-25,15,0,25,0.9136,0.8400,RQI_DII_v1.0,frozen_confirmed_by_researcher,medium,0,normal,latest publication_date <= market date,rules_frozen_v1_0_market_qc_pending
2023-02-10,USDC,Circle,usd-coin,2,1,0,0,0,0,0,0,0,41022222641.00,41022222641.00,59,0,,normal,DeFiLlama stablecoinprices,DeFiLlama stablecoin/{asset},2026-05-22,RQI_DII_v1.0,frozen_confirmed_by_researcher,1,market_abnormal_price_qc_pending,USDC_ASSURANCE_2022_12,2022-12-31,2023-01-25,16,0,25,0.9136,0.8400,RQI_DII_v1.0,frozen_confirmed_by_researcher,medium,0,normal,latest publication_date <= market date,rules_frozen_v1_0_market_qc_pending
2023-02-11,USDC,Circle,usd-coin,2,1,0,0,0,0,0,0,0,40892982180.00,40892982180.00,59,0,,normal,DeFiLlama stablecoinprices,DeFiLlama stablecoin/{asset},2026-05-22,RQI_DII_v1.0,frozen_confirmed_by_researcher,1,market_abnormal_price_qc_pending,USDC_ASSURANCE_2022_12,2022-12-31,2023-01-25,17,0,25,0.9136,0.8400,RQI_DII_v1.0,frozen_confirmed_by_researcher,medium,0,normal,latest publication_date <= market date,rules_frozen_v1_0_market_qc_pending
2023-02-12,USDC,Circle,usd-coin,2,1,0,0,0,0,0,0,0,40821896283.00,40821896283.00,59,0,,normal,DeFiLlama stablecoinprices,DeFiLlama stablecoin/{asset},2026-05-22,RQI_DII_v1.0,frozen_confirmed_by_researcher,1,market_abnormal_price_qc_pending,USDC_ASSURANCE_2022_12,2022-12-31,2023-01-25,18,0,25,0.9136,0.8400,RQI_DII_v1.0,frozen_confirmed_by_researcher,medium,0,normal,latest publication_date <= market date,rules_frozen_v1_0_market_qc_pending
2023-02-13,USDC,Circle,usd-coin,2,1,0,0,0,0,0,0,0,40749328925.00,40749328925.00,59,0,,normal,DeFiLlama stablecoinprices,DeFiLlama stablecoin/{asset},2026-05-22,RQI_DII_v1.0,frozen_confirmed_by_researcher,1,market_abnormal_price_qc_pending,USDC_ASSURANCE_2022_12,2022-12-31,2023-01-25,19,0,25,0.9136,0.8400,RQI_DII_v1.0,frozen_confirmed_by_researcher,medium,0,normal,latest publication_date <= market date,rules_frozen_v1_0_market_qc_pending
2023-02-14,USDC,Circle,usd-coin,2,1.00020042,0.00020042,0.00020042,0,0,0,0,0,40484010775.00,40492124580.44,59,0,,normal,DeFiLlama stablecoinprices,DeFiLlama stablecoin/{asset},2026-05-22,RQI_DII_v1.0,frozen_confirmed_by_researcher,1,market_abnormal_price_qc_pending,USDC_ASSURANCE_2022_12,2022-12-31,2023-01-25,20,0,25,0.9136,0.8400,RQI_DII_v1.0,frozen_confirmed_by_researcher,medium,0,normal,latest publication_date <= market date,rules_frozen_v1_0_market_qc_pending
2023-02-15,USDC,Circle,usd-coin,2,0.99996156,-0.00003844,0.00003844,0,0,0,0,0,40565702969.00,40564143623.38,59,0,,normal,DeFiLlama stablecoinprices,DeFiLlama stablecoin/{asset},2026-05-22,RQI_DII_v1.0,frozen_confirmed_by_researcher,1,market_abnormal_price_qc_pending,USDC_ASSURANCE_2022_12,2022-12-31,2023-01-25,21,0,25,0.9136,0.8400,RQI_DII_v1.0,frozen_confirmed_by_researcher,medium,0,normal,latest publication_date <= market date,rules_frozen_v1_0_market_qc_pending
2023-02-16,USDC,Circle,usd-coin,2,0.99992048,-0.00007952,0.00007952,0,0,0,0,0,41015851508.00,41012589927.49,59,0,,normal,DeFiLlama stablecoinprices,DeFiLlama stablecoin/{asset},2026-05-22,RQI_DII_v1.0,frozen_confirmed_by_researcher,1,market_abnormal_price_qc_pending,USDC_ASSURANCE_2022_12,2022-12-31,2023-01-25,22,0,25,0.9136,0.8400,RQI_DII_v1.0,frozen_confirmed_by_researcher,medium,0,normal,latest publication_date <= market date,rules_frozen_v1_0_market_qc_pending
2023-02-17,USDC,Circle,usd-coin,2,0.99998,-0.00002,0.00002,0,0,0,0,0,41195881731.00,41195057813.37,59,0,,normal,DeFiLlama stablecoinprices,DeFiLlama stablecoin/{asset},2026-05-22,RQI_DII_v1.0,frozen_confirmed_by_researcher,1,market_abnormal_price_qc_pending,USDC_ASSURANCE_2022_12,2022-12-31,2023-01-25,23,0,25,0.9136,0.8400,RQI_DII_v1.0,frozen_confirmed_by_researcher,medium,0,normal,latest publication_date <= market date,rules_frozen_v1_0_market_qc_pending
2023-02-18,USDC,Circle,usd-coin,2,0.99998844,-0.00001156,0.00001156,0,0,0,0,0,41441353009.00,41440873946.96,59,0,,normal,DeFiLlama stablecoinprices,DeFiLlama stablecoin/{asset},2026-05-22,RQI_DII_v1.0,frozen_confirmed_by_researcher,1,market_abnormal_price_qc_pending,USDC_ASSURANCE_2022_12,2022-12-31,2023-01-25,24,0,25,0.9136,0.8400,RQI_DII_v1.0,frozen_confirmed_by_researcher,medium,0,normal,latest publication_date <= market date,rules_frozen_v1_0_market_qc_pending
2023-02-19,USDC,Circle,usd-coin,2,0.99994231,-0.00005769,0.00005769,0,0,0,0,0,41401448782.00,41399060332.42,59,0,,normal,DeFiLlama stablecoinprices,DeFiLlama stablecoin/{asset},2026-05-22,RQI_DII_v1.0,frozen_confirmed_by_researcher,1,market_abnormal_price_qc_pending,USDC_ASSURANCE_2022_12,2022-12-31,2023-01-25,25,0,25,0.9136,0.8400,RQI_DII_v1.0,frozen_confirmed_by_researcher,medium,0,normal,latest publication_date <= market date,rules_frozen_v1_0_market_qc_pending
2023-02-20,USDC,Circle,usd-coin,2,1,0,0,0,0,0,0,0,41449241475.00,41449241475.00,59,0,,normal,DeFiLlama stablecoinprices,DeFiLlama stablecoin/{asset},2026-05-22,RQI_DII_v1.0,frozen_confirmed_by_researcher,1,market_abnormal_price_qc_pending,USDC_ASSURANCE_2022_12,2022-12-31,2023-01-25,26,0,25,0.9136,0.8400,RQI_DII_v1.0,frozen_confirmed_by_researcher,medium,0,normal,latest publication_date <= market date,rules_frozen_v1_0_market_qc_pending
2023-02-21,USDC,Circle,usd-coin,2,0.99994,-0.00006,0.00006,0,0,0,0,0,41514928996.00,41512438100.26,59,0,,normal,DeFiLlama stablecoinprices,DeFiLlama stablecoin/{asset},2026-05-22,RQI_DII_v1.0,frozen_confirmed_by_researcher,1,market_abnormal_price_qc_pending,USDC_ASSURANCE_2022_12,2022-12-31,2023-01-25,27,0,25,0.9136,0.8400,RQI_DII_v1.0,frozen_confirmed_by_researcher,medium,0,normal,latest publication_date <= market date,rules_frozen_v1_0_market_qc_pending
2023-02-22,USDC,Circle,usd-coin,2,0.99997236,-0.00002764,0.00002764,0,0,0,0,0,41668442814.00,41667291098.24,59,0,,normal,DeFiLlama stablecoinprices,DeFiLlama stablecoin/{asset},2026-05-22,RQI_DII_v1.0,frozen_confirmed_by_researcher,1,market_abnormal_price_qc_pending,USDC_ASSURANCE_2022_12,2022-12-31,2023-01-25,28,0,25,0.9136,0.8400,RQI_DII_v1.0,frozen_confirmed_by_researcher,medium,0,normal,latest publication_date <= market date,rules_frozen_v1_0_market_qc_pending
2023-02-23,USDC,Circle,usd-coin,2,0.999895,-0.000105,0.000105,0,0,0,0,0,41696286319.00,41691908208.94,59,0,,normal,DeFiLlama stablecoinprices,DeFiLlama stablecoin/{asset},2026-05-22,RQI_DII_v1.0,frozen_confirmed_by_researcher,1,market_abnormal_price_qc_pending,USDC_ASSURANCE_2022_12,2022-12-31,2023-01-25,29,0,25,0.9136,0.8400,RQI_DII_v1.0,frozen_confirmed_by_researcher,medium,0,normal,latest publication_date <= market date,rules_frozen_v1_0_market_qc_pending
2023-02-24,USDC,Circle,usd-coin,2,0.99999508,-0.00000492,0.00000492,0,0,0,0,0,41832156800.00,41831950985.79,59,0,,normal,DeFiLlama stablecoinprices,DeFiLlama stablecoin/{asset},2026-05-22,RQI_DII_v1.0,frozen_confirmed_by_researcher,1,market_abnormal_price_qc_pending,USDC_ASSURANCE_2022_12,2022-12-31,2023-01-25,30,0,25,0.9136,0.8400,RQI_DII_v1.0,frozen_confirmed_by_researcher,medium,0,normal,latest publication_date <= market date,rules_frozen_v1_0_market_qc_pending
2023-02-25,USDC,Circle,usd-coin,2,0.99991,-0.00009,0.00009,0,0,0,0,0,42083044149.00,42079256675.03,59,0,,normal,DeFiLlama stablecoinprices,DeFiLlama stablecoin/{asset},2026-05-22,RQI_DII_v1.0,frozen_confirmed_by_researcher,1,market_abnormal_price_qc_pending,USDC_ASSURANCE_2022_12,2022-12-31,2023-01-25,31,0,25,0.9136,0.8400,RQI_DII_v1.0,frozen_confirmed_by_researcher,medium,0,normal,latest publication_date <= market date,rules_frozen_v1_0_market_qc_pending
2023-02-26,USDC,Circle,usd-coin,2,0.9999,-0.0001,0.0001,0,0,0,0,0,42156526596.00,42152310943.34,59,0,,normal,DeFiLlama stablecoinprices,DeFiLlama stablecoin/{asset},2026-05-22,RQI_DII_v1.0,frozen_confirmed_by_researcher,1,market_abnormal_price_qc_pending,USDC_ASSURANCE_2022_12,2022-12-31,2023-01-25,32,0,25,0.9136,0.8400,RQI_DII_v1.0,frozen_confirmed_by_researcher,medium,0,normal,latest publication_date <= market date,rules_frozen_v1_0_market_qc_pending
2023-02-27,USDC,Circle,usd-coin,2,0.99995298,-0.00004702,0.00004702,0,0,0,0,0,42201677610.00,42199693287.12,59,0,,normal,DeFiLlama stablecoinprices,DeFiLlama stablecoin/{asset},2026-05-22,RQI_DII_v1.0,frozen_confirmed_by_researcher,1,market_abnormal_price_qc_pending,USDC_ASSURANCE_2022_12,2022-12-31,2023-01-25,33,0,25,0.9136,0.8400,RQI_DII_v1.0,frozen_confirmed_by_researcher,medium,0,normal,latest publication_date <= market date,rules_frozen_v1_0_market_qc_pending
2023-02-28,USDC,Circle,usd-coin,2,0.99995322,-0.00004678,0.00004678,0,0,0,0,0,42170010394.00,42168037680.91,59,0,,normal,DeFiLlama stablecoinprices,DeFiLlama stablecoin/{asset},2026-05-22,RQI_DII_v1.0,frozen_confirmed_by_researcher,1,market_abnormal_price_qc_pending,USDC_ASSURANCE_2022_12,2022-12-31,2023-01-25,34,0,25,0.9136,0.8400,RQI_DII_v1.0,frozen_confirmed_by_researcher,medium,0,normal,latest publication_date <= market date,rules_frozen_v1_0_market_qc_pending
2023-03-01,USDC,Circle,usd-coin,2,0.99986129,-0.00013871,0.00013871,0,0,0,0,0,42037689855.00,42031858807.04,59,0,,normal,DeFiLlama stablecoinprices,DeFiLlama stablecoin/{asset},2026-05-22,RQI_DII_v1.0,frozen_confirmed_by_researcher,1,market_abnormal_price_qc_pending,USDC_ASSURANCE_2022_12,2022-12-31,2023-01-25,35,0,25,0.9136,0.8400,RQI_DII_v1.0,frozen_confirmed_by_researcher,medium,0,normal,latest publication_date <= market date,rules_frozen_v1_0_market_qc_pending
2023-03-02,USDC,Circle,usd-coin,2,0.9999,-0.0001,0.0001,0,0,0,0,0,42125742685.00,42121530110.73,59,0,,normal,DeFiLlama stablecoinprices,DeFiLlama stablecoin/{asset},2026-05-22,RQI_DII_v1.0,frozen_confirmed_by_researcher,1,market_abnormal_price_qc_pending,USDC_ASSURANCE_2023_01,2023-01-31,2023-03-02,0,0,30,0.9222,0.8400,RQI_DII_v1.0,frozen_confirmed_by_researcher,medium,1,normal,latest publication_date <= market date,rules_frozen_v1_0_market_qc_pending
2023-03-03,USDC,Circle,usd-coin,2,0.99993187,-0.00006813,0.00006813,0,0,0,0,0,42733569536.00,42730658097.91,59,0,,normal,DeFiLlama stablecoinprices,DeFiLlama stablecoin/{asset},2026-05-22,RQI_DII_v1.0,frozen_confirmed_by_researcher,1,market_abnormal_price_qc_pending,USDC_ASSURANCE_2023_01,2023-01-31,2023-03-02,1,0,30,0.9222,0.8400,RQI_DII_v1.0,frozen_confirmed_by_researcher,medium,1,normal,latest publication_date <= market date,rules_frozen_v1_0_market_qc_pending
2023-03-04,USDC,Circle,usd-coin,2,0.99971826,-0.00028174,0.00028174,0,0,0,0,0,43030344187.00,43018220817.83,59,0,,normal,DeFiLlama stablecoinprices,DeFiLlama stablecoin/{asset},2026-05-22,RQI_DII_v1.0,frozen_confirmed_by_researcher,1,market_abnormal_price_qc_pending,USDC_ASSURANCE_2023_01,2023-01-31,2023-03-02,2,0,30,0.9222,0.8400,RQI_DII_v1.0,frozen_confirmed_by_researcher,medium,1,normal,latest publication_date <= market date,rules_frozen_v1_0_market_qc_pending
2023-03-05,USDC,Circle,usd-coin,2,0.99999779,-0.00000221,0.00000221,0,0,0,0,0,43263764661.00,43263669048.08,59,0,,normal,DeFiLlama stablecoinprices,DeFiLlama stablecoin/{asset},2026-05-22,RQI_DII_v1.0,frozen_confirmed_by_researcher,1,market_abnormal_price_qc_pending,USDC_ASSURANCE_2023_01,2023-01-31,2023-03-02,3,0,30,0.9222,0.8400,RQI_DII_v1.0,frozen_confirmed_by_researcher,medium,1,normal,latest publication_date <= market date,rules_frozen_v1_0_market_qc_pending
2023-03-06,USDC,Circle,usd-coin,2,1,0,0,0,0,0,0,0,43528688984.00,43528688984.00,59,0,,normal,DeFiLlama stablecoinprices,DeFiLlama stablecoin/{asset},2026-05-22,RQI_DII_v1.0,frozen_confirmed_by_researcher,1,market_abnormal_price_qc_pending,USDC_ASSURANCE_2023_01,2023-01-31,2023-03-02,4,0,30,0.9222,0.8400,RQI_DII_v1.0,frozen_confirmed_by_researcher,medium,1,normal,latest publication_date <= market date,rules_frozen_v1_0_market_qc_pending
2023-03-07,USDC,Circle,usd-coin,2,0.99998374,-0.00001626,0.00001626,0,0,0,0,0,43328271994.00,43327567476.30,59,0,,normal,DeFiLlama stablecoinprices,DeFiLlama stablecoin/{asset},2026-05-22,RQI_DII_v1.0,frozen_confirmed_by_researcher,1,market_abnormal_price_qc_pending,USDC_ASSURANCE_2023_01,2023-01-31,2023-03-02,5,0,30,0.9222,0.8400,RQI_DII_v1.0,frozen_confirmed_by_researcher,medium,1,normal,latest publication_date <= market date,rules_frozen_v1_0_market_qc_pending
2023-03-08,USDC,Circle,usd-coin,2,0.99999517,-0.00000483,0.00000483,0,0,0,0,0,43267308581.00,43267099599.90,59,0,,normal,DeFiLlama stablecoinprices,DeFiLlama stablecoin/{asset},2026-05-22,RQI_DII_v1.0,frozen_confirmed_by_researcher,1,market_abnormal_price_qc_pending,USDC_ASSURANCE_2023_01,2023-01-31,2023-03-02,6,0,30,0.9222,0.8400,RQI_DII_v1.0,frozen_confirmed_by_researcher,medium,1,normal,latest publication_date <= market date,rules_frozen_v1_0_market_qc_pending
2023-03-09,USDC,Circle,usd-coin,2,0.99996381,-0.00003619,0.00003619,0,0,0,0,0,43236863608.00,43235298865.91,59,0,,normal,DeFiLlama stablecoinprices,DeFiLlama stablecoin/{asset},2026-05-22,RQI_DII_v1.0,frozen_confirmed_by_researcher,1,market_abnormal_price_qc_pending,USDC_ASSURANCE_2023_01,2023-01-31,2023-03-02,7,0,30,0.9222,0.8400,RQI_DII_v1.0,frozen_confirmed_by_researcher,medium,1,normal,latest publication_date <= market date,rules_frozen_v1_0_market_qc_pending
2023-03-10,USDC,Circle,usd-coin,2,1,0,0,0,0,0,0,0,43215704750.00,43215704750.00,59,1,BANKING_SVB_SIGNATURE_2023,banking_stress,DeFiLlama stablecoinprices,DeFiLlama stablecoin/{asset},2026-05-22,RQI_DII_v1.0,frozen_confirmed_by_researcher,1,market_abnormal_price_qc_pending,USDC_ASSURANCE_2023_01,2023-01-31,2023-03-02,8,0,30,0.9222,0.8400,RQI_DII_v1.0,frozen_confirmed_by_researcher,medium,1,normal,latest publication_date <= market date,rules_frozen_v1_0_market_qc_pending
2023-03-11,USDC,Circle,usd-coin,2,0.99755917,-0.00244083,0.00244083,0,0,0,0,0,42240022863.00,42136922148.00,59,1,BANKING_SVB_SIGNATURE_2023,banking_stress,DeFiLlama stablecoinprices,DeFiLlama stablecoin/{asset},2026-05-22,RQI_DII_v1.0,frozen_confirmed_by_researcher,1,market_abnormal_price_qc_pending,USDC_ASSURANCE_2023_01,2023-01-31,2023-03-02,9,0,30,0.9222,0.8400,RQI_DII_v1.0,frozen_confirmed_by_researcher,medium,1,normal,latest publication_date <= market date,rules_frozen_v1_0_market_qc_pending
2023-03-12,USDC,Circle,usd-coin,2,0.961065,-0.038935,0.038935,1,1,1,1,0,40701238382.00,39116535665.60,59,1,BANKING_SVB_SIGNATURE_2023,banking_stress,DeFiLlama stablecoinprices,DeFiLlama stablecoin/{asset},2026-05-22,RQI_DII_v1.0,frozen_confirmed_by_researcher,1,market_abnormal_price_qc_pending,USDC_ASSURANCE_2023_01,2023-01-31,2023-03-02,10,0,30,0.9222,0.8400,RQI_DII_v1.0,frozen_confirmed_by_researcher,medium,1,normal,latest publication_date <= market date,rules_frozen_v1_0_market_qc_pending
2023-03-13,USDC,Circle,usd-coin,2,0.991923,-0.008077,0.008077,1,0,1,0,0,40508959693.00,40181768825.56,59,1,BANKING_SVB_SIGNATURE_2023,banking_stress,DeFiLlama stablecoinprices,DeFiLlama stablecoin/{asset},2026-05-22,RQI_DII_v1.0,frozen_confirmed_by_researcher,1,market_abnormal_price_qc_pending,USDC_ASSURANCE_2023_01,2023-01-31,2023-03-02,11,0,30,0.9222,0.8400,RQI_DII_v1.0,frozen_confirmed_by_researcher,medium,1,normal,latest publication_date <= market date,rules_frozen_v1_0_market_qc_pending
2023-03-14,USDC,Circle,usd-coin,2,0.999427,-0.000573,0.000573,0,0,0,0,0,39122649562.00,39100232283.80,59,1,BANKING_SVB_SIGNATURE_2023,banking_stress,DeFiLlama stablecoinprices,DeFiLlama stablecoin/{asset},2026-05-22,RQI_DII_v1.0,frozen_confirmed_by_researcher,1,market_abnormal_price_qc_pending,USDC_ASSURANCE_2023_01,2023-01-31,2023-03-02,12,0,30,0.9222,0.8400,RQI_DII_v1.0,frozen_confirmed_by_researcher,medium,1,normal,latest publication_date <= market date,rules_frozen_v1_0_market_qc_pending
2023-03-15,USDC,Circle,usd-coin,2,0.997236,-0.002764,0.002764,0,0,0,0,0,38147370246.00,38041930914.64,59,1,BANKING_SVB_SIGNATURE_2023,banking_stress,DeFiLlama stablecoinprices,DeFiLlama stablecoin/{asset},2026-05-22,RQI_DII_v1.0,frozen_confirmed_by_researcher,1,market_abnormal_price_qc_pending,USDC_ASSURANCE_2023_01,2023-01-31,2023-03-02,13,0,30,0.9222,0.8400,RQI_DII_v1.0,frozen_confirmed_by_researcher,medium,1,normal,latest publication_date <= market date,rules_frozen_v1_0_market_qc_pending
2023-03-16,USDC,Circle,usd-coin,2,1.002,0.002,0.002,0,0,0,0,0,37241993774.00,37316477761.55,59,1,BANKING_SVB_SIGNATURE_2023,banking_stress,DeFiLlama stablecoinprices,DeFiLlama stablecoin/{asset},2026-05-22,RQI_DII_v1.0,frozen_confirmed_by_researcher,1,market_abnormal_price_qc_pending,USDC_ASSURANCE_2023_01,2023-01-31,2023-03-02,14,0,30,0.9222,0.8400,RQI_DII_v1.0,frozen_confirmed_by_researcher,medium,1,normal,latest publication_date <= market date,rules_frozen_v1_0_market_qc_pending
2023-03-17,USDC,Circle,usd-coin,2,1.004,0.004,0.004,0,0,0,0,0,36665449561.00,36812111359.24,59,1,BANKING_SVB_SIGNATURE_2023,banking_stress,DeFiLlama stablecoinprices,DeFiLlama stablecoin/{asset},2026-05-22,RQI_DII_v1.0,frozen_confirmed_by_researcher,1,market_abnormal_price_qc_pending,USDC_ASSURANCE_2023_01,2023-01-31,2023-03-02,15,0,30,0.9222,0.8400,RQI_DII_v1.0,frozen_confirmed_by_researcher,medium,1,normal,latest publication_date <= market date,rules_frozen_v1_0_market_qc_pending
2023-03-18,USDC,Circle,usd-coin,2,1.003,0.003,0.003,0,0,0,0,0,35941148944.00,36048972390.83,59,1,BANKING_SVB_SIGNATURE_2023,banking_stress,DeFiLlama stablecoinprices,DeFiLlama stablecoin/{asset},2026-05-22,RQI_DII_v1.0,frozen_confirmed_by_researcher,1,market_abnormal_price_qc_pending,USDC_ASSURANCE_2023_01,2023-01-31,2023-03-02,16,0,30,0.9222,0.8400,RQI_DII_v1.0,frozen_confirmed_by_researcher,medium,1,normal,latest publication_date <= market date,rules_frozen_v1_0_market_qc_pending
2023-03-19,USDC,Circle,usd-coin,2,1.005,0.005,0.005,0,0,0,0,1,35936428703.00,36116110846.51,59,1,BANKING_SVB_SIGNATURE_2023,banking_stress,DeFiLlama stablecoinprices,DeFiLlama stablecoin/{asset},2026-05-22,RQI_DII_v1.0,frozen_confirmed_by_researcher,1,market_abnormal_price_qc_pending,USDC_ASSURANCE_2023_01,2023-01-31,2023-03-02,17,0,30,0.9222,0.8400,RQI_DII_v1.0,frozen_confirmed_by_researcher,medium,1,normal,latest publication_date <= market date,rules_frozen_v1_0_market_qc_pending
2023-03-20,USDC,Circle,usd-coin,2,1.004,0.004,0.004,0,0,0,0,0,35904967993.00,36048587864.97,59,1,BANKING_SVB_SIGNATURE_2023,banking_stress,DeFiLlama stablecoinprices,DeFiLlama stablecoin/{asset},2026-05-22,RQI_DII_v1.0,frozen_confirmed_by_researcher,1,market_abnormal_price_qc_pending,USDC_ASSURANCE_2023_01,2023-01-31,2023-03-02,18,0,30,0.9222,0.8400,RQI_DII_v1.0,frozen_confirmed_by_researcher,medium,1,normal,latest publication_date <= market date,rules_frozen_v1_0_market_qc_pending
2023-03-21,USDC,Circle,usd-coin,2,1.006,0.006,0.006,1,0,0,0,1,35167888324.00,35378895653.94,59,0,,normal,DeFiLlama stablecoinprices,DeFiLlama stablecoin/{asset},2026-05-22,RQI_DII_v1.0,frozen_confirmed_by_researcher,1,market_abnormal_price_qc_pending,USDC_ASSURANCE_2023_01,2023-01-31,2023-03-02,19,0,30,0.9222,0.8400,RQI_DII_v1.0,frozen_confirmed_by_researcher,medium,1,normal,latest publication_date <= market date,rules_frozen_v1_0_market_qc_pending
2023-03-22,USDC,Circle,usd-coin,2,1.002,0.002,0.002,0,0,0,0,0,35058516676.00,35128633709.35,59,0,,normal,DeFiLlama stablecoinprices,DeFiLlama stablecoin/{asset},2026-05-22,RQI_DII_v1.0,frozen_confirmed_by_researcher,1,market_abnormal_price_qc_pending,USDC_ASSURANCE_2023_01,2023-01-31,2023-03-02,20,0,30,0.9222,0.8400,RQI_DII_v1.0,frozen_confirmed_by_researcher,medium,1,normal,latest publication_date <= market date,rules_frozen_v1_0_market_qc_pending
2023-03-23,USDC,Circle,usd-coin,2,1.004,0.004,0.004,0,0,0,0,0,34604202521.00,34742619331.08,59,0,,normal,DeFiLlama stablecoinprices,DeFiLlama stablecoin/{asset},2026-05-22,RQI_DII_v1.0,frozen_confirmed_by_researcher,1,market_abnormal_price_qc_pending,USDC_ASSURANCE_2023_01,2023-01-31,2023-03-02,21,0,30,0.9222,0.8400,RQI_DII_v1.0,frozen_confirmed_by_researcher,medium,1,normal,latest publication_date <= market date,rules_frozen_v1_0_market_qc_pending
2023-03-24,USDC,Circle,usd-coin,2,1.002,0.002,0.002,0,0,0,0,0,34266768501.00,34335302038.00,59,0,,normal,DeFiLlama stablecoinprices,DeFiLlama stablecoin/{asset},2026-05-22,RQI_DII_v1.0,frozen_confirmed_by_researcher,1,market_abnormal_price_qc_pending,USDC_ASSURANCE_2023_01,2023-01-31,2023-03-02,22,0,30,0.9222,0.8400,RQI_DII_v1.0,frozen_confirmed_by_researcher,medium,1,normal,latest publication_date <= market date,rules_frozen_v1_0_market_qc_pending
2023-03-25,USDC,Circle,usd-coin,2,1.006,0.006,0.006,1,0,0,0,1,33739975032.00,33942414882.19,59,0,,normal,DeFiLlama stablecoinprices,DeFiLlama stablecoin/{asset},2026-05-22,RQI_DII_v1.0,frozen_confirmed_by_researcher,1,market_abnormal_price_qc_pending,USDC_ASSURANCE_2023_01,2023-01-31,2023-03-02,23,0,30,0.9222,0.8400,RQI_DII_v1.0,frozen_confirmed_by_researcher,medium,1,normal,latest publication_date <= market date,rules_frozen_v1_0_market_qc_pending
2023-03-26,USDC,Circle,usd-coin,2,1.006,0.006,0.006,1,0,0,0,1,33727878370.00,33930245640.22,59,0,,normal,DeFiLlama stablecoinprices,DeFiLlama stablecoin/{asset},2026-05-22,RQI_DII_v1.0,frozen_confirmed_by_researcher,1,market_abnormal_price_qc_pending,USDC_ASSURANCE_2023_01,2023-01-31,2023-03-02,24,0,30,0.9222,0.8400,RQI_DII_v1.0,frozen_confirmed_by_researcher,medium,1,normal,latest publication_date <= market date,rules_frozen_v1_0_market_qc_pending
2023-03-27,USDC,Circle,usd-coin,2,1.001,0.001,0.001,0,0,0,0,0,33694128156.00,33727822284.16,59,0,,normal,DeFiLlama stablecoinprices,DeFiLlama stablecoin/{asset},2026-05-22,RQI_DII_v1.0,frozen_confirmed_by_researcher,1,market_abnormal_price_qc_pending,USDC_ASSURANCE_2023_01,2023-01-31,2023-03-02,25,0,30,0.9222,0.8400,RQI_DII_v1.0,frozen_confirmed_by_researcher,medium,1,normal,latest publication_date <= market date,rules_frozen_v1_0_market_qc_pending
2023-03-28,USDC,Circle,usd-coin,2,0.999553,-0.000447,0.000447,0,0,0,0,0,33270047399.00,33255175687.81,59,0,,normal,DeFiLlama stablecoinprices,DeFiLlama stablecoin/{asset},2026-05-22,RQI_DII_v1.0,frozen_confirmed_by_researcher,1,market_abnormal_price_qc_pending,USDC_ASSURANCE_2023_01,2023-01-31,2023-03-02,26,0,30,0.9222,0.8400,RQI_DII_v1.0,frozen_confirmed_by_researcher,medium,1,normal,latest publication_date <= market date,rules_frozen_v1_0_market_qc_pending
2023-03-29,USDC,Circle,usd-coin,2,1,0,0,0,0,0,0,0,32974356407.00,32974356407.00,59,0,,normal,DeFiLlama stablecoinprices,DeFiLlama stablecoin/{asset},2026-05-22,RQI_DII_v1.0,frozen_confirmed_by_researcher,1,market_abnormal_price_qc_pending,USDC_ASSURANCE_2023_01,2023-01-31,2023-03-02,27,0,30,0.9222,0.8400,RQI_DII_v1.0,frozen_confirmed_by_researcher,medium,1,normal,latest publication_date <= market date,rules_frozen_v1_0_market_qc_pending
2023-03-30,USDC,Circle,usd-coin,2,0.99998,-0.00002,0.00002,0,0,0,0,0,32932518071.00,32931859420.64,59,0,,normal,DeFiLlama stablecoinprices,DeFiLlama stablecoin/{asset},2026-05-22,RQI_DII_v1.0,frozen_confirmed_by_researcher,1,market_abnormal_price_qc_pending,USDC_ASSURANCE_2023_02,2023-02-28,2023-03-30,0,0,30,0.9147,0.8400,RQI_DII_v1.0,frozen_confirmed_by_researcher,medium,1,normal,latest publication_date <= market date,rules_frozen_v1_0_market_qc_pending
2023-03-31,USDC,Circle,usd-coin,2,1.001,0.001,0.001,0,0,0,0,0,32636560866.00,32669197426.87,59,0,,normal,DeFiLlama stablecoinprices,DeFiLlama stablecoin/{asset},2026-05-22,RQI_DII_v1.0,frozen_confirmed_by_researcher,1,market_abnormal_price_qc_pending,USDC_ASSURANCE_2023_02,2023-02-28,2023-03-30,1,0,30,0.9147,0.8400,RQI_DII_v1.0,frozen_confirmed_by_researcher,medium,1,normal,latest publication_date <= market date,rules_frozen_v1_0_market_qc_pending
2023-04-01,USDC,Circle,usd-coin,2,1.001,0.001,0.001,0,0,0,0,0,32303667100.00,32335970767.10,59,0,,normal,DeFiLlama stablecoinprices,DeFiLlama stablecoin/{asset},2026-05-22,RQI_DII_v1.0,frozen_confirmed_by_researcher,1,market_abnormal_price_qc_pending,USDC_ASSURANCE_2023_02,2023-02-28,2023-03-30,2,0,30,0.9147,0.8400,RQI_DII_v1.0,frozen_confirmed_by_researcher,medium,1,normal,latest publication_date <= market date,rules_frozen_v1_0_market_qc_pending
2023-04-02,USDC,Circle,usd-coin,2,1,0,0,0,0,0,0,0,32257156995.00,32257156995.00,59,0,,normal,DeFiLlama stablecoinprices,DeFiLlama stablecoin/{asset},2026-05-22,RQI_DII_v1.0,frozen_confirmed_by_researcher,1,market_abnormal_price_qc_pending,USDC_ASSURANCE_2023_02,2023-02-28,2023-03-30,3,0,30,0.9147,0.8400,RQI_DII_v1.0,frozen_confirmed_by_researcher,medium,1,normal,latest publication_date <= market date,rules_frozen_v1_0_market_qc_pending
2023-04-03,USDC,Circle,usd-coin,2,1,0,0,0,0,0,0,0,32282703938.00,32282703938.00,59,0,,normal,DeFiLlama stablecoinprices,DeFiLlama stablecoin/{asset},2026-05-22,RQI_DII_v1.0,frozen_confirmed_by_researcher,1,market_abnormal_price_qc_pending,USDC_ASSURANCE_2023_02,2023-02-28,2023-03-30,4,0,30,0.9147,0.8400,RQI_DII_v1.0,frozen_confirmed_by_researcher,medium,1,normal,latest publication_date <= market date,rules_frozen_v1_0_market_qc_pending
2023-04-04,USDC,Circle,usd-coin,2,0.999839,-0.000161,0.000161,0,0,0,0,0,32449617881.00,32444393492.52,59,0,,normal,DeFiLlama stablecoinprices,DeFiLlama stablecoin/{asset},2026-05-22,RQI_DII_v1.0,frozen_confirmed_by_researcher,1,market_abnormal_price_qc_pending,USDC_ASSURANCE_2023_02,2023-02-28,2023-03-30,5,0,30,0.9147,0.8400,RQI_DII_v1.0,frozen_confirmed_by_researcher,medium,1,normal,latest publication_date <= market date,rules_frozen_v1_0_market_qc_pending
2023-04-05,USDC,Circle,usd-coin,2,0.998922,-0.001078,0.001078,0,0,0,0,0,32407039231.00,32372104442.71,59,0,,normal,DeFiLlama stablecoinprices,DeFiLlama stablecoin/{asset},2026-05-22,RQI_DII_v1.0,frozen_confirmed_by_researcher,1,market_abnormal_price_qc_pending,USDC_ASSURANCE_2023_02,2023-02-28,2023-03-30,6,0,30,0.9147,0.8400,RQI_DII_v1.0,frozen_confirmed_by_researcher,medium,1,normal,latest publication_date <= market date,rules_frozen_v1_0_market_qc_pending
2023-04-06,USDC,Circle,usd-coin,2,1,0,0,0,0,0,0,0,32333242461.00,32333242461.00,59,0,,normal,DeFiLlama stablecoinprices,DeFiLlama stablecoin/{asset},2026-05-22,RQI_DII_v1.0,frozen_confirmed_by_researcher,1,market_abnormal_price_qc_pending,USDC_ASSURANCE_2023_02,2023-02-28,2023-03-30,7,0,30,0.9147,0.8400,RQI_DII_v1.0,frozen_confirmed_by_researcher,medium,1,normal,latest publication_date <= market date,rules_frozen_v1_0_market_qc_pending
2023-04-07,USDC,Circle,usd-coin,2,0.999435,-0.000565,0.000565,0,0,0,0,0,32498903573.00,32480541692.48,59,0,,normal,DeFiLlama stablecoinprices,DeFiLlama stablecoin/{asset},2026-05-22,RQI_DII_v1.0,frozen_confirmed_by_researcher,1,market_abnormal_price_qc_pending,USDC_ASSURANCE_2023_02,2023-02-28,2023-03-30,8,0,30,0.9147,0.8400,RQI_DII_v1.0,frozen_confirmed_by_researcher,medium,1,normal,latest publication_date <= market date,rules_frozen_v1_0_market_qc_pending
2023-04-08,USDC,Circle,usd-coin,2,1.001,0.001,0.001,0,0,0,0,0,32409005519.00,32441414524.52,59,0,,normal,DeFiLlama stablecoinprices,DeFiLlama stablecoin/{asset},2026-05-22,RQI_DII_v1.0,frozen_confirmed_by_researcher,1,market_abnormal_price_qc_pending,USDC_ASSURANCE_2023_02,2023-02-28,2023-03-30,9,0,30,0.9147,0.8400,RQI_DII_v1.0,frozen_confirmed_by_researcher,medium,1,normal,latest publication_date <= market date,rules_frozen_v1_0_market_qc_pending
2023-04-09,USDC,Circle,usd-coin,2,1.003,0.003,0.003,0,0,0,0,0,32414633407.00,32511877307.22,59,0,,normal,DeFiLlama stablecoinprices,DeFiLlama stablecoin/{asset},2026-05-22,RQI_DII_v1.0,frozen_confirmed_by_researcher,1,market_abnormal_price_qc_pending,USDC_ASSURANCE_2023_02,2023-02-28,2023-03-30,10,0,30,0.9147,0.8400,RQI_DII_v1.0,frozen_confirmed_by_researcher,medium,1,normal,latest publication_date <= market date,rules_frozen_v1_0_market_qc_pending
2023-04-10,USDC,Circle,usd-coin,2,1,0,0,0,0,0,0,0,32388899420.00,32388899420.00,59,0,,normal,DeFiLlama stablecoinprices,DeFiLlama stablecoin/{asset},2026-05-22,RQI_DII_v1.0,frozen_confirmed_by_researcher,1,market_abnormal_price_qc_pending,USDC_ASSURANCE_2023_02,2023-02-28,2023-03-30,11,0,30,0.9147,0.8400,RQI_DII_v1.0,frozen_confirmed_by_researcher,medium,1,normal,latest publication_date <= market date,rules_frozen_v1_0_market_qc_pending
2023-04-11,USDC,Circle,usd-coin,2,1,0,0,0,0,0,0,0,32284733541.00,32284733541.00,59,0,,normal,DeFiLlama stablecoinprices,DeFiLlama stablecoin/{asset},2026-05-22,RQI_DII_v1.0,frozen_confirmed_by_researcher,1,market_abnormal_price_qc_pending,USDC_ASSURANCE_2023_02,2023-02-28,2023-03-30,12,0,30,0.9147,0.8400,RQI_DII_v1.0,frozen_confirmed_by_researcher,medium,1,normal,latest publication_date <= market date,rules_frozen_v1_0_market_qc_pending
2023-04-12,USDC,Circle,usd-coin,2,0.999611,-0.000389,0.000389,0,0,0,0,0,32230384840.00,32217847220.30,59,0,,normal,DeFiLlama stablecoinprices,DeFiLlama stablecoin/{asset},2026-05-22,RQI_DII_v1.0,frozen_confirmed_by_researcher,1,market_abnormal_price_qc_pending,USDC_ASSURANCE_2023_02,2023-02-28,2023-03-30,13,0,30,0.9147,0.8400,RQI_DII_v1.0,frozen_confirmed_by_researcher,medium,1,normal,latest publication_date <= market date,rules_frozen_v1_0_market_qc_pending
2023-04-13,USDC,Circle,usd-coin,2,1.001,0.001,0.001,0,0,0,0,0,31956305488.00,31988261793.49,59,0,,normal,DeFiLlama stablecoinprices,DeFiLlama stablecoin/{asset},2026-05-22,RQI_DII_v1.0,frozen_confirmed_by_researcher,1,market_abnormal_price_qc_pending,USDC_ASSURANCE_2023_02,2023-02-28,2023-03-30,14,0,30,0.9147,0.8400,RQI_DII_v1.0,frozen_confirmed_by_researcher,medium,1,normal,latest publication_date <= market date,rules_frozen_v1_0_market_qc_pending
2023-04-14,USDC,Circle,usd-coin,2,1.001,0.001,0.001,0,0,0,0,0,31818784163.00,31850602947.16,59,0,,normal,DeFiLlama stablecoinprices,DeFiLlama stablecoin/{asset},2026-05-22,RQI_DII_v1.0,frozen_confirmed_by_researcher,1,market_abnormal_price_qc_pending,USDC_ASSURANCE_2023_02,2023-02-28,2023-03-30,15,0,30,0.9147,0.8400,RQI_DII_v1.0,frozen_confirmed_by_researcher,medium,1,normal,latest publication_date <= market date,rules_frozen_v1_0_market_qc_pending
2023-04-15,USDC,Circle,usd-coin,2,1,0,0,0,0,0,0,0,31730250194.00,31730250194.00,60,0,,normal,DeFiLlama stablecoinprices,DeFiLlama stablecoin/{asset},2026-05-22,RQI_DII_v1.0,frozen_confirmed_by_researcher,1,market_abnormal_price_qc_pending,USDC_ASSURANCE_2023_02,2023-02-28,2023-03-30,16,0,30,0.9147,0.8400,RQI_DII_v1.0,frozen_confirmed_by_researcher,medium,1,normal,latest publication_date <= market date,rules_frozen_v1_0_market_qc_pending
2023-04-16,USDC,Circle,usd-coin,2,0.99915,-0.00085,0.00085,0,0,0,0,0,31719893286.00,31692931376.71,60,0,,normal,DeFiLlama stablecoinprices,DeFiLlama stablecoin/{asset},2026-05-22,RQI_DII_v1.0,frozen_confirmed_by_researcher,1,market_abnormal_price_qc_pending,USDC_ASSURANCE_2023_02,2023-02-28,2023-03-30,17,0,30,0.9147,0.8400,RQI_DII_v1.0,frozen_confirmed_by_researcher,medium,1,normal,latest publication_date <= market date,rules_frozen_v1_0_market_qc_pending
2023-04-17,USDC,Circle,usd-coin,2,1.001,0.001,0.001,0,0,0,0,0,31712495329.00,31744207824.33,60,0,,normal,DeFiLlama stablecoinprices,DeFiLlama stablecoin/{asset},2026-05-22,RQI_DII_v1.0,frozen_confirmed_by_researcher,1,market_abnormal_price_qc_pending,USDC_ASSURANCE_2023_02,2023-02-28,2023-03-30,18,0,30,0.9147,0.8400,RQI_DII_v1.0,frozen_confirmed_by_researcher,medium,1,normal,latest publication_date <= market date,rules_frozen_v1_0_market_qc_pending
2023-04-18,USDC,Circle,usd-coin,2,0.999951,-0.000049,0.000049,0,0,0,0,0,31555277526.00,31553731317.40,60,0,,normal,DeFiLlama stablecoinprices,DeFiLlama stablecoin/{asset},2026-05-22,RQI_DII_v1.0,frozen_confirmed_by_researcher,1,market_abnormal_price_qc_pending,USDC_ASSURANCE_2023_02,2023-02-28,2023-03-30,19,0,30,0.9147,0.8400,RQI_DII_v1.0,frozen_confirmed_by_researcher,medium,1,normal,latest publication_date <= market date,rules_frozen_v1_0_market_qc_pending
2023-04-19,USDC,Circle,usd-coin,2,0.999028,-0.000972,0.000972,0,0,0,0,0,31299324778.00,31268901834.32,60,0,,normal,DeFiLlama stablecoinprices,DeFiLlama stablecoin/{asset},2026-05-22,RQI_DII_v1.0,frozen_confirmed_by_researcher,1,market_abnormal_price_qc_pending,USDC_ASSURANCE_2023_02,2023-02-28,2023-03-30,20,0,30,0.9147,0.8400,RQI_DII_v1.0,frozen_confirmed_by_researcher,medium,1,normal,latest publication_date <= market date,rules_frozen_v1_0_market_qc_pending
2023-04-20,USDC,Circle,usd-coin,2,0.999479,-0.000521,0.000521,0,0,0,0,0,31064197710.00,31048013262.99,61,0,,normal,DeFiLlama stablecoinprices,DeFiLlama stablecoin/{asset},2026-05-22,RQI_DII_v1.0,frozen_confirmed_by_researcher,1,market_abnormal_price_qc_pending,USDC_ASSURANCE_2023_02,2023-02-28,2023-03-30,21,0,30,0.9147,0.8400,RQI_DII_v1.0,frozen_confirmed_by_researcher,medium,1,normal,latest publication_date <= market date,rules_frozen_v1_0_market_qc_pending
2023-04-21,USDC,Circle,usd-coin,2,1,0,0,0,0,0,0,0,30884081501.00,30884081501.00,61,0,,normal,DeFiLlama stablecoinprices,DeFiLlama stablecoin/{asset},2026-05-22,RQI_DII_v1.0,frozen_confirmed_by_researcher,1,market_abnormal_price_qc_pending,USDC_ASSURANCE_2023_02,2023-02-28,2023-03-30,22,0,30,0.9147,0.8400,RQI_DII_v1.0,frozen_confirmed_by_researcher,medium,1,normal,latest publication_date <= market date,rules_frozen_v1_0_market_qc_pending
2023-04-22,USDC,Circle,usd-coin,2,0.999958,-0.000042,0.000042,0,0,0,0,0,30664888394.00,30663600468.69,61,0,,normal,DeFiLlama stablecoinprices,DeFiLlama stablecoin/{asset},2026-05-22,RQI_DII_v1.0,frozen_confirmed_by_researcher,1,market_abnormal_price_qc_pending,USDC_ASSURANCE_2023_02,2023-02-28,2023-03-30,23,0,30,0.9147,0.8400,RQI_DII_v1.0,frozen_confirmed_by_researcher,medium,1,normal,latest publication_date <= market date,rules_frozen_v1_0_market_qc_pending
2023-04-23,USDC,Circle,usd-coin,2,1,0,0,0,0,0,0,0,30667366228.00,30667366228.00,61,0,,normal,DeFiLlama stablecoinprices,DeFiLlama stablecoin/{asset},2026-05-22,RQI_DII_v1.0,frozen_confirmed_by_researcher,1,market_abnormal_price_qc_pending,USDC_ASSURANCE_2023_02,2023-02-28,2023-03-30,24,0,30,0.9147,0.8400,RQI_DII_v1.0,frozen_confirmed_by_researcher,medium,1,normal,latest publication_date <= market date,rules_frozen_v1_0_market_qc_pending
2023-04-24,USDC,Circle,usd-coin,2,1,0,0,0,0,0,0,0,30705390817.00,30705390817.00,61,0,,normal,DeFiLlama stablecoinprices,DeFiLlama stablecoin/{asset},2026-05-22,RQI_DII_v1.0,frozen_confirmed_by_researcher,1,market_abnormal_price_qc_pending,USDC_ASSURANCE_2023_02,2023-02-28,2023-03-30,25,0,30,0.9147,0.8400,RQI_DII_v1.0,frozen_confirmed_by_researcher,medium,1,normal,latest publication_date <= market date,rules_frozen_v1_0_market_qc_pending
2023-04-25,USDC,Circle,usd-coin,2,0.998292,-0.001708,0.001708,0,0,0,0,0,30617967502.00,30565672013.51,61,0,,normal,DeFiLlama stablecoinprices,DeFiLlama stablecoin/{asset},2026-05-22,RQI_DII_v1.0,frozen_confirmed_by_researcher,1,market_abnormal_price_qc_pending,USDC_ASSURANCE_2023_02,2023-02-28,2023-03-30,26,0,30,0.9147,0.8400,RQI_DII_v1.0,frozen_confirmed_by_researcher,medium,1,normal,latest publication_date <= market date,rules_frozen_v1_0_market_qc_pending
2023-04-26,USDC,Circle,usd-coin,2,0.998804,-0.001196,0.001196,0,0,0,0,0,30625258750.00,30588630940.53,61,0,,normal,DeFiLlama stablecoinprices,DeFiLlama stablecoin/{asset},2026-05-22,RQI_DII_v1.0,frozen_confirmed_by_researcher,1,market_abnormal_price_qc_pending,USDC_ASSURANCE_2023_02,2023-02-28,2023-03-30,27,0,30,0.9147,0.8400,RQI_DII_v1.0,frozen_confirmed_by_researcher,medium,1,normal,latest publication_date <= market date,rules_frozen_v1_0_market_qc_pending
2023-04-27,USDC,Circle,usd-coin,2,0.994814,-0.005186,0.005186,1,0,1,0,0,30662870800.00,30503853152.03,61,0,,normal,DeFiLlama stablecoinprices,DeFiLlama stablecoin/{asset},2026-05-22,RQI_DII_v1.0,frozen_confirmed_by_researcher,1,market_abnormal_price_qc_pending,USDC_ASSURANCE_2023_02,2023-02-28,2023-03-30,28,0,30,0.9147,0.8400,RQI_DII_v1.0,frozen_confirmed_by_researcher,medium,1,normal,latest publication_date <= market date,rules_frozen_v1_0_market_qc_pending
2023-04-28,USDC,Circle,usd-coin,2,1.002,0.002,0.002,0,0,0,0,0,30386597197.00,30447370391.39,61,0,,normal,DeFiLlama stablecoinprices,DeFiLlama stablecoin/{asset},2026-05-22,RQI_DII_v1.0,frozen_confirmed_by_researcher,1,market_abnormal_price_qc_pending,USDC_ASSURANCE_2023_03,2023-03-31,2023-04-28,0,0,28,0.9349,0.8400,RQI_DII_v1.0,frozen_confirmed_by_researcher,medium,1,banking_stress,latest publication_date <= market date,rules_frozen_v1_0_market_qc_pending
2023-04-29,USDC,Circle,usd-coin,2,1,0,0,0,0,0,0,0,30412015930.00,30412015930.00,61,0,,normal,DeFiLlama stablecoinprices,DeFiLlama stablecoin/{asset},2026-05-22,RQI_DII_v1.0,frozen_confirmed_by_researcher,1,market_abnormal_price_qc_pending,USDC_ASSURANCE_2023_03,2023-03-31,2023-04-28,1,0,28,0.9349,0.8400,RQI_DII_v1.0,frozen_confirmed_by_researcher,medium,1,banking_stress,latest publication_date <= market date,rules_frozen_v1_0_market_qc_pending
2023-04-30,USDC,Circle,usd-coin,2,1,0,0,0,0,0,0,0,30424065351.00,30424065351.00,61,0,,normal,DeFiLlama stablecoinprices,DeFiLlama stablecoin/{asset},2026-05-22,RQI_DII_v1.0,frozen_confirmed_by_researcher,1,market_abnormal_price_qc_pending,USDC_ASSURANCE_2023_03,2023-03-31,2023-04-28,2,0,28,0.9349,0.8400,RQI_DII_v1.0,frozen_confirmed_by_researcher,medium,1,banking_stress,latest publication_date <= market date,rules_frozen_v1_0_market_qc_pending
2023-05-01,USDC,Circle,usd-coin,2,0.999723,-0.000277,0.000277,0,0,0,0,0,30419648018.00,30411221775.50,61,0,,normal,DeFiLlama stablecoinprices,DeFiLlama stablecoin/{asset},2026-05-22,RQI_DII_v1.0,frozen_confirmed_by_researcher,1,market_abnormal_price_qc_pending,USDC_ASSURANCE_2023_03,2023-03-31,2023-04-28,3,0,28,0.9349,0.8400,RQI_DII_v1.0,frozen_confirmed_by_researcher,medium,1,banking_stress,latest publication_date <= market date,rules_frozen_v1_0_market_qc_pending
2023-05-02,USDC,Circle,usd-coin,2,0.998605,-0.001395,0.001395,0,0,0,0,0,30291416902.00,30249160375.42,61,0,,normal,DeFiLlama stablecoinprices,DeFiLlama stablecoin/{asset},2026-05-22,RQI_DII_v1.0,frozen_confirmed_by_researcher,1,market_abnormal_price_qc_pending,USDC_ASSURANCE_2023_03,2023-03-31,2023-04-28,4,0,28,0.9349,0.8400,RQI_DII_v1.0,frozen_confirmed_by_researcher,medium,1,banking_stress,latest publication_date <= market date,rules_frozen_v1_0_market_qc_pending
2023-05-03,USDC,Circle,usd-coin,2,1.001,0.001,0.001,0,0,0,0,0,30132733507.00,30162866240.51,61,0,,normal,DeFiLlama stablecoinprices,DeFiLlama stablecoin/{asset},2026-05-22,RQI_DII_v1.0,frozen_confirmed_by_researcher,1,market_abnormal_price_qc_pending,USDC_ASSURANCE_2023_03,2023-03-31,2023-04-28,5,0,28,0.9349,0.8400,RQI_DII_v1.0,frozen_confirmed_by_researcher,medium,1,banking_stress,latest publication_date <= market date,rules_frozen_v1_0_market_qc_pending
2023-05-04,USDC,Circle,usd-coin,2,0.999219,-0.000781,0.000781,0,0,0,0,0,30096319366.00,30072814140.58,61,0,,normal,DeFiLlama stablecoinprices,DeFiLlama stablecoin/{asset},2026-05-22,RQI_DII_v1.0,frozen_confirmed_by_researcher,1,market_abnormal_price_qc_pending,USDC_ASSURANCE_2023_03,2023-03-31,2023-04-28,6,0,28,0.9349,0.8400,RQI_DII_v1.0,frozen_confirmed_by_researcher,medium,1,banking_stress,latest publication_date <= market date,rules_frozen_v1_0_market_qc_pending
2023-05-05,USDC,Circle,usd-coin,2,0.99914,-0.00086,0.00086,0,0,0,0,0,30017224466.00,29991409652.96,61,0,,normal,DeFiLlama stablecoinprices,DeFiLlama stablecoin/{asset},2026-05-22,RQI_DII_v1.0,frozen_confirmed_by_researcher,1,market_abnormal_price_qc_pending,USDC_ASSURANCE_2023_03,2023-03-31,2023-04-28,7,0,28,0.9349,0.8400,RQI_DII_v1.0,frozen_confirmed_by_researcher,medium,1,banking_stress,latest publication_date <= market date,rules_frozen_v1_0_market_qc_pending
2023-05-06,USDC,Circle,usd-coin,2,1.001,0.001,0.001,0,0,0,0,0,30289369213.00,30319658582.21,61,0,,normal,DeFiLlama stablecoinprices,DeFiLlama stablecoin/{asset},2026-05-22,RQI_DII_v1.0,frozen_confirmed_by_researcher,1,market_abnormal_price_qc_pending,USDC_ASSURANCE_2023_03,2023-03-31,2023-04-28,8,0,28,0.9349,0.8400,RQI_DII_v1.0,frozen_confirmed_by_researcher,medium,1,banking_stress,latest publication_date <= market date,rules_frozen_v1_0_market_qc_pending
2023-05-07,USDC,Circle,usd-coin,2,0.998746,-0.001254,0.001254,0,0,0,0,0,30291156896.00,30253171785.25,61,0,,normal,DeFiLlama stablecoinprices,DeFiLlama stablecoin/{asset},2026-05-22,RQI_DII_v1.0,frozen_confirmed_by_researcher,1,market_abnormal_price_qc_pending,USDC_ASSURANCE_2023_03,2023-03-31,2023-04-28,9,0,28,0.9349,0.8400,RQI_DII_v1.0,frozen_confirmed_by_researcher,medium,1,banking_stress,latest publication_date <= market date,rules_frozen_v1_0_market_qc_pending
2023-05-08,USDC,Circle,usd-coin,2,0.998715,-0.001285,0.001285,0,0,0,0,0,30286797412.00,30247878877.33,61,0,,normal,DeFiLlama stablecoinprices,DeFiLlama stablecoin/{asset},2026-05-22,RQI_DII_v1.0,frozen_confirmed_by_researcher,1,market_abnormal_price_qc_pending,USDC_ASSURANCE_2023_03,2023-03-31,2023-04-28,10,0,28,0.9349,0.8400,RQI_DII_v1.0,frozen_confirmed_by_researcher,medium,1,banking_stress,latest publication_date <= market date,rules_frozen_v1_0_market_qc_pending
2023-05-09,USDC,Circle,usd-coin,2,0.999914,-0.000086,0.000086,0,0,0,0,0,30111308894.00,30108719321.44,61,0,,normal,DeFiLlama stablecoinprices,DeFiLlama stablecoin/{asset},2026-05-22,RQI_DII_v1.0,frozen_confirmed_by_researcher,1,market_abnormal_price_qc_pending,USDC_ASSURANCE_2023_03,2023-03-31,2023-04-28,11,0,28,0.9349,0.8400,RQI_DII_v1.0,frozen_confirmed_by_researcher,medium,1,banking_stress,latest publication_date <= market date,rules_frozen_v1_0_market_qc_pending
2023-05-10,USDC,Circle,usd-coin,2,1.003,0.003,0.003,0,0,0,0,0,30010030173.00,30100060263.52,61,0,,normal,DeFiLlama stablecoinprices,DeFiLlama stablecoin/{asset},2026-05-22,RQI_DII_v1.0,frozen_confirmed_by_researcher,1,market_abnormal_price_qc_pending,USDC_ASSURANCE_2023_03,2023-03-31,2023-04-28,12,0,28,0.9349,0.8400,RQI_DII_v1.0,frozen_confirmed_by_researcher,medium,1,banking_stress,latest publication_date <= market date,rules_frozen_v1_0_market_qc_pending
2023-05-11,USDC,Circle,usd-coin,2,0.998717,-0.001283,0.001283,0,0,0,0,0,29994362906.00,29955880138.39,61,0,,normal,DeFiLlama stablecoinprices,DeFiLlama stablecoin/{asset},2026-05-22,RQI_DII_v1.0,frozen_confirmed_by_researcher,1,market_abnormal_price_qc_pending,USDC_ASSURANCE_2023_03,2023-03-31,2023-04-28,13,0,28,0.9349,0.8400,RQI_DII_v1.0,frozen_confirmed_by_researcher,medium,1,banking_stress,latest publication_date <= market date,rules_frozen_v1_0_market_qc_pending
2023-05-12,USDC,Circle,usd-coin,2,1.001,0.001,0.001,0,0,0,0,0,29818130401.00,29847948531.40,61,0,,normal,DeFiLlama stablecoinprices,DeFiLlama stablecoin/{asset},2026-05-22,RQI_DII_v1.0,frozen_confirmed_by_researcher,1,market_abnormal_price_qc_pending,USDC_ASSURANCE_2023_03,2023-03-31,2023-04-28,14,0,28,0.9349,0.8400,RQI_DII_v1.0,frozen_confirmed_by_researcher,medium,1,banking_stress,latest publication_date <= market date,rules_frozen_v1_0_market_qc_pending
2023-05-13,USDC,Circle,usd-coin,2,1,0,0,0,0,0,0,0,29865718954.00,29865718954.00,61,0,,normal,DeFiLlama stablecoinprices,DeFiLlama stablecoin/{asset},2026-05-22,RQI_DII_v1.0,frozen_confirmed_by_researcher,1,market_abnormal_price_qc_pending,USDC_ASSURANCE_2023_03,2023-03-31,2023-04-28,15,0,28,0.9349,0.8400,RQI_DII_v1.0,frozen_confirmed_by_researcher,medium,1,banking_stress,latest publication_date <= market date,rules_frozen_v1_0_market_qc_pending
2023-05-14,USDC,Circle,usd-coin,2,1.001,0.001,0.001,0,0,0,0,0,29872214701.00,29902086915.70,61,0,,normal,DeFiLlama stablecoinprices,DeFiLlama stablecoin/{asset},2026-05-22,RQI_DII_v1.0,frozen_confirmed_by_researcher,1,market_abnormal_price_qc_pending,USDC_ASSURANCE_2023_03,2023-03-31,2023-04-28,16,0,28,0.9349,0.8400,RQI_DII_v1.0,frozen_confirmed_by_researcher,medium,1,banking_stress,latest publication_date <= market date,rules_frozen_v1_0_market_qc_pending
2023-05-15,USDC,Circle,usd-coin,2,1.002,0.002,0.002,0,0,0,0,0,29834383005.00,29894051771.01,61,0,,normal,DeFiLlama stablecoinprices,DeFiLlama stablecoin/{asset},2026-05-22,RQI_DII_v1.0,frozen_confirmed_by_researcher,1,market_abnormal_price_qc_pending,USDC_ASSURANCE_2023_03,2023-03-31,2023-04-28,17,0,28,0.9349,0.8400,RQI_DII_v1.0,frozen_confirmed_by_researcher,medium,1,banking_stress,latest publication_date <= market date,rules_frozen_v1_0_market_qc_pending
2023-05-16,USDC,Circle,usd-coin,2,1.003,0.003,0.003,0,0,0,0,0,29689440555.00,29778508876.66,61,0,,normal,DeFiLlama stablecoinprices,DeFiLlama stablecoin/{asset},2026-05-22,RQI_DII_v1.0,frozen_confirmed_by_researcher,1,market_abnormal_price_qc_pending,USDC_ASSURANCE_2023_03,2023-03-31,2023-04-28,18,0,28,0.9349,0.8400,RQI_DII_v1.0,frozen_confirmed_by_researcher,medium,1,banking_stress,latest publication_date <= market date,rules_frozen_v1_0_market_qc_pending
2023-05-17,USDC,Circle,usd-coin,2,0.999913,-0.000087,0.000087,0,0,0,0,0,29588220775.00,29585646599.79,61,0,,normal,DeFiLlama stablecoinprices,DeFiLlama stablecoin/{asset},2026-05-22,RQI_DII_v1.0,frozen_confirmed_by_researcher,1,market_abnormal_price_qc_pending,USDC_ASSURANCE_2023_03,2023-03-31,2023-04-28,19,0,28,0.9349,0.8400,RQI_DII_v1.0,frozen_confirmed_by_researcher,medium,1,banking_stress,latest publication_date <= market date,rules_frozen_v1_0_market_qc_pending
2023-05-18,USDC,Circle,usd-coin,2,0.999407,-0.000593,0.000593,0,0,0,0,0,29429986717.00,29412534734.88,61,0,,normal,DeFiLlama stablecoinprices,DeFiLlama stablecoin/{asset},2026-05-22,RQI_DII_v1.0,frozen_confirmed_by_researcher,1,market_abnormal_price_qc_pending,USDC_ASSURANCE_2023_03,2023-03-31,2023-04-28,20,0,28,0.9349,0.8400,RQI_DII_v1.0,frozen_confirmed_by_researcher,medium,1,banking_stress,latest publication_date <= market date,rules_frozen_v1_0_market_qc_pending
2023-05-19,USDC,Circle,usd-coin,2,0.999962,-0.000038,0.000038,0,0,0,0,0,29551894825.00,29550771853.00,61,0,,normal,DeFiLlama stablecoinprices,DeFiLlama stablecoin/{asset},2026-05-22,RQI_DII_v1.0,frozen_confirmed_by_researcher,1,market_abnormal_price_qc_pending,USDC_ASSURANCE_2023_03,2023-03-31,2023-04-28,21,0,28,0.9349,0.8400,RQI_DII_v1.0,frozen_confirmed_by_researcher,medium,1,banking_stress,latest publication_date <= market date,rules_frozen_v1_0_market_qc_pending
2023-05-20,USDC,Circle,usd-coin,2,0.99978,-0.00022,0.00022,0,0,0,0,0,29464247547.00,29457765412.54,61,0,,normal,DeFiLlama stablecoinprices,DeFiLlama stablecoin/{asset},2026-05-22,RQI_DII_v1.0,frozen_confirmed_by_researcher,1,market_abnormal_price_qc_pending,USDC_ASSURANCE_2023_03,2023-03-31,2023-04-28,22,0,28,0.9349,0.8400,RQI_DII_v1.0,frozen_confirmed_by_researcher,medium,1,banking_stress,latest publication_date <= market date,rules_frozen_v1_0_market_qc_pending
2023-05-21,USDC,Circle,usd-coin,2,1.001,0.001,0.001,0,0,0,0,0,29463701405.00,29493165106.40,61,0,,normal,DeFiLlama stablecoinprices,DeFiLlama stablecoin/{asset},2026-05-22,RQI_DII_v1.0,frozen_confirmed_by_researcher,1,market_abnormal_price_qc_pending,USDC_ASSURANCE_2023_03,2023-03-31,2023-04-28,23,0,28,0.9349,0.8400,RQI_DII_v1.0,frozen_confirmed_by_researcher,medium,1,banking_stress,latest publication_date <= market date,rules_frozen_v1_0_market_qc_pending
2023-05-22,USDC,Circle,usd-coin,2,0.999828,-0.000172,0.000172,0,0,0,0,0,29453865420.00,29448799355.15,61,0,,normal,DeFiLlama stablecoinprices,DeFiLlama stablecoin/{asset},2026-05-22,RQI_DII_v1.0,frozen_confirmed_by_researcher,1,market_abnormal_price_qc_pending,USDC_ASSURANCE_2023_03,2023-03-31,2023-04-28,24,0,28,0.9349,0.8400,RQI_DII_v1.0,frozen_confirmed_by_researcher,medium,1,banking_stress,latest publication_date <= market date,rules_frozen_v1_0_market_qc_pending
2023-05-23,USDC,Circle,usd-coin,2,1,0,0,0,0,0,0,0,29338327244.00,29338327244.00,61,0,,normal,DeFiLlama stablecoinprices,DeFiLlama stablecoin/{asset},2026-05-22,RQI_DII_v1.0,frozen_confirmed_by_researcher,1,market_abnormal_price_qc_pending,USDC_ASSURANCE_2023_03,2023-03-31,2023-04-28,25,0,28,0.9349,0.8400,RQI_DII_v1.0,frozen_confirmed_by_researcher,medium,1,banking_stress,latest publication_date <= market date,rules_frozen_v1_0_market_qc_pending
2023-05-24,USDC,Circle,usd-coin,2,1,0,0,0,0,0,0,0,29199962411.00,29199962411.00,61,0,,normal,DeFiLlama stablecoinprices,DeFiLlama stablecoin/{asset},2026-05-22,RQI_DII_v1.0,frozen_confirmed_by_researcher,1,market_abnormal_price_qc_pending,USDC_ASSURANCE_2023_03,2023-03-31,2023-04-28,26,0,28,0.9349,0.8400,RQI_DII_v1.0,frozen_confirmed_by_researcher,medium,1,banking_stress,latest publication_date <= market date,rules_frozen_v1_0_market_qc_pending
2023-05-25,USDC,Circle,usd-coin,2,0.999431,-0.000569,0.000569,0,0,0,0,0,28980952538.00,28964462376.01,63,0,,normal,DeFiLlama stablecoinprices,DeFiLlama stablecoin/{asset},2026-05-22,RQI_DII_v1.0,frozen_confirmed_by_researcher,1,market_abnormal_price_qc_pending,USDC_ASSURANCE_2023_03,2023-03-31,2023-04-28,27,0,28,0.9349,0.8400,RQI_DII_v1.0,frozen_confirmed_by_researcher,medium,1,banking_stress,latest publication_date <= market date,rules_frozen_v1_0_market_qc_pending
2023-05-26,USDC,Circle,usd-coin,2,1.001,0.001,0.001,0,0,0,0,0,28911958700.00,28940870658.70,63,0,,normal,DeFiLlama stablecoinprices,DeFiLlama stablecoin/{asset},2026-05-22,RQI_DII_v1.0,frozen_confirmed_by_researcher,1,market_abnormal_price_qc_pending,USDC_ASSURANCE_2023_03,2023-03-31,2023-04-28,28,0,28,0.9349,0.8400,RQI_DII_v1.0,frozen_confirmed_by_researcher,medium,1,banking_stress,latest publication_date <= market date,rules_frozen_v1_0_market_qc_pending
2023-05-27,USDC,Circle,usd-coin,2,0.999195,-0.000805,0.000805,0,0,0,0,0,28934472209.00,28911179958.87,63,0,,normal,DeFiLlama stablecoinprices,DeFiLlama stablecoin/{asset},2026-05-22,RQI_DII_v1.0,frozen_confirmed_by_researcher,1,market_abnormal_price_qc_pending,USDC_ASSURANCE_2023_03,2023-03-31,2023-04-28,29,0,28,0.9349,0.8400,RQI_DII_v1.0,frozen_confirmed_by_researcher,medium,1,banking_stress,latest publication_date <= market date,rules_frozen_v1_0_market_qc_pending
2023-05-28,USDC,Circle,usd-coin,2,1.001,0.001,0.001,0,0,0,0,0,28911830429.00,28940742259.43,63,0,,normal,DeFiLlama stablecoinprices,DeFiLlama stablecoin/{asset},2026-05-22,RQI_DII_v1.0,frozen_confirmed_by_researcher,1,market_abnormal_price_qc_pending,USDC_ASSURANCE_2023_03,2023-03-31,2023-04-28,30,0,28,0.9349,0.8400,RQI_DII_v1.0,frozen_confirmed_by_researcher,medium,1,banking_stress,latest publication_date <= market date,rules_frozen_v1_0_market_qc_pending
2023-05-29,USDC,Circle,usd-coin,2,0.999463,-0.000537,0.000537,0,0,0,0,0,28890114363.00,28874600371.59,63,0,,normal,DeFiLlama stablecoinprices,DeFiLlama stablecoin/{asset},2026-05-22,RQI_DII_v1.0,frozen_confirmed_by_researcher,1,market_abnormal_price_qc_pending,USDC_ASSURANCE_2023_03,2023-03-31,2023-04-28,31,0,28,0.9349,0.8400,RQI_DII_v1.0,frozen_confirmed_by_researcher,medium,1,banking_stress,latest publication_date <= market date,rules_frozen_v1_0_market_qc_pending
2023-05-30,USDC,Circle,usd-coin,2,0.999876,-0.000124,0.000124,0,0,0,0,0,28934694880.00,28931106977.83,63,0,,normal,DeFiLlama stablecoinprices,DeFiLlama stablecoin/{asset},2026-05-22,RQI_DII_v1.0,frozen_confirmed_by_researcher,1,market_abnormal_price_qc_pending,USDC_ASSURANCE_2023_04,2023-04-28,2023-05-30,0,0,32,,0.7800,RQI_DII_v1.0,frozen_confirmed_by_researcher,low,1,banking_stress,latest publication_date <= market date,rules_frozen_v1_0_market_qc_pending
2023-05-31,USDC,Circle,usd-coin,2,0.999685,-0.000315,0.000315,0,0,0,0,0,28862172572.00,28853080987.64,63,0,,normal,DeFiLlama stablecoinprices,DeFiLlama stablecoin/{asset},2026-05-22,RQI_DII_v1.0,frozen_confirmed_by_researcher,1,market_abnormal_price_qc_pending,USDC_ASSURANCE_2023_04,2023-04-28,2023-05-30,1,0,32,,0.7800,RQI_DII_v1.0,frozen_confirmed_by_researcher,low,1,banking_stress,latest publication_date <= market date,rules_frozen_v1_0_market_qc_pending
2023-06-01,USDC,Circle,usd-coin,2,0.999891,-0.000109,0.000109,0,0,0,0,0,28704210739.00,28701081980.03,63,0,,normal,DeFiLlama stablecoinprices,DeFiLlama stablecoin/{asset},2026-05-22,RQI_DII_v1.0,frozen_confirmed_by_researcher,1,market_abnormal_price_qc_pending,USDC_ASSURANCE_2023_04,2023-04-28,2023-05-30,2,0,32,,0.7800,RQI_DII_v1.0,frozen_confirmed_by_researcher,low,1,banking_stress,latest publication_date <= market date,rules_frozen_v1_0_market_qc_pending
2023-06-02,USDC,Circle,usd-coin,2,0.998896,-0.001104,0.001104,0,0,0,0,0,28779895324.00,28748122319.56,63,0,,normal,DeFiLlama stablecoinprices,DeFiLlama stablecoin/{asset},2026-05-22,RQI_DII_v1.0,frozen_confirmed_by_researcher,1,market_abnormal_price_qc_pending,USDC_ASSURANCE_2023_04,2023-04-28,2023-05-30,3,0,32,,0.7800,RQI_DII_v1.0,frozen_confirmed_by_researcher,low,1,banking_stress,latest publication_date <= market date,rules_frozen_v1_0_market_qc_pending
2023-06-03,USDC,Circle,usd-coin,2,0.999756,-0.000244,0.000244,0,0,0,0,0,28815987796.00,28808956694.98,63,0,,normal,DeFiLlama stablecoinprices,DeFiLlama stablecoin/{asset},2026-05-22,RQI_DII_v1.0,frozen_confirmed_by_researcher,1,market_abnormal_price_qc_pending,USDC_ASSURANCE_2023_04,2023-04-28,2023-05-30,4,0,32,,0.7800,RQI_DII_v1.0,frozen_confirmed_by_researcher,low,1,banking_stress,latest publication_date <= market date,rules_frozen_v1_0_market_qc_pending
2023-06-04,USDC,Circle,usd-coin,2,1,0,0,0,0,0,0,0,28806110890.00,28806110890.00,63,0,,normal,DeFiLlama stablecoinprices,DeFiLlama stablecoin/{asset},2026-05-22,RQI_DII_v1.0,frozen_confirmed_by_researcher,1,market_abnormal_price_qc_pending,USDC_ASSURANCE_2023_04,2023-04-28,2023-05-30,5,0,32,,0.7800,RQI_DII_v1.0,frozen_confirmed_by_researcher,low,1,banking_stress,latest publication_date <= market date,rules_frozen_v1_0_market_qc_pending
2023-06-05,USDC,Circle,usd-coin,2,1.001,0.001,0.001,0,0,0,0,0,28809678103.00,28838487781.10,63,0,,normal,DeFiLlama stablecoinprices,DeFiLlama stablecoin/{asset},2026-05-22,RQI_DII_v1.0,frozen_confirmed_by_researcher,1,market_abnormal_price_qc_pending,USDC_ASSURANCE_2023_04,2023-04-28,2023-05-30,6,0,32,,0.7800,RQI_DII_v1.0,frozen_confirmed_by_researcher,low,1,banking_stress,latest publication_date <= market date,rules_frozen_v1_0_market_qc_pending
2023-06-06,USDC,Circle,usd-coin,2,1,0,0,0,0,0,0,0,28730168699.00,28730168699.00,63,0,,normal,DeFiLlama stablecoinprices,DeFiLlama stablecoin/{asset},2026-05-22,RQI_DII_v1.0,frozen_confirmed_by_researcher,1,market_abnormal_price_qc_pending,USDC_ASSURANCE_2023_04,2023-04-28,2023-05-30,7,0,32,,0.7800,RQI_DII_v1.0,frozen_confirmed_by_researcher,low,1,banking_stress,latest publication_date <= market date,rules_frozen_v1_0_market_qc_pending
2023-06-07,USDC,Circle,usd-coin,2,1.001,0.001,0.001,0,0,0,0,0,28576643749.00,28605220392.75,63,0,,normal,DeFiLlama stablecoinprices,DeFiLlama stablecoin/{asset},2026-05-22,RQI_DII_v1.0,frozen_confirmed_by_researcher,1,market_abnormal_price_qc_pending,USDC_ASSURANCE_2023_04,2023-04-28,2023-05-30,8,0,32,,0.7800,RQI_DII_v1.0,frozen_confirmed_by_researcher,low,1,banking_stress,latest publication_date <= market date,rules_frozen_v1_0_market_qc_pending
2023-06-08,USDC,Circle,usd-coin,2,1.001,0.001,0.001,0,0,0,0,0,28427895540.00,28456323435.54,63,0,,normal,DeFiLlama stablecoinprices,DeFiLlama stablecoin/{asset},2026-05-22,RQI_DII_v1.0,frozen_confirmed_by_researcher,1,market_abnormal_price_qc_pending,USDC_ASSURANCE_2023_04,2023-04-28,2023-05-30,9,0,32,,0.7800,RQI_DII_v1.0,frozen_confirmed_by_researcher,low,1,banking_stress,latest publication_date <= market date,rules_frozen_v1_0_market_qc_pending
2023-06-09,USDC,Circle,usd-coin,2,0.999525,-0.000475,0.000475,0,0,0,0,0,28327264659.00,28313809208.29,63,0,,normal,DeFiLlama stablecoinprices,DeFiLlama stablecoin/{asset},2026-05-22,RQI_DII_v1.0,frozen_confirmed_by_researcher,1,market_abnormal_price_qc_pending,USDC_ASSURANCE_2023_04,2023-04-28,2023-05-30,10,0,32,,0.7800,RQI_DII_v1.0,frozen_confirmed_by_researcher,low,1,banking_stress,latest publication_date <= market date,rules_frozen_v1_0_market_qc_pending
2023-06-10,USDC,Circle,usd-coin,2,1,0,0,0,0,0,0,0,28159526373.00,28159526373.00,63,0,,normal,DeFiLlama stablecoinprices,DeFiLlama stablecoin/{asset},2026-05-22,RQI_DII_v1.0,frozen_confirmed_by_researcher,1,market_abnormal_price_qc_pending,USDC_ASSURANCE_2023_04,2023-04-28,2023-05-30,11,0,32,,0.7800,RQI_DII_v1.0,frozen_confirmed_by_researcher,low,1,banking_stress,latest publication_date <= market date,rules_frozen_v1_0_market_qc_pending
2023-06-11,USDC,Circle,usd-coin,2,0.999773,-0.000227,0.000227,0,0,0,0,0,28220558018.00,28214151951.33,63,0,,normal,DeFiLlama stablecoinprices,DeFiLlama stablecoin/{asset},2026-05-22,RQI_DII_v1.0,frozen_confirmed_by_researcher,1,market_abnormal_price_qc_pending,USDC_ASSURANCE_2023_04,2023-04-28,2023-05-30,12,0,32,,0.7800,RQI_DII_v1.0,frozen_confirmed_by_researcher,low,1,banking_stress,latest publication_date <= market date,rules_frozen_v1_0_market_qc_pending
2023-06-12,USDC,Circle,usd-coin,2,1.001,0.001,0.001,0,0,0,0,0,28242043908.00,28270285951.91,63,0,,normal,DeFiLlama stablecoinprices,DeFiLlama stablecoin/{asset},2026-05-22,RQI_DII_v1.0,frozen_confirmed_by_researcher,1,market_abnormal_price_qc_pending,USDC_ASSURANCE_2023_04,2023-04-28,2023-05-30,13,0,32,,0.7800,RQI_DII_v1.0,frozen_confirmed_by_researcher,low,1,banking_stress,latest publication_date <= market date,rules_frozen_v1_0_market_qc_pending
2023-06-13,USDC,Circle,usd-coin,2,0.999757,-0.000243,0.000243,0,0,0,0,0,28157424516.00,28150582261.84,63,0,,normal,DeFiLlama stablecoinprices,DeFiLlama stablecoin/{asset},2026-05-22,RQI_DII_v1.0,frozen_confirmed_by_researcher,1,market_abnormal_price_qc_pending,USDC_ASSURANCE_2023_04,2023-04-28,2023-05-30,14,0,32,,0.7800,RQI_DII_v1.0,frozen_confirmed_by_researcher,low,1,banking_stress,latest publication_date <= market date,rules_frozen_v1_0_market_qc_pending
2023-06-14,USDC,Circle,usd-coin,2,1.001,0.001,0.001,0,0,0,0,0,28025973350.00,28053999323.35,63,0,,normal,DeFiLlama stablecoinprices,DeFiLlama stablecoin/{asset},2026-05-22,RQI_DII_v1.0,frozen_confirmed_by_researcher,1,market_abnormal_price_qc_pending,USDC_ASSURANCE_2023_04,2023-04-28,2023-05-30,15,0,32,,0.7800,RQI_DII_v1.0,frozen_confirmed_by_researcher,low,1,banking_stress,latest publication_date <= market date,rules_frozen_v1_0_market_qc_pending
2023-06-15,USDC,Circle,usd-coin,2,1,0,0,0,0,0,0,0,27927555267.00,27927555267.00,63,0,,normal,DeFiLlama stablecoinprices,DeFiLlama stablecoin/{asset},2026-05-22,RQI_DII_v1.0,frozen_confirmed_by_researcher,1,market_abnormal_price_qc_pending,USDC_ASSURANCE_2023_04,2023-04-28,2023-05-30,16,0,32,,0.7800,RQI_DII_v1.0,frozen_confirmed_by_researcher,low,1,banking_stress,latest publication_date <= market date,rules_frozen_v1_0_market_qc_pending
2023-06-16,USDC,Circle,usd-coin,2,0.999716,-0.000284,0.000284,0,0,0,0,0,28043286178.00,28035321884.73,63,0,,normal,DeFiLlama stablecoinprices,DeFiLlama stablecoin/{asset},2026-05-22,RQI_DII_v1.0,frozen_confirmed_by_researcher,1,market_abnormal_price_qc_pending,USDC_ASSURANCE_2023_04,2023-04-28,2023-05-30,17,0,32,,0.7800,RQI_DII_v1.0,frozen_confirmed_by_researcher,low,1,banking_stress,latest publication_date <= market date,rules_frozen_v1_0_market_qc_pending
2023-06-17,USDC,Circle,usd-coin,2,0.999677,-0.000323,0.000323,0,0,0,0,0,28184210111.00,28175106611.13,63,0,,normal,DeFiLlama stablecoinprices,DeFiLlama stablecoin/{asset},2026-05-22,RQI_DII_v1.0,frozen_confirmed_by_researcher,1,market_abnormal_price_qc_pending,USDC_ASSURANCE_2023_04,2023-04-28,2023-05-30,18,0,32,,0.7800,RQI_DII_v1.0,frozen_confirmed_by_researcher,low,1,banking_stress,latest publication_date <= market date,rules_frozen_v1_0_market_qc_pending
2023-06-18,USDC,Circle,usd-coin,2,0.999781,-0.000219,0.000219,0,0,0,0,0,28179885686.00,28173714291.03,63,0,,normal,DeFiLlama stablecoinprices,DeFiLlama stablecoin/{asset},2026-05-22,RQI_DII_v1.0,frozen_confirmed_by_researcher,1,market_abnormal_price_qc_pending,USDC_ASSURANCE_2023_04,2023-04-28,2023-05-30,19,0,32,,0.7800,RQI_DII_v1.0,frozen_confirmed_by_researcher,low,1,banking_stress,latest publication_date <= market date,rules_frozen_v1_0_market_qc_pending
2023-06-19,USDC,Circle,usd-coin,2,1,0,0,0,0,0,0,0,28169623820.00,28169623820.00,63,0,,normal,DeFiLlama stablecoinprices,DeFiLlama stablecoin/{asset},2026-05-22,RQI_DII_v1.0,frozen_confirmed_by_researcher,1,market_abnormal_price_qc_pending,USDC_ASSURANCE_2023_04,2023-04-28,2023-05-30,20,0,32,,0.7800,RQI_DII_v1.0,frozen_confirmed_by_researcher,low,1,banking_stress,latest publication_date <= market date,rules_frozen_v1_0_market_qc_pending
2023-06-20,USDC,Circle,usd-coin,2,0.997649,-0.002351,0.002351,0,0,0,0,0,28288385931.00,28221879935.68,63,0,,normal,DeFiLlama stablecoinprices,DeFiLlama stablecoin/{asset},2026-05-22,RQI_DII_v1.0,frozen_confirmed_by_researcher,1,market_abnormal_price_qc_pending,USDC_ASSURANCE_2023_04,2023-04-28,2023-05-30,21,0,32,,0.7800,RQI_DII_v1.0,frozen_confirmed_by_researcher,low,1,banking_stress,latest publication_date <= market date,rules_frozen_v1_0_market_qc_pending
2023-06-21,USDC,Circle,usd-coin,2,1.002,0.002,0.002,0,0,0,0,0,28386070580.00,28442842721.16,63,0,,normal,DeFiLlama stablecoinprices,DeFiLlama stablecoin/{asset},2026-05-22,RQI_DII_v1.0,frozen_confirmed_by_researcher,1,market_abnormal_price_qc_pending,USDC_ASSURANCE_2023_04,2023-04-28,2023-05-30,22,0,32,,0.7800,RQI_DII_v1.0,frozen_confirmed_by_researcher,low,1,banking_stress,latest publication_date <= market date,rules_frozen_v1_0_market_qc_pending
2023-06-22,USDC,Circle,usd-coin,2,1,0,0,0,0,0,0,0,28272090673.00,28272090673.00,63,0,,normal,DeFiLlama stablecoinprices,DeFiLlama stablecoin/{asset},2026-05-22,RQI_DII_v1.0,frozen_confirmed_by_researcher,1,market_abnormal_price_qc_pending,USDC_ASSURANCE_2023_04,2023-04-28,2023-05-30,23,0,32,,0.7800,RQI_DII_v1.0,frozen_confirmed_by_researcher,low,1,banking_stress,latest publication_date <= market date,rules_frozen_v1_0_market_qc_pending
2023-06-23,USDC,Circle,usd-coin,2,0.998508,-0.001492,0.001492,0,0,0,0,0,28246044320.00,28203901221.87,63,0,,normal,DeFiLlama stablecoinprices,DeFiLlama stablecoin/{asset},2026-05-22,RQI_DII_v1.0,frozen_confirmed_by_researcher,1,market_abnormal_price_qc_pending,USDC_ASSURANCE_2023_04,2023-04-28,2023-05-30,24,0,32,,0.7800,RQI_DII_v1.0,frozen_confirmed_by_researcher,low,1,banking_stress,latest publication_date <= market date,rules_frozen_v1_0_market_qc_pending
2023-06-24,USDC,Circle,usd-coin,2,0.999729,-0.000271,0.000271,0,0,0,0,0,28251005275.00,28243349252.57,63,0,,normal,DeFiLlama stablecoinprices,DeFiLlama stablecoin/{asset},2026-05-22,RQI_DII_v1.0,frozen_confirmed_by_researcher,1,market_abnormal_price_qc_pending,USDC_ASSURANCE_2023_04,2023-04-28,2023-05-30,25,0,32,,0.7800,RQI_DII_v1.0,frozen_confirmed_by_researcher,low,1,banking_stress,latest publication_date <= market date,rules_frozen_v1_0_market_qc_pending
2023-06-25,USDC,Circle,usd-coin,2,1.001,0.001,0.001,0,0,0,0,0,28262272321.00,28290534593.32,63,0,,normal,DeFiLlama stablecoinprices,DeFiLlama stablecoin/{asset},2026-05-22,RQI_DII_v1.0,frozen_confirmed_by_researcher,1,market_abnormal_price_qc_pending,USDC_ASSURANCE_2023_04,2023-04-28,2023-05-30,26,0,32,,0.7800,RQI_DII_v1.0,frozen_confirmed_by_researcher,low,1,banking_stress,latest publication_date <= market date,rules_frozen_v1_0_market_qc_pending
2023-06-26,USDC,Circle,usd-coin,2,1,0,0,0,0,0,0,0,28263130726.00,28263130726.00,63,0,,normal,DeFiLlama stablecoinprices,DeFiLlama stablecoin/{asset},2026-05-22,RQI_DII_v1.0,frozen_confirmed_by_researcher,1,market_abnormal_price_qc_pending,USDC_ASSURANCE_2023_04,2023-04-28,2023-05-30,27,0,32,,0.7800,RQI_DII_v1.0,frozen_confirmed_by_researcher,low,1,banking_stress,latest publication_date <= market date,rules_frozen_v1_0_market_qc_pending
2023-06-27,USDC,Circle,usd-coin,2,1.001,0.001,0.001,0,0,0,0,0,28166451378.00,28194617829.38,63,0,,normal,DeFiLlama stablecoinprices,DeFiLlama stablecoin/{asset},2026-05-22,RQI_DII_v1.0,frozen_confirmed_by_researcher,1,market_abnormal_price_qc_pending,USDC_ASSURANCE_2023_04,2023-04-28,2023-05-30,28,0,32,,0.7800,RQI_DII_v1.0,frozen_confirmed_by_researcher,low,1,banking_stress,latest publication_date <= market date,rules_frozen_v1_0_market_qc_pending
2023-06-28,USDC,Circle,usd-coin,2,1,0,0,0,0,0,0,0,28018501696.00,28018501696.00,63,0,,normal,DeFiLlama stablecoinprices,DeFiLlama stablecoin/{asset},2026-05-22,RQI_DII_v1.0,frozen_confirmed_by_researcher,1,market_abnormal_price_qc_pending,USDC_ASSURANCE_2023_04,2023-04-28,2023-05-30,29,0,32,,0.7800,RQI_DII_v1.0,frozen_confirmed_by_researcher,low,1,banking_stress,latest publication_date <= market date,rules_frozen_v1_0_market_qc_pending
2023-06-29,USDC,Circle,usd-coin,2,1.001,0.001,0.001,0,0,0,0,0,27905459706.00,27933365165.71,63,0,,normal,DeFiLlama stablecoinprices,DeFiLlama stablecoin/{asset},2026-05-22,RQI_DII_v1.0,frozen_confirmed_by_researcher,1,market_abnormal_price_qc_pending,USDC_ASSURANCE_2023_04,2023-04-28,2023-05-30,30,0,32,,0.7800,RQI_DII_v1.0,frozen_confirmed_by_researcher,low,1,banking_stress,latest publication_date <= market date,rules_frozen_v1_0_market_qc_pending
2023-06-30,USDC,Circle,usd-coin,2,0.999549,-0.000451,0.000451,0,0,0,0,0,27763697228.00,27751175800.55,63,0,,normal,DeFiLlama stablecoinprices,DeFiLlama stablecoin/{asset},2026-05-22,RQI_DII_v1.0,frozen_confirmed_by_researcher,1,market_abnormal_price_qc_pending,USDC_ASSURANCE_2023_05,2023-05-31,2023-06-30,0,0,30,0.9359,0.6900,RQI_DII_v1.0,frozen_confirmed_by_researcher,low,1,normal,latest publication_date <= market date,rules_frozen_v1_0_market_qc_pending
2023-07-01,USDC,Circle,usd-coin,2,1.001,0.001,0.001,0,0,0,0,0,27172001888.00,27199173889.89,63,0,,normal,DeFiLlama stablecoinprices,DeFiLlama stablecoin/{asset},2026-05-22,RQI_DII_v1.0,frozen_confirmed_by_researcher,1,market_abnormal_price_qc_pending,USDC_ASSURANCE_2023_05,2023-05-31,2023-06-30,1,0,30,0.9359,0.6900,RQI_DII_v1.0,frozen_confirmed_by_researcher,low,1,normal,latest publication_date <= market date,rules_frozen_v1_0_market_qc_pending
2023-07-02,USDC,Circle,usd-coin,2,0.999841,-0.000159,0.000159,0,0,0,0,0,27191545238.00,27187221782.31,63,0,,normal,DeFiLlama stablecoinprices,DeFiLlama stablecoin/{asset},2026-05-22,RQI_DII_v1.0,frozen_confirmed_by_researcher,1,market_abnormal_price_qc_pending,USDC_ASSURANCE_2023_05,2023-05-31,2023-06-30,2,0,30,0.9359,0.6900,RQI_DII_v1.0,frozen_confirmed_by_researcher,low,1,normal,latest publication_date <= market date,rules_frozen_v1_0_market_qc_pending
2023-07-03,USDC,Circle,usd-coin,2,1.001,0.001,0.001,0,0,0,0,0,27196181304.00,27223377485.30,63,0,,normal,DeFiLlama stablecoinprices,DeFiLlama stablecoin/{asset},2026-05-22,RQI_DII_v1.0,frozen_confirmed_by_researcher,1,market_abnormal_price_qc_pending,USDC_ASSURANCE_2023_05,2023-05-31,2023-06-30,3,0,30,0.9359,0.6900,RQI_DII_v1.0,frozen_confirmed_by_researcher,low,1,normal,latest publication_date <= market date,rules_frozen_v1_0_market_qc_pending
2023-07-04,USDC,Circle,usd-coin,2,0.999503,-0.000497,0.000497,0,0,0,0,0,27477058846.00,27463402747.75,63,0,,normal,DeFiLlama stablecoinprices,DeFiLlama stablecoin/{asset},2026-05-22,RQI_DII_v1.0,frozen_confirmed_by_researcher,1,market_abnormal_price_qc_pending,USDC_ASSURANCE_2023_05,2023-05-31,2023-06-30,4,0,30,0.9359,0.6900,RQI_DII_v1.0,frozen_confirmed_by_researcher,low,1,normal,latest publication_date <= market date,rules_frozen_v1_0_market_qc_pending
2023-07-05,USDC,Circle,usd-coin,2,1.001,0.001,0.001,0,0,0,0,0,27507765861.00,27535273626.86,63,0,,normal,DeFiLlama stablecoinprices,DeFiLlama stablecoin/{asset},2026-05-22,RQI_DII_v1.0,frozen_confirmed_by_researcher,1,market_abnormal_price_qc_pending,USDC_ASSURANCE_2023_05,2023-05-31,2023-06-30,5,0,30,0.9359,0.6900,RQI_DII_v1.0,frozen_confirmed_by_researcher,low,1,normal,latest publication_date <= market date,rules_frozen_v1_0_market_qc_pending
2023-07-06,USDC,Circle,usd-coin,2,1,0,0,0,0,0,0,0,27454786106.00,27454786106.00,63,0,,normal,DeFiLlama stablecoinprices,DeFiLlama stablecoin/{asset},2026-05-22,RQI_DII_v1.0,frozen_confirmed_by_researcher,1,market_abnormal_price_qc_pending,USDC_ASSURANCE_2023_05,2023-05-31,2023-06-30,6,0,30,0.9359,0.6900,RQI_DII_v1.0,frozen_confirmed_by_researcher,low,1,normal,latest publication_date <= market date,rules_frozen_v1_0_market_qc_pending
2023-07-07,USDC,Circle,usd-coin,2,0.99908,-0.00092,0.00092,0,0,0,0,0,27311518780.00,27286392182.72,63,0,,normal,DeFiLlama stablecoinprices,DeFiLlama stablecoin/{asset},2026-05-22,RQI_DII_v1.0,frozen_confirmed_by_researcher,1,market_abnormal_price_qc_pending,USDC_ASSURANCE_2023_05,2023-05-31,2023-06-30,7,0,30,0.9359,0.6900,RQI_DII_v1.0,frozen_confirmed_by_researcher,low,1,normal,latest publication_date <= market date,rules_frozen_v1_0_market_qc_pending
2023-07-08,USDC,Circle,usd-coin,2,0.99973,-0.00027,0.00027,0,0,0,0,0,27252572704.00,27245214509.37,63,0,,normal,DeFiLlama stablecoinprices,DeFiLlama stablecoin/{asset},2026-05-22,RQI_DII_v1.0,frozen_confirmed_by_researcher,1,market_abnormal_price_qc_pending,USDC_ASSURANCE_2023_05,2023-05-31,2023-06-30,8,0,30,0.9359,0.6900,RQI_DII_v1.0,frozen_confirmed_by_researcher,low,1,normal,latest publication_date <= market date,rules_frozen_v1_0_market_qc_pending
2023-07-09,USDC,Circle,usd-coin,2,0.999724,-0.000276,0.000276,0,0,0,0,0,27250830533.00,27243309303.77,63,0,,normal,DeFiLlama stablecoinprices,DeFiLlama stablecoin/{asset},2026-05-22,RQI_DII_v1.0,frozen_confirmed_by_researcher,1,market_abnormal_price_qc_pending,USDC_ASSURANCE_2023_05,2023-05-31,2023-06-30,9,0,30,0.9359,0.6900,RQI_DII_v1.0,frozen_confirmed_by_researcher,low,1,normal,latest publication_date <= market date,rules_frozen_v1_0_market_qc_pending
2023-07-10,USDC,Circle,usd-coin,2,0.999272,-0.000728,0.000728,0,0,0,0,0,27255469177.00,27235627195.44,63,0,,normal,DeFiLlama stablecoinprices,DeFiLlama stablecoin/{asset},2026-05-22,RQI_DII_v1.0,frozen_confirmed_by_researcher,1,market_abnormal_price_qc_pending,USDC_ASSURANCE_2023_05,2023-05-31,2023-06-30,10,0,30,0.9359,0.6900,RQI_DII_v1.0,frozen_confirmed_by_researcher,low,1,normal,latest publication_date <= market date,rules_frozen_v1_0_market_qc_pending
2023-07-11,USDC,Circle,usd-coin,2,0.999886,-0.000114,0.000114,0,0,0,0,0,27148292506.00,27145197600.65,63,0,,normal,DeFiLlama stablecoinprices,DeFiLlama stablecoin/{asset},2026-05-22,RQI_DII_v1.0,frozen_confirmed_by_researcher,1,market_abnormal_price_qc_pending,USDC_ASSURANCE_2023_05,2023-05-31,2023-06-30,11,0,30,0.9359,0.6900,RQI_DII_v1.0,frozen_confirmed_by_researcher,low,1,normal,latest publication_date <= market date,rules_frozen_v1_0_market_qc_pending
2023-07-12,USDC,Circle,usd-coin,2,0.999001,-0.000999,0.000999,0,0,0,0,0,27099847012.00,27072774264.84,63,0,,normal,DeFiLlama stablecoinprices,DeFiLlama stablecoin/{asset},2026-05-22,RQI_DII_v1.0,frozen_confirmed_by_researcher,1,market_abnormal_price_qc_pending,USDC_ASSURANCE_2023_05,2023-05-31,2023-06-30,12,0,30,0.9359,0.6900,RQI_DII_v1.0,frozen_confirmed_by_researcher,low,1,normal,latest publication_date <= market date,rules_frozen_v1_0_market_qc_pending
2023-07-13,USDC,Circle,usd-coin,2,0.999804,-0.000196,0.000196,0,0,0,0,0,27027947193.00,27022649715.35,63,0,,normal,DeFiLlama stablecoinprices,DeFiLlama stablecoin/{asset},2026-05-22,RQI_DII_v1.0,frozen_confirmed_by_researcher,1,market_abnormal_price_qc_pending,USDC_ASSURANCE_2023_05,2023-05-31,2023-06-30,13,0,30,0.9359,0.6900,RQI_DII_v1.0,frozen_confirmed_by_researcher,low,1,normal,latest publication_date <= market date,rules_frozen_v1_0_market_qc_pending
2023-07-14,USDC,Circle,usd-coin,2,1,0,0,0,0,0,0,0,27194829490.00,27194829490.00,63,0,,normal,DeFiLlama stablecoinprices,DeFiLlama stablecoin/{asset},2026-05-22,RQI_DII_v1.0,frozen_confirmed_by_researcher,1,market_abnormal_price_qc_pending,USDC_ASSURANCE_2023_05,2023-05-31,2023-06-30,14,0,30,0.9359,0.6900,RQI_DII_v1.0,frozen_confirmed_by_researcher,low,1,normal,latest publication_date <= market date,rules_frozen_v1_0_market_qc_pending
2023-07-15,USDC,Circle,usd-coin,2,0.999965,-0.000035,0.000035,0,0,0,0,0,27055369862.00,27054422924.05,63,0,,normal,DeFiLlama stablecoinprices,DeFiLlama stablecoin/{asset},2026-05-22,RQI_DII_v1.0,frozen_confirmed_by_researcher,1,market_abnormal_price_qc_pending,USDC_ASSURANCE_2023_05,2023-05-31,2023-06-30,15,0,30,0.9359,0.6900,RQI_DII_v1.0,frozen_confirmed_by_researcher,low,1,normal,latest publication_date <= market date,rules_frozen_v1_0_market_qc_pending
2023-07-16,USDC,Circle,usd-coin,2,0.99995,-0.00005,0.00005,0,0,0,0,0,27064232983.00,27062879771.35,63,0,,normal,DeFiLlama stablecoinprices,DeFiLlama stablecoin/{asset},2026-05-22,RQI_DII_v1.0,frozen_confirmed_by_researcher,1,market_abnormal_price_qc_pending,USDC_ASSURANCE_2023_05,2023-05-31,2023-06-30,16,0,30,0.9359,0.6900,RQI_DII_v1.0,frozen_confirmed_by_researcher,low,1,normal,latest publication_date <= market date,rules_frozen_v1_0_market_qc_pending
2023-07-17,USDC,Circle,usd-coin,2,0.99901,-0.00099,0.00099,0,0,0,0,0,27084978762.00,27058164633.03,63,0,,normal,DeFiLlama stablecoinprices,DeFiLlama stablecoin/{asset},2026-05-22,RQI_DII_v1.0,frozen_confirmed_by_researcher,1,market_abnormal_price_qc_pending,USDC_ASSURANCE_2023_05,2023-05-31,2023-06-30,17,0,30,0.9359,0.6900,RQI_DII_v1.0,frozen_confirmed_by_researcher,low,1,normal,latest publication_date <= market date,rules_frozen_v1_0_market_qc_pending
2023-07-18,USDC,Circle,usd-coin,2,1,0,0,0,0,0,0,0,26855272500.00,26855272500.00,63,0,,normal,DeFiLlama stablecoinprices,DeFiLlama stablecoin/{asset},2026-05-22,RQI_DII_v1.0,frozen_confirmed_by_researcher,1,market_abnormal_price_qc_pending,USDC_ASSURANCE_2023_05,2023-05-31,2023-06-30,18,0,30,0.9359,0.6900,RQI_DII_v1.0,frozen_confirmed_by_researcher,low,1,normal,latest publication_date <= market date,rules_frozen_v1_0_market_qc_pending
2023-07-19,USDC,Circle,usd-coin,2,1.001,0.001,0.001,0,0,0,0,0,26785782595.00,26812568377.59,63,0,,normal,DeFiLlama stablecoinprices,DeFiLlama stablecoin/{asset},2026-05-22,RQI_DII_v1.0,frozen_confirmed_by_researcher,1,market_abnormal_price_qc_pending,USDC_ASSURANCE_2023_05,2023-05-31,2023-06-30,19,0,30,0.9359,0.6900,RQI_DII_v1.0,frozen_confirmed_by_researcher,low,1,normal,latest publication_date <= market date,rules_frozen_v1_0_market_qc_pending
2023-07-20,USDC,Circle,usd-coin,2,0.999915,-0.000085,0.000085,0,0,0,0,0,26673580203.00,26671312948.68,63,0,,normal,DeFiLlama stablecoinprices,DeFiLlama stablecoin/{asset},2026-05-22,RQI_DII_v1.0,frozen_confirmed_by_researcher,1,market_abnormal_price_qc_pending,USDC_ASSURANCE_2023_05,2023-05-31,2023-06-30,20,0,30,0.9359,0.6900,RQI_DII_v1.0,frozen_confirmed_by_researcher,low,1,normal,latest publication_date <= market date,rules_frozen_v1_0_market_qc_pending
2023-07-21,USDC,Circle,usd-coin,2,1,0,0,0,0,0,0,0,26624236569.00,26624236569.00,63,0,,normal,DeFiLlama stablecoinprices,DeFiLlama stablecoin/{asset},2026-05-22,RQI_DII_v1.0,frozen_confirmed_by_researcher,1,market_abnormal_price_qc_pending,USDC_ASSURANCE_2023_05,2023-05-31,2023-06-30,21,0,30,0.9359,0.6900,RQI_DII_v1.0,frozen_confirmed_by_researcher,low,1,normal,latest publication_date <= market date,rules_frozen_v1_0_market_qc_pending
2023-07-22,USDC,Circle,usd-coin,2,0.999841,-0.000159,0.000159,0,0,0,0,0,26576077410.00,26571851813.69,63,0,,normal,DeFiLlama stablecoinprices,DeFiLlama stablecoin/{asset},2026-05-22,RQI_DII_v1.0,frozen_confirmed_by_researcher,1,market_abnormal_price_qc_pending,USDC_ASSURANCE_2023_05,2023-05-31,2023-06-30,22,0,30,0.9359,0.6900,RQI_DII_v1.0,frozen_confirmed_by_researcher,low,1,normal,latest publication_date <= market date,rules_frozen_v1_0_market_qc_pending
2023-07-23,USDC,Circle,usd-coin,2,1,0,0,0,0,0,0,0,26568933205.00,26568933205.00,63,0,,normal,DeFiLlama stablecoinprices,DeFiLlama stablecoin/{asset},2026-05-22,RQI_DII_v1.0,frozen_confirmed_by_researcher,1,market_abnormal_price_qc_pending,USDC_ASSURANCE_2023_05,2023-05-31,2023-06-30,23,0,30,0.9359,0.6900,RQI_DII_v1.0,frozen_confirmed_by_researcher,low,1,normal,latest publication_date <= market date,rules_frozen_v1_0_market_qc_pending
2023-07-24,USDC,Circle,usd-coin,2,0.999928,-0.000072,0.000072,0,0,0,0,0,26561633547.00,26559721109.38,63,0,,normal,DeFiLlama stablecoinprices,DeFiLlama stablecoin/{asset},2026-05-22,RQI_DII_v1.0,frozen_confirmed_by_researcher,1,market_abnormal_price_qc_pending,USDC_ASSURANCE_2023_05,2023-05-31,2023-06-30,24,0,30,0.9359,0.6900,RQI_DII_v1.0,frozen_confirmed_by_researcher,low,1,normal,latest publication_date <= market date,rules_frozen_v1_0_market_qc_pending
2023-07-25,USDC,Circle,usd-coin,2,1,0,0,0,0,0,0,0,26439931641.00,26439931641.00,63,0,,normal,DeFiLlama stablecoinprices,DeFiLlama stablecoin/{asset},2026-05-22,RQI_DII_v1.0,frozen_confirmed_by_researcher,1,market_abnormal_price_qc_pending,USDC_ASSURANCE_2023_05,2023-05-31,2023-06-30,25,0,30,0.9359,0.6900,RQI_DII_v1.0,frozen_confirmed_by_researcher,low,1,normal,latest publication_date <= market date,rules_frozen_v1_0_market_qc_pending
2023-07-26,USDC,Circle,usd-coin,2,1,0,0,0,0,0,0,0,26363998279.00,26363998279.00,63,0,,normal,DeFiLlama stablecoinprices,DeFiLlama stablecoin/{asset},2026-05-22,RQI_DII_v1.0,frozen_confirmed_by_researcher,1,market_abnormal_price_qc_pending,USDC_ASSURANCE_2023_05,2023-05-31,2023-06-30,26,0,30,0.9359,0.6900,RQI_DII_v1.0,frozen_confirmed_by_researcher,low,1,normal,latest publication_date <= market date,rules_frozen_v1_0_market_qc_pending
2023-07-27,USDC,Circle,usd-coin,2,1,0,0,0,0,0,0,0,26275274778.00,26275274778.00,63,0,,normal,DeFiLlama stablecoinprices,DeFiLlama stablecoin/{asset},2026-05-22,RQI_DII_v1.0,frozen_confirmed_by_researcher,1,market_abnormal_price_qc_pending,USDC_ASSURANCE_2023_05,2023-05-31,2023-06-30,27,0,30,0.9359,0.6900,RQI_DII_v1.0,frozen_confirmed_by_researcher,low,1,normal,latest publication_date <= market date,rules_frozen_v1_0_market_qc_pending
2023-07-28,USDC,Circle,usd-coin,2,1,0,0,0,0,0,0,0,26293939845.00,26293939845.00,63,0,,normal,DeFiLlama stablecoinprices,DeFiLlama stablecoin/{asset},2026-05-22,RQI_DII_v1.0,frozen_confirmed_by_researcher,1,market_abnormal_price_qc_pending,USDC_ASSURANCE_2023_06,2023-06-30,2023-07-28,0,0,28,0.9416,0.8400,RQI_DII_v1.0,frozen_confirmed_by_researcher,medium,1,normal,latest publication_date <= market date,rules_frozen_v1_0_market_qc_pending
2023-07-29,USDC,Circle,usd-coin,2,1,0,0,0,0,0,0,0,26266161188.00,26266161188.00,63,0,,normal,DeFiLlama stablecoinprices,DeFiLlama stablecoin/{asset},2026-05-22,RQI_DII_v1.0,frozen_confirmed_by_researcher,1,market_abnormal_price_qc_pending,USDC_ASSURANCE_2023_06,2023-06-30,2023-07-28,1,0,28,0.9416,0.8400,RQI_DII_v1.0,frozen_confirmed_by_researcher,medium,1,normal,latest publication_date <= market date,rules_frozen_v1_0_market_qc_pending
2023-07-30,USDC,Circle,usd-coin,2,0.999579,-0.000421,0.000421,0,0,0,0,0,26304907736.00,26293833369.84,63,0,,normal,DeFiLlama stablecoinprices,DeFiLlama stablecoin/{asset},2026-05-22,RQI_DII_v1.0,frozen_confirmed_by_researcher,1,market_abnormal_price_qc_pending,USDC_ASSURANCE_2023_06,2023-06-30,2023-07-28,2,0,28,0.9416,0.8400,RQI_DII_v1.0,frozen_confirmed_by_researcher,medium,1,normal,latest publication_date <= market date,rules_frozen_v1_0_market_qc_pending
2023-07-31,USDC,Circle,usd-coin,2,1,0,0,0,0,0,0,0,26303340407.00,26303340407.00,63,0,,normal,DeFiLlama stablecoinprices,DeFiLlama stablecoin/{asset},2026-05-22,RQI_DII_v1.0,frozen_confirmed_by_researcher,1,market_abnormal_price_qc_pending,USDC_ASSURANCE_2023_06,2023-06-30,2023-07-28,3,0,28,0.9416,0.8400,RQI_DII_v1.0,frozen_confirmed_by_researcher,medium,1,normal,latest publication_date <= market date,rules_frozen_v1_0_market_qc_pending
2023-08-01,USDC,Circle,usd-coin,2,1,0,0,0,0,0,0,0,26237397660.00,26237397660.00,63,0,,normal,DeFiLlama stablecoinprices,DeFiLlama stablecoin/{asset},2026-05-22,RQI_DII_v1.0,frozen_confirmed_by_researcher,1,market_abnormal_price_qc_pending,USDC_ASSURANCE_2023_06,2023-06-30,2023-07-28,4,0,28,0.9416,0.8400,RQI_DII_v1.0,frozen_confirmed_by_researcher,medium,1,normal,latest publication_date <= market date,rules_frozen_v1_0_market_qc_pending
2023-08-02,USDC,Circle,usd-coin,2,1.001,0.001,0.001,0,0,0,0,0,26030980831.00,26057011811.83,63,0,,normal,DeFiLlama stablecoinprices,DeFiLlama stablecoin/{asset},2026-05-22,RQI_DII_v1.0,frozen_confirmed_by_researcher,1,market_abnormal_price_qc_pending,USDC_ASSURANCE_2023_06,2023-06-30,2023-07-28,5,0,28,0.9416,0.8400,RQI_DII_v1.0,frozen_confirmed_by_researcher,medium,1,normal,latest publication_date <= market date,rules_frozen_v1_0_market_qc_pending
2023-08-03,USDC,Circle,usd-coin,2,1.001,0.001,0.001,0,0,0,0,0,25906720966.00,25932627686.97,63,0,,normal,DeFiLlama stablecoinprices,DeFiLlama stablecoin/{asset},2026-05-22,RQI_DII_v1.0,frozen_confirmed_by_researcher,1,market_abnormal_price_qc_pending,USDC_ASSURANCE_2023_06,2023-06-30,2023-07-28,6,0,28,0.9416,0.8400,RQI_DII_v1.0,frozen_confirmed_by_researcher,medium,1,normal,latest publication_date <= market date,rules_frozen_v1_0_market_qc_pending
2023-08-04,USDC,Circle,usd-coin,2,1,0,0,0,0,0,0,0,25807197827.00,25807197827.00,63,0,,normal,DeFiLlama stablecoinprices,DeFiLlama stablecoin/{asset},2026-05-22,RQI_DII_v1.0,frozen_confirmed_by_researcher,1,market_abnormal_price_qc_pending,USDC_ASSURANCE_2023_06,2023-06-30,2023-07-28,7,0,28,0.9416,0.8400,RQI_DII_v1.0,frozen_confirmed_by_researcher,medium,1,normal,latest publication_date <= market date,rules_frozen_v1_0_market_qc_pending
2023-08-05,USDC,Circle,usd-coin,2,0.999918,-0.000082,0.000082,0,0,0,0,0,25732443850.00,25730333789.60,63,0,,normal,DeFiLlama stablecoinprices,DeFiLlama stablecoin/{asset},2026-05-22,RQI_DII_v1.0,frozen_confirmed_by_researcher,1,market_abnormal_price_qc_pending,USDC_ASSURANCE_2023_06,2023-06-30,2023-07-28,8,0,28,0.9416,0.8400,RQI_DII_v1.0,frozen_confirmed_by_researcher,medium,1,normal,latest publication_date <= market date,rules_frozen_v1_0_market_qc_pending
2023-08-06,USDC,Circle,usd-coin,2,0.999557,-0.000443,0.000443,0,0,0,0,0,25730158772.00,25718760311.66,63,0,,normal,DeFiLlama stablecoinprices,DeFiLlama stablecoin/{asset},2026-05-22,RQI_DII_v1.0,frozen_confirmed_by_researcher,1,market_abnormal_price_qc_pending,USDC_ASSURANCE_2023_06,2023-06-30,2023-07-28,9,0,28,0.9416,0.8400,RQI_DII_v1.0,frozen_confirmed_by_researcher,medium,1,normal,latest publication_date <= market date,rules_frozen_v1_0_market_qc_pending
2023-08-07,USDC,Circle,usd-coin,2,0.99952,-0.00048,0.00048,0,0,0,0,0,25728776185.00,25716426372.43,63,0,,normal,DeFiLlama stablecoinprices,DeFiLlama stablecoin/{asset},2026-05-22,RQI_DII_v1.0,frozen_confirmed_by_researcher,1,market_abnormal_price_qc_pending,USDC_ASSURANCE_2023_06,2023-06-30,2023-07-28,10,0,28,0.9416,0.8400,RQI_DII_v1.0,frozen_confirmed_by_researcher,medium,1,normal,latest publication_date <= market date,rules_frozen_v1_0_market_qc_pending
2023-08-08,USDC,Circle,usd-coin,2,0.99979,-0.00021,0.00021,0,0,0,0,0,25853556572.00,25848127325.12,63,0,,normal,DeFiLlama stablecoinprices,DeFiLlama stablecoin/{asset},2026-05-22,RQI_DII_v1.0,frozen_confirmed_by_researcher,1,market_abnormal_price_qc_pending,USDC_ASSURANCE_2023_06,2023-06-30,2023-07-28,11,0,28,0.9416,0.8400,RQI_DII_v1.0,frozen_confirmed_by_researcher,medium,1,normal,latest publication_date <= market date,rules_frozen_v1_0_market_qc_pending
2023-08-09,USDC,Circle,usd-coin,2,1,0,0,0,0,0,0,0,25998386655.00,25998386655.00,63,0,,normal,DeFiLlama stablecoinprices,DeFiLlama stablecoin/{asset},2026-05-22,RQI_DII_v1.0,frozen_confirmed_by_researcher,1,market_abnormal_price_qc_pending,USDC_ASSURANCE_2023_06,2023-06-30,2023-07-28,12,0,28,0.9416,0.8400,RQI_DII_v1.0,frozen_confirmed_by_researcher,medium,1,normal,latest publication_date <= market date,rules_frozen_v1_0_market_qc_pending
2023-08-10,USDC,Circle,usd-coin,2,1,0,0,0,0,0,0,0,25987157270.00,25987157270.00,63,0,,normal,DeFiLlama stablecoinprices,DeFiLlama stablecoin/{asset},2026-05-22,RQI_DII_v1.0,frozen_confirmed_by_researcher,1,market_abnormal_price_qc_pending,USDC_ASSURANCE_2023_06,2023-06-30,2023-07-28,13,0,28,0.9416,0.8400,RQI_DII_v1.0,frozen_confirmed_by_researcher,medium,1,normal,latest publication_date <= market date,rules_frozen_v1_0_market_qc_pending
2023-08-11,USDC,Circle,usd-coin,2,0.999681,-0.000319,0.000319,0,0,0,0,0,25857443016.00,25849194491.68,63,0,,normal,DeFiLlama stablecoinprices,DeFiLlama stablecoin/{asset},2026-05-22,RQI_DII_v1.0,frozen_confirmed_by_researcher,1,market_abnormal_price_qc_pending,USDC_ASSURANCE_2023_06,2023-06-30,2023-07-28,14,0,28,0.9416,0.8400,RQI_DII_v1.0,frozen_confirmed_by_researcher,medium,1,normal,latest publication_date <= market date,rules_frozen_v1_0_market_qc_pending
2023-08-12,USDC,Circle,usd-coin,2,1,0,0,0,0,0,0,0,25824331837.00,25824331837.00,63,0,,normal,DeFiLlama stablecoinprices,DeFiLlama stablecoin/{asset},2026-05-22,RQI_DII_v1.0,frozen_confirmed_by_researcher,1,market_abnormal_price_qc_pending,USDC_ASSURANCE_2023_06,2023-06-30,2023-07-28,15,0,28,0.9416,0.8400,RQI_DII_v1.0,frozen_confirmed_by_researcher,medium,1,normal,latest publication_date <= market date,rules_frozen_v1_0_market_qc_pending
2023-08-13,USDC,Circle,usd-coin,2,0.999968,-0.000032,0.000032,0,0,0,0,0,25865739307.00,25864911603.34,63,0,,normal,DeFiLlama stablecoinprices,DeFiLlama stablecoin/{asset},2026-05-22,RQI_DII_v1.0,frozen_confirmed_by_researcher,1,market_abnormal_price_qc_pending,USDC_ASSURANCE_2023_06,2023-06-30,2023-07-28,16,0,28,0.9416,0.8400,RQI_DII_v1.0,frozen_confirmed_by_researcher,medium,1,normal,latest publication_date <= market date,rules_frozen_v1_0_market_qc_pending
2023-08-14,USDC,Circle,usd-coin,2,1.001,0.001,0.001,0,0,0,0,0,25895189250.00,25921084439.25,63,0,,normal,DeFiLlama stablecoinprices,DeFiLlama stablecoin/{asset},2026-05-22,RQI_DII_v1.0,frozen_confirmed_by_researcher,1,market_abnormal_price_qc_pending,USDC_ASSURANCE_2023_06,2023-06-30,2023-07-28,17,0,28,0.9416,0.8400,RQI_DII_v1.0,frozen_confirmed_by_researcher,medium,1,normal,latest publication_date <= market date,rules_frozen_v1_0_market_qc_pending
2023-08-15,USDC,Circle,usd-coin,2,0.999798,-0.000202,0.000202,0,0,0,0,0,25704873840.00,25699681455.48,63,0,,normal,DeFiLlama stablecoinprices,DeFiLlama stablecoin/{asset},2026-05-22,RQI_DII_v1.0,frozen_confirmed_by_researcher,1,market_abnormal_price_qc_pending,USDC_ASSURANCE_2023_06,2023-06-30,2023-07-28,18,0,28,0.9416,0.8400,RQI_DII_v1.0,frozen_confirmed_by_researcher,medium,1,normal,latest publication_date <= market date,rules_frozen_v1_0_market_qc_pending
2023-08-16,USDC,Circle,usd-coin,2,0.999614,-0.000386,0.000386,0,0,0,0,0,25745551300.00,25735613517.20,64,0,,normal,DeFiLlama stablecoinprices,DeFiLlama stablecoin/{asset},2026-05-22,RQI_DII_v1.0,frozen_confirmed_by_researcher,1,market_abnormal_price_qc_pending,USDC_ASSURANCE_2023_06,2023-06-30,2023-07-28,19,0,28,0.9416,0.8400,RQI_DII_v1.0,frozen_confirmed_by_researcher,medium,1,normal,latest publication_date <= market date,rules_frozen_v1_0_market_qc_pending
2023-08-17,USDC,Circle,usd-coin,2,0.998534,-0.001466,0.001466,0,0,0,0,0,25783742061.00,25745943095.14,64,0,,normal,DeFiLlama stablecoinprices,DeFiLlama stablecoin/{asset},2026-05-22,RQI_DII_v1.0,frozen_confirmed_by_researcher,1,market_abnormal_price_qc_pending,USDC_ASSURANCE_2023_06,2023-06-30,2023-07-28,20,0,28,0.9416,0.8400,RQI_DII_v1.0,frozen_confirmed_by_researcher,medium,1,normal,latest publication_date <= market date,rules_frozen_v1_0_market_qc_pending
2023-08-18,USDC,Circle,usd-coin,2,0.999755,-0.000245,0.000245,0,0,0,0,0,25831907447.00,25825578629.68,64,0,,normal,DeFiLlama stablecoinprices,DeFiLlama stablecoin/{asset},2026-05-22,RQI_DII_v1.0,frozen_confirmed_by_researcher,1,market_abnormal_price_qc_pending,USDC_ASSURANCE_2023_06,2023-06-30,2023-07-28,21,0,28,0.9416,0.8400,RQI_DII_v1.0,frozen_confirmed_by_researcher,medium,1,normal,latest publication_date <= market date,rules_frozen_v1_0_market_qc_pending
2023-08-19,USDC,Circle,usd-coin,2,0.998968,-0.001032,0.001032,0,0,0,0,0,25499137260.00,25472822150.35,64,0,,normal,DeFiLlama stablecoinprices,DeFiLlama stablecoin/{asset},2026-05-22,RQI_DII_v1.0,frozen_confirmed_by_researcher,1,market_abnormal_price_qc_pending,USDC_ASSURANCE_2023_06,2023-06-30,2023-07-28,22,0,28,0.9416,0.8400,RQI_DII_v1.0,frozen_confirmed_by_researcher,medium,1,normal,latest publication_date <= market date,rules_frozen_v1_0_market_qc_pending
2023-08-20,USDC,Circle,usd-coin,2,1.001,0.001,0.001,0,0,0,0,0,25685962407.00,25711648369.41,64,0,,normal,DeFiLlama stablecoinprices,DeFiLlama stablecoin/{asset},2026-05-22,RQI_DII_v1.0,frozen_confirmed_by_researcher,1,market_abnormal_price_qc_pending,USDC_ASSURANCE_2023_06,2023-06-30,2023-07-28,23,0,28,0.9416,0.8400,RQI_DII_v1.0,frozen_confirmed_by_researcher,medium,1,normal,latest publication_date <= market date,rules_frozen_v1_0_market_qc_pending
2023-08-21,USDC,Circle,usd-coin,2,1.001,0.001,0.001,0,0,0,0,0,25690604495.00,25716295099.49,64,0,,normal,DeFiLlama stablecoinprices,DeFiLlama stablecoin/{asset},2026-05-22,RQI_DII_v1.0,frozen_confirmed_by_researcher,1,market_abnormal_price_qc_pending,USDC_ASSURANCE_2023_06,2023-06-30,2023-07-28,24,0,28,0.9416,0.8400,RQI_DII_v1.0,frozen_confirmed_by_researcher,medium,1,normal,latest publication_date <= market date,rules_frozen_v1_0_market_qc_pending
2023-08-22,USDC,Circle,usd-coin,2,1,0,0,0,0,0,0,0,25688031637.00,25688031637.00,64,0,,normal,DeFiLlama stablecoinprices,DeFiLlama stablecoin/{asset},2026-05-22,RQI_DII_v1.0,frozen_confirmed_by_researcher,1,market_abnormal_price_qc_pending,USDC_ASSURANCE_2023_06,2023-06-30,2023-07-28,25,0,28,0.9416,0.8400,RQI_DII_v1.0,frozen_confirmed_by_researcher,medium,1,normal,latest publication_date <= market date,rules_frozen_v1_0_market_qc_pending
2023-08-23,USDC,Circle,usd-coin,2,0.999394,-0.000606,0.000606,0,0,0,0,0,25633745839.00,25618211789.02,64,0,,normal,DeFiLlama stablecoinprices,DeFiLlama stablecoin/{asset},2026-05-22,RQI_DII_v1.0,frozen_confirmed_by_researcher,1,market_abnormal_price_qc_pending,USDC_ASSURANCE_2023_06,2023-06-30,2023-07-28,26,0,28,0.9416,0.8400,RQI_DII_v1.0,frozen_confirmed_by_researcher,medium,1,normal,latest publication_date <= market date,rules_frozen_v1_0_market_qc_pending
2023-08-24,USDC,Circle,usd-coin,2,1.001,0.001,0.001,0,0,0,0,0,25722298667.00,25748020965.67,64,0,,normal,DeFiLlama stablecoinprices,DeFiLlama stablecoin/{asset},2026-05-22,RQI_DII_v1.0,frozen_confirmed_by_researcher,1,market_abnormal_price_qc_pending,USDC_ASSURANCE_2023_06,2023-06-30,2023-07-28,27,0,28,0.9416,0.8400,RQI_DII_v1.0,frozen_confirmed_by_researcher,medium,1,normal,latest publication_date <= market date,rules_frozen_v1_0_market_qc_pending
2023-08-25,USDC,Circle,usd-coin,2,0.999498,-0.000502,0.000502,0,0,0,0,0,25610899671.00,25598042999.37,64,0,,normal,DeFiLlama stablecoinprices,DeFiLlama stablecoin/{asset},2026-05-22,RQI_DII_v1.0,frozen_confirmed_by_researcher,1,market_abnormal_price_qc_pending,USDC_ASSURANCE_2023_06,2023-06-30,2023-07-28,28,0,28,0.9416,0.8400,RQI_DII_v1.0,frozen_confirmed_by_researcher,medium,1,normal,latest publication_date <= market date,rules_frozen_v1_0_market_qc_pending
2023-08-26,USDC,Circle,usd-coin,2,1,0,0,0,0,0,0,0,25677510840.00,25677510840.00,64,0,,normal,DeFiLlama stablecoinprices,DeFiLlama stablecoin/{asset},2026-05-22,RQI_DII_v1.0,frozen_confirmed_by_researcher,1,market_abnormal_price_qc_pending,USDC_ASSURANCE_2023_06,2023-06-30,2023-07-28,29,0,28,0.9416,0.8400,RQI_DII_v1.0,frozen_confirmed_by_researcher,medium,1,normal,latest publication_date <= market date,rules_frozen_v1_0_market_qc_pending
2023-08-27,USDC,Circle,usd-coin,2,0.999602,-0.000398,0.000398,0,0,0,0,0,25730263296.00,25720022651.21,64,0,,normal,DeFiLlama stablecoinprices,DeFiLlama stablecoin/{asset},2026-05-22,RQI_DII_v1.0,frozen_confirmed_by_researcher,1,market_abnormal_price_qc_pending,USDC_ASSURANCE_2023_06,2023-06-30,2023-07-28,30,0,28,0.9416,0.8400,RQI_DII_v1.0,frozen_confirmed_by_researcher,medium,1,normal,latest publication_date <= market date,rules_frozen_v1_0_market_qc_pending
2023-08-28,USDC,Circle,usd-coin,2,0.999759,-0.000241,0.000241,0,0,0,0,0,25788347236.00,25782132244.32,64,0,,normal,DeFiLlama stablecoinprices,DeFiLlama stablecoin/{asset},2026-05-22,RQI_DII_v1.0,frozen_confirmed_by_researcher,1,market_abnormal_price_qc_pending,USDC_ASSURANCE_2023_06,2023-06-30,2023-07-28,31,0,28,0.9416,0.8400,RQI_DII_v1.0,frozen_confirmed_by_researcher,medium,1,normal,latest publication_date <= market date,rules_frozen_v1_0_market_qc_pending
2023-08-29,USDC,Circle,usd-coin,2,1,0,0,0,0,0,0,0,25774768448.00,25774768448.00,64,0,,normal,DeFiLlama stablecoinprices,DeFiLlama stablecoin/{asset},2026-05-22,RQI_DII_v1.0,frozen_confirmed_by_researcher,1,market_abnormal_price_qc_pending,USDC_ASSURANCE_2023_06,2023-06-30,2023-07-28,32,0,28,0.9416,0.8400,RQI_DII_v1.0,frozen_confirmed_by_researcher,medium,1,normal,latest publication_date <= market date,rules_frozen_v1_0_market_qc_pending
2023-08-30,USDC,Circle,usd-coin,2,0.998898,-0.001102,0.001102,0,0,0,0,0,25910782964.00,25882229281.17,64,0,,normal,DeFiLlama stablecoinprices,DeFiLlama stablecoin/{asset},2026-05-22,RQI_DII_v1.0,frozen_confirmed_by_researcher,1,market_abnormal_price_qc_pending,USDC_ASSURANCE_2023_07,2023-07-31,2023-08-30,0,0,30,0.9439,0.8400,RQI_DII_v1.0,frozen_confirmed_by_researcher,medium,1,normal,latest publication_date <= market date,rules_frozen_v1_0_market_qc_pending
2023-08-31,USDC,Circle,usd-coin,2,0.999851,-0.000149,0.000149,0,0,0,0,0,25869060570.00,25865206079.98,64,0,,normal,DeFiLlama stablecoinprices,DeFiLlama stablecoin/{asset},2026-05-22,RQI_DII_v1.0,frozen_confirmed_by_researcher,1,market_abnormal_price_qc_pending,USDC_ASSURANCE_2023_07,2023-07-31,2023-08-30,1,0,30,0.9439,0.8400,RQI_DII_v1.0,frozen_confirmed_by_researcher,medium,1,normal,latest publication_date <= market date,rules_frozen_v1_0_market_qc_pending
2023-09-01,USDC,Circle,usd-coin,2,0.999331,-0.000669,0.000669,0,0,0,0,0,25956525330.00,25939160414.55,64,0,,normal,DeFiLlama stablecoinprices,DeFiLlama stablecoin/{asset},2026-05-22,RQI_DII_v1.0,frozen_confirmed_by_researcher,1,market_abnormal_price_qc_pending,USDC_ASSURANCE_2023_07,2023-07-31,2023-08-30,2,0,30,0.9439,0.8400,RQI_DII_v1.0,frozen_confirmed_by_researcher,medium,1,normal,latest publication_date <= market date,rules_frozen_v1_0_market_qc_pending
2023-09-02,USDC,Circle,usd-coin,2,1.001,0.001,0.001,0,0,0,0,0,25899212013.00,25925111225.01,64,0,,normal,DeFiLlama stablecoinprices,DeFiLlama stablecoin/{asset},2026-05-22,RQI_DII_v1.0,frozen_confirmed_by_researcher,1,market_abnormal_price_qc_pending,USDC_ASSURANCE_2023_07,2023-07-31,2023-08-30,3,0,30,0.9439,0.8400,RQI_DII_v1.0,frozen_confirmed_by_researcher,medium,1,normal,latest publication_date <= market date,rules_frozen_v1_0_market_qc_pending
2023-09-03,USDC,Circle,usd-coin,2,1,0,0,0,0,0,0,0,25912258851.00,25912258851.00,64,0,,normal,DeFiLlama stablecoinprices,DeFiLlama stablecoin/{asset},2026-05-22,RQI_DII_v1.0,frozen_confirmed_by_researcher,1,market_abnormal_price_qc_pending,USDC_ASSURANCE_2023_07,2023-07-31,2023-08-30,4,0,30,0.9439,0.8400,RQI_DII_v1.0,frozen_confirmed_by_researcher,medium,1,normal,latest publication_date <= market date,rules_frozen_v1_0_market_qc_pending
2023-09-04,USDC,Circle,usd-coin,2,1,0,0,0,0,0,0,0,25958177691.00,25958177691.00,64,0,,normal,DeFiLlama stablecoinprices,DeFiLlama stablecoin/{asset},2026-05-22,RQI_DII_v1.0,frozen_confirmed_by_researcher,1,market_abnormal_price_qc_pending,USDC_ASSURANCE_2023_07,2023-07-31,2023-08-30,5,0,30,0.9439,0.8400,RQI_DII_v1.0,frozen_confirmed_by_researcher,medium,1,normal,latest publication_date <= market date,rules_frozen_v1_0_market_qc_pending
2023-09-05,USDC,Circle,usd-coin,2,0.999316,-0.000684,0.000684,0,0,0,0,0,25802199213.00,25784550508.74,64,0,,normal,DeFiLlama stablecoinprices,DeFiLlama stablecoin/{asset},2026-05-22,RQI_DII_v1.0,frozen_confirmed_by_researcher,1,market_abnormal_price_qc_pending,USDC_ASSURANCE_2023_07,2023-07-31,2023-08-30,6,0,30,0.9439,0.8400,RQI_DII_v1.0,frozen_confirmed_by_researcher,medium,1,normal,latest publication_date <= market date,rules_frozen_v1_0_market_qc_pending
2023-09-06,USDC,Circle,usd-coin,2,0.999805,-0.000195,0.000195,0,0,0,0,0,25638311131.00,25633311660.33,64,0,,normal,DeFiLlama stablecoinprices,DeFiLlama stablecoin/{asset},2026-05-22,RQI_DII_v1.0,frozen_confirmed_by_researcher,1,market_abnormal_price_qc_pending,USDC_ASSURANCE_2023_07,2023-07-31,2023-08-30,7,0,30,0.9439,0.8400,RQI_DII_v1.0,frozen_confirmed_by_researcher,medium,1,normal,latest publication_date <= market date,rules_frozen_v1_0_market_qc_pending
2023-09-07,USDC,Circle,usd-coin,2,1,0,0,0,0,0,0,0,25621537164.00,25621537164.00,64,0,,normal,DeFiLlama stablecoinprices,DeFiLlama stablecoin/{asset},2026-05-22,RQI_DII_v1.0,frozen_confirmed_by_researcher,1,market_abnormal_price_qc_pending,USDC_ASSURANCE_2023_07,2023-07-31,2023-08-30,8,0,30,0.9439,0.8400,RQI_DII_v1.0,frozen_confirmed_by_researcher,medium,1,normal,latest publication_date <= market date,rules_frozen_v1_0_market_qc_pending
2023-09-08,USDC,Circle,usd-coin,2,1.001,0.001,0.001,0,0,0,0,0,25461514715.00,25486976229.71,64,0,,normal,DeFiLlama stablecoinprices,DeFiLlama stablecoin/{asset},2026-05-22,RQI_DII_v1.0,frozen_confirmed_by_researcher,1,market_abnormal_price_qc_pending,USDC_ASSURANCE_2023_07,2023-07-31,2023-08-30,9,0,30,0.9439,0.8400,RQI_DII_v1.0,frozen_confirmed_by_researcher,medium,1,normal,latest publication_date <= market date,rules_frozen_v1_0_market_qc_pending
2023-09-09,USDC,Circle,usd-coin,2,0.999984,-0.000016,0.000016,0,0,0,0,0,25591739061.00,25591329593.18,64,0,,normal,DeFiLlama stablecoinprices,DeFiLlama stablecoin/{asset},2026-05-22,RQI_DII_v1.0,frozen_confirmed_by_researcher,1,market_abnormal_price_qc_pending,USDC_ASSURANCE_2023_07,2023-07-31,2023-08-30,10,0,30,0.9439,0.8400,RQI_DII_v1.0,frozen_confirmed_by_researcher,medium,1,normal,latest publication_date <= market date,rules_frozen_v1_0_market_qc_pending
2023-09-10,USDC,Circle,usd-coin,2,1,0,0,0,0,0,0,0,25621937571.00,25621937571.00,64,0,,normal,DeFiLlama stablecoinprices,DeFiLlama stablecoin/{asset},2026-05-22,RQI_DII_v1.0,frozen_confirmed_by_researcher,1,market_abnormal_price_qc_pending,USDC_ASSURANCE_2023_07,2023-07-31,2023-08-30,11,0,30,0.9439,0.8400,RQI_DII_v1.0,frozen_confirmed_by_researcher,medium,1,normal,latest publication_date <= market date,rules_frozen_v1_0_market_qc_pending
2023-09-11,USDC,Circle,usd-coin,2,1,0,0,0,0,0,0,0,25681807093.00,25681807093.00,64,0,,normal,DeFiLlama stablecoinprices,DeFiLlama stablecoin/{asset},2026-05-22,RQI_DII_v1.0,frozen_confirmed_by_researcher,1,market_abnormal_price_qc_pending,USDC_ASSURANCE_2023_07,2023-07-31,2023-08-30,12,0,30,0.9439,0.8400,RQI_DII_v1.0,frozen_confirmed_by_researcher,medium,1,normal,latest publication_date <= market date,rules_frozen_v1_0_market_qc_pending
2023-09-12,USDC,Circle,usd-coin,2,0.999689,-0.000311,0.000311,0,0,0,0,0,25612842735.00,25604877140.91,64,0,,normal,DeFiLlama stablecoinprices,DeFiLlama stablecoin/{asset},2026-05-22,RQI_DII_v1.0,frozen_confirmed_by_researcher,1,market_abnormal_price_qc_pending,USDC_ASSURANCE_2023_07,2023-07-31,2023-08-30,13,0,30,0.9439,0.8400,RQI_DII_v1.0,frozen_confirmed_by_researcher,medium,1,normal,latest publication_date <= market date,rules_frozen_v1_0_market_qc_pending
2023-09-13,USDC,Circle,usd-coin,2,1.001,0.001,0.001,0,0,0,0,0,25716629279.00,25742345908.28,64,0,,normal,DeFiLlama stablecoinprices,DeFiLlama stablecoin/{asset},2026-05-22,RQI_DII_v1.0,frozen_confirmed_by_researcher,1,market_abnormal_price_qc_pending,USDC_ASSURANCE_2023_07,2023-07-31,2023-08-30,14,0,30,0.9439,0.8400,RQI_DII_v1.0,frozen_confirmed_by_researcher,medium,1,normal,latest publication_date <= market date,rules_frozen_v1_0_market_qc_pending
2023-09-14,USDC,Circle,usd-coin,2,0.999801,-0.000199,0.000199,0,0,0,0,0,25756137148.00,25751011676.71,64,0,,normal,DeFiLlama stablecoinprices,DeFiLlama stablecoin/{asset},2026-05-22,RQI_DII_v1.0,frozen_confirmed_by_researcher,1,market_abnormal_price_qc_pending,USDC_ASSURANCE_2023_07,2023-07-31,2023-08-30,15,0,30,0.9439,0.8400,RQI_DII_v1.0,frozen_confirmed_by_researcher,medium,1,normal,latest publication_date <= market date,rules_frozen_v1_0_market_qc_pending
2023-09-15,USDC,Circle,usd-coin,2,0.999922,-0.000078,0.000078,0,0,0,0,0,25712054960.00,25710049419.71,64,0,,normal,DeFiLlama stablecoinprices,DeFiLlama stablecoin/{asset},2026-05-22,RQI_DII_v1.0,frozen_confirmed_by_researcher,1,market_abnormal_price_qc_pending,USDC_ASSURANCE_2023_07,2023-07-31,2023-08-30,16,0,30,0.9439,0.8400,RQI_DII_v1.0,frozen_confirmed_by_researcher,medium,1,normal,latest publication_date <= market date,rules_frozen_v1_0_market_qc_pending
2023-09-16,USDC,Circle,usd-coin,2,0.999106,-0.000894,0.000894,0,0,0,0,0,25653727787.00,25630793354.36,64,0,,normal,DeFiLlama stablecoinprices,DeFiLlama stablecoin/{asset},2026-05-22,RQI_DII_v1.0,frozen_confirmed_by_researcher,1,market_abnormal_price_qc_pending,USDC_ASSURANCE_2023_07,2023-07-31,2023-08-30,17,0,30,0.9439,0.8400,RQI_DII_v1.0,frozen_confirmed_by_researcher,medium,1,normal,latest publication_date <= market date,rules_frozen_v1_0_market_qc_pending
2023-09-17,USDC,Circle,usd-coin,2,0.999819,-0.000181,0.000181,0,0,0,0,0,25708558751.00,25703905501.87,64,0,,normal,DeFiLlama stablecoinprices,DeFiLlama stablecoin/{asset},2026-05-22,RQI_DII_v1.0,frozen_confirmed_by_researcher,1,market_abnormal_price_qc_pending,USDC_ASSURANCE_2023_07,2023-07-31,2023-08-30,18,0,30,0.9439,0.8400,RQI_DII_v1.0,frozen_confirmed_by_researcher,medium,1,normal,latest publication_date <= market date,rules_frozen_v1_0_market_qc_pending
2023-09-18,USDC,Circle,usd-coin,2,0.9992,-0.0008,0.0008,0,0,0,0,0,25712747585.00,25692177386.93,64,0,,normal,DeFiLlama stablecoinprices,DeFiLlama stablecoin/{asset},2026-05-22,RQI_DII_v1.0,frozen_confirmed_by_researcher,1,market_abnormal_price_qc_pending,USDC_ASSURANCE_2023_07,2023-07-31,2023-08-30,19,0,30,0.9439,0.8400,RQI_DII_v1.0,frozen_confirmed_by_researcher,medium,1,normal,latest publication_date <= market date,rules_frozen_v1_0_market_qc_pending
2023-09-19,USDC,Circle,usd-coin,2,0.999213,-0.000787,0.000787,0,0,0,0,0,25676046462.00,25655839413.43,64,0,,normal,DeFiLlama stablecoinprices,DeFiLlama stablecoin/{asset},2026-05-22,RQI_DII_v1.0,frozen_confirmed_by_researcher,1,market_abnormal_price_qc_pending,USDC_ASSURANCE_2023_07,2023-07-31,2023-08-30,20,0,30,0.9439,0.8400,RQI_DII_v1.0,frozen_confirmed_by_researcher,medium,1,normal,latest publication_date <= market date,rules_frozen_v1_0_market_qc_pending
2023-09-20,USDC,Circle,usd-coin,2,1,0,0,0,0,0,0,0,25602510291.00,25602510291.00,64,0,,normal,DeFiLlama stablecoinprices,DeFiLlama stablecoin/{asset},2026-05-22,RQI_DII_v1.0,frozen_confirmed_by_researcher,1,market_abnormal_price_qc_pending,USDC_ASSURANCE_2023_07,2023-07-31,2023-08-30,21,0,30,0.9439,0.8400,RQI_DII_v1.0,frozen_confirmed_by_researcher,medium,1,normal,latest publication_date <= market date,rules_frozen_v1_0_market_qc_pending
2023-09-21,USDC,Circle,usd-coin,2,0.999713,-0.000287,0.000287,0,0,0,0,0,25521415444.00,25514090797.77,64,0,,normal,DeFiLlama stablecoinprices,DeFiLlama stablecoin/{asset},2026-05-22,RQI_DII_v1.0,frozen_confirmed_by_researcher,1,market_abnormal_price_qc_pending,USDC_ASSURANCE_2023_07,2023-07-31,2023-08-30,22,0,30,0.9439,0.8400,RQI_DII_v1.0,frozen_confirmed_by_researcher,medium,1,normal,latest publication_date <= market date,rules_frozen_v1_0_market_qc_pending
2023-09-22,USDC,Circle,usd-coin,2,0.999138,-0.000862,0.000862,0,0,0,0,0,25346579516.00,25324730764.46,64,0,,normal,DeFiLlama stablecoinprices,DeFiLlama stablecoin/{asset},2026-05-22,RQI_DII_v1.0,frozen_confirmed_by_researcher,1,market_abnormal_price_qc_pending,USDC_ASSURANCE_2023_07,2023-07-31,2023-08-30,23,0,30,0.9439,0.8400,RQI_DII_v1.0,frozen_confirmed_by_researcher,medium,1,normal,latest publication_date <= market date,rules_frozen_v1_0_market_qc_pending
2023-09-23,USDC,Circle,usd-coin,2,1,0,0,0,0,0,0,0,25300302424.00,25300302424.00,64,0,,normal,DeFiLlama stablecoinprices,DeFiLlama stablecoin/{asset},2026-05-22,RQI_DII_v1.0,frozen_confirmed_by_researcher,1,market_abnormal_price_qc_pending,USDC_ASSURANCE_2023_07,2023-07-31,2023-08-30,24,0,30,0.9439,0.8400,RQI_DII_v1.0,frozen_confirmed_by_researcher,medium,1,normal,latest publication_date <= market date,rules_frozen_v1_0_market_qc_pending
2023-09-24,USDC,Circle,usd-coin,2,0.999627,-0.000373,0.000373,0,0,0,0,0,25314290517.00,25304848286.64,64,0,,normal,DeFiLlama stablecoinprices,DeFiLlama stablecoin/{asset},2026-05-22,RQI_DII_v1.0,frozen_confirmed_by_researcher,1,market_abnormal_price_qc_pending,USDC_ASSURANCE_2023_07,2023-07-31,2023-08-30,25,0,30,0.9439,0.8400,RQI_DII_v1.0,frozen_confirmed_by_researcher,medium,1,normal,latest publication_date <= market date,rules_frozen_v1_0_market_qc_pending
2023-09-25,USDC,Circle,usd-coin,2,1.001,0.001,0.001,0,0,0,0,0,25320014073.00,25345334087.07,64,0,,normal,DeFiLlama stablecoinprices,DeFiLlama stablecoin/{asset},2026-05-22,RQI_DII_v1.0,frozen_confirmed_by_researcher,1,market_abnormal_price_qc_pending,USDC_ASSURANCE_2023_07,2023-07-31,2023-08-30,26,0,30,0.9439,0.8400,RQI_DII_v1.0,frozen_confirmed_by_researcher,medium,1,normal,latest publication_date <= market date,rules_frozen_v1_0_market_qc_pending
2023-09-26,USDC,Circle,usd-coin,2,1.001,0.001,0.001,0,0,0,0,0,25139657418.00,25164797075.42,64,0,,normal,DeFiLlama stablecoinprices,DeFiLlama stablecoin/{asset},2026-05-22,RQI_DII_v1.0,frozen_confirmed_by_researcher,1,market_abnormal_price_qc_pending,USDC_ASSURANCE_2023_07,2023-07-31,2023-08-30,27,0,30,0.9439,0.8400,RQI_DII_v1.0,frozen_confirmed_by_researcher,medium,1,normal,latest publication_date <= market date,rules_frozen_v1_0_market_qc_pending
2023-09-27,USDC,Circle,usd-coin,2,1,0,0,0,0,0,0,0,25119393428.00,25119393428.00,64,0,,normal,DeFiLlama stablecoinprices,DeFiLlama stablecoin/{asset},2026-05-22,RQI_DII_v1.0,frozen_confirmed_by_researcher,1,market_abnormal_price_qc_pending,USDC_ASSURANCE_2023_07,2023-07-31,2023-08-30,28,0,30,0.9439,0.8400,RQI_DII_v1.0,frozen_confirmed_by_researcher,medium,1,normal,latest publication_date <= market date,rules_frozen_v1_0_market_qc_pending
2023-09-28,USDC,Circle,usd-coin,2,1.001,0.001,0.001,0,0,0,0,0,24988184597.00,25013172781.60,64,0,,normal,DeFiLlama stablecoinprices,DeFiLlama stablecoin/{asset},2026-05-22,RQI_DII_v1.0,frozen_confirmed_by_researcher,1,market_abnormal_price_qc_pending,USDC_ASSURANCE_2023_07,2023-07-31,2023-08-30,29,0,30,0.9439,0.8400,RQI_DII_v1.0,frozen_confirmed_by_researcher,medium,1,normal,latest publication_date <= market date,rules_frozen_v1_0_market_qc_pending
2023-09-29,USDC,Circle,usd-coin,2,1.001,0.001,0.001,0,0,0,0,0,25152015784.00,25177167799.78,64,0,,normal,DeFiLlama stablecoinprices,DeFiLlama stablecoin/{asset},2026-05-22,RQI_DII_v1.0,frozen_confirmed_by_researcher,1,market_abnormal_price_qc_pending,USDC_ASSURANCE_2023_08,2023-08-31,2023-09-29,0,0,29,0.9453,0.8400,RQI_DII_v1.0,frozen_confirmed_by_researcher,medium,1,normal,latest publication_date <= market date,rules_frozen_v1_0_market_qc_pending
2023-09-30,USDC,Circle,usd-coin,2,0.999893,-0.000107,0.000107,0,0,0,0,0,24767206738.00,24764556646.88,64,0,,normal,DeFiLlama stablecoinprices,DeFiLlama stablecoin/{asset},2026-05-22,RQI_DII_v1.0,frozen_confirmed_by_researcher,1,market_abnormal_price_qc_pending,USDC_ASSURANCE_2023_08,2023-08-31,2023-09-29,1,0,29,0.9453,0.8400,RQI_DII_v1.0,frozen_confirmed_by_researcher,medium,1,normal,latest publication_date <= market date,rules_frozen_v1_0_market_qc_pending
2023-10-01,USDC,Circle,usd-coin,2,0.99988,-0.00012,0.00012,0,0,0,0,0,24824312655.00,24821333737.48,64,0,,normal,DeFiLlama stablecoinprices,DeFiLlama stablecoin/{asset},2026-05-22,RQI_DII_v1.0,frozen_confirmed_by_researcher,1,market_abnormal_price_qc_pending,USDC_ASSURANCE_2023_08,2023-08-31,2023-09-29,2,0,29,0.9453,0.8400,RQI_DII_v1.0,frozen_confirmed_by_researcher,medium,1,normal,latest publication_date <= market date,rules_frozen_v1_0_market_qc_pending
2023-10-02,USDC,Circle,usd-coin,2,1,0,0,0,0,0,0,0,24848852273.00,24848852273.00,64,0,,normal,DeFiLlama stablecoinprices,DeFiLlama stablecoin/{asset},2026-05-22,RQI_DII_v1.0,frozen_confirmed_by_researcher,1,market_abnormal_price_qc_pending,USDC_ASSURANCE_2023_08,2023-08-31,2023-09-29,3,0,29,0.9453,0.8400,RQI_DII_v1.0,frozen_confirmed_by_researcher,medium,1,normal,latest publication_date <= market date,rules_frozen_v1_0_market_qc_pending
2023-10-03,USDC,Circle,usd-coin,2,1,0,0,0,0,0,0,0,24986265389.00,24986265389.00,64,0,,normal,DeFiLlama stablecoinprices,DeFiLlama stablecoin/{asset},2026-05-22,RQI_DII_v1.0,frozen_confirmed_by_researcher,1,market_abnormal_price_qc_pending,USDC_ASSURANCE_2023_08,2023-08-31,2023-09-29,4,0,29,0.9453,0.8400,RQI_DII_v1.0,frozen_confirmed_by_researcher,medium,1,normal,latest publication_date <= market date,rules_frozen_v1_0_market_qc_pending
2023-10-04,USDC,Circle,usd-coin,2,0.999999,-0.000001,0.000001,0,0,0,0,0,24844320355.00,24844295510.68,64,0,,normal,DeFiLlama stablecoinprices,DeFiLlama stablecoin/{asset},2026-05-22,RQI_DII_v1.0,frozen_confirmed_by_researcher,1,market_abnormal_price_qc_pending,USDC_ASSURANCE_2023_08,2023-08-31,2023-09-29,5,0,29,0.9453,0.8400,RQI_DII_v1.0,frozen_confirmed_by_researcher,medium,1,normal,latest publication_date <= market date,rules_frozen_v1_0_market_qc_pending
2023-10-05,USDC,Circle,usd-coin,2,0.999183,-0.000817,0.000817,0,0,0,0,0,24766183896.00,24745949923.76,64,0,,normal,DeFiLlama stablecoinprices,DeFiLlama stablecoin/{asset},2026-05-22,RQI_DII_v1.0,frozen_confirmed_by_researcher,1,market_abnormal_price_qc_pending,USDC_ASSURANCE_2023_08,2023-08-31,2023-09-29,6,0,29,0.9453,0.8400,RQI_DII_v1.0,frozen_confirmed_by_researcher,medium,1,normal,latest publication_date <= market date,rules_frozen_v1_0_market_qc_pending
2023-10-06,USDC,Circle,usd-coin,2,1.001,0.001,0.001,0,0,0,0,0,24755503610.00,24780259113.61,64,0,,normal,DeFiLlama stablecoinprices,DeFiLlama stablecoin/{asset},2026-05-22,RQI_DII_v1.0,frozen_confirmed_by_researcher,1,market_abnormal_price_qc_pending,USDC_ASSURANCE_2023_08,2023-08-31,2023-09-29,7,0,29,0.9453,0.8400,RQI_DII_v1.0,frozen_confirmed_by_researcher,medium,1,normal,latest publication_date <= market date,rules_frozen_v1_0_market_qc_pending
2023-10-07,USDC,Circle,usd-coin,2,1.001,0.001,0.001,0,0,0,0,0,25028797837.00,25053826634.84,64,0,,normal,DeFiLlama stablecoinprices,DeFiLlama stablecoin/{asset},2026-05-22,RQI_DII_v1.0,frozen_confirmed_by_researcher,1,market_abnormal_price_qc_pending,USDC_ASSURANCE_2023_08,2023-08-31,2023-09-29,8,0,29,0.9453,0.8400,RQI_DII_v1.0,frozen_confirmed_by_researcher,medium,1,normal,latest publication_date <= market date,rules_frozen_v1_0_market_qc_pending
2023-10-08,USDC,Circle,usd-coin,2,1,0,0,0,0,0,0,0,25057116775.00,25057116775.00,64,0,,normal,DeFiLlama stablecoinprices,DeFiLlama stablecoin/{asset},2026-05-22,RQI_DII_v1.0,frozen_confirmed_by_researcher,1,market_abnormal_price_qc_pending,USDC_ASSURANCE_2023_08,2023-08-31,2023-09-29,9,0,29,0.9453,0.8400,RQI_DII_v1.0,frozen_confirmed_by_researcher,medium,1,normal,latest publication_date <= market date,rules_frozen_v1_0_market_qc_pending
2023-10-09,USDC,Circle,usd-coin,2,0.998983,-0.001017,0.001017,0,0,0,0,0,25072343337.00,25046844763.83,64,0,,normal,DeFiLlama stablecoinprices,DeFiLlama stablecoin/{asset},2026-05-22,RQI_DII_v1.0,frozen_confirmed_by_researcher,1,market_abnormal_price_qc_pending,USDC_ASSURANCE_2023_08,2023-08-31,2023-09-29,10,0,29,0.9453,0.8400,RQI_DII_v1.0,frozen_confirmed_by_researcher,medium,1,normal,latest publication_date <= market date,rules_frozen_v1_0_market_qc_pending
2023-10-10,USDC,Circle,usd-coin,2,1.001,0.001,0.001,0,0,0,0,0,25040717373.00,25065758090.37,64,0,,normal,DeFiLlama stablecoinprices,DeFiLlama stablecoin/{asset},2026-05-22,RQI_DII_v1.0,frozen_confirmed_by_researcher,1,market_abnormal_price_qc_pending,USDC_ASSURANCE_2023_08,2023-08-31,2023-09-29,11,0,29,0.9453,0.8400,RQI_DII_v1.0,frozen_confirmed_by_researcher,medium,1,normal,latest publication_date <= market date,rules_frozen_v1_0_market_qc_pending
2023-10-11,USDC,Circle,usd-coin,2,0.999934,-0.000066,0.000066,0,0,0,0,0,24920968608.00,24919323824.07,64,0,,normal,DeFiLlama stablecoinprices,DeFiLlama stablecoin/{asset},2026-05-22,RQI_DII_v1.0,frozen_confirmed_by_researcher,1,market_abnormal_price_qc_pending,USDC_ASSURANCE_2023_08,2023-08-31,2023-09-29,12,0,29,0.9453,0.8400,RQI_DII_v1.0,frozen_confirmed_by_researcher,medium,1,normal,latest publication_date <= market date,rules_frozen_v1_0_market_qc_pending
2023-10-12,USDC,Circle,usd-coin,2,0.999839,-0.000161,0.000161,0,0,0,0,0,24755093252.00,24751107681.99,64,0,,normal,DeFiLlama stablecoinprices,DeFiLlama stablecoin/{asset},2026-05-22,RQI_DII_v1.0,frozen_confirmed_by_researcher,1,market_abnormal_price_qc_pending,USDC_ASSURANCE_2023_08,2023-08-31,2023-09-29,13,0,29,0.9453,0.8400,RQI_DII_v1.0,frozen_confirmed_by_researcher,medium,1,normal,latest publication_date <= market date,rules_frozen_v1_0_market_qc_pending
2023-10-13,USDC,Circle,usd-coin,2,1,0,0,0,0,0,0,0,24646012406.00,24646012406.00,64,0,,normal,DeFiLlama stablecoinprices,DeFiLlama stablecoin/{asset},2026-05-22,RQI_DII_v1.0,frozen_confirmed_by_researcher,1,market_abnormal_price_qc_pending,USDC_ASSURANCE_2023_08,2023-08-31,2023-09-29,14,0,29,0.9453,0.8400,RQI_DII_v1.0,frozen_confirmed_by_researcher,medium,1,normal,latest publication_date <= market date,rules_frozen_v1_0_market_qc_pending
2023-10-14,USDC,Circle,usd-coin,2,0.999785,-0.000215,0.000215,0,0,0,0,0,24611732483.00,24606440960.52,64,0,,normal,DeFiLlama stablecoinprices,DeFiLlama stablecoin/{asset},2026-05-22,RQI_DII_v1.0,frozen_confirmed_by_researcher,1,market_abnormal_price_qc_pending,USDC_ASSURANCE_2023_08,2023-08-31,2023-09-29,15,0,29,0.9453,0.8400,RQI_DII_v1.0,frozen_confirmed_by_researcher,medium,1,normal,latest publication_date <= market date,rules_frozen_v1_0_market_qc_pending
2023-10-15,USDC,Circle,usd-coin,2,0.999953,-0.000047,0.000047,0,0,0,0,0,24644173438.00,24643015161.85,64,0,,normal,DeFiLlama stablecoinprices,DeFiLlama stablecoin/{asset},2026-05-22,RQI_DII_v1.0,frozen_confirmed_by_researcher,1,market_abnormal_price_qc_pending,USDC_ASSURANCE_2023_08,2023-08-31,2023-09-29,16,0,29,0.9453,0.8400,RQI_DII_v1.0,frozen_confirmed_by_researcher,medium,1,normal,latest publication_date <= market date,rules_frozen_v1_0_market_qc_pending
2023-10-16,USDC,Circle,usd-coin,2,0.999965,-0.000035,0.000035,0,0,0,0,0,24710678249.00,24709813375.26,64,0,,normal,DeFiLlama stablecoinprices,DeFiLlama stablecoin/{asset},2026-05-22,RQI_DII_v1.0,frozen_confirmed_by_researcher,1,market_abnormal_price_qc_pending,USDC_ASSURANCE_2023_08,2023-08-31,2023-09-29,17,0,29,0.9453,0.8400,RQI_DII_v1.0,frozen_confirmed_by_researcher,medium,1,normal,latest publication_date <= market date,rules_frozen_v1_0_market_qc_pending
2023-10-17,USDC,Circle,usd-coin,2,1,0,0,0,0,0,0,0,24782468968.00,24782468968.00,64,0,,normal,DeFiLlama stablecoinprices,DeFiLlama stablecoin/{asset},2026-05-22,RQI_DII_v1.0,frozen_confirmed_by_researcher,1,market_abnormal_price_qc_pending,USDC_ASSURANCE_2023_08,2023-08-31,2023-09-29,18,0,29,0.9453,0.8400,RQI_DII_v1.0,frozen_confirmed_by_researcher,medium,1,normal,latest publication_date <= market date,rules_frozen_v1_0_market_qc_pending
2023-10-18,USDC,Circle,usd-coin,2,0.999521,-0.000479,0.000479,0,0,0,0,0,24809951650.00,24798067683.16,64,0,,normal,DeFiLlama stablecoinprices,DeFiLlama stablecoin/{asset},2026-05-22,RQI_DII_v1.0,frozen_confirmed_by_researcher,1,market_abnormal_price_qc_pending,USDC_ASSURANCE_2023_08,2023-08-31,2023-09-29,19,0,29,0.9453,0.8400,RQI_DII_v1.0,frozen_confirmed_by_researcher,medium,1,normal,latest publication_date <= market date,rules_frozen_v1_0_market_qc_pending
2023-10-19,USDC,Circle,usd-coin,2,1,0,0,0,0,0,0,0,24803289767.00,24803289767.00,64,0,,normal,DeFiLlama stablecoinprices,DeFiLlama stablecoin/{asset},2026-05-22,RQI_DII_v1.0,frozen_confirmed_by_researcher,1,market_abnormal_price_qc_pending,USDC_ASSURANCE_2023_08,2023-08-31,2023-09-29,20,0,29,0.9453,0.8400,RQI_DII_v1.0,frozen_confirmed_by_researcher,medium,1,normal,latest publication_date <= market date,rules_frozen_v1_0_market_qc_pending
2023-10-20,USDC,Circle,usd-coin,2,0.999896,-0.000104,0.000104,0,0,0,0,0,24909222903.00,24906632343.82,64,0,,normal,DeFiLlama stablecoinprices,DeFiLlama stablecoin/{asset},2026-05-22,RQI_DII_v1.0,frozen_confirmed_by_researcher,1,market_abnormal_price_qc_pending,USDC_ASSURANCE_2023_08,2023-08-31,2023-09-29,21,0,29,0.9453,0.8400,RQI_DII_v1.0,frozen_confirmed_by_researcher,medium,1,normal,latest publication_date <= market date,rules_frozen_v1_0_market_qc_pending
2023-10-21,USDC,Circle,usd-coin,2,0.999821,-0.000179,0.000179,0,0,0,0,0,24958038696.00,24953571207.07,64,0,,normal,DeFiLlama stablecoinprices,DeFiLlama stablecoin/{asset},2026-05-22,RQI_DII_v1.0,frozen_confirmed_by_researcher,1,market_abnormal_price_qc_pending,USDC_ASSURANCE_2023_08,2023-08-31,2023-09-29,22,0,29,0.9453,0.8400,RQI_DII_v1.0,frozen_confirmed_by_researcher,medium,1,normal,latest publication_date <= market date,rules_frozen_v1_0_market_qc_pending
2023-10-22,USDC,Circle,usd-coin,2,0.999887,-0.000113,0.000113,0,0,0,0,0,24980752696.00,24977929870.95,64,0,,normal,DeFiLlama stablecoinprices,DeFiLlama stablecoin/{asset},2026-05-22,RQI_DII_v1.0,frozen_confirmed_by_researcher,1,market_abnormal_price_qc_pending,USDC_ASSURANCE_2023_08,2023-08-31,2023-09-29,23,0,29,0.9453,0.8400,RQI_DII_v1.0,frozen_confirmed_by_researcher,medium,1,normal,latest publication_date <= market date,rules_frozen_v1_0_market_qc_pending
2023-10-23,USDC,Circle,usd-coin,2,0.99884,-0.00116,0.00116,0,0,0,0,0,24970529720.00,24941563905.52,64,0,,normal,DeFiLlama stablecoinprices,DeFiLlama stablecoin/{asset},2026-05-22,RQI_DII_v1.0,frozen_confirmed_by_researcher,1,market_abnormal_price_qc_pending,USDC_ASSURANCE_2023_08,2023-08-31,2023-09-29,24,0,29,0.9453,0.8400,RQI_DII_v1.0,frozen_confirmed_by_researcher,medium,1,normal,latest publication_date <= market date,rules_frozen_v1_0_market_qc_pending
2023-10-24,USDC,Circle,usd-coin,2,1.002,0.002,0.002,0,0,0,0,0,24880006297.00,24929766309.59,64,0,,normal,DeFiLlama stablecoinprices,DeFiLlama stablecoin/{asset},2026-05-22,RQI_DII_v1.0,frozen_confirmed_by_researcher,1,market_abnormal_price_qc_pending,USDC_ASSURANCE_2023_08,2023-08-31,2023-09-29,25,0,29,0.9453,0.8400,RQI_DII_v1.0,frozen_confirmed_by_researcher,medium,1,normal,latest publication_date <= market date,rules_frozen_v1_0_market_qc_pending
2023-10-25,USDC,Circle,usd-coin,2,1.001,0.001,0.001,0,0,0,0,0,24479411642.00,24503891053.64,64,0,,normal,DeFiLlama stablecoinprices,DeFiLlama stablecoin/{asset},2026-05-22,RQI_DII_v1.0,frozen_confirmed_by_researcher,1,market_abnormal_price_qc_pending,USDC_ASSURANCE_2023_08,2023-08-31,2023-09-29,26,0,29,0.9453,0.8400,RQI_DII_v1.0,frozen_confirmed_by_researcher,medium,1,normal,latest publication_date <= market date,rules_frozen_v1_0_market_qc_pending
2023-10-26,USDC,Circle,usd-coin,2,1.001,0.001,0.001,0,0,0,0,0,24597238039.00,24621835277.04,64,0,,normal,DeFiLlama stablecoinprices,DeFiLlama stablecoin/{asset},2026-05-22,RQI_DII_v1.0,frozen_confirmed_by_researcher,1,market_abnormal_price_qc_pending,USDC_ASSURANCE_2023_08,2023-08-31,2023-09-29,27,0,29,0.9453,0.8400,RQI_DII_v1.0,frozen_confirmed_by_researcher,medium,1,normal,latest publication_date <= market date,rules_frozen_v1_0_market_qc_pending
2023-10-27,USDC,Circle,usd-coin,2,1.001,0.001,0.001,0,0,0,0,0,24566363270.00,24590929633.27,64,0,,normal,DeFiLlama stablecoinprices,DeFiLlama stablecoin/{asset},2026-05-22,RQI_DII_v1.0,frozen_confirmed_by_researcher,1,market_abnormal_price_qc_pending,USDC_ASSURANCE_2023_08,2023-08-31,2023-09-29,28,0,29,0.9453,0.8400,RQI_DII_v1.0,frozen_confirmed_by_researcher,medium,1,normal,latest publication_date <= market date,rules_frozen_v1_0_market_qc_pending
2023-10-28,USDC,Circle,usd-coin,2,1,0,0,0,0,0,0,0,24422325069.00,24422325069.00,64,0,,normal,DeFiLlama stablecoinprices,DeFiLlama stablecoin/{asset},2026-05-22,RQI_DII_v1.0,frozen_confirmed_by_researcher,1,market_abnormal_price_qc_pending,USDC_ASSURANCE_2023_08,2023-08-31,2023-09-29,29,0,29,0.9453,0.8400,RQI_DII_v1.0,frozen_confirmed_by_researcher,medium,1,normal,latest publication_date <= market date,rules_frozen_v1_0_market_qc_pending
2023-10-29,USDC,Circle,usd-coin,2,1,0,0,0,0,0,0,0,24455521331.00,24455521331.00,64,0,,normal,DeFiLlama stablecoinprices,DeFiLlama stablecoin/{asset},2026-05-22,RQI_DII_v1.0,frozen_confirmed_by_researcher,1,market_abnormal_price_qc_pending,USDC_ASSURANCE_2023_08,2023-08-31,2023-09-29,30,0,29,0.9453,0.8400,RQI_DII_v1.0,frozen_confirmed_by_researcher,medium,1,normal,latest publication_date <= market date,rules_frozen_v1_0_market_qc_pending
2023-10-30,USDC,Circle,usd-coin,2,0.999903,-0.000097,0.000097,0,0,0,0,0,24500511014.00,24498134464.43,64,0,,normal,DeFiLlama stablecoinprices,DeFiLlama stablecoin/{asset},2026-05-22,RQI_DII_v1.0,frozen_confirmed_by_researcher,1,market_abnormal_price_qc_pending,USDC_ASSURANCE_2023_09,2023-09-29,2023-10-30,0,0,31,0.9488,0.7800,RQI_DII_v1.0,frozen_confirmed_by_researcher,medium,1,normal,latest publication_date <= market date,rules_frozen_v1_0_market_qc_pending
2023-10-31,USDC,Circle,usd-coin,2,0.999342,-0.000658,0.000658,0,0,0,0,0,24386271611.00,24370225444.28,64,0,,normal,DeFiLlama stablecoinprices,DeFiLlama stablecoin/{asset},2026-05-22,RQI_DII_v1.0,frozen_confirmed_by_researcher,1,market_abnormal_price_qc_pending,USDC_ASSURANCE_2023_09,2023-09-29,2023-10-30,1,0,31,0.9488,0.7800,RQI_DII_v1.0,frozen_confirmed_by_researcher,medium,1,normal,latest publication_date <= market date,rules_frozen_v1_0_market_qc_pending
2023-11-01,USDC,Circle,usd-coin,2,0.999639,-0.000361,0.000361,0,0,0,0,0,24218462658.00,24209719792.98,64,0,,normal,DeFiLlama stablecoinprices,DeFiLlama stablecoin/{asset},2026-05-22,RQI_DII_v1.0,frozen_confirmed_by_researcher,1,market_abnormal_price_qc_pending,USDC_ASSURANCE_2023_09,2023-09-29,2023-10-30,2,0,31,0.9488,0.7800,RQI_DII_v1.0,frozen_confirmed_by_researcher,medium,1,normal,latest publication_date <= market date,rules_frozen_v1_0_market_qc_pending
2023-11-02,USDC,Circle,usd-coin,2,1.001,0.001,0.001,0,0,0,0,0,24204010271.00,24228214281.27,64,0,,normal,DeFiLlama stablecoinprices,DeFiLlama stablecoin/{asset},2026-05-22,RQI_DII_v1.0,frozen_confirmed_by_researcher,1,market_abnormal_price_qc_pending,USDC_ASSURANCE_2023_09,2023-09-29,2023-10-30,3,0,31,0.9488,0.7800,RQI_DII_v1.0,frozen_confirmed_by_researcher,medium,1,normal,latest publication_date <= market date,rules_frozen_v1_0_market_qc_pending
2023-11-03,USDC,Circle,usd-coin,2,0.998994,-0.001006,0.001006,0,0,0,0,0,23910236491.00,23886182793.09,64,0,,normal,DeFiLlama stablecoinprices,DeFiLlama stablecoin/{asset},2026-05-22,RQI_DII_v1.0,frozen_confirmed_by_researcher,1,market_abnormal_price_qc_pending,USDC_ASSURANCE_2023_09,2023-09-29,2023-10-30,4,0,31,0.9488,0.7800,RQI_DII_v1.0,frozen_confirmed_by_researcher,medium,1,normal,latest publication_date <= market date,rules_frozen_v1_0_market_qc_pending
2023-11-04,USDC,Circle,usd-coin,2,0.999827,-0.000173,0.000173,0,0,0,0,0,23942239665.00,23938097657.54,64,0,,normal,DeFiLlama stablecoinprices,DeFiLlama stablecoin/{asset},2026-05-22,RQI_DII_v1.0,frozen_confirmed_by_researcher,1,market_abnormal_price_qc_pending,USDC_ASSURANCE_2023_09,2023-09-29,2023-10-30,5,0,31,0.9488,0.7800,RQI_DII_v1.0,frozen_confirmed_by_researcher,medium,1,normal,latest publication_date <= market date,rules_frozen_v1_0_market_qc_pending
2023-11-05,USDC,Circle,usd-coin,2,1,0,0,0,0,0,0,0,24025423480.00,24025423480.00,64,0,,normal,DeFiLlama stablecoinprices,DeFiLlama stablecoin/{asset},2026-05-22,RQI_DII_v1.0,frozen_confirmed_by_researcher,1,market_abnormal_price_qc_pending,USDC_ASSURANCE_2023_09,2023-09-29,2023-10-30,6,0,31,0.9488,0.7800,RQI_DII_v1.0,frozen_confirmed_by_researcher,medium,1,normal,latest publication_date <= market date,rules_frozen_v1_0_market_qc_pending
2023-11-06,USDC,Circle,usd-coin,2,1,0,0,0,0,0,0,0,24046051678.00,24046051678.00,64,0,,normal,DeFiLlama stablecoinprices,DeFiLlama stablecoin/{asset},2026-05-22,RQI_DII_v1.0,frozen_confirmed_by_researcher,1,market_abnormal_price_qc_pending,USDC_ASSURANCE_2023_09,2023-09-29,2023-10-30,7,0,31,0.9488,0.7800,RQI_DII_v1.0,frozen_confirmed_by_researcher,medium,1,normal,latest publication_date <= market date,rules_frozen_v1_0_market_qc_pending
2023-11-07,USDC,Circle,usd-coin,2,0.999915,-0.000085,0.000085,0,0,0,0,0,23860245935.00,23858217814.10,64,0,,normal,DeFiLlama stablecoinprices,DeFiLlama stablecoin/{asset},2026-05-22,RQI_DII_v1.0,frozen_confirmed_by_researcher,1,market_abnormal_price_qc_pending,USDC_ASSURANCE_2023_09,2023-09-29,2023-10-30,8,0,31,0.9488,0.7800,RQI_DII_v1.0,frozen_confirmed_by_researcher,medium,1,normal,latest publication_date <= market date,rules_frozen_v1_0_market_qc_pending
2023-11-08,USDC,Circle,usd-coin,2,0.999494,-0.000506,0.000506,0,0,0,0,0,23795112447.00,23783072120.10,64,0,,normal,DeFiLlama stablecoinprices,DeFiLlama stablecoin/{asset},2026-05-22,RQI_DII_v1.0,frozen_confirmed_by_researcher,1,market_abnormal_price_qc_pending,USDC_ASSURANCE_2023_09,2023-09-29,2023-10-30,9,0,31,0.9488,0.7800,RQI_DII_v1.0,frozen_confirmed_by_researcher,medium,1,normal,latest publication_date <= market date,rules_frozen_v1_0_market_qc_pending
2023-11-09,USDC,Circle,usd-coin,2,1,0,0,0,0,0,0,0,23656182879.00,23656182879.00,64,0,,normal,DeFiLlama stablecoinprices,DeFiLlama stablecoin/{asset},2026-05-22,RQI_DII_v1.0,frozen_confirmed_by_researcher,1,market_abnormal_price_qc_pending,USDC_ASSURANCE_2023_09,2023-09-29,2023-10-30,10,0,31,0.9488,0.7800,RQI_DII_v1.0,frozen_confirmed_by_researcher,medium,1,normal,latest publication_date <= market date,rules_frozen_v1_0_market_qc_pending
2023-11-10,USDC,Circle,usd-coin,2,0.999435,-0.000565,0.000565,0,0,0,0,0,23536709489.00,23523411248.14,64,0,,normal,DeFiLlama stablecoinprices,DeFiLlama stablecoin/{asset},2026-05-22,RQI_DII_v1.0,frozen_confirmed_by_researcher,1,market_abnormal_price_qc_pending,USDC_ASSURANCE_2023_09,2023-09-29,2023-10-30,11,0,31,0.9488,0.7800,RQI_DII_v1.0,frozen_confirmed_by_researcher,medium,1,normal,latest publication_date <= market date,rules_frozen_v1_0_market_qc_pending
2023-11-11,USDC,Circle,usd-coin,2,1,0,0,0,0,0,0,0,23566976292.00,23566976292.00,64,0,,normal,DeFiLlama stablecoinprices,DeFiLlama stablecoin/{asset},2026-05-22,RQI_DII_v1.0,frozen_confirmed_by_researcher,1,market_abnormal_price_qc_pending,USDC_ASSURANCE_2023_09,2023-09-29,2023-10-30,12,0,31,0.9488,0.7800,RQI_DII_v1.0,frozen_confirmed_by_researcher,medium,1,normal,latest publication_date <= market date,rules_frozen_v1_0_market_qc_pending
2023-11-12,USDC,Circle,usd-coin,2,0.999624,-0.000376,0.000376,0,0,0,0,0,23629501734.00,23620617041.35,64,0,,normal,DeFiLlama stablecoinprices,DeFiLlama stablecoin/{asset},2026-05-22,RQI_DII_v1.0,frozen_confirmed_by_researcher,1,market_abnormal_price_qc_pending,USDC_ASSURANCE_2023_09,2023-09-29,2023-10-30,13,0,31,0.9488,0.7800,RQI_DII_v1.0,frozen_confirmed_by_researcher,medium,1,normal,latest publication_date <= market date,rules_frozen_v1_0_market_qc_pending
2023-11-13,USDC,Circle,usd-coin,2,0.997795,-0.002205,0.002205,0,0,0,0,0,23670191735.00,23617998962.22,64,0,,normal,DeFiLlama stablecoinprices,DeFiLlama stablecoin/{asset},2026-05-22,RQI_DII_v1.0,frozen_confirmed_by_researcher,1,market_abnormal_price_qc_pending,USDC_ASSURANCE_2023_09,2023-09-29,2023-10-30,14,0,31,0.9488,0.7800,RQI_DII_v1.0,frozen_confirmed_by_researcher,medium,1,normal,latest publication_date <= market date,rules_frozen_v1_0_market_qc_pending
2023-11-14,USDC,Circle,usd-coin,2,1,0,0,0,0,0,0,0,23431867354.00,23431867354.00,64,0,,normal,DeFiLlama stablecoinprices,DeFiLlama stablecoin/{asset},2026-05-22,RQI_DII_v1.0,frozen_confirmed_by_researcher,1,market_abnormal_price_qc_pending,USDC_ASSURANCE_2023_09,2023-09-29,2023-10-30,15,0,31,0.9488,0.7800,RQI_DII_v1.0,frozen_confirmed_by_researcher,medium,1,normal,latest publication_date <= market date,rules_frozen_v1_0_market_qc_pending
2023-11-15,USDC,Circle,usd-coin,2,0.999332,-0.000668,0.000668,0,0,0,0,0,23222631454.00,23207118736.19,64,0,,normal,DeFiLlama stablecoinprices,DeFiLlama stablecoin/{asset},2026-05-22,RQI_DII_v1.0,frozen_confirmed_by_researcher,1,market_abnormal_price_qc_pending,USDC_ASSURANCE_2023_09,2023-09-29,2023-10-30,16,0,31,0.9488,0.7800,RQI_DII_v1.0,frozen_confirmed_by_researcher,medium,1,normal,latest publication_date <= market date,rules_frozen_v1_0_market_qc_pending
2023-11-16,USDC,Circle,usd-coin,2,0.999319,-0.000681,0.000681,0,0,0,0,0,23478779610.00,23462790561.09,64,0,,normal,DeFiLlama stablecoinprices,DeFiLlama stablecoin/{asset},2026-05-22,RQI_DII_v1.0,frozen_confirmed_by_researcher,1,market_abnormal_price_qc_pending,USDC_ASSURANCE_2023_09,2023-09-29,2023-10-30,17,0,31,0.9488,0.7800,RQI_DII_v1.0,frozen_confirmed_by_researcher,medium,1,normal,latest publication_date <= market date,rules_frozen_v1_0_market_qc_pending
2023-11-17,USDC,Circle,usd-coin,2,1.001,0.001,0.001,0,0,0,0,0,23543269016.00,23566812285.02,64,0,,normal,DeFiLlama stablecoinprices,DeFiLlama stablecoin/{asset},2026-05-22,RQI_DII_v1.0,frozen_confirmed_by_researcher,1,market_abnormal_price_qc_pending,USDC_ASSURANCE_2023_09,2023-09-29,2023-10-30,18,0,31,0.9488,0.7800,RQI_DII_v1.0,frozen_confirmed_by_researcher,medium,1,normal,latest publication_date <= market date,rules_frozen_v1_0_market_qc_pending
2023-11-18,USDC,Circle,usd-coin,2,0.999631,-0.000369,0.000369,0,0,0,0,0,23793691399.00,23784911526.87,64,0,,normal,DeFiLlama stablecoinprices,DeFiLlama stablecoin/{asset},2026-05-22,RQI_DII_v1.0,frozen_confirmed_by_researcher,1,market_abnormal_price_qc_pending,USDC_ASSURANCE_2023_09,2023-09-29,2023-10-30,19,0,31,0.9488,0.7800,RQI_DII_v1.0,frozen_confirmed_by_researcher,medium,1,normal,latest publication_date <= market date,rules_frozen_v1_0_market_qc_pending
2023-11-19,USDC,Circle,usd-coin,2,1,0,0,0,0,0,0,0,23806516389.00,23806516389.00,64,0,,normal,DeFiLlama stablecoinprices,DeFiLlama stablecoin/{asset},2026-05-22,RQI_DII_v1.0,frozen_confirmed_by_researcher,1,market_abnormal_price_qc_pending,USDC_ASSURANCE_2023_09,2023-09-29,2023-10-30,20,0,31,0.9488,0.7800,RQI_DII_v1.0,frozen_confirmed_by_researcher,medium,1,normal,latest publication_date <= market date,rules_frozen_v1_0_market_qc_pending
2023-11-20,USDC,Circle,usd-coin,2,0.999536,-0.000464,0.000464,0,0,0,0,0,23849283174.00,23838217106.61,64,0,,normal,DeFiLlama stablecoinprices,DeFiLlama stablecoin/{asset},2026-05-22,RQI_DII_v1.0,frozen_confirmed_by_researcher,1,market_abnormal_price_qc_pending,USDC_ASSURANCE_2023_09,2023-09-29,2023-10-30,21,0,31,0.9488,0.7800,RQI_DII_v1.0,frozen_confirmed_by_researcher,medium,1,normal,latest publication_date <= market date,rules_frozen_v1_0_market_qc_pending
2023-11-21,USDC,Circle,usd-coin,2,1.001,0.001,0.001,0,0,0,0,0,23889919011.00,23913808930.01,64,0,,normal,DeFiLlama stablecoinprices,DeFiLlama stablecoin/{asset},2026-05-22,RQI_DII_v1.0,frozen_confirmed_by_researcher,1,market_abnormal_price_qc_pending,USDC_ASSURANCE_2023_09,2023-09-29,2023-10-30,22,0,31,0.9488,0.7800,RQI_DII_v1.0,frozen_confirmed_by_researcher,medium,1,normal,latest publication_date <= market date,rules_frozen_v1_0_market_qc_pending
2023-11-22,USDC,Circle,usd-coin,2,1,0,0,0,0,0,0,0,23736879386.00,23736879386.00,64,0,,normal,DeFiLlama stablecoinprices,DeFiLlama stablecoin/{asset},2026-05-22,RQI_DII_v1.0,frozen_confirmed_by_researcher,1,market_abnormal_price_qc_pending,USDC_ASSURANCE_2023_09,2023-09-29,2023-10-30,23,0,31,0.9488,0.7800,RQI_DII_v1.0,frozen_confirmed_by_researcher,medium,1,normal,latest publication_date <= market date,rules_frozen_v1_0_market_qc_pending
2023-11-23,USDC,Circle,usd-coin,2,0.999932,-0.000068,0.000068,0,0,0,0,0,23776731971.00,23775115153.23,64,0,,normal,DeFiLlama stablecoinprices,DeFiLlama stablecoin/{asset},2026-05-22,RQI_DII_v1.0,frozen_confirmed_by_researcher,1,market_abnormal_price_qc_pending,USDC_ASSURANCE_2023_09,2023-09-29,2023-10-30,24,0,31,0.9488,0.7800,RQI_DII_v1.0,frozen_confirmed_by_researcher,medium,1,normal,latest publication_date <= market date,rules_frozen_v1_0_market_qc_pending
2023-11-24,USDC,Circle,usd-coin,2,1,0,0,0,0,0,0,0,23793863698.00,23793863698.00,64,0,,normal,DeFiLlama stablecoinprices,DeFiLlama stablecoin/{asset},2026-05-22,RQI_DII_v1.0,frozen_confirmed_by_researcher,1,market_abnormal_price_qc_pending,USDC_ASSURANCE_2023_09,2023-09-29,2023-10-30,25,0,31,0.9488,0.7800,RQI_DII_v1.0,frozen_confirmed_by_researcher,medium,1,normal,latest publication_date <= market date,rules_frozen_v1_0_market_qc_pending
2023-11-25,USDC,Circle,usd-coin,2,1.001,0.001,0.001,0,0,0,0,0,24018382558.00,24042400940.56,64,0,,normal,DeFiLlama stablecoinprices,DeFiLlama stablecoin/{asset},2026-05-22,RQI_DII_v1.0,frozen_confirmed_by_researcher,1,market_abnormal_price_qc_pending,USDC_ASSURANCE_2023_09,2023-09-29,2023-10-30,26,0,31,0.9488,0.7800,RQI_DII_v1.0,frozen_confirmed_by_researcher,medium,1,normal,latest publication_date <= market date,rules_frozen_v1_0_market_qc_pending
2023-11-26,USDC,Circle,usd-coin,2,0.999443,-0.000557,0.000557,0,0,0,0,0,24015412666.00,24002036081.15,64,0,,normal,DeFiLlama stablecoinprices,DeFiLlama stablecoin/{asset},2026-05-22,RQI_DII_v1.0,frozen_confirmed_by_researcher,1,market_abnormal_price_qc_pending,USDC_ASSURANCE_2023_09,2023-09-29,2023-10-30,27,0,31,0.9488,0.7800,RQI_DII_v1.0,frozen_confirmed_by_researcher,medium,1,normal,latest publication_date <= market date,rules_frozen_v1_0_market_qc_pending
2023-11-27,USDC,Circle,usd-coin,2,1.001,0.001,0.001,0,0,0,0,0,23959784835.00,23983744619.83,64,0,,normal,DeFiLlama stablecoinprices,DeFiLlama stablecoin/{asset},2026-05-22,RQI_DII_v1.0,frozen_confirmed_by_researcher,1,market_abnormal_price_qc_pending,USDC_ASSURANCE_2023_09,2023-09-29,2023-10-30,28,0,31,0.9488,0.7800,RQI_DII_v1.0,frozen_confirmed_by_researcher,medium,1,normal,latest publication_date <= market date,rules_frozen_v1_0_market_qc_pending
2023-11-28,USDC,Circle,usd-coin,2,1.001,0.001,0.001,0,0,0,0,0,23720257299.00,23743977556.30,64,0,,normal,DeFiLlama stablecoinprices,DeFiLlama stablecoin/{asset},2026-05-22,RQI_DII_v1.0,frozen_confirmed_by_researcher,1,market_abnormal_price_qc_pending,USDC_ASSURANCE_2023_09,2023-09-29,2023-10-30,29,0,31,0.9488,0.7800,RQI_DII_v1.0,frozen_confirmed_by_researcher,medium,1,normal,latest publication_date <= market date,rules_frozen_v1_0_market_qc_pending
2023-11-29,USDC,Circle,usd-coin,2,0.999144,-0.000856,0.000856,0,0,0,0,0,23895794474.00,23875339673.93,64,0,,normal,DeFiLlama stablecoinprices,DeFiLlama stablecoin/{asset},2026-05-22,RQI_DII_v1.0,frozen_confirmed_by_researcher,1,market_abnormal_price_qc_pending,USDC_ASSURANCE_2023_09,2023-09-29,2023-10-30,30,0,31,0.9488,0.7800,RQI_DII_v1.0,frozen_confirmed_by_researcher,medium,1,normal,latest publication_date <= market date,rules_frozen_v1_0_market_qc_pending
2023-11-30,USDC,Circle,usd-coin,2,1.001,0.001,0.001,0,0,0,0,0,23801628591.00,23825430219.59,64,0,,normal,DeFiLlama stablecoinprices,DeFiLlama stablecoin/{asset},2026-05-22,RQI_DII_v1.0,frozen_confirmed_by_researcher,1,market_abnormal_price_qc_pending,USDC_ASSURANCE_2023_09,2023-09-29,2023-10-30,31,0,31,0.9488,0.7800,RQI_DII_v1.0,frozen_confirmed_by_researcher,medium,1,normal,latest publication_date <= market date,rules_frozen_v1_0_market_qc_pending
2023-12-01,USDC,Circle,usd-coin,2,1,0,0,0,0,0,0,0,23847317248.00,23847317248.00,64,0,,normal,DeFiLlama stablecoinprices,DeFiLlama stablecoin/{asset},2026-05-22,RQI_DII_v1.0,frozen_confirmed_by_researcher,1,market_abnormal_price_qc_pending,USDC_ASSURANCE_2023_09,2023-09-29,2023-10-30,32,0,31,0.9488,0.7800,RQI_DII_v1.0,frozen_confirmed_by_researcher,medium,1,normal,latest publication_date <= market date,rules_frozen_v1_0_market_qc_pending
2023-12-02,USDC,Circle,usd-coin,2,0.999617,-0.000383,0.000383,0,0,0,0,0,23855113317.00,23845976808.60,64,0,,normal,DeFiLlama stablecoinprices,DeFiLlama stablecoin/{asset},2026-05-22,RQI_DII_v1.0,frozen_confirmed_by_researcher,1,market_abnormal_price_qc_pending,USDC_ASSURANCE_2023_09,2023-09-29,2023-10-30,33,0,31,0.9488,0.7800,RQI_DII_v1.0,frozen_confirmed_by_researcher,medium,1,normal,latest publication_date <= market date,rules_frozen_v1_0_market_qc_pending
2023-12-03,USDC,Circle,usd-coin,2,1.001,0.001,0.001,0,0,0,0,0,23838716445.00,23862555161.44,64,0,,normal,DeFiLlama stablecoinprices,DeFiLlama stablecoin/{asset},2026-05-22,RQI_DII_v1.0,frozen_confirmed_by_researcher,1,market_abnormal_price_qc_pending,USDC_ASSURANCE_2023_09,2023-09-29,2023-10-30,34,0,31,0.9488,0.7800,RQI_DII_v1.0,frozen_confirmed_by_researcher,medium,1,normal,latest publication_date <= market date,rules_frozen_v1_0_market_qc_pending
2023-12-04,USDC,Circle,usd-coin,2,1,0,0,0,0,0,0,0,23814230103.00,23814230103.00,64,0,,normal,DeFiLlama stablecoinprices,DeFiLlama stablecoin/{asset},2026-05-22,RQI_DII_v1.0,frozen_confirmed_by_researcher,1,market_abnormal_price_qc_pending,USDC_ASSURANCE_2023_09,2023-09-29,2023-10-30,35,0,31,0.9488,0.7800,RQI_DII_v1.0,frozen_confirmed_by_researcher,medium,1,normal,latest publication_date <= market date,rules_frozen_v1_0_market_qc_pending
2023-12-05,USDC,Circle,usd-coin,2,1,0,0,0,0,0,0,0,23682301238.00,23682301238.00,64,0,,normal,DeFiLlama stablecoinprices,DeFiLlama stablecoin/{asset},2026-05-22,RQI_DII_v1.0,frozen_confirmed_by_researcher,1,market_abnormal_price_qc_pending,USDC_ASSURANCE_2023_09,2023-09-29,2023-10-30,36,0,31,0.9488,0.7800,RQI_DII_v1.0,frozen_confirmed_by_researcher,medium,1,normal,latest publication_date <= market date,rules_frozen_v1_0_market_qc_pending
2023-12-06,USDC,Circle,usd-coin,2,0.998183,-0.001817,0.001817,0,0,0,0,0,23594015980.00,23551145652.96,64,0,,normal,DeFiLlama stablecoinprices,DeFiLlama stablecoin/{asset},2026-05-22,RQI_DII_v1.0,frozen_confirmed_by_researcher,1,market_abnormal_price_qc_pending,USDC_ASSURANCE_2023_09,2023-09-29,2023-10-30,37,0,31,0.9488,0.7800,RQI_DII_v1.0,frozen_confirmed_by_researcher,medium,1,normal,latest publication_date <= market date,rules_frozen_v1_0_market_qc_pending
2023-12-07,USDC,Circle,usd-coin,2,1.001,0.001,0.001,0,0,0,0,0,23581097358.00,23604678455.36,64,0,,normal,DeFiLlama stablecoinprices,DeFiLlama stablecoin/{asset},2026-05-22,RQI_DII_v1.0,frozen_confirmed_by_researcher,1,market_abnormal_price_qc_pending,USDC_ASSURANCE_2023_09,2023-09-29,2023-10-30,38,0,31,0.9488,0.7800,RQI_DII_v1.0,frozen_confirmed_by_researcher,medium,1,normal,latest publication_date <= market date,rules_frozen_v1_0_market_qc_pending
2023-12-08,USDC,Circle,usd-coin,2,1.001,0.001,0.001,0,0,0,0,0,23640247211.00,23663887458.21,64,0,,normal,DeFiLlama stablecoinprices,DeFiLlama stablecoin/{asset},2026-05-22,RQI_DII_v1.0,frozen_confirmed_by_researcher,1,market_abnormal_price_qc_pending,USDC_ASSURANCE_2023_09,2023-09-29,2023-10-30,39,0,31,0.9488,0.7800,RQI_DII_v1.0,frozen_confirmed_by_researcher,medium,1,normal,latest publication_date <= market date,rules_frozen_v1_0_market_qc_pending
2023-12-09,USDC,Circle,usd-coin,2,0.999385,-0.000615,0.000615,0,0,0,0,0,23803432293.00,23788793182.14,64,0,,normal,DeFiLlama stablecoinprices,DeFiLlama stablecoin/{asset},2026-05-22,RQI_DII_v1.0,frozen_confirmed_by_researcher,1,market_abnormal_price_qc_pending,USDC_ASSURANCE_2023_09,2023-09-29,2023-10-30,40,0,31,0.9488,0.7800,RQI_DII_v1.0,frozen_confirmed_by_researcher,medium,1,normal,latest publication_date <= market date,rules_frozen_v1_0_market_qc_pending
2023-12-10,USDC,Circle,usd-coin,2,1,0,0,0,0,0,0,0,23846995113.00,23846995113.00,64,0,,normal,DeFiLlama stablecoinprices,DeFiLlama stablecoin/{asset},2026-05-22,RQI_DII_v1.0,frozen_confirmed_by_researcher,1,market_abnormal_price_qc_pending,USDC_ASSURANCE_2023_09,2023-09-29,2023-10-30,41,0,31,0.9488,0.7800,RQI_DII_v1.0,frozen_confirmed_by_researcher,medium,1,normal,latest publication_date <= market date,rules_frozen_v1_0_market_qc_pending
2023-12-11,USDC,Circle,usd-coin,2,0.999796,-0.000204,0.000204,0,0,0,0,0,23845568064.00,23840703568.11,64,0,,normal,DeFiLlama stablecoinprices,DeFiLlama stablecoin/{asset},2026-05-22,RQI_DII_v1.0,frozen_confirmed_by_researcher,1,market_abnormal_price_qc_pending,USDC_ASSURANCE_2023_09,2023-09-29,2023-10-30,42,0,31,0.9488,0.7800,RQI_DII_v1.0,frozen_confirmed_by_researcher,medium,1,normal,latest publication_date <= market date,rules_frozen_v1_0_market_qc_pending
2023-12-12,USDC,Circle,usd-coin,2,1.002,0.002,0.002,0,0,0,0,0,23445592820.00,23492484005.64,64,0,,normal,DeFiLlama stablecoinprices,DeFiLlama stablecoin/{asset},2026-05-22,RQI_DII_v1.0,frozen_confirmed_by_researcher,1,market_abnormal_price_qc_pending,USDC_ASSURANCE_2023_09,2023-09-29,2023-10-30,43,0,31,0.9488,0.7800,RQI_DII_v1.0,frozen_confirmed_by_researcher,medium,1,normal,latest publication_date <= market date,rules_frozen_v1_0_market_qc_pending
2023-12-13,USDC,Circle,usd-coin,2,0.998618,-0.001382,0.001382,0,0,0,0,0,23337566374.00,23305313857.27,64,0,,normal,DeFiLlama stablecoinprices,DeFiLlama stablecoin/{asset},2026-05-22,RQI_DII_v1.0,frozen_confirmed_by_researcher,1,market_abnormal_price_qc_pending,USDC_ASSURANCE_2023_09,2023-09-29,2023-10-30,44,0,31,0.9488,0.7800,RQI_DII_v1.0,frozen_confirmed_by_researcher,medium,1,normal,latest publication_date <= market date,rules_frozen_v1_0_market_qc_pending
2023-12-14,USDC,Circle,usd-coin,2,1.001,0.001,0.001,0,0,0,0,0,23581765305.00,23605347070.30,64,0,,normal,DeFiLlama stablecoinprices,DeFiLlama stablecoin/{asset},2026-05-22,RQI_DII_v1.0,frozen_confirmed_by_researcher,1,market_abnormal_price_qc_pending,USDC_ASSURANCE_2023_09,2023-09-29,2023-10-30,45,0,31,0.9488,0.7800,RQI_DII_v1.0,frozen_confirmed_by_researcher,medium,1,normal,latest publication_date <= market date,rules_frozen_v1_0_market_qc_pending
2023-12-15,USDC,Circle,usd-coin,2,1.001,0.001,0.001,0,0,0,0,0,23689816599.00,23713506415.60,64,0,,normal,DeFiLlama stablecoinprices,DeFiLlama stablecoin/{asset},2026-05-22,RQI_DII_v1.0,frozen_confirmed_by_researcher,1,market_abnormal_price_qc_pending,USDC_ASSURANCE_2023_09,2023-09-29,2023-10-30,46,1,31,0.9488,0.7800,RQI_DII_v1.0,frozen_confirmed_by_researcher,medium,1,normal,latest publication_date <= market date,rules_frozen_v1_0_market_qc_pending
2023-12-16,USDC,Circle,usd-coin,2,0.998424,-0.001576,0.001576,0,0,0,0,0,23797094564.00,23759590342.97,65,0,,normal,DeFiLlama stablecoinprices,DeFiLlama stablecoin/{asset},2026-05-22,RQI_DII_v1.0,frozen_confirmed_by_researcher,1,market_abnormal_price_qc_pending,USDC_ASSURANCE_2023_09,2023-09-29,2023-10-30,47,1,31,0.9488,0.7800,RQI_DII_v1.0,frozen_confirmed_by_researcher,medium,1,normal,latest publication_date <= market date,rules_frozen_v1_0_market_qc_pending
2023-12-17,USDC,Circle,usd-coin,2,0.999841,-0.000159,0.000159,0,0,0,0,0,23806517591.00,23802732354.70,65,0,,normal,DeFiLlama stablecoinprices,DeFiLlama stablecoin/{asset},2026-05-22,RQI_DII_v1.0,frozen_confirmed_by_researcher,1,market_abnormal_price_qc_pending,USDC_ASSURANCE_2023_09,2023-09-29,2023-10-30,48,1,31,0.9488,0.7800,RQI_DII_v1.0,frozen_confirmed_by_researcher,medium,1,normal,latest publication_date <= market date,rules_frozen_v1_0_market_qc_pending
2023-12-18,USDC,Circle,usd-coin,2,1.002,0.002,0.002,0,0,0,0,0,23758906656.00,23806424469.31,65,0,,normal,DeFiLlama stablecoinprices,DeFiLlama stablecoin/{asset},2026-05-22,RQI_DII_v1.0,frozen_confirmed_by_researcher,1,market_abnormal_price_qc_pending,USDC_ASSURANCE_2023_09,2023-09-29,2023-10-30,49,1,31,0.9488,0.7800,RQI_DII_v1.0,frozen_confirmed_by_researcher,medium,1,normal,latest publication_date <= market date,rules_frozen_v1_0_market_qc_pending
2023-12-19,USDC,Circle,usd-coin,2,0.999784,-0.000216,0.000216,0,0,0,0,0,23909611712.00,23904447235.87,65,0,,normal,DeFiLlama stablecoinprices,DeFiLlama stablecoin/{asset},2026-05-22,RQI_DII_v1.0,frozen_confirmed_by_researcher,1,market_abnormal_price_qc_pending,USDC_ASSURANCE_2023_09,2023-09-29,2023-10-30,50,1,31,0.9488,0.7800,RQI_DII_v1.0,frozen_confirmed_by_researcher,medium,1,normal,latest publication_date <= market date,rules_frozen_v1_0_market_qc_pending
2023-12-20,USDC,Circle,usd-coin,2,1.001,0.001,0.001,0,0,0,0,0,24145378564.00,24169523942.56,65,0,,normal,DeFiLlama stablecoinprices,DeFiLlama stablecoin/{asset},2026-05-22,RQI_DII_v1.0,frozen_confirmed_by_researcher,1,market_abnormal_price_qc_pending,USDC_ASSURANCE_2023_09,2023-09-29,2023-10-30,51,1,31,0.9488,0.7800,RQI_DII_v1.0,frozen_confirmed_by_researcher,medium,1,normal,latest publication_date <= market date,rules_frozen_v1_0_market_qc_pending
2023-12-21,USDC,Circle,usd-coin,2,1,0,0,0,0,0,0,0,24283238869.00,24283238869.00,65,0,,normal,DeFiLlama stablecoinprices,DeFiLlama stablecoin/{asset},2026-05-22,RQI_DII_v1.0,frozen_confirmed_by_researcher,1,market_abnormal_price_qc_pending,USDC_ASSURANCE_2023_09,2023-09-29,2023-10-30,52,1,31,0.9488,0.7800,RQI_DII_v1.0,frozen_confirmed_by_researcher,medium,1,normal,latest publication_date <= market date,rules_frozen_v1_0_market_qc_pending
2023-12-22,USDC,Circle,usd-coin,2,1.001,0.001,0.001,0,0,0,0,0,24178804101.00,24202982905.10,65,0,,normal,DeFiLlama stablecoinprices,DeFiLlama stablecoin/{asset},2026-05-22,RQI_DII_v1.0,frozen_confirmed_by_researcher,1,market_abnormal_price_qc_pending,USDC_ASSURANCE_2023_11,2023-11-30,2023-12-22,0,0,22,0.9446,0.8400,RQI_DII_v1.0,frozen_confirmed_by_researcher,medium,1,normal,latest publication_date <= market date,rules_frozen_v1_0_market_qc_pending
2023-12-23,USDC,Circle,usd-coin,2,1,0,0,0,0,0,0,0,24449963544.00,24449963544.00,65,0,,normal,DeFiLlama stablecoinprices,DeFiLlama stablecoin/{asset},2026-05-22,RQI_DII_v1.0,frozen_confirmed_by_researcher,1,market_abnormal_price_qc_pending,USDC_ASSURANCE_2023_11,2023-11-30,2023-12-22,1,0,22,0.9446,0.8400,RQI_DII_v1.0,frozen_confirmed_by_researcher,medium,1,normal,latest publication_date <= market date,rules_frozen_v1_0_market_qc_pending
2023-12-24,USDC,Circle,usd-coin,2,1.001,0.001,0.001,0,0,0,0,0,24466753309.00,24491220062.31,65,0,,normal,DeFiLlama stablecoinprices,DeFiLlama stablecoin/{asset},2026-05-22,RQI_DII_v1.0,frozen_confirmed_by_researcher,1,market_abnormal_price_qc_pending,USDC_ASSURANCE_2023_11,2023-11-30,2023-12-22,2,0,22,0.9446,0.8400,RQI_DII_v1.0,frozen_confirmed_by_researcher,medium,1,normal,latest publication_date <= market date,rules_frozen_v1_0_market_qc_pending
2023-12-25,USDC,Circle,usd-coin,2,0.998655,-0.001345,0.001345,0,0,0,0,0,24492276241.00,24459334129.46,65,0,,normal,DeFiLlama stablecoinprices,DeFiLlama stablecoin/{asset},2026-05-22,RQI_DII_v1.0,frozen_confirmed_by_researcher,1,market_abnormal_price_qc_pending,USDC_ASSURANCE_2023_11,2023-11-30,2023-12-22,3,0,22,0.9446,0.8400,RQI_DII_v1.0,frozen_confirmed_by_researcher,medium,1,normal,latest publication_date <= market date,rules_frozen_v1_0_market_qc_pending
2023-12-26,USDC,Circle,usd-coin,2,0.998891,-0.001109,0.001109,0,0,0,0,0,24441155833.00,24414050591.18,65,0,,normal,DeFiLlama stablecoinprices,DeFiLlama stablecoin/{asset},2026-05-22,RQI_DII_v1.0,frozen_confirmed_by_researcher,1,market_abnormal_price_qc_pending,USDC_ASSURANCE_2023_11,2023-11-30,2023-12-22,4,0,22,0.9446,0.8400,RQI_DII_v1.0,frozen_confirmed_by_researcher,medium,1,normal,latest publication_date <= market date,rules_frozen_v1_0_market_qc_pending
2023-12-27,USDC,Circle,usd-coin,2,1,0,0,0,0,0,0,0,24103905780.00,24103905780.00,65,0,,normal,DeFiLlama stablecoinprices,DeFiLlama stablecoin/{asset},2026-05-22,RQI_DII_v1.0,frozen_confirmed_by_researcher,1,market_abnormal_price_qc_pending,USDC_ASSURANCE_2023_11,2023-11-30,2023-12-22,5,0,22,0.9446,0.8400,RQI_DII_v1.0,frozen_confirmed_by_researcher,medium,1,normal,latest publication_date <= market date,rules_frozen_v1_0_market_qc_pending
2023-12-28,USDC,Circle,usd-coin,2,1.002,0.002,0.002,0,0,0,0,0,24263640681.00,24312167962.36,65,0,,normal,DeFiLlama stablecoinprices,DeFiLlama stablecoin/{asset},2026-05-22,RQI_DII_v1.0,frozen_confirmed_by_researcher,1,market_abnormal_price_qc_pending,USDC_ASSURANCE_2023_11,2023-11-30,2023-12-22,6,0,22,0.9446,0.8400,RQI_DII_v1.0,frozen_confirmed_by_researcher,medium,1,normal,latest publication_date <= market date,rules_frozen_v1_0_market_qc_pending
2023-12-29,USDC,Circle,usd-coin,2,1.001,0.001,0.001,0,0,0,0,0,24213299091.00,24237512390.09,65,0,,normal,DeFiLlama stablecoinprices,DeFiLlama stablecoin/{asset},2026-05-22,RQI_DII_v1.0,frozen_confirmed_by_researcher,1,market_abnormal_price_qc_pending,USDC_ASSURANCE_2023_11,2023-11-30,2023-12-22,7,0,22,0.9446,0.8400,RQI_DII_v1.0,frozen_confirmed_by_researcher,medium,1,normal,latest publication_date <= market date,rules_frozen_v1_0_market_qc_pending
2023-12-30,USDC,Circle,usd-coin,2,1,0,0,0,0,0,0,0,24152768200.00,24152768200.00,65,0,,normal,DeFiLlama stablecoinprices,DeFiLlama stablecoin/{asset},2026-05-22,RQI_DII_v1.0,frozen_confirmed_by_researcher,1,market_abnormal_price_qc_pending,USDC_ASSURANCE_2023_11,2023-11-30,2023-12-22,8,0,22,0.9446,0.8400,RQI_DII_v1.0,frozen_confirmed_by_researcher,medium,1,normal,latest publication_date <= market date,rules_frozen_v1_0_market_qc_pending
2023-12-31,USDC,Circle,usd-coin,2,0.999547,-0.000453,0.000453,0,0,0,0,0,24066228282.00,24055326280.59,65,0,,normal,DeFiLlama stablecoinprices,DeFiLlama stablecoin/{asset},2026-05-22,RQI_DII_v1.0,frozen_confirmed_by_researcher,1,market_abnormal_price_qc_pending,USDC_ASSURANCE_2023_11,2023-11-30,2023-12-22,9,0,22,0.9446,0.8400,RQI_DII_v1.0,frozen_confirmed_by_researcher,medium,1,normal,latest publication_date <= market date,rules_frozen_v1_0_market_qc_pending
2024-01-01,USDC,Circle,usd-coin,2,1,0,0,0,0,0,0,0,23904189101.00,23904189101.00,65,0,,normal,DeFiLlama stablecoinprices,DeFiLlama stablecoin/{asset},2026-05-22,RQI_DII_v1.0,frozen_confirmed_by_researcher,1,market_abnormal_price_qc_pending,USDC_ASSURANCE_2023_11,2023-11-30,2023-12-22,10,0,22,0.9446,0.8400,RQI_DII_v1.0,frozen_confirmed_by_researcher,medium,1,normal,latest publication_date <= market date,rules_frozen_v1_0_market_qc_pending
2024-01-02,USDC,Circle,usd-coin,2,1.003,0.003,0.003,0,0,0,0,0,23991071588.00,24063044802.76,65,0,,normal,DeFiLlama stablecoinprices,DeFiLlama stablecoin/{asset},2026-05-22,RQI_DII_v1.0,frozen_confirmed_by_researcher,1,market_abnormal_price_qc_pending,USDC_ASSURANCE_2023_11,2023-11-30,2023-12-22,11,0,22,0.9446,0.8400,RQI_DII_v1.0,frozen_confirmed_by_researcher,medium,1,normal,latest publication_date <= market date,rules_frozen_v1_0_market_qc_pending
2024-01-03,USDC,Circle,usd-coin,2,0.999487,-0.000513,0.000513,0,0,0,0,0,24155447802.00,24143056057.28,65,0,,normal,DeFiLlama stablecoinprices,DeFiLlama stablecoin/{asset},2026-05-22,RQI_DII_v1.0,frozen_confirmed_by_researcher,1,market_abnormal_price_qc_pending,USDC_ASSURANCE_2023_11,2023-11-30,2023-12-22,12,0,22,0.9446,0.8400,RQI_DII_v1.0,frozen_confirmed_by_researcher,medium,1,normal,latest publication_date <= market date,rules_frozen_v1_0_market_qc_pending
2024-01-04,USDC,Circle,usd-coin,2,0.997643,-0.002357,0.002357,0,0,0,0,0,24307455920.00,24250163246.40,65,0,,normal,DeFiLlama stablecoinprices,DeFiLlama stablecoin/{asset},2026-05-22,RQI_DII_v1.0,frozen_confirmed_by_researcher,1,market_abnormal_price_qc_pending,USDC_ASSURANCE_2023_11,2023-11-30,2023-12-22,13,0,22,0.9446,0.8400,RQI_DII_v1.0,frozen_confirmed_by_researcher,medium,1,normal,latest publication_date <= market date,rules_frozen_v1_0_market_qc_pending
2024-01-05,USDC,Circle,usd-coin,2,1,0,0,0,0,0,0,0,24393275821.00,24393275821.00,65,0,,normal,DeFiLlama stablecoinprices,DeFiLlama stablecoin/{asset},2026-05-22,RQI_DII_v1.0,frozen_confirmed_by_researcher,1,market_abnormal_price_qc_pending,USDC_ASSURANCE_2023_11,2023-11-30,2023-12-22,14,0,22,0.9446,0.8400,RQI_DII_v1.0,frozen_confirmed_by_researcher,medium,1,normal,latest publication_date <= market date,rules_frozen_v1_0_market_qc_pending
2024-01-06,USDC,Circle,usd-coin,2,0.998161,-0.001839,0.001839,0,0,0,0,0,24629914768.00,24584620354.74,65,0,,normal,DeFiLlama stablecoinprices,DeFiLlama stablecoin/{asset},2026-05-22,RQI_DII_v1.0,frozen_confirmed_by_researcher,1,market_abnormal_price_qc_pending,USDC_ASSURANCE_2023_11,2023-11-30,2023-12-22,15,0,22,0.9446,0.8400,RQI_DII_v1.0,frozen_confirmed_by_researcher,medium,1,normal,latest publication_date <= market date,rules_frozen_v1_0_market_qc_pending
2024-01-07,USDC,Circle,usd-coin,2,0.999568,-0.000432,0.000432,0,0,0,0,0,24652936264.00,24642286195.53,65,0,,normal,DeFiLlama stablecoinprices,DeFiLlama stablecoin/{asset},2026-05-22,RQI_DII_v1.0,frozen_confirmed_by_researcher,1,market_abnormal_price_qc_pending,USDC_ASSURANCE_2023_11,2023-11-30,2023-12-22,16,0,22,0.9446,0.8400,RQI_DII_v1.0,frozen_confirmed_by_researcher,medium,1,normal,latest publication_date <= market date,rules_frozen_v1_0_market_qc_pending
2024-01-08,USDC,Circle,usd-coin,2,1,0,0,0,0,0,0,0,24652236664.00,24652236664.00,65,0,,normal,DeFiLlama stablecoinprices,DeFiLlama stablecoin/{asset},2026-05-22,RQI_DII_v1.0,frozen_confirmed_by_researcher,1,market_abnormal_price_qc_pending,USDC_ASSURANCE_2023_11,2023-11-30,2023-12-22,17,0,22,0.9446,0.8400,RQI_DII_v1.0,frozen_confirmed_by_researcher,medium,1,normal,latest publication_date <= market date,rules_frozen_v1_0_market_qc_pending
2024-01-09,USDC,Circle,usd-coin,2,0.997402,-0.002598,0.002598,0,0,0,0,0,24590765350.00,24526878541.62,65,0,,normal,DeFiLlama stablecoinprices,DeFiLlama stablecoin/{asset},2026-05-22,RQI_DII_v1.0,frozen_confirmed_by_researcher,1,market_abnormal_price_qc_pending,USDC_ASSURANCE_2023_11,2023-11-30,2023-12-22,18,0,22,0.9446,0.8400,RQI_DII_v1.0,frozen_confirmed_by_researcher,medium,1,normal,latest publication_date <= market date,rules_frozen_v1_0_market_qc_pending
2024-01-10,USDC,Circle,usd-coin,2,0.996959,-0.003041,0.003041,0,0,0,0,0,24433533742.00,24359231365.89,65,0,,normal,DeFiLlama stablecoinprices,DeFiLlama stablecoin/{asset},2026-05-22,RQI_DII_v1.0,frozen_confirmed_by_researcher,1,market_abnormal_price_qc_pending,USDC_ASSURANCE_2023_11,2023-11-30,2023-12-22,19,0,22,0.9446,0.8400,RQI_DII_v1.0,frozen_confirmed_by_researcher,medium,1,normal,latest publication_date <= market date,rules_frozen_v1_0_market_qc_pending
2024-01-11,USDC,Circle,usd-coin,2,1,0,0,0,0,0,0,0,24435890824.00,24435890824.00,65,0,,normal,DeFiLlama stablecoinprices,DeFiLlama stablecoin/{asset},2026-05-22,RQI_DII_v1.0,frozen_confirmed_by_researcher,1,market_abnormal_price_qc_pending,USDC_ASSURANCE_2023_11,2023-11-30,2023-12-22,20,0,22,0.9446,0.8400,RQI_DII_v1.0,frozen_confirmed_by_researcher,medium,1,normal,latest publication_date <= market date,rules_frozen_v1_0_market_qc_pending
2024-01-12,USDC,Circle,usd-coin,2,0.999611,-0.000389,0.000389,0,0,0,0,0,24444683422.00,24435174440.15,65,0,,normal,DeFiLlama stablecoinprices,DeFiLlama stablecoin/{asset},2026-05-22,RQI_DII_v1.0,frozen_confirmed_by_researcher,1,market_abnormal_price_qc_pending,USDC_ASSURANCE_2023_11,2023-11-30,2023-12-22,21,0,22,0.9446,0.8400,RQI_DII_v1.0,frozen_confirmed_by_researcher,medium,1,normal,latest publication_date <= market date,rules_frozen_v1_0_market_qc_pending
2024-01-13,USDC,Circle,usd-coin,2,0.99867,-0.00133,0.00133,0,0,0,0,0,24521247116.00,24488633857.34,65,0,,normal,DeFiLlama stablecoinprices,DeFiLlama stablecoin/{asset},2026-05-22,RQI_DII_v1.0,frozen_confirmed_by_researcher,1,market_abnormal_price_qc_pending,USDC_ASSURANCE_2023_11,2023-11-30,2023-12-22,22,0,22,0.9446,0.8400,RQI_DII_v1.0,frozen_confirmed_by_researcher,medium,1,normal,latest publication_date <= market date,rules_frozen_v1_0_market_qc_pending
2024-01-14,USDC,Circle,usd-coin,2,0.998334,-0.001666,0.001666,0,0,0,0,0,24610423965.00,24569422998.67,65,0,,normal,DeFiLlama stablecoinprices,DeFiLlama stablecoin/{asset},2026-05-22,RQI_DII_v1.0,frozen_confirmed_by_researcher,1,market_abnormal_price_qc_pending,USDC_ASSURANCE_2023_11,2023-11-30,2023-12-22,23,0,22,0.9446,0.8400,RQI_DII_v1.0,frozen_confirmed_by_researcher,medium,1,normal,latest publication_date <= market date,rules_frozen_v1_0_market_qc_pending
2024-01-15,USDC,Circle,usd-coin,2,0.999909,-0.000091,0.000091,0,0,0,0,0,24609597805.00,24607358331.60,65,0,,normal,DeFiLlama stablecoinprices,DeFiLlama stablecoin/{asset},2026-05-22,RQI_DII_v1.0,frozen_confirmed_by_researcher,1,market_abnormal_price_qc_pending,USDC_ASSURANCE_2023_11,2023-11-30,2023-12-22,24,0,22,0.9446,0.8400,RQI_DII_v1.0,frozen_confirmed_by_researcher,medium,1,normal,latest publication_date <= market date,rules_frozen_v1_0_market_qc_pending
2024-01-16,USDC,Circle,usd-coin,2,0.99951,-0.00049,0.00049,0,0,0,0,0,24595666294.00,24583614417.52,65,0,,normal,DeFiLlama stablecoinprices,DeFiLlama stablecoin/{asset},2026-05-22,RQI_DII_v1.0,frozen_confirmed_by_researcher,1,market_abnormal_price_qc_pending,USDC_ASSURANCE_2023_11,2023-11-30,2023-12-22,25,0,22,0.9446,0.8400,RQI_DII_v1.0,frozen_confirmed_by_researcher,medium,1,normal,latest publication_date <= market date,rules_frozen_v1_0_market_qc_pending
2024-01-17,USDC,Circle,usd-coin,2,0.999782,-0.000218,0.000218,0,0,0,0,0,24572668538.00,24567311696.26,65,0,,normal,DeFiLlama stablecoinprices,DeFiLlama stablecoin/{asset},2026-05-22,RQI_DII_v1.0,frozen_confirmed_by_researcher,1,market_abnormal_price_qc_pending,USDC_ASSURANCE_2023_11,2023-11-30,2023-12-22,26,0,22,0.9446,0.8400,RQI_DII_v1.0,frozen_confirmed_by_researcher,medium,1,normal,latest publication_date <= market date,rules_frozen_v1_0_market_qc_pending
2024-01-18,USDC,Circle,usd-coin,2,0.999388,-0.000612,0.000612,0,0,0,0,0,24811043730.00,24795859371.24,65,0,,normal,DeFiLlama stablecoinprices,DeFiLlama stablecoin/{asset},2026-05-22,RQI_DII_v1.0,frozen_confirmed_by_researcher,1,market_abnormal_price_qc_pending,USDC_ASSURANCE_2023_11,2023-11-30,2023-12-22,27,0,22,0.9446,0.8400,RQI_DII_v1.0,frozen_confirmed_by_researcher,medium,1,normal,latest publication_date <= market date,rules_frozen_v1_0_market_qc_pending
2024-01-19,USDC,Circle,usd-coin,2,0.998757,-0.001243,0.001243,0,0,0,0,0,24766810419.00,24736025273.65,65,0,,normal,DeFiLlama stablecoinprices,DeFiLlama stablecoin/{asset},2026-05-22,RQI_DII_v1.0,frozen_confirmed_by_researcher,1,market_abnormal_price_qc_pending,USDC_ASSURANCE_2023_11,2023-11-30,2023-12-22,28,0,22,0.9446,0.8400,RQI_DII_v1.0,frozen_confirmed_by_researcher,medium,1,normal,latest publication_date <= market date,rules_frozen_v1_0_market_qc_pending
2024-01-20,USDC,Circle,usd-coin,2,1.001,0.001,0.001,0,0,0,0,0,24695680387.00,24720376067.39,65,0,,normal,DeFiLlama stablecoinprices,DeFiLlama stablecoin/{asset},2026-05-22,RQI_DII_v1.0,frozen_confirmed_by_researcher,1,market_abnormal_price_qc_pending,USDC_ASSURANCE_2023_11,2023-11-30,2023-12-22,29,0,22,0.9446,0.8400,RQI_DII_v1.0,frozen_confirmed_by_researcher,medium,1,normal,latest publication_date <= market date,rules_frozen_v1_0_market_qc_pending
2024-01-21,USDC,Circle,usd-coin,2,0.999559,-0.000441,0.000441,0,0,0,0,0,24836554136.00,24825601215.63,65,0,,normal,DeFiLlama stablecoinprices,DeFiLlama stablecoin/{asset},2026-05-22,RQI_DII_v1.0,frozen_confirmed_by_researcher,1,market_abnormal_price_qc_pending,USDC_ASSURANCE_2023_11,2023-11-30,2023-12-22,30,0,22,0.9446,0.8400,RQI_DII_v1.0,frozen_confirmed_by_researcher,medium,1,normal,latest publication_date <= market date,rules_frozen_v1_0_market_qc_pending
2024-01-22,USDC,Circle,usd-coin,2,0.999575,-0.000425,0.000425,0,0,0,0,0,24858756294.00,24848191322.58,65,0,,normal,DeFiLlama stablecoinprices,DeFiLlama stablecoin/{asset},2026-05-22,RQI_DII_v1.0,frozen_confirmed_by_researcher,1,market_abnormal_price_qc_pending,USDC_ASSURANCE_2023_11,2023-11-30,2023-12-22,31,0,22,0.9446,0.8400,RQI_DII_v1.0,frozen_confirmed_by_researcher,medium,1,normal,latest publication_date <= market date,rules_frozen_v1_0_market_qc_pending
2024-01-23,USDC,Circle,usd-coin,2,1.002,0.002,0.002,0,0,0,0,0,24712439188.00,24761864066.38,65,0,,normal,DeFiLlama stablecoinprices,DeFiLlama stablecoin/{asset},2026-05-22,RQI_DII_v1.0,frozen_confirmed_by_researcher,1,market_abnormal_price_qc_pending,USDC_ASSURANCE_2023_11,2023-11-30,2023-12-22,32,0,22,0.9446,0.8400,RQI_DII_v1.0,frozen_confirmed_by_researcher,medium,1,normal,latest publication_date <= market date,rules_frozen_v1_0_market_qc_pending
2024-01-24,USDC,Circle,usd-coin,2,1.002,0.002,0.002,0,0,0,0,0,24748538899.00,24798035976.80,65,0,,normal,DeFiLlama stablecoinprices,DeFiLlama stablecoin/{asset},2026-05-22,RQI_DII_v1.0,frozen_confirmed_by_researcher,1,market_abnormal_price_qc_pending,USDC_ASSURANCE_2023_11,2023-11-30,2023-12-22,33,0,22,0.9446,0.8400,RQI_DII_v1.0,frozen_confirmed_by_researcher,medium,1,normal,latest publication_date <= market date,rules_frozen_v1_0_market_qc_pending
2024-01-25,USDC,Circle,usd-coin,2,0.99971,-0.00029,0.00029,0,0,0,0,0,24858597427.00,24851388433.75,65,0,,normal,DeFiLlama stablecoinprices,DeFiLlama stablecoin/{asset},2026-05-22,RQI_DII_v1.0,frozen_confirmed_by_researcher,1,market_abnormal_price_qc_pending,USDC_ASSURANCE_2023_11,2023-11-30,2023-12-22,34,0,22,0.9446,0.8400,RQI_DII_v1.0,frozen_confirmed_by_researcher,medium,1,normal,latest publication_date <= market date,rules_frozen_v1_0_market_qc_pending
2024-01-26,USDC,Circle,usd-coin,2,1,0,0,0,0,0,0,0,25018474540.00,25018474540.00,65,0,,normal,DeFiLlama stablecoinprices,DeFiLlama stablecoin/{asset},2026-05-22,RQI_DII_v1.0,frozen_confirmed_by_researcher,1,market_abnormal_price_qc_pending,USDC_ASSURANCE_2023_11,2023-11-30,2023-12-22,35,0,22,0.9446,0.8400,RQI_DII_v1.0,frozen_confirmed_by_researcher,medium,1,normal,latest publication_date <= market date,rules_frozen_v1_0_market_qc_pending
2024-01-27,USDC,Circle,usd-coin,2,0.999538,-0.000462,0.000462,0,0,0,0,0,25087910678.00,25076320063.27,65,0,,normal,DeFiLlama stablecoinprices,DeFiLlama stablecoin/{asset},2026-05-22,RQI_DII_v1.0,frozen_confirmed_by_researcher,1,market_abnormal_price_qc_pending,USDC_ASSURANCE_2023_11,2023-11-30,2023-12-22,36,0,22,0.9446,0.8400,RQI_DII_v1.0,frozen_confirmed_by_researcher,medium,1,normal,latest publication_date <= market date,rules_frozen_v1_0_market_qc_pending
2024-01-28,USDC,Circle,usd-coin,2,0.999751,-0.000249,0.000249,0,0,0,0,0,25144418455.00,25138157494.80,65,0,,normal,DeFiLlama stablecoinprices,DeFiLlama stablecoin/{asset},2026-05-22,RQI_DII_v1.0,frozen_confirmed_by_researcher,1,market_abnormal_price_qc_pending,USDC_ASSURANCE_2023_11,2023-11-30,2023-12-22,37,0,22,0.9446,0.8400,RQI_DII_v1.0,frozen_confirmed_by_researcher,medium,1,normal,latest publication_date <= market date,rules_frozen_v1_0_market_qc_pending
2024-01-29,USDC,Circle,usd-coin,2,0.998526,-0.001474,0.001474,0,0,0,0,0,25166814064.00,25129718180.07,65,0,,normal,DeFiLlama stablecoinprices,DeFiLlama stablecoin/{asset},2026-05-22,RQI_DII_v1.0,frozen_confirmed_by_researcher,1,market_abnormal_price_qc_pending,USDC_ASSURANCE_2023_11,2023-11-30,2023-12-22,38,0,22,0.9446,0.8400,RQI_DII_v1.0,frozen_confirmed_by_researcher,medium,1,normal,latest publication_date <= market date,rules_frozen_v1_0_market_qc_pending
2024-01-30,USDC,Circle,usd-coin,2,1.001,0.001,0.001,0,0,0,0,0,25410134276.00,25435544410.28,65,0,,normal,DeFiLlama stablecoinprices,DeFiLlama stablecoin/{asset},2026-05-22,RQI_DII_v1.0,frozen_confirmed_by_researcher,1,market_abnormal_price_qc_pending,USDC_ASSURANCE_2023_11,2023-11-30,2023-12-22,39,0,22,0.9446,0.8400,RQI_DII_v1.0,frozen_confirmed_by_researcher,medium,1,normal,latest publication_date <= market date,rules_frozen_v1_0_market_qc_pending
2024-01-31,USDC,Circle,usd-coin,2,0.99871,-0.00129,0.00129,0,0,0,0,0,25645906918.00,25612823698.08,65,0,,normal,DeFiLlama stablecoinprices,DeFiLlama stablecoin/{asset},2026-05-22,RQI_DII_v1.0,frozen_confirmed_by_researcher,1,market_abnormal_price_qc_pending,USDC_ASSURANCE_2023_11,2023-11-30,2023-12-22,40,0,22,0.9446,0.8400,RQI_DII_v1.0,frozen_confirmed_by_researcher,medium,1,normal,latest publication_date <= market date,rules_frozen_v1_0_market_qc_pending
2024-02-01,USDC,Circle,usd-coin,2,0.998374,-0.001626,0.001626,0,0,0,0,0,25877382653.00,25835306028.81,65,0,,normal,DeFiLlama stablecoinprices,DeFiLlama stablecoin/{asset},2026-05-22,RQI_DII_v1.0,frozen_confirmed_by_researcher,1,market_abnormal_price_qc_pending,USDC_ASSURANCE_2023_11,2023-11-30,2023-12-22,41,0,22,0.9446,0.8400,RQI_DII_v1.0,frozen_confirmed_by_researcher,medium,1,normal,latest publication_date <= market date,rules_frozen_v1_0_market_qc_pending
2024-02-02,USDC,Circle,usd-coin,2,1.002,0.002,0.002,0,0,0,0,0,25815915357.00,25867547187.71,65,0,,normal,DeFiLlama stablecoinprices,DeFiLlama stablecoin/{asset},2026-05-22,RQI_DII_v1.0,frozen_confirmed_by_researcher,1,market_abnormal_price_qc_pending,USDC_ASSURANCE_2023_11,2023-11-30,2023-12-22,42,0,22,0.9446,0.8400,RQI_DII_v1.0,frozen_confirmed_by_researcher,medium,1,normal,latest publication_date <= market date,rules_frozen_v1_0_market_qc_pending
2024-02-03,USDC,Circle,usd-coin,2,1,0,0,0,0,0,0,0,25932966565.00,25932966565.00,65,0,,normal,DeFiLlama stablecoinprices,DeFiLlama stablecoin/{asset},2026-05-22,RQI_DII_v1.0,frozen_confirmed_by_researcher,1,market_abnormal_price_qc_pending,USDC_ASSURANCE_2023_11,2023-11-30,2023-12-22,43,0,22,0.9446,0.8400,RQI_DII_v1.0,frozen_confirmed_by_researcher,medium,1,normal,latest publication_date <= market date,rules_frozen_v1_0_market_qc_pending
2024-02-04,USDC,Circle,usd-coin,2,0.999861,-0.000139,0.000139,0,0,0,0,0,25984691842.00,25981079969.83,65,0,,normal,DeFiLlama stablecoinprices,DeFiLlama stablecoin/{asset},2026-05-22,RQI_DII_v1.0,frozen_confirmed_by_researcher,1,market_abnormal_price_qc_pending,USDC_ASSURANCE_2023_11,2023-11-30,2023-12-22,44,0,22,0.9446,0.8400,RQI_DII_v1.0,frozen_confirmed_by_researcher,medium,1,normal,latest publication_date <= market date,rules_frozen_v1_0_market_qc_pending
2024-02-05,USDC,Circle,usd-coin,2,0.999014,-0.000986,0.000986,0,0,0,0,0,26029465690.00,26003800636.83,65,0,,normal,DeFiLlama stablecoinprices,DeFiLlama stablecoin/{asset},2026-05-22,RQI_DII_v1.0,frozen_confirmed_by_researcher,1,market_abnormal_price_qc_pending,USDC_ASSURANCE_2023_11,2023-11-30,2023-12-22,45,0,22,0.9446,0.8400,RQI_DII_v1.0,frozen_confirmed_by_researcher,medium,1,normal,latest publication_date <= market date,rules_frozen_v1_0_market_qc_pending
2024-02-06,USDC,Circle,usd-coin,2,0.999753,-0.000247,0.000247,0,0,0,0,0,26002409373.00,25995986777.88,65,0,,normal,DeFiLlama stablecoinprices,DeFiLlama stablecoin/{asset},2026-05-22,RQI_DII_v1.0,frozen_confirmed_by_researcher,1,market_abnormal_price_qc_pending,USDC_ASSURANCE_2023_11,2023-11-30,2023-12-22,46,1,22,0.9446,0.8400,RQI_DII_v1.0,frozen_confirmed_by_researcher,medium,1,normal,latest publication_date <= market date,rules_frozen_v1_0_market_qc_pending
2024-02-07,USDC,Circle,usd-coin,2,1.002,0.002,0.002,0,0,0,0,0,26253623336.00,26306130582.67,65,0,,normal,DeFiLlama stablecoinprices,DeFiLlama stablecoin/{asset},2026-05-22,RQI_DII_v1.0,frozen_confirmed_by_researcher,1,market_abnormal_price_qc_pending,USDC_ASSURANCE_2023_11,2023-11-30,2023-12-22,47,1,22,0.9446,0.8400,RQI_DII_v1.0,frozen_confirmed_by_researcher,medium,1,normal,latest publication_date <= market date,rules_frozen_v1_0_market_qc_pending
2024-02-08,USDC,Circle,usd-coin,2,1.001,0.001,0.001,0,0,0,0,0,26450440520.00,26476890960.52,65,0,,normal,DeFiLlama stablecoinprices,DeFiLlama stablecoin/{asset},2026-05-22,RQI_DII_v1.0,frozen_confirmed_by_researcher,1,market_abnormal_price_qc_pending,USDC_ASSURANCE_2023_11,2023-11-30,2023-12-22,48,1,22,0.9446,0.8400,RQI_DII_v1.0,frozen_confirmed_by_researcher,medium,1,normal,latest publication_date <= market date,rules_frozen_v1_0_market_qc_pending
2024-02-09,USDC,Circle,usd-coin,2,0.999882,-0.000118,0.000118,0,0,0,0,0,26651731851.00,26648586946.64,65,0,,normal,DeFiLlama stablecoinprices,DeFiLlama stablecoin/{asset},2026-05-22,RQI_DII_v1.0,frozen_confirmed_by_researcher,1,market_abnormal_price_qc_pending,USDC_ASSURANCE_2023_11,2023-11-30,2023-12-22,49,1,22,0.9446,0.8400,RQI_DII_v1.0,frozen_confirmed_by_researcher,medium,1,normal,latest publication_date <= market date,rules_frozen_v1_0_market_qc_pending
2024-02-10,USDC,Circle,usd-coin,2,0.999367,-0.000633,0.000633,0,0,0,0,0,26841740344.00,26824749522.36,65,0,,normal,DeFiLlama stablecoinprices,DeFiLlama stablecoin/{asset},2026-05-22,RQI_DII_v1.0,frozen_confirmed_by_researcher,1,market_abnormal_price_qc_pending,USDC_ASSURANCE_2023_11,2023-11-30,2023-12-22,50,1,22,0.9446,0.8400,RQI_DII_v1.0,frozen_confirmed_by_researcher,medium,1,normal,latest publication_date <= market date,rules_frozen_v1_0_market_qc_pending
2024-02-11,USDC,Circle,usd-coin,2,1,0,0,0,0,0,0,0,26861911593.00,26861911593.00,65,0,,normal,DeFiLlama stablecoinprices,DeFiLlama stablecoin/{asset},2026-05-22,RQI_DII_v1.0,frozen_confirmed_by_researcher,1,market_abnormal_price_qc_pending,USDC_ASSURANCE_2023_11,2023-11-30,2023-12-22,51,1,22,0.9446,0.8400,RQI_DII_v1.0,frozen_confirmed_by_researcher,medium,1,normal,latest publication_date <= market date,rules_frozen_v1_0_market_qc_pending
2024-02-12,USDC,Circle,usd-coin,2,1.001,0.001,0.001,0,0,0,0,0,26838487535.00,26865326022.53,65,0,,normal,DeFiLlama stablecoinprices,DeFiLlama stablecoin/{asset},2026-05-22,RQI_DII_v1.0,frozen_confirmed_by_researcher,1,market_abnormal_price_qc_pending,USDC_ASSURANCE_2023_11,2023-11-30,2023-12-22,52,1,22,0.9446,0.8400,RQI_DII_v1.0,frozen_confirmed_by_researcher,medium,1,normal,latest publication_date <= market date,rules_frozen_v1_0_market_qc_pending
2024-02-13,USDC,Circle,usd-coin,2,0.999999,-0.000001,0.000001,0,0,0,0,0,26692071090.00,26692044397.93,65,0,,normal,DeFiLlama stablecoinprices,DeFiLlama stablecoin/{asset},2026-05-22,RQI_DII_v1.0,frozen_confirmed_by_researcher,1,market_abnormal_price_qc_pending,USDC_ASSURANCE_2023_11,2023-11-30,2023-12-22,53,1,22,0.9446,0.8400,RQI_DII_v1.0,frozen_confirmed_by_researcher,medium,1,normal,latest publication_date <= market date,rules_frozen_v1_0_market_qc_pending
2024-02-14,USDC,Circle,usd-coin,2,0.999009,-0.000991,0.000991,0,0,0,0,0,26750201485.00,26723692035.33,65,0,,normal,DeFiLlama stablecoinprices,DeFiLlama stablecoin/{asset},2026-05-22,RQI_DII_v1.0,frozen_confirmed_by_researcher,1,market_abnormal_price_qc_pending,USDC_ASSURANCE_2023_11,2023-11-30,2023-12-22,54,1,22,0.9446,0.8400,RQI_DII_v1.0,frozen_confirmed_by_researcher,medium,1,normal,latest publication_date <= market date,rules_frozen_v1_0_market_qc_pending
2024-02-15,USDC,Circle,usd-coin,2,1.005,0.005,0.005,0,0,0,0,1,26919800757.00,27054399760.78,66,0,,normal,DeFiLlama stablecoinprices,DeFiLlama stablecoin/{asset},2026-05-22,RQI_DII_v1.0,frozen_confirmed_by_researcher,1,market_abnormal_price_qc_pending,USDC_ASSURANCE_2023_11,2023-11-30,2023-12-22,55,1,22,0.9446,0.8400,RQI_DII_v1.0,frozen_confirmed_by_researcher,medium,1,normal,latest publication_date <= market date,rules_frozen_v1_0_market_qc_pending
2024-02-16,USDC,Circle,usd-coin,2,0.998611,-0.001389,0.001389,0,0,0,0,0,26997612331.00,26960112647.47,66,0,,normal,DeFiLlama stablecoinprices,DeFiLlama stablecoin/{asset},2026-05-22,RQI_DII_v1.0,frozen_confirmed_by_researcher,1,market_abnormal_price_qc_pending,USDC_ASSURANCE_2023_11,2023-11-30,2023-12-22,56,1,22,0.9446,0.8400,RQI_DII_v1.0,frozen_confirmed_by_researcher,medium,1,normal,latest publication_date <= market date,rules_frozen_v1_0_market_qc_pending
2024-02-17,USDC,Circle,usd-coin,2,0.99945,-0.00055,0.00055,0,0,0,0,0,26995448185.00,26980600688.50,66,0,,normal,DeFiLlama stablecoinprices,DeFiLlama stablecoin/{asset},2026-05-22,RQI_DII_v1.0,frozen_confirmed_by_researcher,1,market_abnormal_price_qc_pending,USDC_ASSURANCE_2023_11,2023-11-30,2023-12-22,57,1,22,0.9446,0.8400,RQI_DII_v1.0,frozen_confirmed_by_researcher,medium,1,normal,latest publication_date <= market date,rules_frozen_v1_0_market_qc_pending
2024-02-18,USDC,Circle,usd-coin,2,1.001,0.001,0.001,0,0,0,0,0,27000446716.00,27027447162.72,67,0,,normal,DeFiLlama stablecoinprices,DeFiLlama stablecoin/{asset},2026-05-22,RQI_DII_v1.0,frozen_confirmed_by_researcher,1,market_abnormal_price_qc_pending,USDC_ASSURANCE_2023_11,2023-11-30,2023-12-22,58,1,22,0.9446,0.8400,RQI_DII_v1.0,frozen_confirmed_by_researcher,medium,1,normal,latest publication_date <= market date,rules_frozen_v1_0_market_qc_pending
2024-02-19,USDC,Circle,usd-coin,2,1,0,0,0,0,0,0,0,26958111249.00,26958111249.00,67,0,,normal,DeFiLlama stablecoinprices,DeFiLlama stablecoin/{asset},2026-05-22,RQI_DII_v1.0,frozen_confirmed_by_researcher,1,market_abnormal_price_qc_pending,USDC_ASSURANCE_2023_11,2023-11-30,2023-12-22,59,1,22,0.9446,0.8400,RQI_DII_v1.0,frozen_confirmed_by_researcher,medium,1,normal,latest publication_date <= market date,rules_frozen_v1_0_market_qc_pending
2024-02-20,USDC,Circle,usd-coin,2,0.998935,-0.001065,0.001065,0,0,0,0,0,26919451917.00,26890782700.71,67,0,,normal,DeFiLlama stablecoinprices,DeFiLlama stablecoin/{asset},2026-05-22,RQI_DII_v1.0,frozen_confirmed_by_researcher,1,market_abnormal_price_qc_pending,USDC_ASSURANCE_2023_11,2023-11-30,2023-12-22,60,1,22,0.9446,0.8400,RQI_DII_v1.0,frozen_confirmed_by_researcher,medium,1,normal,latest publication_date <= market date,rules_frozen_v1_0_market_qc_pending
2024-02-21,USDC,Circle,usd-coin,2,0.998879,-0.001121,0.001121,0,0,0,0,0,26884069263.00,26853932221.36,67,0,,normal,DeFiLlama stablecoinprices,DeFiLlama stablecoin/{asset},2026-05-22,RQI_DII_v1.0,frozen_confirmed_by_researcher,1,market_abnormal_price_qc_pending,USDC_ASSURANCE_2023_11,2023-11-30,2023-12-22,61,1,22,0.9446,0.8400,RQI_DII_v1.0,frozen_confirmed_by_researcher,medium,1,normal,latest publication_date <= market date,rules_frozen_v1_0_market_qc_pending
2024-02-22,USDC,Circle,usd-coin,2,0.997911,-0.002089,0.002089,0,0,0,0,0,26940446667.00,26884168073.91,67,0,,normal,DeFiLlama stablecoinprices,DeFiLlama stablecoin/{asset},2026-05-22,RQI_DII_v1.0,frozen_confirmed_by_researcher,1,market_abnormal_price_qc_pending,USDC_ASSURANCE_2023_11,2023-11-30,2023-12-22,62,1,22,0.9446,0.8400,RQI_DII_v1.0,frozen_confirmed_by_researcher,medium,1,normal,latest publication_date <= market date,rules_frozen_v1_0_market_qc_pending
2024-02-23,USDC,Circle,usd-coin,2,1.001,0.001,0.001,0,0,0,0,0,26888204967.00,26915093171.97,67,0,,normal,DeFiLlama stablecoinprices,DeFiLlama stablecoin/{asset},2026-05-22,RQI_DII_v1.0,frozen_confirmed_by_researcher,1,market_abnormal_price_qc_pending,USDC_ASSURANCE_2023_11,2023-11-30,2023-12-22,63,1,22,0.9446,0.8400,RQI_DII_v1.0,frozen_confirmed_by_researcher,medium,1,normal,latest publication_date <= market date,rules_frozen_v1_0_market_qc_pending
2024-02-24,USDC,Circle,usd-coin,2,1.001,0.001,0.001,0,0,0,0,0,26976099495.00,27003075594.49,67,0,,normal,DeFiLlama stablecoinprices,DeFiLlama stablecoin/{asset},2026-05-22,RQI_DII_v1.0,frozen_confirmed_by_researcher,1,market_abnormal_price_qc_pending,USDC_ASSURANCE_2023_11,2023-11-30,2023-12-22,64,1,22,0.9446,0.8400,RQI_DII_v1.0,frozen_confirmed_by_researcher,medium,1,normal,latest publication_date <= market date,rules_frozen_v1_0_market_qc_pending
2024-02-25,USDC,Circle,usd-coin,2,0.999291,-0.000709,0.000709,0,0,0,0,0,27025735083.00,27006573836.83,67,0,,normal,DeFiLlama stablecoinprices,DeFiLlama stablecoin/{asset},2026-05-22,RQI_DII_v1.0,frozen_confirmed_by_researcher,1,market_abnormal_price_qc_pending,USDC_ASSURANCE_2023_11,2023-11-30,2023-12-22,65,1,22,0.9446,0.8400,RQI_DII_v1.0,frozen_confirmed_by_researcher,medium,1,normal,latest publication_date <= market date,rules_frozen_v1_0_market_qc_pending
2024-02-26,USDC,Circle,usd-coin,2,0.999496,-0.000504,0.000504,0,0,0,0,0,27051384993.00,27037751094.96,67,0,,normal,DeFiLlama stablecoinprices,DeFiLlama stablecoin/{asset},2026-05-22,RQI_DII_v1.0,frozen_confirmed_by_researcher,1,market_abnormal_price_qc_pending,USDC_ASSURANCE_2023_11,2023-11-30,2023-12-22,66,1,22,0.9446,0.8400,RQI_DII_v1.0,frozen_confirmed_by_researcher,medium,1,normal,latest publication_date <= market date,rules_frozen_v1_0_market_qc_pending
2024-02-27,USDC,Circle,usd-coin,2,0.998512,-0.001488,0.001488,0,0,0,0,0,27283677489.00,27243079376.90,67,0,,normal,DeFiLlama stablecoinprices,DeFiLlama stablecoin/{asset},2026-05-22,RQI_DII_v1.0,frozen_confirmed_by_researcher,1,market_abnormal_price_qc_pending,USDC_ASSURANCE_2023_11,2023-11-30,2023-12-22,67,1,22,0.9446,0.8400,RQI_DII_v1.0,frozen_confirmed_by_researcher,medium,1,normal,latest publication_date <= market date,rules_frozen_v1_0_market_qc_pending
2024-02-28,USDC,Circle,usd-coin,2,1.001,0.001,0.001,0,0,0,0,0,27230886842.00,27258117728.84,67,0,,normal,DeFiLlama stablecoinprices,DeFiLlama stablecoin/{asset},2026-05-22,RQI_DII_v1.0,frozen_confirmed_by_researcher,1,market_abnormal_price_qc_pending,USDC_ASSURANCE_2023_11,2023-11-30,2023-12-22,68,1,22,0.9446,0.8400,RQI_DII_v1.0,frozen_confirmed_by_researcher,medium,1,normal,latest publication_date <= market date,rules_frozen_v1_0_market_qc_pending
2024-02-29,USDC,Circle,usd-coin,2,0.997833,-0.002167,0.002167,0,0,0,0,0,27382619880.00,27323281742.72,67,0,,normal,DeFiLlama stablecoinprices,DeFiLlama stablecoin/{asset},2026-05-22,RQI_DII_v1.0,frozen_confirmed_by_researcher,1,market_abnormal_price_qc_pending,USDC_ASSURANCE_2024_01,2024-01-31,2024-02-29,0,0,29,0.9410,0.8400,RQI_DII_v1.0,frozen_confirmed_by_researcher,medium,1,normal,latest publication_date <= market date,rules_frozen_v1_0_market_qc_pending
2024-03-01,USDC,Circle,usd-coin,2,1.003,0.003,0.003,0,0,0,0,0,27519700895.00,27602259997.68,67,0,,normal,DeFiLlama stablecoinprices,DeFiLlama stablecoin/{asset},2026-05-22,RQI_DII_v1.0,frozen_confirmed_by_researcher,1,market_abnormal_price_qc_pending,USDC_ASSURANCE_2024_01,2024-01-31,2024-02-29,1,0,29,0.9410,0.8400,RQI_DII_v1.0,frozen_confirmed_by_researcher,medium,1,normal,latest publication_date <= market date,rules_frozen_v1_0_market_qc_pending
2024-03-02,USDC,Circle,usd-coin,2,1.001,0.001,0.001,0,0,0,0,0,27708886969.00,27736595855.97,67,0,,normal,DeFiLlama stablecoinprices,DeFiLlama stablecoin/{asset},2026-05-22,RQI_DII_v1.0,frozen_confirmed_by_researcher,1,market_abnormal_price_qc_pending,USDC_ASSURANCE_2024_01,2024-01-31,2024-02-29,2,0,29,0.9410,0.8400,RQI_DII_v1.0,frozen_confirmed_by_researcher,medium,1,normal,latest publication_date <= market date,rules_frozen_v1_0_market_qc_pending
2024-03-03,USDC,Circle,usd-coin,2,0.998968,-0.001032,0.001032,0,0,0,0,0,27697165348.00,27668581873.36,67,0,,normal,DeFiLlama stablecoinprices,DeFiLlama stablecoin/{asset},2026-05-22,RQI_DII_v1.0,frozen_confirmed_by_researcher,1,market_abnormal_price_qc_pending,USDC_ASSURANCE_2024_01,2024-01-31,2024-02-29,3,0,29,0.9410,0.8400,RQI_DII_v1.0,frozen_confirmed_by_researcher,medium,1,normal,latest publication_date <= market date,rules_frozen_v1_0_market_qc_pending
2024-03-04,USDC,Circle,usd-coin,2,1.002,0.002,0.002,0,0,0,0,0,27639412454.00,27694691278.91,67,0,,normal,DeFiLlama stablecoinprices,DeFiLlama stablecoin/{asset},2026-05-22,RQI_DII_v1.0,frozen_confirmed_by_researcher,1,market_abnormal_price_qc_pending,USDC_ASSURANCE_2024_01,2024-01-31,2024-02-29,4,0,29,0.9410,0.8400,RQI_DII_v1.0,frozen_confirmed_by_researcher,medium,1,normal,latest publication_date <= market date,rules_frozen_v1_0_market_qc_pending
2024-03-05,USDC,Circle,usd-coin,2,0.996951,-0.003049,0.003049,0,0,0,0,0,27574286941.00,27490212940.12,67,0,,normal,DeFiLlama stablecoinprices,DeFiLlama stablecoin/{asset},2026-05-22,RQI_DII_v1.0,frozen_confirmed_by_researcher,1,market_abnormal_price_qc_pending,USDC_ASSURANCE_2024_01,2024-01-31,2024-02-29,5,0,29,0.9410,0.8400,RQI_DII_v1.0,frozen_confirmed_by_researcher,medium,1,normal,latest publication_date <= market date,rules_frozen_v1_0_market_qc_pending
2024-03-06,USDC,Circle,usd-coin,2,0.999888,-0.000112,0.000112,0,0,0,0,0,27500266781.00,27497186751.12,67,0,,normal,DeFiLlama stablecoinprices,DeFiLlama stablecoin/{asset},2026-05-22,RQI_DII_v1.0,frozen_confirmed_by_researcher,1,market_abnormal_price_qc_pending,USDC_ASSURANCE_2024_01,2024-01-31,2024-02-29,6,0,29,0.9410,0.8400,RQI_DII_v1.0,frozen_confirmed_by_researcher,medium,1,normal,latest publication_date <= market date,rules_frozen_v1_0_market_qc_pending
2024-03-07,USDC,Circle,usd-coin,2,0.996519,-0.003481,0.003481,0,0,0,0,0,27776176197.00,27679487327.66,67,0,,normal,DeFiLlama stablecoinprices,DeFiLlama stablecoin/{asset},2026-05-22,RQI_DII_v1.0,frozen_confirmed_by_researcher,1,market_abnormal_price_qc_pending,USDC_ASSURANCE_2024_01,2024-01-31,2024-02-29,7,0,29,0.9410,0.8400,RQI_DII_v1.0,frozen_confirmed_by_researcher,medium,1,normal,latest publication_date <= market date,rules_frozen_v1_0_market_qc_pending
2024-03-08,USDC,Circle,usd-coin,2,1,0,0,0,0,0,0,0,27920945553.00,27920945553.00,67,0,,normal,DeFiLlama stablecoinprices,DeFiLlama stablecoin/{asset},2026-05-22,RQI_DII_v1.0,frozen_confirmed_by_researcher,1,market_abnormal_price_qc_pending,USDC_ASSURANCE_2024_01,2024-01-31,2024-02-29,8,0,29,0.9410,0.8400,RQI_DII_v1.0,frozen_confirmed_by_researcher,medium,1,normal,latest publication_date <= market date,rules_frozen_v1_0_market_qc_pending
2024-03-09,USDC,Circle,usd-coin,2,0.999935,-0.000065,0.000065,0,0,0,0,0,28476482173.00,28474631201.66,67,0,,normal,DeFiLlama stablecoinprices,DeFiLlama stablecoin/{asset},2026-05-22,RQI_DII_v1.0,frozen_confirmed_by_researcher,1,market_abnormal_price_qc_pending,USDC_ASSURANCE_2024_01,2024-01-31,2024-02-29,9,0,29,0.9410,0.8400,RQI_DII_v1.0,frozen_confirmed_by_researcher,medium,1,normal,latest publication_date <= market date,rules_frozen_v1_0_market_qc_pending
2024-03-10,USDC,Circle,usd-coin,2,0.999727,-0.000273,0.000273,0,0,0,0,0,28517669609.00,28509884285.20,67,0,,normal,DeFiLlama stablecoinprices,DeFiLlama stablecoin/{asset},2026-05-22,RQI_DII_v1.0,frozen_confirmed_by_researcher,1,market_abnormal_price_qc_pending,USDC_ASSURANCE_2024_01,2024-01-31,2024-02-29,10,0,29,0.9410,0.8400,RQI_DII_v1.0,frozen_confirmed_by_researcher,medium,1,normal,latest publication_date <= market date,rules_frozen_v1_0_market_qc_pending
2024-03-11,USDC,Circle,usd-coin,2,0.998084,-0.001916,0.001916,0,0,0,0,0,28640874979.00,28585999062.54,67,0,,normal,DeFiLlama stablecoinprices,DeFiLlama stablecoin/{asset},2026-05-22,RQI_DII_v1.0,frozen_confirmed_by_researcher,1,market_abnormal_price_qc_pending,USDC_ASSURANCE_2024_01,2024-01-31,2024-02-29,11,0,29,0.9410,0.8400,RQI_DII_v1.0,frozen_confirmed_by_researcher,medium,1,normal,latest publication_date <= market date,rules_frozen_v1_0_market_qc_pending
2024-03-12,USDC,Circle,usd-coin,2,0.998663,-0.001337,0.001337,0,0,0,0,0,29008554605.00,28969770167.49,67,0,,normal,DeFiLlama stablecoinprices,DeFiLlama stablecoin/{asset},2026-05-22,RQI_DII_v1.0,frozen_confirmed_by_researcher,1,market_abnormal_price_qc_pending,USDC_ASSURANCE_2024_01,2024-01-31,2024-02-29,12,0,29,0.9410,0.8400,RQI_DII_v1.0,frozen_confirmed_by_researcher,medium,1,normal,latest publication_date <= market date,rules_frozen_v1_0_market_qc_pending
2024-03-13,USDC,Circle,usd-coin,2,0.99995,-0.00005,0.00005,0,0,0,0,0,28970723649.00,28969275112.82,67,0,,normal,DeFiLlama stablecoinprices,DeFiLlama stablecoin/{asset},2026-05-22,RQI_DII_v1.0,frozen_confirmed_by_researcher,1,market_abnormal_price_qc_pending,USDC_ASSURANCE_2024_01,2024-01-31,2024-02-29,13,0,29,0.9410,0.8400,RQI_DII_v1.0,frozen_confirmed_by_researcher,medium,1,normal,latest publication_date <= market date,rules_frozen_v1_0_market_qc_pending
2024-03-14,USDC,Circle,usd-coin,2,1.001,0.001,0.001,0,0,0,0,0,29263949312.00,29293213261.31,67,0,,normal,DeFiLlama stablecoinprices,DeFiLlama stablecoin/{asset},2026-05-22,RQI_DII_v1.0,frozen_confirmed_by_researcher,1,market_abnormal_price_qc_pending,USDC_ASSURANCE_2024_01,2024-01-31,2024-02-29,14,0,29,0.9410,0.8400,RQI_DII_v1.0,frozen_confirmed_by_researcher,medium,1,normal,latest publication_date <= market date,rules_frozen_v1_0_market_qc_pending
2024-03-15,USDC,Circle,usd-coin,2,1.003,0.003,0.003,0,0,0,0,0,29063857838.00,29151049411.51,67,0,,normal,DeFiLlama stablecoinprices,DeFiLlama stablecoin/{asset},2026-05-22,RQI_DII_v1.0,frozen_confirmed_by_researcher,1,market_abnormal_price_qc_pending,USDC_ASSURANCE_2024_01,2024-01-31,2024-02-29,15,0,29,0.9410,0.8400,RQI_DII_v1.0,frozen_confirmed_by_researcher,medium,1,normal,latest publication_date <= market date,rules_frozen_v1_0_market_qc_pending
2024-03-16,USDC,Circle,usd-coin,2,0.99931,-0.00069,0.00069,0,0,0,0,0,29403928498.00,29383639787.34,67,0,,normal,DeFiLlama stablecoinprices,DeFiLlama stablecoin/{asset},2026-05-22,RQI_DII_v1.0,frozen_confirmed_by_researcher,1,market_abnormal_price_qc_pending,USDC_ASSURANCE_2024_01,2024-01-31,2024-02-29,16,0,29,0.9410,0.8400,RQI_DII_v1.0,frozen_confirmed_by_researcher,medium,1,normal,latest publication_date <= market date,rules_frozen_v1_0_market_qc_pending
2024-03-17,USDC,Circle,usd-coin,2,1.001,0.001,0.001,0,0,0,0,0,29462144776.00,29491606920.78,67,0,,normal,DeFiLlama stablecoinprices,DeFiLlama stablecoin/{asset},2026-05-22,RQI_DII_v1.0,frozen_confirmed_by_researcher,1,market_abnormal_price_qc_pending,USDC_ASSURANCE_2024_01,2024-01-31,2024-02-29,17,0,29,0.9410,0.8400,RQI_DII_v1.0,frozen_confirmed_by_researcher,medium,1,normal,latest publication_date <= market date,rules_frozen_v1_0_market_qc_pending
2024-03-18,USDC,Circle,usd-coin,2,0.998469,-0.001531,0.001531,0,0,0,0,0,29388265215.00,29343271780.96,67,0,,normal,DeFiLlama stablecoinprices,DeFiLlama stablecoin/{asset},2026-05-22,RQI_DII_v1.0,frozen_confirmed_by_researcher,1,market_abnormal_price_qc_pending,USDC_ASSURANCE_2024_01,2024-01-31,2024-02-29,18,0,29,0.9410,0.8400,RQI_DII_v1.0,frozen_confirmed_by_researcher,medium,1,normal,latest publication_date <= market date,rules_frozen_v1_0_market_qc_pending
2024-03-19,USDC,Circle,usd-coin,2,0.998536,-0.001464,0.001464,0,0,0,0,0,29706801066.00,29663310309.24,67,0,,normal,DeFiLlama stablecoinprices,DeFiLlama stablecoin/{asset},2026-05-22,RQI_DII_v1.0,frozen_confirmed_by_researcher,1,market_abnormal_price_qc_pending,USDC_ASSURANCE_2024_01,2024-01-31,2024-02-29,19,0,29,0.9410,0.8400,RQI_DII_v1.0,frozen_confirmed_by_researcher,medium,1,normal,latest publication_date <= market date,rules_frozen_v1_0_market_qc_pending
2024-03-20,USDC,Circle,usd-coin,2,1.006,0.006,0.006,1,0,0,0,1,29726520695.00,29904879819.17,69,0,,normal,DeFiLlama stablecoinprices,DeFiLlama stablecoin/{asset},2026-05-22,RQI_DII_v1.0,frozen_confirmed_by_researcher,1,market_abnormal_price_qc_pending,USDC_ASSURANCE_2024_01,2024-01-31,2024-02-29,20,0,29,0.9410,0.8400,RQI_DII_v1.0,frozen_confirmed_by_researcher,medium,1,normal,latest publication_date <= market date,rules_frozen_v1_0_market_qc_pending
2024-03-21,USDC,Circle,usd-coin,2,0.997284,-0.002716,0.002716,0,0,0,0,0,29968843510.00,29887448131.03,69,0,,normal,DeFiLlama stablecoinprices,DeFiLlama stablecoin/{asset},2026-05-22,RQI_DII_v1.0,frozen_confirmed_by_researcher,1,market_abnormal_price_qc_pending,USDC_ASSURANCE_2024_01,2024-01-31,2024-02-29,21,0,29,0.9410,0.8400,RQI_DII_v1.0,frozen_confirmed_by_researcher,medium,1,normal,latest publication_date <= market date,rules_frozen_v1_0_market_qc_pending
2024-03-22,USDC,Circle,usd-coin,2,0.999793,-0.000207,0.000207,0,0,0,0,0,30368510977.00,30362224695.23,69,0,,normal,DeFiLlama stablecoinprices,DeFiLlama stablecoin/{asset},2026-05-22,RQI_DII_v1.0,frozen_confirmed_by_researcher,1,market_abnormal_price_qc_pending,USDC_ASSURANCE_2024_01,2024-01-31,2024-02-29,22,0,29,0.9410,0.8400,RQI_DII_v1.0,frozen_confirmed_by_researcher,medium,1,normal,latest publication_date <= market date,rules_frozen_v1_0_market_qc_pending
2024-03-23,USDC,Circle,usd-coin,2,0.999883,-0.000117,0.000117,0,0,0,0,0,30560603713.00,30557028122.37,69,0,,normal,DeFiLlama stablecoinprices,DeFiLlama stablecoin/{asset},2026-05-22,RQI_DII_v1.0,frozen_confirmed_by_researcher,1,market_abnormal_price_qc_pending,USDC_ASSURANCE_2024_01,2024-01-31,2024-02-29,23,0,29,0.9410,0.8400,RQI_DII_v1.0,frozen_confirmed_by_researcher,medium,1,normal,latest publication_date <= market date,rules_frozen_v1_0_market_qc_pending
2024-03-24,USDC,Circle,usd-coin,2,1.001,0.001,0.001,0,0,0,0,0,30583523289.00,30614106812.29,69,0,,normal,DeFiLlama stablecoinprices,DeFiLlama stablecoin/{asset},2026-05-22,RQI_DII_v1.0,frozen_confirmed_by_researcher,1,market_abnormal_price_qc_pending,USDC_ASSURANCE_2024_01,2024-01-31,2024-02-29,24,0,29,0.9410,0.8400,RQI_DII_v1.0,frozen_confirmed_by_researcher,medium,1,normal,latest publication_date <= market date,rules_frozen_v1_0_market_qc_pending
2024-03-25,USDC,Circle,usd-coin,2,1,0,0,0,0,0,0,0,30573839404.00,30573839404.00,69,0,,normal,DeFiLlama stablecoinprices,DeFiLlama stablecoin/{asset},2026-05-22,RQI_DII_v1.0,frozen_confirmed_by_researcher,1,market_abnormal_price_qc_pending,USDC_ASSURANCE_2024_01,2024-01-31,2024-02-29,25,0,29,0.9410,0.8400,RQI_DII_v1.0,frozen_confirmed_by_researcher,medium,1,normal,latest publication_date <= market date,rules_frozen_v1_0_market_qc_pending
2024-03-26,USDC,Circle,usd-coin,2,1,0,0,0,0,0,0,0,31601414711.00,31601414711.00,69,0,,normal,DeFiLlama stablecoinprices,DeFiLlama stablecoin/{asset},2026-05-22,RQI_DII_v1.0,frozen_confirmed_by_researcher,1,market_abnormal_price_qc_pending,USDC_ASSURANCE_2024_01,2024-01-31,2024-02-29,26,0,29,0.9410,0.8400,RQI_DII_v1.0,frozen_confirmed_by_researcher,medium,1,normal,latest publication_date <= market date,rules_frozen_v1_0_market_qc_pending
2024-03-27,USDC,Circle,usd-coin,2,1.001,0.001,0.001,0,0,0,0,0,31649982052.00,31681632034.05,69,0,,normal,DeFiLlama stablecoinprices,DeFiLlama stablecoin/{asset},2026-05-22,RQI_DII_v1.0,frozen_confirmed_by_researcher,1,market_abnormal_price_qc_pending,USDC_ASSURANCE_2024_01,2024-01-31,2024-02-29,27,0,29,0.9410,0.8400,RQI_DII_v1.0,frozen_confirmed_by_researcher,medium,1,normal,latest publication_date <= market date,rules_frozen_v1_0_market_qc_pending
2024-03-28,USDC,Circle,usd-coin,2,1.002,0.002,0.002,0,0,0,0,0,31452215591.00,31515120022.18,69,0,,normal,DeFiLlama stablecoinprices,DeFiLlama stablecoin/{asset},2026-05-22,RQI_DII_v1.0,frozen_confirmed_by_researcher,1,market_abnormal_price_qc_pending,USDC_ASSURANCE_2024_01,2024-01-31,2024-02-29,28,0,29,0.9410,0.8400,RQI_DII_v1.0,frozen_confirmed_by_researcher,medium,1,normal,latest publication_date <= market date,rules_frozen_v1_0_market_qc_pending
2024-03-29,USDC,Circle,usd-coin,2,0.999437,-0.000563,0.000563,0,0,0,0,0,31816442832.00,31798530174.69,69,0,,normal,DeFiLlama stablecoinprices,DeFiLlama stablecoin/{asset},2026-05-22,RQI_DII_v1.0,frozen_confirmed_by_researcher,1,market_abnormal_price_qc_pending,USDC_ASSURANCE_2024_01,2024-01-31,2024-02-29,29,0,29,0.9410,0.8400,RQI_DII_v1.0,frozen_confirmed_by_researcher,medium,1,normal,latest publication_date <= market date,rules_frozen_v1_0_market_qc_pending
2024-03-30,USDC,Circle,usd-coin,2,0.999098,-0.000902,0.000902,0,0,0,0,0,31877761871.00,31849008129.79,69,0,,normal,DeFiLlama stablecoinprices,DeFiLlama stablecoin/{asset},2026-05-22,RQI_DII_v1.0,frozen_confirmed_by_researcher,1,market_abnormal_price_qc_pending,USDC_ASSURANCE_2024_01,2024-01-31,2024-02-29,30,0,29,0.9410,0.8400,RQI_DII_v1.0,frozen_confirmed_by_researcher,medium,1,normal,latest publication_date <= market date,rules_frozen_v1_0_market_qc_pending
2024-03-31,USDC,Circle,usd-coin,2,1.002,0.002,0.002,0,0,0,0,0,31860869982.00,31924591721.96,69,0,,normal,DeFiLlama stablecoinprices,DeFiLlama stablecoin/{asset},2026-05-22,RQI_DII_v1.0,frozen_confirmed_by_researcher,1,market_abnormal_price_qc_pending,USDC_ASSURANCE_2024_01,2024-01-31,2024-02-29,31,0,29,0.9410,0.8400,RQI_DII_v1.0,frozen_confirmed_by_researcher,medium,1,normal,latest publication_date <= market date,rules_frozen_v1_0_market_qc_pending
2024-04-01,USDC,Circle,usd-coin,2,1,0,0,0,0,0,0,0,31826863996.00,31826863996.00,69,0,,normal,DeFiLlama stablecoinprices,DeFiLlama stablecoin/{asset},2026-05-22,RQI_DII_v1.0,frozen_confirmed_by_researcher,1,market_abnormal_price_qc_pending,USDC_ASSURANCE_2024_01,2024-01-31,2024-02-29,32,0,29,0.9410,0.8400,RQI_DII_v1.0,frozen_confirmed_by_researcher,medium,1,normal,latest publication_date <= market date,rules_frozen_v1_0_market_qc_pending
2024-04-02,USDC,Circle,usd-coin,2,0.998748,-0.001252,0.001252,0,0,0,0,0,32026913073.00,31986815377.83,70,0,,normal,DeFiLlama stablecoinprices,DeFiLlama stablecoin/{asset},2026-05-22,RQI_DII_v1.0,frozen_confirmed_by_researcher,1,market_abnormal_price_qc_pending,USDC_ASSURANCE_2024_01,2024-01-31,2024-02-29,33,0,29,0.9410,0.8400,RQI_DII_v1.0,frozen_confirmed_by_researcher,medium,1,normal,latest publication_date <= market date,rules_frozen_v1_0_market_qc_pending
2024-04-03,USDC,Circle,usd-coin,2,0.997914,-0.002086,0.002086,0,0,0,0,0,32201296007.00,32134124103.53,70,0,,normal,DeFiLlama stablecoinprices,DeFiLlama stablecoin/{asset},2026-05-22,RQI_DII_v1.0,frozen_confirmed_by_researcher,1,market_abnormal_price_qc_pending,USDC_ASSURANCE_2024_01,2024-01-31,2024-02-29,34,0,29,0.9410,0.8400,RQI_DII_v1.0,frozen_confirmed_by_researcher,medium,1,normal,latest publication_date <= market date,rules_frozen_v1_0_market_qc_pending
2024-04-04,USDC,Circle,usd-coin,2,1.001,0.001,0.001,0,0,0,0,0,32231291963.00,32263523254.96,70,0,,normal,DeFiLlama stablecoinprices,DeFiLlama stablecoin/{asset},2026-05-22,RQI_DII_v1.0,frozen_confirmed_by_researcher,1,market_abnormal_price_qc_pending,USDC_ASSURANCE_2024_01,2024-01-31,2024-02-29,35,0,29,0.9410,0.8400,RQI_DII_v1.0,frozen_confirmed_by_researcher,medium,1,normal,latest publication_date <= market date,rules_frozen_v1_0_market_qc_pending
2024-04-05,USDC,Circle,usd-coin,2,0.99888,-0.00112,0.00112,0,0,0,0,0,32372843447.00,32336585862.34,70,0,,normal,DeFiLlama stablecoinprices,DeFiLlama stablecoin/{asset},2026-05-22,RQI_DII_v1.0,frozen_confirmed_by_researcher,1,market_abnormal_price_qc_pending,USDC_ASSURANCE_2024_01,2024-01-31,2024-02-29,36,0,29,0.9410,0.8400,RQI_DII_v1.0,frozen_confirmed_by_researcher,medium,1,normal,latest publication_date <= market date,rules_frozen_v1_0_market_qc_pending
2024-04-06,USDC,Circle,usd-coin,2,1.001,0.001,0.001,0,0,0,0,0,32266246633.00,32298512879.63,70,0,,normal,DeFiLlama stablecoinprices,DeFiLlama stablecoin/{asset},2026-05-22,RQI_DII_v1.0,frozen_confirmed_by_researcher,1,market_abnormal_price_qc_pending,USDC_ASSURANCE_2024_01,2024-01-31,2024-02-29,37,0,29,0.9410,0.8400,RQI_DII_v1.0,frozen_confirmed_by_researcher,medium,1,normal,latest publication_date <= market date,rules_frozen_v1_0_market_qc_pending
2024-04-07,USDC,Circle,usd-coin,2,0.999263,-0.000737,0.000737,0,0,0,0,0,32290893172.00,32267094783.73,70,0,,normal,DeFiLlama stablecoinprices,DeFiLlama stablecoin/{asset},2026-05-22,RQI_DII_v1.0,frozen_confirmed_by_researcher,1,market_abnormal_price_qc_pending,USDC_ASSURANCE_2024_01,2024-01-31,2024-02-29,38,0,29,0.9410,0.8400,RQI_DII_v1.0,frozen_confirmed_by_researcher,medium,1,normal,latest publication_date <= market date,rules_frozen_v1_0_market_qc_pending
2024-04-08,USDC,Circle,usd-coin,2,0.998205,-0.001795,0.001795,0,0,0,0,0,32270673936.00,32212748076.28,70,0,,normal,DeFiLlama stablecoinprices,DeFiLlama stablecoin/{asset},2026-05-22,RQI_DII_v1.0,frozen_confirmed_by_researcher,1,market_abnormal_price_qc_pending,USDC_ASSURANCE_2024_01,2024-01-31,2024-02-29,39,0,29,0.9410,0.8400,RQI_DII_v1.0,frozen_confirmed_by_researcher,medium,1,normal,latest publication_date <= market date,rules_frozen_v1_0_market_qc_pending
2024-04-09,USDC,Circle,usd-coin,2,0.998355,-0.001645,0.001645,0,0,0,0,0,31960979688.00,31908403876.41,70,0,,normal,DeFiLlama stablecoinprices,DeFiLlama stablecoin/{asset},2026-05-22,RQI_DII_v1.0,frozen_confirmed_by_researcher,1,market_abnormal_price_qc_pending,USDC_ASSURANCE_2024_01,2024-01-31,2024-02-29,40,0,29,0.9410,0.8400,RQI_DII_v1.0,frozen_confirmed_by_researcher,medium,1,normal,latest publication_date <= market date,rules_frozen_v1_0_market_qc_pending
2024-04-10,USDC,Circle,usd-coin,2,0.999865,-0.000135,0.000135,0,0,0,0,0,31651586719.00,31647313754.79,70,0,,normal,DeFiLlama stablecoinprices,DeFiLlama stablecoin/{asset},2026-05-22,RQI_DII_v1.0,frozen_confirmed_by_researcher,1,market_abnormal_price_qc_pending,USDC_ASSURANCE_2024_01,2024-01-31,2024-02-29,41,0,29,0.9410,0.8400,RQI_DII_v1.0,frozen_confirmed_by_researcher,medium,1,normal,latest publication_date <= market date,rules_frozen_v1_0_market_qc_pending
2024-04-11,USDC,Circle,usd-coin,2,0.999741,-0.000259,0.000259,0,0,0,0,0,31553362481.00,31545190160.12,70,0,,normal,DeFiLlama stablecoinprices,DeFiLlama stablecoin/{asset},2026-05-22,RQI_DII_v1.0,frozen_confirmed_by_researcher,1,market_abnormal_price_qc_pending,USDC_ASSURANCE_2024_01,2024-01-31,2024-02-29,42,0,29,0.9410,0.8400,RQI_DII_v1.0,frozen_confirmed_by_researcher,medium,1,normal,latest publication_date <= market date,rules_frozen_v1_0_market_qc_pending
2024-04-12,USDC,Circle,usd-coin,2,0.999312,-0.000688,0.000688,0,0,0,0,0,31585004432.00,31563273948.95,70,0,,normal,DeFiLlama stablecoinprices,DeFiLlama stablecoin/{asset},2026-05-22,RQI_DII_v1.0,frozen_confirmed_by_researcher,1,market_abnormal_price_qc_pending,USDC_ASSURANCE_2024_01,2024-01-31,2024-02-29,43,0,29,0.9410,0.8400,RQI_DII_v1.0,frozen_confirmed_by_researcher,medium,1,normal,latest publication_date <= market date,rules_frozen_v1_0_market_qc_pending
2024-04-13,USDC,Circle,usd-coin,2,0.999547,-0.000453,0.000453,0,0,0,0,0,31299955121.00,31285776241.33,70,0,,normal,DeFiLlama stablecoinprices,DeFiLlama stablecoin/{asset},2026-05-22,RQI_DII_v1.0,frozen_confirmed_by_researcher,1,market_abnormal_price_qc_pending,USDC_ASSURANCE_2024_01,2024-01-31,2024-02-29,44,0,29,0.9410,0.8400,RQI_DII_v1.0,frozen_confirmed_by_researcher,medium,1,normal,latest publication_date <= market date,rules_frozen_v1_0_market_qc_pending
2024-04-14,USDC,Circle,usd-coin,2,0.997208,-0.002792,0.002792,0,0,0,0,0,31688301189.00,31599827452.08,70,0,,normal,DeFiLlama stablecoinprices,DeFiLlama stablecoin/{asset},2026-05-22,RQI_DII_v1.0,frozen_confirmed_by_researcher,1,market_abnormal_price_qc_pending,USDC_ASSURANCE_2024_01,2024-01-31,2024-02-29,45,0,29,0.9410,0.8400,RQI_DII_v1.0,frozen_confirmed_by_researcher,medium,1,normal,latest publication_date <= market date,rules_frozen_v1_0_market_qc_pending
2024-04-15,USDC,Circle,usd-coin,2,0.999091,-0.000909,0.000909,0,0,0,0,0,31630236236.00,31601484351.26,70,0,,normal,DeFiLlama stablecoinprices,DeFiLlama stablecoin/{asset},2026-05-22,RQI_DII_v1.0,frozen_confirmed_by_researcher,1,market_abnormal_price_qc_pending,USDC_ASSURANCE_2024_01,2024-01-31,2024-02-29,46,1,29,0.9410,0.8400,RQI_DII_v1.0,frozen_confirmed_by_researcher,medium,1,normal,latest publication_date <= market date,rules_frozen_v1_0_market_qc_pending
2024-04-16,USDC,Circle,usd-coin,2,0.999188,-0.000812,0.000812,0,0,0,0,0,31740828125.00,31715054572.56,70,0,,normal,DeFiLlama stablecoinprices,DeFiLlama stablecoin/{asset},2026-05-22,RQI_DII_v1.0,frozen_confirmed_by_researcher,1,market_abnormal_price_qc_pending,USDC_ASSURANCE_2024_01,2024-01-31,2024-02-29,47,1,29,0.9410,0.8400,RQI_DII_v1.0,frozen_confirmed_by_researcher,medium,1,normal,latest publication_date <= market date,rules_frozen_v1_0_market_qc_pending
2024-04-17,USDC,Circle,usd-coin,2,1.001,0.001,0.001,0,0,0,0,0,31935136085.00,31967071221.08,70,0,,normal,DeFiLlama stablecoinprices,DeFiLlama stablecoin/{asset},2026-05-22,RQI_DII_v1.0,frozen_confirmed_by_researcher,1,market_abnormal_price_qc_pending,USDC_ASSURANCE_2024_01,2024-01-31,2024-02-29,48,1,29,0.9410,0.8400,RQI_DII_v1.0,frozen_confirmed_by_researcher,medium,1,normal,latest publication_date <= market date,rules_frozen_v1_0_market_qc_pending
2024-04-18,USDC,Circle,usd-coin,2,0.999684,-0.000316,0.000316,0,0,0,0,0,32586282178.00,32575984912.83,70,0,,normal,DeFiLlama stablecoinprices,DeFiLlama stablecoin/{asset},2026-05-22,RQI_DII_v1.0,frozen_confirmed_by_researcher,1,market_abnormal_price_qc_pending,USDC_ASSURANCE_2024_01,2024-01-31,2024-02-29,49,1,29,0.9410,0.8400,RQI_DII_v1.0,frozen_confirmed_by_researcher,medium,1,normal,latest publication_date <= market date,rules_frozen_v1_0_market_qc_pending
2024-04-19,USDC,Circle,usd-coin,2,1.001,0.001,0.001,0,0,0,0,0,33012773652.00,33045786425.65,70,0,,normal,DeFiLlama stablecoinprices,DeFiLlama stablecoin/{asset},2026-05-22,RQI_DII_v1.0,frozen_confirmed_by_researcher,1,market_abnormal_price_qc_pending,USDC_ASSURANCE_2024_01,2024-01-31,2024-02-29,50,1,29,0.9410,0.8400,RQI_DII_v1.0,frozen_confirmed_by_researcher,medium,1,normal,latest publication_date <= market date,rules_frozen_v1_0_market_qc_pending
2024-04-20,USDC,Circle,usd-coin,2,1,0,0,0,0,0,0,0,33868213274.00,33868213274.00,70,0,,normal,DeFiLlama stablecoinprices,DeFiLlama stablecoin/{asset},2026-05-22,RQI_DII_v1.0,frozen_confirmed_by_researcher,1,market_abnormal_price_qc_pending,USDC_ASSURANCE_2024_01,2024-01-31,2024-02-29,51,1,29,0.9410,0.8400,RQI_DII_v1.0,frozen_confirmed_by_researcher,medium,1,normal,latest publication_date <= market date,rules_frozen_v1_0_market_qc_pending
2024-04-21,USDC,Circle,usd-coin,2,0.999751,-0.000249,0.000249,0,0,0,0,0,33661983711.00,33653601877.06,70,0,,normal,DeFiLlama stablecoinprices,DeFiLlama stablecoin/{asset},2026-05-22,RQI_DII_v1.0,frozen_confirmed_by_researcher,1,market_abnormal_price_qc_pending,USDC_ASSURANCE_2024_01,2024-01-31,2024-02-29,52,1,29,0.9410,0.8400,RQI_DII_v1.0,frozen_confirmed_by_researcher,medium,1,normal,latest publication_date <= market date,rules_frozen_v1_0_market_qc_pending
2024-04-22,USDC,Circle,usd-coin,2,0.999722,-0.000278,0.000278,0,0,0,0,0,33468840935.00,33459536597.22,70,0,,normal,DeFiLlama stablecoinprices,DeFiLlama stablecoin/{asset},2026-05-22,RQI_DII_v1.0,frozen_confirmed_by_researcher,1,market_abnormal_price_qc_pending,USDC_ASSURANCE_2024_01,2024-01-31,2024-02-29,53,1,29,0.9410,0.8400,RQI_DII_v1.0,frozen_confirmed_by_researcher,medium,1,normal,latest publication_date <= market date,rules_frozen_v1_0_market_qc_pending
2024-04-23,USDC,Circle,usd-coin,2,1,0,0,0,0,0,0,0,33220931799.00,33220931799.00,70,0,,normal,DeFiLlama stablecoinprices,DeFiLlama stablecoin/{asset},2026-05-22,RQI_DII_v1.0,frozen_confirmed_by_researcher,1,market_abnormal_price_qc_pending,USDC_ASSURANCE_2024_01,2024-01-31,2024-02-29,54,1,29,0.9410,0.8400,RQI_DII_v1.0,frozen_confirmed_by_researcher,medium,1,normal,latest publication_date <= market date,rules_frozen_v1_0_market_qc_pending
2024-04-24,USDC,Circle,usd-coin,2,0.999856,-0.000144,0.000144,0,0,0,0,0,32816678495.00,32811952893.30,70,0,,normal,DeFiLlama stablecoinprices,DeFiLlama stablecoin/{asset},2026-05-22,RQI_DII_v1.0,frozen_confirmed_by_researcher,1,market_abnormal_price_qc_pending,USDC_ASSURANCE_2024_01,2024-01-31,2024-02-29,55,1,29,0.9410,0.8400,RQI_DII_v1.0,frozen_confirmed_by_researcher,medium,1,normal,latest publication_date <= market date,rules_frozen_v1_0_market_qc_pending
2024-04-25,USDC,Circle,usd-coin,2,1,0,0,0,0,0,0,0,32816678495.00,32816678495.00,70,0,,normal,DeFiLlama stablecoinprices,DeFiLlama stablecoin/{asset},2026-05-22,RQI_DII_v1.0,frozen_confirmed_by_researcher,1,market_abnormal_price_qc_pending,USDC_ASSURANCE_2024_01,2024-01-31,2024-02-29,56,1,29,0.9410,0.8400,RQI_DII_v1.0,frozen_confirmed_by_researcher,medium,1,normal,latest publication_date <= market date,rules_frozen_v1_0_market_qc_pending
2024-04-26,USDC,Circle,usd-coin,2,1.001,0.001,0.001,0,0,0,0,0,32816678495.00,32849495173.49,70,0,,normal,DeFiLlama stablecoinprices,DeFiLlama stablecoin/{asset},2026-05-22,RQI_DII_v1.0,frozen_confirmed_by_researcher,1,market_abnormal_price_qc_pending,USDC_ASSURANCE_2024_01,2024-01-31,2024-02-29,57,1,29,0.9410,0.8400,RQI_DII_v1.0,frozen_confirmed_by_researcher,medium,1,normal,latest publication_date <= market date,rules_frozen_v1_0_market_qc_pending
2024-04-27,USDC,Circle,usd-coin,2,0.998305,-0.001695,0.001695,0,0,0,0,0,32816678495.00,32761054224.95,70,0,,normal,DeFiLlama stablecoinprices,DeFiLlama stablecoin/{asset},2026-05-22,RQI_DII_v1.0,frozen_confirmed_by_researcher,1,market_abnormal_price_qc_pending,USDC_ASSURANCE_2024_01,2024-01-31,2024-02-29,58,1,29,0.9410,0.8400,RQI_DII_v1.0,frozen_confirmed_by_researcher,medium,1,normal,latest publication_date <= market date,rules_frozen_v1_0_market_qc_pending
2024-04-28,USDC,Circle,usd-coin,2,0.999744,-0.000256,0.000256,0,0,0,0,0,32831486083.00,32823081222.56,70,0,,normal,DeFiLlama stablecoinprices,DeFiLlama stablecoin/{asset},2026-05-22,RQI_DII_v1.0,frozen_confirmed_by_researcher,1,market_abnormal_price_qc_pending,USDC_ASSURANCE_2024_01,2024-01-31,2024-02-29,59,1,29,0.9410,0.8400,RQI_DII_v1.0,frozen_confirmed_by_researcher,medium,1,normal,latest publication_date <= market date,rules_frozen_v1_0_market_qc_pending
2024-04-29,USDC,Circle,usd-coin,2,0.999794,-0.000206,0.000206,0,0,0,0,0,32827704903.00,32820942395.79,70,0,,normal,DeFiLlama stablecoinprices,DeFiLlama stablecoin/{asset},2026-05-22,RQI_DII_v1.0,frozen_confirmed_by_researcher,1,market_abnormal_price_qc_pending,USDC_ASSURANCE_2024_01,2024-01-31,2024-02-29,60,1,29,0.9410,0.8400,RQI_DII_v1.0,frozen_confirmed_by_researcher,medium,1,normal,latest publication_date <= market date,rules_frozen_v1_0_market_qc_pending
2024-04-30,USDC,Circle,usd-coin,2,0.998636,-0.001364,0.001364,0,0,0,0,0,32653975347.00,32609435324.63,70,0,,normal,DeFiLlama stablecoinprices,DeFiLlama stablecoin/{asset},2026-05-22,RQI_DII_v1.0,frozen_confirmed_by_researcher,1,market_abnormal_price_qc_pending,USDC_ASSURANCE_2024_01,2024-01-31,2024-02-29,61,1,29,0.9410,0.8400,RQI_DII_v1.0,frozen_confirmed_by_researcher,medium,1,normal,latest publication_date <= market date,rules_frozen_v1_0_market_qc_pending
2024-05-01,USDC,Circle,usd-coin,2,1,0,0,0,0,0,0,0,32810624205.00,32810624205.00,70,0,,normal,DeFiLlama stablecoinprices,DeFiLlama stablecoin/{asset},2026-05-22,RQI_DII_v1.0,frozen_confirmed_by_researcher,1,market_abnormal_price_qc_pending,USDC_ASSURANCE_2024_01,2024-01-31,2024-02-29,62,1,29,0.9410,0.8400,RQI_DII_v1.0,frozen_confirmed_by_researcher,medium,1,normal,latest publication_date <= market date,rules_frozen_v1_0_market_qc_pending
2024-05-02,USDC,Circle,usd-coin,2,0.999553,-0.000447,0.000447,0,0,0,0,0,32681851390.00,32667242602.43,70,0,,normal,DeFiLlama stablecoinprices,DeFiLlama stablecoin/{asset},2026-05-22,RQI_DII_v1.0,frozen_confirmed_by_researcher,1,market_abnormal_price_qc_pending,USDC_ASSURANCE_2024_01,2024-01-31,2024-02-29,63,1,29,0.9410,0.8400,RQI_DII_v1.0,frozen_confirmed_by_researcher,medium,1,normal,latest publication_date <= market date,rules_frozen_v1_0_market_qc_pending
2024-05-03,USDC,Circle,usd-coin,2,0.999133,-0.000867,0.000867,0,0,0,0,0,32830567626.00,32802103523.87,70,0,,normal,DeFiLlama stablecoinprices,DeFiLlama stablecoin/{asset},2026-05-22,RQI_DII_v1.0,frozen_confirmed_by_researcher,1,market_abnormal_price_qc_pending,USDC_ASSURANCE_2024_01,2024-01-31,2024-02-29,64,1,29,0.9410,0.8400,RQI_DII_v1.0,frozen_confirmed_by_researcher,medium,1,normal,latest publication_date <= market date,rules_frozen_v1_0_market_qc_pending
2024-05-04,USDC,Circle,usd-coin,2,1,0,0,0,0,0,0,0,33123817359.00,33123817359.00,70,0,,normal,DeFiLlama stablecoinprices,DeFiLlama stablecoin/{asset},2026-05-22,RQI_DII_v1.0,frozen_confirmed_by_researcher,1,market_abnormal_price_qc_pending,USDC_ASSURANCE_2024_01,2024-01-31,2024-02-29,65,1,29,0.9410,0.8400,RQI_DII_v1.0,frozen_confirmed_by_researcher,medium,1,normal,latest publication_date <= market date,rules_frozen_v1_0_market_qc_pending
2024-05-05,USDC,Circle,usd-coin,2,0.998549,-0.001451,0.001451,0,0,0,0,0,33253862550.00,33205611195.44,70,0,,normal,DeFiLlama stablecoinprices,DeFiLlama stablecoin/{asset},2026-05-22,RQI_DII_v1.0,frozen_confirmed_by_researcher,1,market_abnormal_price_qc_pending,USDC_ASSURANCE_2024_01,2024-01-31,2024-02-29,66,1,29,0.9410,0.8400,RQI_DII_v1.0,frozen_confirmed_by_researcher,medium,1,normal,latest publication_date <= market date,rules_frozen_v1_0_market_qc_pending
2024-05-06,USDC,Circle,usd-coin,2,0.999949,-0.000051,0.000051,0,0,0,0,0,33278338990.00,33276641794.71,70,0,,normal,DeFiLlama stablecoinprices,DeFiLlama stablecoin/{asset},2026-05-22,RQI_DII_v1.0,frozen_confirmed_by_researcher,1,market_abnormal_price_qc_pending,USDC_ASSURANCE_2024_01,2024-01-31,2024-02-29,67,1,29,0.9410,0.8400,RQI_DII_v1.0,frozen_confirmed_by_researcher,medium,1,normal,latest publication_date <= market date,rules_frozen_v1_0_market_qc_pending
2024-05-07,USDC,Circle,usd-coin,2,1.001,0.001,0.001,0,0,0,0,0,32958542715.00,32991501257.71,70,0,,normal,DeFiLlama stablecoinprices,DeFiLlama stablecoin/{asset},2026-05-22,RQI_DII_v1.0,frozen_confirmed_by_researcher,1,market_abnormal_price_qc_pending,USDC_ASSURANCE_2024_01,2024-01-31,2024-02-29,68,1,29,0.9410,0.8400,RQI_DII_v1.0,frozen_confirmed_by_researcher,medium,1,normal,latest publication_date <= market date,rules_frozen_v1_0_market_qc_pending
2024-05-08,USDC,Circle,usd-coin,2,0.99921,-0.00079,0.00079,0,0,0,0,0,32979338629.00,32953284951.48,70,0,,normal,DeFiLlama stablecoinprices,DeFiLlama stablecoin/{asset},2026-05-22,RQI_DII_v1.0,frozen_confirmed_by_researcher,1,market_abnormal_price_qc_pending,USDC_ASSURANCE_2024_01,2024-01-31,2024-02-29,69,1,29,0.9410,0.8400,RQI_DII_v1.0,frozen_confirmed_by_researcher,medium,1,normal,latest publication_date <= market date,rules_frozen_v1_0_market_qc_pending
2024-05-09,USDC,Circle,usd-coin,2,0.999971,-0.000029,0.000029,0,0,0,0,0,32792358102.00,32791407123.62,70,0,,normal,DeFiLlama stablecoinprices,DeFiLlama stablecoin/{asset},2026-05-22,RQI_DII_v1.0,frozen_confirmed_by_researcher,1,market_abnormal_price_qc_pending,USDC_ASSURANCE_2024_01,2024-01-31,2024-02-29,70,1,29,0.9410,0.8400,RQI_DII_v1.0,frozen_confirmed_by_researcher,medium,1,normal,latest publication_date <= market date,rules_frozen_v1_0_market_qc_pending
2024-05-10,USDC,Circle,usd-coin,2,1,0,0,0,0,0,0,0,32799402975.00,32799402975.00,70,0,,normal,DeFiLlama stablecoinprices,DeFiLlama stablecoin/{asset},2026-05-22,RQI_DII_v1.0,frozen_confirmed_by_researcher,1,market_abnormal_price_qc_pending,USDC_ASSURANCE_2024_01,2024-01-31,2024-02-29,71,1,29,0.9410,0.8400,RQI_DII_v1.0,frozen_confirmed_by_researcher,medium,1,normal,latest publication_date <= market date,rules_frozen_v1_0_market_qc_pending
2024-05-11,USDC,Circle,usd-coin,2,0.999793,-0.000207,0.000207,0,0,0,0,0,32800077311.00,32793287695.00,70,0,,normal,DeFiLlama stablecoinprices,DeFiLlama stablecoin/{asset},2026-05-22,RQI_DII_v1.0,frozen_confirmed_by_researcher,1,market_abnormal_price_qc_pending,USDC_ASSURANCE_2024_01,2024-01-31,2024-02-29,72,1,29,0.9410,0.8400,RQI_DII_v1.0,frozen_confirmed_by_researcher,medium,1,normal,latest publication_date <= market date,rules_frozen_v1_0_market_qc_pending
2024-05-12,USDC,Circle,usd-coin,2,1,0,0,0,0,0,0,0,32813680484.00,32813680484.00,70,0,,normal,DeFiLlama stablecoinprices,DeFiLlama stablecoin/{asset},2026-05-22,RQI_DII_v1.0,frozen_confirmed_by_researcher,1,market_abnormal_price_qc_pending,USDC_ASSURANCE_2024_01,2024-01-31,2024-02-29,73,1,29,0.9410,0.8400,RQI_DII_v1.0,frozen_confirmed_by_researcher,medium,1,normal,latest publication_date <= market date,rules_frozen_v1_0_market_qc_pending
2024-05-13,USDC,Circle,usd-coin,2,0.999805,-0.000195,0.000195,0,0,0,0,0,32807866314.00,32801468780.07,70,0,,normal,DeFiLlama stablecoinprices,DeFiLlama stablecoin/{asset},2026-05-22,RQI_DII_v1.0,frozen_confirmed_by_researcher,1,market_abnormal_price_qc_pending,USDC_ASSURANCE_2024_01,2024-01-31,2024-02-29,74,1,29,0.9410,0.8400,RQI_DII_v1.0,frozen_confirmed_by_researcher,medium,1,normal,latest publication_date <= market date,rules_frozen_v1_0_market_qc_pending
2024-05-14,USDC,Circle,usd-coin,2,1,0,0,0,0,0,0,0,32835544832.00,32835544832.00,70,0,,normal,DeFiLlama stablecoinprices,DeFiLlama stablecoin/{asset},2026-05-22,RQI_DII_v1.0,frozen_confirmed_by_researcher,1,market_abnormal_price_qc_pending,USDC_ASSURANCE_2024_01,2024-01-31,2024-02-29,75,1,29,0.9410,0.8400,RQI_DII_v1.0,frozen_confirmed_by_researcher,medium,1,normal,latest publication_date <= market date,rules_frozen_v1_0_market_qc_pending
2024-05-15,USDC,Circle,usd-coin,2,1,0,0,0,0,0,0,0,32609261264.00,32609261264.00,70,0,,normal,DeFiLlama stablecoinprices,DeFiLlama stablecoin/{asset},2026-05-22,RQI_DII_v1.0,frozen_confirmed_by_researcher,1,market_abnormal_price_qc_pending,USDC_ASSURANCE_2024_01,2024-01-31,2024-02-29,76,1,29,0.9410,0.8400,RQI_DII_v1.0,frozen_confirmed_by_researcher,medium,1,normal,latest publication_date <= market date,rules_frozen_v1_0_market_qc_pending
2024-05-16,USDC,Circle,usd-coin,2,0.999671,-0.000329,0.000329,0,0,0,0,0,32985813446.00,32974961113.38,70,0,,normal,DeFiLlama stablecoinprices,DeFiLlama stablecoin/{asset},2026-05-22,RQI_DII_v1.0,frozen_confirmed_by_researcher,1,market_abnormal_price_qc_pending,USDC_ASSURANCE_2024_01,2024-01-31,2024-02-29,77,1,29,0.9410,0.8400,RQI_DII_v1.0,frozen_confirmed_by_researcher,medium,1,normal,latest publication_date <= market date,rules_frozen_v1_0_market_qc_pending
2024-05-17,USDC,Circle,usd-coin,2,1,0,0,0,0,0,0,0,33033030023.00,33033030023.00,70,0,,normal,DeFiLlama stablecoinprices,DeFiLlama stablecoin/{asset},2026-05-22,RQI_DII_v1.0,frozen_confirmed_by_researcher,1,market_abnormal_price_qc_pending,USDC_ASSURANCE_2024_01,2024-01-31,2024-02-29,78,1,29,0.9410,0.8400,RQI_DII_v1.0,frozen_confirmed_by_researcher,medium,1,normal,latest publication_date <= market date,rules_frozen_v1_0_market_qc_pending
2024-05-18,USDC,Circle,usd-coin,2,0.999705,-0.000295,0.000295,0,0,0,0,0,33172784089.00,33162998117.69,70,0,,normal,DeFiLlama stablecoinprices,DeFiLlama stablecoin/{asset},2026-05-22,RQI_DII_v1.0,frozen_confirmed_by_researcher,1,market_abnormal_price_qc_pending,USDC_ASSURANCE_2024_01,2024-01-31,2024-02-29,79,1,29,0.9410,0.8400,RQI_DII_v1.0,frozen_confirmed_by_researcher,medium,1,normal,latest publication_date <= market date,rules_frozen_v1_0_market_qc_pending
2024-05-19,USDC,Circle,usd-coin,2,0.999996,-0.000004,0.000004,0,0,0,0,0,33261522722.00,33261389675.91,70,0,,normal,DeFiLlama stablecoinprices,DeFiLlama stablecoin/{asset},2026-05-22,RQI_DII_v1.0,frozen_confirmed_by_researcher,1,market_abnormal_price_qc_pending,USDC_ASSURANCE_2024_01,2024-01-31,2024-02-29,80,1,29,0.9410,0.8400,RQI_DII_v1.0,frozen_confirmed_by_researcher,medium,1,normal,latest publication_date <= market date,rules_frozen_v1_0_market_qc_pending
2024-05-20,USDC,Circle,usd-coin,2,0.999985,-0.000015,0.000015,0,0,0,0,0,33220194719.00,33219696416.08,70,0,,normal,DeFiLlama stablecoinprices,DeFiLlama stablecoin/{asset},2026-05-22,RQI_DII_v1.0,frozen_confirmed_by_researcher,1,market_abnormal_price_qc_pending,USDC_ASSURANCE_2024_01,2024-01-31,2024-02-29,81,1,29,0.9410,0.8400,RQI_DII_v1.0,frozen_confirmed_by_researcher,medium,1,normal,latest publication_date <= market date,rules_frozen_v1_0_market_qc_pending
2024-05-21,USDC,Circle,usd-coin,2,1,0,0,0,0,0,0,0,33046764104.00,33046764104.00,71,0,,normal,DeFiLlama stablecoinprices,DeFiLlama stablecoin/{asset},2026-05-22,RQI_DII_v1.0,frozen_confirmed_by_researcher,1,market_abnormal_price_qc_pending,USDC_ASSURANCE_2024_01,2024-01-31,2024-02-29,82,1,29,0.9410,0.8400,RQI_DII_v1.0,frozen_confirmed_by_researcher,medium,1,normal,latest publication_date <= market date,rules_frozen_v1_0_market_qc_pending
2024-05-22,USDC,Circle,usd-coin,2,1,0,0,0,0,0,0,0,32812100156.00,32812100156.00,71,0,,normal,DeFiLlama stablecoinprices,DeFiLlama stablecoin/{asset},2026-05-22,RQI_DII_v1.0,frozen_confirmed_by_researcher,1,market_abnormal_price_qc_pending,USDC_ASSURANCE_2024_01,2024-01-31,2024-02-29,83,1,29,0.9410,0.8400,RQI_DII_v1.0,frozen_confirmed_by_researcher,medium,1,normal,latest publication_date <= market date,rules_frozen_v1_0_market_qc_pending
2024-05-23,USDC,Circle,usd-coin,2,1,0,0,0,0,0,0,0,32824524644.00,32824524644.00,72,0,,normal,DeFiLlama stablecoinprices,DeFiLlama stablecoin/{asset},2026-05-22,RQI_DII_v1.0,frozen_confirmed_by_researcher,1,market_abnormal_price_qc_pending,USDC_ASSURANCE_2024_01,2024-01-31,2024-02-29,84,1,29,0.9410,0.8400,RQI_DII_v1.0,frozen_confirmed_by_researcher,medium,1,normal,latest publication_date <= market date,rules_frozen_v1_0_market_qc_pending
2024-05-24,USDC,Circle,usd-coin,2,1,0,0,0,0,0,0,0,32489833403.00,32489833403.00,72,0,,normal,DeFiLlama stablecoinprices,DeFiLlama stablecoin/{asset},2026-05-22,RQI_DII_v1.0,frozen_confirmed_by_researcher,1,market_abnormal_price_qc_pending,USDC_ASSURANCE_2024_01,2024-01-31,2024-02-29,85,1,29,0.9410,0.8400,RQI_DII_v1.0,frozen_confirmed_by_researcher,medium,1,normal,latest publication_date <= market date,rules_frozen_v1_0_market_qc_pending
2024-05-25,USDC,Circle,usd-coin,2,1,0,0,0,0,0,0,0,32493327379.00,32493327379.00,72,0,,normal,DeFiLlama stablecoinprices,DeFiLlama stablecoin/{asset},2026-05-22,RQI_DII_v1.0,frozen_confirmed_by_researcher,1,market_abnormal_price_qc_pending,USDC_ASSURANCE_2024_01,2024-01-31,2024-02-29,86,1,29,0.9410,0.8400,RQI_DII_v1.0,frozen_confirmed_by_researcher,medium,1,normal,latest publication_date <= market date,rules_frozen_v1_0_market_qc_pending
2024-05-26,USDC,Circle,usd-coin,2,0.999485,-0.000515,0.000515,0,0,0,0,0,32452318801.00,32435605856.82,72,0,,normal,DeFiLlama stablecoinprices,DeFiLlama stablecoin/{asset},2026-05-22,RQI_DII_v1.0,frozen_confirmed_by_researcher,1,market_abnormal_price_qc_pending,USDC_ASSURANCE_2024_01,2024-01-31,2024-02-29,87,1,29,0.9410,0.8400,RQI_DII_v1.0,frozen_confirmed_by_researcher,medium,1,normal,latest publication_date <= market date,rules_frozen_v1_0_market_qc_pending
2024-05-27,USDC,Circle,usd-coin,2,1,0,0,0,0,0,0,0,32360945608.00,32360945608.00,72,0,,normal,DeFiLlama stablecoinprices,DeFiLlama stablecoin/{asset},2026-05-22,RQI_DII_v1.0,frozen_confirmed_by_researcher,1,market_abnormal_price_qc_pending,USDC_ASSURANCE_2024_01,2024-01-31,2024-02-29,88,1,29,0.9410,0.8400,RQI_DII_v1.0,frozen_confirmed_by_researcher,medium,1,normal,latest publication_date <= market date,rules_frozen_v1_0_market_qc_pending
2024-05-28,USDC,Circle,usd-coin,2,0.999762,-0.000238,0.000238,0,0,0,0,0,32273400485.00,32265719415.68,72,0,,normal,DeFiLlama stablecoinprices,DeFiLlama stablecoin/{asset},2026-05-22,RQI_DII_v1.0,frozen_confirmed_by_researcher,1,market_abnormal_price_qc_pending,USDC_ASSURANCE_2024_01,2024-01-31,2024-02-29,89,1,29,0.9410,0.8400,RQI_DII_v1.0,frozen_confirmed_by_researcher,medium,1,normal,latest publication_date <= market date,rules_frozen_v1_0_market_qc_pending
2024-05-29,USDC,Circle,usd-coin,2,0.999736,-0.000264,0.000264,0,0,0,0,0,32026258527.00,32017803594.75,72,0,,normal,DeFiLlama stablecoinprices,DeFiLlama stablecoin/{asset},2026-05-22,RQI_DII_v1.0,frozen_confirmed_by_researcher,1,market_abnormal_price_qc_pending,USDC_ASSURANCE_2024_01,2024-01-31,2024-02-29,90,1,29,0.9410,0.8400,RQI_DII_v1.0,frozen_confirmed_by_researcher,medium,1,normal,latest publication_date <= market date,rules_frozen_v1_0_market_qc_pending
2024-05-30,USDC,Circle,usd-coin,2,1,0,0,0,0,0,0,0,31892097155.00,31892097155.00,72,0,,normal,DeFiLlama stablecoinprices,DeFiLlama stablecoin/{asset},2026-05-22,RQI_DII_v1.0,frozen_confirmed_by_researcher,1,market_abnormal_price_qc_pending,USDC_ASSURANCE_2024_01,2024-01-31,2024-02-29,91,1,29,0.9410,0.8400,RQI_DII_v1.0,frozen_confirmed_by_researcher,medium,1,normal,latest publication_date <= market date,rules_frozen_v1_0_market_qc_pending
2024-05-31,USDC,Circle,usd-coin,2,0.999655,-0.000345,0.000345,0,0,0,0,0,32069087225.00,32058023389.91,72,0,,normal,DeFiLlama stablecoinprices,DeFiLlama stablecoin/{asset},2026-05-22,RQI_DII_v1.0,frozen_confirmed_by_researcher,1,market_abnormal_price_qc_pending,USDC_ASSURANCE_2024_01,2024-01-31,2024-02-29,92,1,29,0.9410,0.8400,RQI_DII_v1.0,frozen_confirmed_by_researcher,medium,1,normal,latest publication_date <= market date,rules_frozen_v1_0_market_qc_pending
2024-06-01,USDC,Circle,usd-coin,2,1,0,0,0,0,0,0,0,32122977082.00,32122977082.00,73,0,,normal,DeFiLlama stablecoinprices,DeFiLlama stablecoin/{asset},2026-05-22,RQI_DII_v1.0,frozen_confirmed_by_researcher,1,market_abnormal_price_qc_pending,USDC_ASSURANCE_2024_01,2024-01-31,2024-02-29,93,1,29,0.9410,0.8400,RQI_DII_v1.0,frozen_confirmed_by_researcher,medium,1,normal,latest publication_date <= market date,rules_frozen_v1_0_market_qc_pending
2024-06-02,USDC,Circle,usd-coin,2,0.999868,-0.000132,0.000132,0,0,0,0,0,32077169180.00,32072934993.67,73,0,,normal,DeFiLlama stablecoinprices,DeFiLlama stablecoin/{asset},2026-05-22,RQI_DII_v1.0,frozen_confirmed_by_researcher,1,market_abnormal_price_qc_pending,USDC_ASSURANCE_2024_01,2024-01-31,2024-02-29,94,1,29,0.9410,0.8400,RQI_DII_v1.0,frozen_confirmed_by_researcher,medium,1,normal,latest publication_date <= market date,rules_frozen_v1_0_market_qc_pending
2024-06-03,USDC,Circle,usd-coin,2,1,0,0,0,0,0,0,0,32080176115.00,32080176115.00,73,0,,normal,DeFiLlama stablecoinprices,DeFiLlama stablecoin/{asset},2026-05-22,RQI_DII_v1.0,frozen_confirmed_by_researcher,1,market_abnormal_price_qc_pending,USDC_ASSURANCE_2024_01,2024-01-31,2024-02-29,95,1,29,0.9410,0.8400,RQI_DII_v1.0,frozen_confirmed_by_researcher,medium,1,normal,latest publication_date <= market date,rules_frozen_v1_0_market_qc_pending
2024-06-04,USDC,Circle,usd-coin,2,0.999828,-0.000172,0.000172,0,0,0,0,0,32031124409.00,32025615055.60,73,0,,normal,DeFiLlama stablecoinprices,DeFiLlama stablecoin/{asset},2026-05-22,RQI_DII_v1.0,frozen_confirmed_by_researcher,1,market_abnormal_price_qc_pending,USDC_ASSURANCE_2024_01,2024-01-31,2024-02-29,96,1,29,0.9410,0.8400,RQI_DII_v1.0,frozen_confirmed_by_researcher,medium,1,normal,latest publication_date <= market date,rules_frozen_v1_0_market_qc_pending
2024-06-05,USDC,Circle,usd-coin,2,0.999691,-0.000309,0.000309,0,0,0,0,0,32114230578.00,32104307280.75,73,0,,normal,DeFiLlama stablecoinprices,DeFiLlama stablecoin/{asset},2026-05-22,RQI_DII_v1.0,frozen_confirmed_by_researcher,1,market_abnormal_price_qc_pending,USDC_ASSURANCE_2024_01,2024-01-31,2024-02-29,97,1,29,0.9410,0.8400,RQI_DII_v1.0,frozen_confirmed_by_researcher,medium,1,normal,latest publication_date <= market date,rules_frozen_v1_0_market_qc_pending
2024-06-06,USDC,Circle,usd-coin,2,1.001,0.001,0.001,0,0,0,0,0,32269655067.00,32301924722.07,73,0,,normal,DeFiLlama stablecoinprices,DeFiLlama stablecoin/{asset},2026-05-22,RQI_DII_v1.0,frozen_confirmed_by_researcher,1,market_abnormal_price_qc_pending,USDC_ASSURANCE_2024_01,2024-01-31,2024-02-29,98,1,29,0.9410,0.8400,RQI_DII_v1.0,frozen_confirmed_by_researcher,medium,1,normal,latest publication_date <= market date,rules_frozen_v1_0_market_qc_pending
2024-06-07,USDC,Circle,usd-coin,2,1,0,0,0,0,0,0,0,32212766427.00,32212766427.00,73,0,,normal,DeFiLlama stablecoinprices,DeFiLlama stablecoin/{asset},2026-05-22,RQI_DII_v1.0,frozen_confirmed_by_researcher,1,market_abnormal_price_qc_pending,USDC_ASSURANCE_2024_01,2024-01-31,2024-02-29,99,1,29,0.9410,0.8400,RQI_DII_v1.0,frozen_confirmed_by_researcher,medium,1,normal,latest publication_date <= market date,rules_frozen_v1_0_market_qc_pending
2024-06-08,USDC,Circle,usd-coin,2,1,0,0,0,0,0,0,0,31923275656.00,31923275656.00,73,0,,normal,DeFiLlama stablecoinprices,DeFiLlama stablecoin/{asset},2026-05-22,RQI_DII_v1.0,frozen_confirmed_by_researcher,1,market_abnormal_price_qc_pending,USDC_ASSURANCE_2024_01,2024-01-31,2024-02-29,100,1,29,0.9410,0.8400,RQI_DII_v1.0,frozen_confirmed_by_researcher,medium,1,normal,latest publication_date <= market date,rules_frozen_v1_0_market_qc_pending
2024-06-09,USDC,Circle,usd-coin,2,1,0,0,0,0,0,0,0,31897568890.00,31897568890.00,73,0,,normal,DeFiLlama stablecoinprices,DeFiLlama stablecoin/{asset},2026-05-22,RQI_DII_v1.0,frozen_confirmed_by_researcher,1,market_abnormal_price_qc_pending,USDC_ASSURANCE_2024_01,2024-01-31,2024-02-29,101,1,29,0.9410,0.8400,RQI_DII_v1.0,frozen_confirmed_by_researcher,medium,1,normal,latest publication_date <= market date,rules_frozen_v1_0_market_qc_pending
2024-06-10,USDC,Circle,usd-coin,2,1,0,0,0,0,0,0,0,31910810398.00,31910810398.00,73,0,,normal,DeFiLlama stablecoinprices,DeFiLlama stablecoin/{asset},2026-05-22,RQI_DII_v1.0,frozen_confirmed_by_researcher,1,market_abnormal_price_qc_pending,USDC_ASSURANCE_2024_01,2024-01-31,2024-02-29,102,1,29,0.9410,0.8400,RQI_DII_v1.0,frozen_confirmed_by_researcher,medium,1,normal,latest publication_date <= market date,rules_frozen_v1_0_market_qc_pending
2024-06-11,USDC,Circle,usd-coin,2,0.999923,-0.000077,0.000077,0,0,0,0,0,31793849380.00,31791401253.60,73,0,,normal,DeFiLlama stablecoinprices,DeFiLlama stablecoin/{asset},2026-05-22,RQI_DII_v1.0,frozen_confirmed_by_researcher,1,market_abnormal_price_qc_pending,USDC_ASSURANCE_2024_01,2024-01-31,2024-02-29,103,1,29,0.9410,0.8400,RQI_DII_v1.0,frozen_confirmed_by_researcher,medium,1,normal,latest publication_date <= market date,rules_frozen_v1_0_market_qc_pending
2024-06-12,USDC,Circle,usd-coin,2,1,0,0,0,0,0,0,0,31820760821.00,31820760821.00,73,0,,normal,DeFiLlama stablecoinprices,DeFiLlama stablecoin/{asset},2026-05-22,RQI_DII_v1.0,frozen_confirmed_by_researcher,1,market_abnormal_price_qc_pending,USDC_ASSURANCE_2024_01,2024-01-31,2024-02-29,104,1,29,0.9410,0.8400,RQI_DII_v1.0,frozen_confirmed_by_researcher,medium,1,normal,latest publication_date <= market date,rules_frozen_v1_0_market_qc_pending
2024-06-13,USDC,Circle,usd-coin,2,0.999908,-0.000092,0.000092,0,0,0,0,0,32093468884.00,32090516284.86,73,0,,normal,DeFiLlama stablecoinprices,DeFiLlama stablecoin/{asset},2026-05-22,RQI_DII_v1.0,frozen_confirmed_by_researcher,1,market_abnormal_price_qc_pending,USDC_ASSURANCE_2024_01,2024-01-31,2024-02-29,105,1,29,0.9410,0.8400,RQI_DII_v1.0,frozen_confirmed_by_researcher,medium,1,normal,latest publication_date <= market date,rules_frozen_v1_0_market_qc_pending
2024-06-14,USDC,Circle,usd-coin,2,0.999706,-0.000294,0.000294,0,0,0,0,0,32271397929.00,32261910138.01,73,0,,normal,DeFiLlama stablecoinprices,DeFiLlama stablecoin/{asset},2026-05-22,RQI_DII_v1.0,frozen_confirmed_by_researcher,1,market_abnormal_price_qc_pending,USDC_ASSURANCE_2024_01,2024-01-31,2024-02-29,106,1,29,0.9410,0.8400,RQI_DII_v1.0,frozen_confirmed_by_researcher,medium,1,normal,latest publication_date <= market date,rules_frozen_v1_0_market_qc_pending
2024-06-15,USDC,Circle,usd-coin,2,1,0,0,0,0,0,0,0,32153282367.00,32153282367.00,73,0,,normal,DeFiLlama stablecoinprices,DeFiLlama stablecoin/{asset},2026-05-22,RQI_DII_v1.0,frozen_confirmed_by_researcher,1,market_abnormal_price_qc_pending,USDC_ASSURANCE_2024_01,2024-01-31,2024-02-29,107,1,29,0.9410,0.8400,RQI_DII_v1.0,frozen_confirmed_by_researcher,medium,1,normal,latest publication_date <= market date,rules_frozen_v1_0_market_qc_pending
2024-06-16,USDC,Circle,usd-coin,2,1,0,0,0,0,0,0,0,32131097745.00,32131097745.00,73,0,,normal,DeFiLlama stablecoinprices,DeFiLlama stablecoin/{asset},2026-05-22,RQI_DII_v1.0,frozen_confirmed_by_researcher,1,market_abnormal_price_qc_pending,USDC_ASSURANCE_2024_01,2024-01-31,2024-02-29,108,1,29,0.9410,0.8400,RQI_DII_v1.0,frozen_confirmed_by_researcher,medium,1,normal,latest publication_date <= market date,rules_frozen_v1_0_market_qc_pending
2024-06-17,USDC,Circle,usd-coin,2,0.999823,-0.000177,0.000177,0,0,0,0,0,32174688865.00,32168993945.07,73,0,,normal,DeFiLlama stablecoinprices,DeFiLlama stablecoin/{asset},2026-05-22,RQI_DII_v1.0,frozen_confirmed_by_researcher,1,market_abnormal_price_qc_pending,USDC_ASSURANCE_2024_01,2024-01-31,2024-02-29,109,1,29,0.9410,0.8400,RQI_DII_v1.0,frozen_confirmed_by_researcher,medium,1,normal,latest publication_date <= market date,rules_frozen_v1_0_market_qc_pending
2024-06-18,USDC,Circle,usd-coin,2,1,0,0,0,0,0,0,0,32146177376.00,32146177376.00,73,0,,normal,DeFiLlama stablecoinprices,DeFiLlama stablecoin/{asset},2026-05-22,RQI_DII_v1.0,frozen_confirmed_by_researcher,1,market_abnormal_price_qc_pending,USDC_ASSURANCE_2024_01,2024-01-31,2024-02-29,110,1,29,0.9410,0.8400,RQI_DII_v1.0,frozen_confirmed_by_researcher,medium,1,normal,latest publication_date <= market date,rules_frozen_v1_0_market_qc_pending
2024-06-19,USDC,Circle,usd-coin,2,0.999371,-0.000629,0.000629,0,0,0,0,0,32476374012.00,32455946372.75,73,0,,normal,DeFiLlama stablecoinprices,DeFiLlama stablecoin/{asset},2026-05-22,RQI_DII_v1.0,frozen_confirmed_by_researcher,1,market_abnormal_price_qc_pending,USDC_ASSURANCE_2024_01,2024-01-31,2024-02-29,111,1,29,0.9410,0.8400,RQI_DII_v1.0,frozen_confirmed_by_researcher,medium,1,normal,latest publication_date <= market date,rules_frozen_v1_0_market_qc_pending
2024-06-20,USDC,Circle,usd-coin,2,0.999831,-0.000169,0.000169,0,0,0,0,0,32482410642.00,32476921114.60,73,0,,normal,DeFiLlama stablecoinprices,DeFiLlama stablecoin/{asset},2026-05-22,RQI_DII_v1.0,frozen_confirmed_by_researcher,1,market_abnormal_price_qc_pending,USDC_ASSURANCE_2024_01,2024-01-31,2024-02-29,112,1,29,0.9410,0.8400,RQI_DII_v1.0,frozen_confirmed_by_researcher,medium,1,normal,latest publication_date <= market date,rules_frozen_v1_0_market_qc_pending
2024-06-21,USDC,Circle,usd-coin,2,0.999847,-0.000153,0.000153,0,0,0,0,0,32290918792.00,32285978281.42,73,0,,normal,DeFiLlama stablecoinprices,DeFiLlama stablecoin/{asset},2026-05-22,RQI_DII_v1.0,frozen_confirmed_by_researcher,1,market_abnormal_price_qc_pending,USDC_ASSURANCE_2024_01,2024-01-31,2024-02-29,113,1,29,0.9410,0.8400,RQI_DII_v1.0,frozen_confirmed_by_researcher,medium,1,normal,latest publication_date <= market date,rules_frozen_v1_0_market_qc_pending
2024-06-22,USDC,Circle,usd-coin,2,1,0,0,0,0,0,0,0,32371772852.00,32371772852.00,73,0,,normal,DeFiLlama stablecoinprices,DeFiLlama stablecoin/{asset},2026-05-22,RQI_DII_v1.0,frozen_confirmed_by_researcher,1,market_abnormal_price_qc_pending,USDC_ASSURANCE_2024_01,2024-01-31,2024-02-29,114,1,29,0.9410,0.8400,RQI_DII_v1.0,frozen_confirmed_by_researcher,medium,1,normal,latest publication_date <= market date,rules_frozen_v1_0_market_qc_pending
2024-06-23,USDC,Circle,usd-coin,2,0.99981,-0.00019,0.00019,0,0,0,0,0,32393911239.00,32387756395.86,73,0,,normal,DeFiLlama stablecoinprices,DeFiLlama stablecoin/{asset},2026-05-22,RQI_DII_v1.0,frozen_confirmed_by_researcher,1,market_abnormal_price_qc_pending,USDC_ASSURANCE_2024_01,2024-01-31,2024-02-29,115,1,29,0.9410,0.8400,RQI_DII_v1.0,frozen_confirmed_by_researcher,medium,1,normal,latest publication_date <= market date,rules_frozen_v1_0_market_qc_pending
2024-06-24,USDC,Circle,usd-coin,2,0.999285,-0.000715,0.000715,0,0,0,0,0,32370583460.00,32347438492.83,73,0,,normal,DeFiLlama stablecoinprices,DeFiLlama stablecoin/{asset},2026-05-22,RQI_DII_v1.0,frozen_confirmed_by_researcher,1,market_abnormal_price_qc_pending,USDC_ASSURANCE_2024_01,2024-01-31,2024-02-29,116,1,29,0.9410,0.8400,RQI_DII_v1.0,frozen_confirmed_by_researcher,medium,1,normal,latest publication_date <= market date,rules_frozen_v1_0_market_qc_pending
2024-06-25,USDC,Circle,usd-coin,2,1,0,0,0,0,0,0,0,32246208217.00,32246208217.00,73,0,,normal,DeFiLlama stablecoinprices,DeFiLlama stablecoin/{asset},2026-05-22,RQI_DII_v1.0,frozen_confirmed_by_researcher,1,market_abnormal_price_qc_pending,USDC_ASSURANCE_2024_01,2024-01-31,2024-02-29,117,1,29,0.9410,0.8400,RQI_DII_v1.0,frozen_confirmed_by_researcher,medium,1,normal,latest publication_date <= market date,rules_frozen_v1_0_market_qc_pending
2024-06-26,USDC,Circle,usd-coin,2,1,0,0,0,0,0,0,0,32465611151.00,32465611151.00,73,0,,normal,DeFiLlama stablecoinprices,DeFiLlama stablecoin/{asset},2026-05-22,RQI_DII_v1.0,frozen_confirmed_by_researcher,1,market_abnormal_price_qc_pending,USDC_ASSURANCE_2024_01,2024-01-31,2024-02-29,118,1,29,0.9410,0.8400,RQI_DII_v1.0,frozen_confirmed_by_researcher,medium,1,normal,latest publication_date <= market date,rules_frozen_v1_0_market_qc_pending
2024-06-27,USDC,Circle,usd-coin,2,0.999974,-0.000026,0.000026,0,0,0,0,0,32624351252.00,32623503018.87,73,0,,normal,DeFiLlama stablecoinprices,DeFiLlama stablecoin/{asset},2026-05-22,RQI_DII_v1.0,frozen_confirmed_by_researcher,1,market_abnormal_price_qc_pending,USDC_ASSURANCE_2024_01,2024-01-31,2024-02-29,119,1,29,0.9410,0.8400,RQI_DII_v1.0,frozen_confirmed_by_researcher,medium,1,normal,latest publication_date <= market date,rules_frozen_v1_0_market_qc_pending
2024-06-28,USDC,Circle,usd-coin,2,0.999919,-0.000081,0.000081,0,0,0,0,0,32338742721.00,32336123282.84,73,0,,normal,DeFiLlama stablecoinprices,DeFiLlama stablecoin/{asset},2026-05-22,RQI_DII_v1.0,frozen_confirmed_by_researcher,1,market_abnormal_price_qc_pending,USDC_ASSURANCE_2024_01,2024-01-31,2024-02-29,120,1,29,0.9410,0.8400,RQI_DII_v1.0,frozen_confirmed_by_researcher,medium,1,normal,latest publication_date <= market date,rules_frozen_v1_0_market_qc_pending
2024-06-29,USDC,Circle,usd-coin,2,0.999801,-0.000199,0.000199,0,0,0,0,0,31990750699.00,31984384539.61,73,0,,normal,DeFiLlama stablecoinprices,DeFiLlama stablecoin/{asset},2026-05-22,RQI_DII_v1.0,frozen_confirmed_by_researcher,1,market_abnormal_price_qc_pending,USDC_ASSURANCE_2024_01,2024-01-31,2024-02-29,121,1,29,0.9410,0.8400,RQI_DII_v1.0,frozen_confirmed_by_researcher,medium,1,normal,latest publication_date <= market date,rules_frozen_v1_0_market_qc_pending
2024-06-30,USDC,Circle,usd-coin,2,1.001,0.001,0.001,0,0,0,0,0,31959287770.00,31991247057.77,73,0,,normal,DeFiLlama stablecoinprices,DeFiLlama stablecoin/{asset},2026-05-22,RQI_DII_v1.0,frozen_confirmed_by_researcher,1,market_abnormal_price_qc_pending,USDC_ASSURANCE_2024_01,2024-01-31,2024-02-29,122,1,29,0.9410,0.8400,RQI_DII_v1.0,frozen_confirmed_by_researcher,medium,1,normal,latest publication_date <= market date,rules_frozen_v1_0_market_qc_pending
2024-07-01,USDC,Circle,usd-coin,2,0.999961,-0.000039,0.000039,0,0,0,0,0,31911069984.00,31909825452.27,73,0,,normal,DeFiLlama stablecoinprices,DeFiLlama stablecoin/{asset},2026-05-22,RQI_DII_v1.0,frozen_confirmed_by_researcher,1,market_abnormal_price_qc_pending,USDC_ASSURANCE_2024_01,2024-01-31,2024-02-29,123,1,29,0.9410,0.8400,RQI_DII_v1.0,frozen_confirmed_by_researcher,medium,1,normal,latest publication_date <= market date,rules_frozen_v1_0_market_qc_pending
2024-07-02,USDC,Circle,usd-coin,2,1.001,0.001,0.001,0,0,0,0,0,32185806090.00,32217991896.09,73,0,,normal,DeFiLlama stablecoinprices,DeFiLlama stablecoin/{asset},2026-05-22,RQI_DII_v1.0,frozen_confirmed_by_researcher,1,market_abnormal_price_qc_pending,USDC_ASSURANCE_2024_01,2024-01-31,2024-02-29,124,1,29,0.9410,0.8400,RQI_DII_v1.0,frozen_confirmed_by_researcher,medium,1,normal,latest publication_date <= market date,rules_frozen_v1_0_market_qc_pending
2024-07-03,USDC,Circle,usd-coin,2,1,0,0,0,0,0,0,0,32267071401.00,32267071401.00,73,0,,normal,DeFiLlama stablecoinprices,DeFiLlama stablecoin/{asset},2026-05-22,RQI_DII_v1.0,frozen_confirmed_by_researcher,1,market_abnormal_price_qc_pending,USDC_ASSURANCE_2024_01,2024-01-31,2024-02-29,125,1,29,0.9410,0.8400,RQI_DII_v1.0,frozen_confirmed_by_researcher,medium,1,normal,latest publication_date <= market date,rules_frozen_v1_0_market_qc_pending
2024-07-04,USDC,Circle,usd-coin,2,0.998961,-0.001039,0.001039,0,0,0,0,0,32485910727.00,32452157865.75,73,0,,normal,DeFiLlama stablecoinprices,DeFiLlama stablecoin/{asset},2026-05-22,RQI_DII_v1.0,frozen_confirmed_by_researcher,1,market_abnormal_price_qc_pending,USDC_ASSURANCE_2024_01,2024-01-31,2024-02-29,126,1,29,0.9410,0.8400,RQI_DII_v1.0,frozen_confirmed_by_researcher,medium,1,normal,latest publication_date <= market date,rules_frozen_v1_0_market_qc_pending
2024-07-05,USDC,Circle,usd-coin,2,1.001,0.001,0.001,0,0,0,0,0,32617681543.00,32650299224.54,73,0,,normal,DeFiLlama stablecoinprices,DeFiLlama stablecoin/{asset},2026-05-22,RQI_DII_v1.0,frozen_confirmed_by_researcher,1,market_abnormal_price_qc_pending,USDC_ASSURANCE_2024_01,2024-01-31,2024-02-29,127,1,29,0.9410,0.8400,RQI_DII_v1.0,frozen_confirmed_by_researcher,medium,1,normal,latest publication_date <= market date,rules_frozen_v1_0_market_qc_pending
2024-07-06,USDC,Circle,usd-coin,2,1.001,0.001,0.001,0,0,0,0,0,33315912422.00,33349228334.42,73,0,,normal,DeFiLlama stablecoinprices,DeFiLlama stablecoin/{asset},2026-05-22,RQI_DII_v1.0,frozen_confirmed_by_researcher,1,market_abnormal_price_qc_pending,USDC_ASSURANCE_2024_01,2024-01-31,2024-02-29,128,1,29,0.9410,0.8400,RQI_DII_v1.0,frozen_confirmed_by_researcher,medium,1,normal,latest publication_date <= market date,rules_frozen_v1_0_market_qc_pending
2024-07-07,USDC,Circle,usd-coin,2,0.999782,-0.000218,0.000218,0,0,0,0,0,33447033563.00,33439742109.68,73,0,,normal,DeFiLlama stablecoinprices,DeFiLlama stablecoin/{asset},2026-05-22,RQI_DII_v1.0,frozen_confirmed_by_researcher,1,market_abnormal_price_qc_pending,USDC_ASSURANCE_2024_01,2024-01-31,2024-02-29,129,1,29,0.9410,0.8400,RQI_DII_v1.0,frozen_confirmed_by_researcher,medium,1,normal,latest publication_date <= market date,rules_frozen_v1_0_market_qc_pending
2024-07-08,USDC,Circle,usd-coin,2,1,0,0,0,0,0,0,0,33439809573.00,33439809573.00,73,0,,normal,DeFiLlama stablecoinprices,DeFiLlama stablecoin/{asset},2026-05-22,RQI_DII_v1.0,frozen_confirmed_by_researcher,1,market_abnormal_price_qc_pending,USDC_ASSURANCE_2024_01,2024-01-31,2024-02-29,130,1,29,0.9410,0.8400,RQI_DII_v1.0,frozen_confirmed_by_researcher,medium,1,normal,latest publication_date <= market date,rules_frozen_v1_0_market_qc_pending
2024-07-09,USDC,Circle,usd-coin,2,0.99925,-0.00075,0.00075,0,0,0,0,0,33574943626.00,33549762418.28,73,0,,normal,DeFiLlama stablecoinprices,DeFiLlama stablecoin/{asset},2026-05-22,RQI_DII_v1.0,frozen_confirmed_by_researcher,1,market_abnormal_price_qc_pending,USDC_ASSURANCE_2024_01,2024-01-31,2024-02-29,131,1,29,0.9410,0.8400,RQI_DII_v1.0,frozen_confirmed_by_researcher,medium,1,normal,latest publication_date <= market date,rules_frozen_v1_0_market_qc_pending
2024-07-10,USDC,Circle,usd-coin,2,0.999966,-0.000034,0.000034,0,0,0,0,0,33668709611.00,33667564874.87,73,0,,normal,DeFiLlama stablecoinprices,DeFiLlama stablecoin/{asset},2026-05-22,RQI_DII_v1.0,frozen_confirmed_by_researcher,1,market_abnormal_price_qc_pending,USDC_ASSURANCE_2024_01,2024-01-31,2024-02-29,132,1,29,0.9410,0.8400,RQI_DII_v1.0,frozen_confirmed_by_researcher,medium,1,normal,latest publication_date <= market date,rules_frozen_v1_0_market_qc_pending
2024-07-11,USDC,Circle,usd-coin,2,1,0,0,0,0,0,0,0,33798720984.00,33798720984.00,73,0,,normal,DeFiLlama stablecoinprices,DeFiLlama stablecoin/{asset},2026-05-22,RQI_DII_v1.0,frozen_confirmed_by_researcher,1,market_abnormal_price_qc_pending,USDC_ASSURANCE_2024_01,2024-01-31,2024-02-29,133,1,29,0.9410,0.8400,RQI_DII_v1.0,frozen_confirmed_by_researcher,medium,1,normal,latest publication_date <= market date,rules_frozen_v1_0_market_qc_pending
2024-07-12,USDC,Circle,usd-coin,2,1,0,0,0,0,0,0,0,33669103229.00,33669103229.00,73,0,,normal,DeFiLlama stablecoinprices,DeFiLlama stablecoin/{asset},2026-05-22,RQI_DII_v1.0,frozen_confirmed_by_researcher,1,market_abnormal_price_qc_pending,USDC_ASSURANCE_2024_01,2024-01-31,2024-02-29,134,1,29,0.9410,0.8400,RQI_DII_v1.0,frozen_confirmed_by_researcher,medium,1,normal,latest publication_date <= market date,rules_frozen_v1_0_market_qc_pending
2024-07-13,USDC,Circle,usd-coin,2,1.003,0.003,0.003,0,0,0,0,0,33620651798.00,33721513753.39,73,0,,normal,DeFiLlama stablecoinprices,DeFiLlama stablecoin/{asset},2026-05-22,RQI_DII_v1.0,frozen_confirmed_by_researcher,1,market_abnormal_price_qc_pending,USDC_ASSURANCE_2024_01,2024-01-31,2024-02-29,135,1,29,0.9410,0.8400,RQI_DII_v1.0,frozen_confirmed_by_researcher,medium,1,normal,latest publication_date <= market date,rules_frozen_v1_0_market_qc_pending
2024-07-14,USDC,Circle,usd-coin,2,0.999752,-0.000248,0.000248,0,0,0,0,0,33661090358.00,33652742407.59,73,0,,normal,DeFiLlama stablecoinprices,DeFiLlama stablecoin/{asset},2026-05-22,RQI_DII_v1.0,frozen_confirmed_by_researcher,1,market_abnormal_price_qc_pending,USDC_ASSURANCE_2024_01,2024-01-31,2024-02-29,136,1,29,0.9410,0.8400,RQI_DII_v1.0,frozen_confirmed_by_researcher,medium,1,normal,latest publication_date <= market date,rules_frozen_v1_0_market_qc_pending
2024-07-15,USDC,Circle,usd-coin,2,0.999867,-0.000133,0.000133,0,0,0,0,0,33657234387.00,33652757974.83,73,0,,normal,DeFiLlama stablecoinprices,DeFiLlama stablecoin/{asset},2026-05-22,RQI_DII_v1.0,frozen_confirmed_by_researcher,1,market_abnormal_price_qc_pending,USDC_ASSURANCE_2024_01,2024-01-31,2024-02-29,137,1,29,0.9410,0.8400,RQI_DII_v1.0,frozen_confirmed_by_researcher,medium,1,normal,latest publication_date <= market date,rules_frozen_v1_0_market_qc_pending
2024-07-16,USDC,Circle,usd-coin,2,1,0,0,0,0,0,0,0,33624802519.00,33624802519.00,73,0,,normal,DeFiLlama stablecoinprices,DeFiLlama stablecoin/{asset},2026-05-22,RQI_DII_v1.0,frozen_confirmed_by_researcher,1,market_abnormal_price_qc_pending,USDC_ASSURANCE_2024_01,2024-01-31,2024-02-29,138,1,29,0.9410,0.8400,RQI_DII_v1.0,frozen_confirmed_by_researcher,medium,1,normal,latest publication_date <= market date,rules_frozen_v1_0_market_qc_pending
2024-07-17,USDC,Circle,usd-coin,2,1,0,0,0,0,0,0,0,33660350987.00,33660350987.00,73,0,,normal,DeFiLlama stablecoinprices,DeFiLlama stablecoin/{asset},2026-05-22,RQI_DII_v1.0,frozen_confirmed_by_researcher,1,market_abnormal_price_qc_pending,USDC_ASSURANCE_2024_01,2024-01-31,2024-02-29,139,1,29,0.9410,0.8400,RQI_DII_v1.0,frozen_confirmed_by_researcher,medium,1,normal,latest publication_date <= market date,rules_frozen_v1_0_market_qc_pending
2024-07-18,USDC,Circle,usd-coin,2,1,0,0,0,0,0,0,0,33464591314.00,33464591314.00,76,0,,normal,DeFiLlama stablecoinprices,DeFiLlama stablecoin/{asset},2026-05-22,RQI_DII_v1.0,frozen_confirmed_by_researcher,1,market_abnormal_price_qc_pending,USDC_ASSURANCE_2024_01,2024-01-31,2024-02-29,140,1,29,0.9410,0.8400,RQI_DII_v1.0,frozen_confirmed_by_researcher,medium,1,normal,latest publication_date <= market date,rules_frozen_v1_0_market_qc_pending
2024-07-19,USDC,Circle,usd-coin,2,0.999586,-0.000414,0.000414,0,0,0,0,0,33378795491.00,33364976669.67,76,0,,normal,DeFiLlama stablecoinprices,DeFiLlama stablecoin/{asset},2026-05-22,RQI_DII_v1.0,frozen_confirmed_by_researcher,1,market_abnormal_price_qc_pending,USDC_ASSURANCE_2024_01,2024-01-31,2024-02-29,141,1,29,0.9410,0.8400,RQI_DII_v1.0,frozen_confirmed_by_researcher,medium,1,normal,latest publication_date <= market date,rules_frozen_v1_0_market_qc_pending
2024-07-20,USDC,Circle,usd-coin,2,1.002,0.002,0.002,0,0,0,0,0,33645978859.00,33713270816.72,76,0,,normal,DeFiLlama stablecoinprices,DeFiLlama stablecoin/{asset},2026-05-22,RQI_DII_v1.0,frozen_confirmed_by_researcher,1,market_abnormal_price_qc_pending,USDC_ASSURANCE_2024_01,2024-01-31,2024-02-29,142,1,29,0.9410,0.8400,RQI_DII_v1.0,frozen_confirmed_by_researcher,medium,1,normal,latest publication_date <= market date,rules_frozen_v1_0_market_qc_pending
2024-07-21,USDC,Circle,usd-coin,2,0.999827,-0.000173,0.000173,0,0,0,0,0,33778362064.00,33772518407.36,76,0,,normal,DeFiLlama stablecoinprices,DeFiLlama stablecoin/{asset},2026-05-22,RQI_DII_v1.0,frozen_confirmed_by_researcher,1,market_abnormal_price_qc_pending,USDC_ASSURANCE_2024_01,2024-01-31,2024-02-29,143,1,29,0.9410,0.8400,RQI_DII_v1.0,frozen_confirmed_by_researcher,medium,1,normal,latest publication_date <= market date,rules_frozen_v1_0_market_qc_pending
2024-07-22,USDC,Circle,usd-coin,2,1,0,0,0,0,0,0,0,33650416934.00,33650416934.00,77,0,,normal,DeFiLlama stablecoinprices,DeFiLlama stablecoin/{asset},2026-05-22,RQI_DII_v1.0,frozen_confirmed_by_researcher,1,market_abnormal_price_qc_pending,USDC_ASSURANCE_2024_01,2024-01-31,2024-02-29,144,1,29,0.9410,0.8400,RQI_DII_v1.0,frozen_confirmed_by_researcher,medium,1,normal,latest publication_date <= market date,rules_frozen_v1_0_market_qc_pending
2024-07-23,USDC,Circle,usd-coin,2,1.001,0.001,0.001,0,0,0,0,0,33682426123.00,33716108549.12,77,0,,normal,DeFiLlama stablecoinprices,DeFiLlama stablecoin/{asset},2026-05-22,RQI_DII_v1.0,frozen_confirmed_by_researcher,1,market_abnormal_price_qc_pending,USDC_ASSURANCE_2024_01,2024-01-31,2024-02-29,145,1,29,0.9410,0.8400,RQI_DII_v1.0,frozen_confirmed_by_researcher,medium,1,normal,latest publication_date <= market date,rules_frozen_v1_0_market_qc_pending
2024-07-24,USDC,Circle,usd-coin,2,0.999849,-0.000151,0.000151,0,0,0,0,0,33827779216.00,33822671221.34,77,0,,normal,DeFiLlama stablecoinprices,DeFiLlama stablecoin/{asset},2026-05-22,RQI_DII_v1.0,frozen_confirmed_by_researcher,1,market_abnormal_price_qc_pending,USDC_ASSURANCE_2024_01,2024-01-31,2024-02-29,146,1,29,0.9410,0.8400,RQI_DII_v1.0,frozen_confirmed_by_researcher,medium,1,normal,latest publication_date <= market date,rules_frozen_v1_0_market_qc_pending
2024-07-25,USDC,Circle,usd-coin,2,0.999745,-0.000255,0.000255,0,0,0,0,0,33702702508.00,33694108318.86,77,0,,normal,DeFiLlama stablecoinprices,DeFiLlama stablecoin/{asset},2026-05-22,RQI_DII_v1.0,frozen_confirmed_by_researcher,1,market_abnormal_price_qc_pending,USDC_ASSURANCE_2024_01,2024-01-31,2024-02-29,147,1,29,0.9410,0.8400,RQI_DII_v1.0,frozen_confirmed_by_researcher,medium,1,normal,latest publication_date <= market date,rules_frozen_v1_0_market_qc_pending
2024-07-26,USDC,Circle,usd-coin,2,0.999624,-0.000376,0.000376,0,0,0,0,0,33464095324.00,33451512824.16,77,0,,normal,DeFiLlama stablecoinprices,DeFiLlama stablecoin/{asset},2026-05-22,RQI_DII_v1.0,frozen_confirmed_by_researcher,1,market_abnormal_price_qc_pending,USDC_ASSURANCE_2024_01,2024-01-31,2024-02-29,148,1,29,0.9410,0.8400,RQI_DII_v1.0,frozen_confirmed_by_researcher,medium,1,normal,latest publication_date <= market date,rules_frozen_v1_0_market_qc_pending
2024-07-27,USDC,Circle,usd-coin,2,0.999788,-0.000212,0.000212,0,0,0,0,0,33811214605.00,33804046627.50,77,0,,normal,DeFiLlama stablecoinprices,DeFiLlama stablecoin/{asset},2026-05-22,RQI_DII_v1.0,frozen_confirmed_by_researcher,1,market_abnormal_price_qc_pending,USDC_ASSURANCE_2024_01,2024-01-31,2024-02-29,149,1,29,0.9410,0.8400,RQI_DII_v1.0,frozen_confirmed_by_researcher,medium,1,normal,latest publication_date <= market date,rules_frozen_v1_0_market_qc_pending
2024-07-28,USDC,Circle,usd-coin,2,0.999881,-0.000119,0.000119,0,0,0,0,0,33834357134.00,33830330845.50,77,0,,normal,DeFiLlama stablecoinprices,DeFiLlama stablecoin/{asset},2026-05-22,RQI_DII_v1.0,frozen_confirmed_by_researcher,1,market_abnormal_price_qc_pending,USDC_ASSURANCE_2024_01,2024-01-31,2024-02-29,150,1,29,0.9410,0.8400,RQI_DII_v1.0,frozen_confirmed_by_researcher,medium,1,normal,latest publication_date <= market date,rules_frozen_v1_0_market_qc_pending
2024-07-29,USDC,Circle,usd-coin,2,0.999891,-0.000109,0.000109,0,0,0,0,0,33967304666.00,33963602229.79,77,0,,normal,DeFiLlama stablecoinprices,DeFiLlama stablecoin/{asset},2026-05-22,RQI_DII_v1.0,frozen_confirmed_by_researcher,1,market_abnormal_price_qc_pending,USDC_ASSURANCE_2024_01,2024-01-31,2024-02-29,151,1,29,0.9410,0.8400,RQI_DII_v1.0,frozen_confirmed_by_researcher,medium,1,normal,latest publication_date <= market date,rules_frozen_v1_0_market_qc_pending
2024-07-30,USDC,Circle,usd-coin,2,1,0,0,0,0,0,0,0,33428712469.00,33428712469.00,77,0,,normal,DeFiLlama stablecoinprices,DeFiLlama stablecoin/{asset},2026-05-22,RQI_DII_v1.0,frozen_confirmed_by_researcher,1,market_abnormal_price_qc_pending,USDC_ASSURANCE_2024_01,2024-01-31,2024-02-29,152,1,29,0.9410,0.8400,RQI_DII_v1.0,frozen_confirmed_by_researcher,medium,1,normal,latest publication_date <= market date,rules_frozen_v1_0_market_qc_pending
2024-07-31,USDC,Circle,usd-coin,2,1.002,0.002,0.002,0,0,0,0,0,33173324635.00,33239671284.27,77,0,,normal,DeFiLlama stablecoinprices,DeFiLlama stablecoin/{asset},2026-05-22,RQI_DII_v1.0,frozen_confirmed_by_researcher,1,market_abnormal_price_qc_pending,USDC_ASSURANCE_2024_01,2024-01-31,2024-02-29,153,1,29,0.9410,0.8400,RQI_DII_v1.0,frozen_confirmed_by_researcher,medium,1,normal,latest publication_date <= market date,rules_frozen_v1_0_market_qc_pending
2024-08-01,USDC,Circle,usd-coin,2,,,,,,,,,33066248466.00,,77,0,,normal,DeFiLlama stablecoinprices,DeFiLlama stablecoin/{asset},2026-05-22,RQI_DII_v1.0,frozen_confirmed_by_researcher,1,market_abnormal_price_qc_pending,USDC_ASSURANCE_2024_01,2024-01-31,2024-02-29,154,1,29,0.9410,0.8400,RQI_DII_v1.0,frozen_confirmed_by_researcher,medium,1,normal,latest publication_date <= market date,rules_frozen_v1_0_market_qc_pending
2024-08-02,USDC,Circle,usd-coin,2,,,,,,,,,32645937572.00,,77,0,,normal,DeFiLlama stablecoinprices,DeFiLlama stablecoin/{asset},2026-05-22,RQI_DII_v1.0,frozen_confirmed_by_researcher,1,market_abnormal_price_qc_pending,USDC_ASSURANCE_2024_01,2024-01-31,2024-02-29,155,1,29,0.9410,0.8400,RQI_DII_v1.0,frozen_confirmed_by_researcher,medium,1,normal,latest publication_date <= market date,rules_frozen_v1_0_market_qc_pending
2024-08-03,USDC,Circle,usd-coin,2,,,,,,,,,32681126464.00,,77,0,,normal,DeFiLlama stablecoinprices,DeFiLlama stablecoin/{asset},2026-05-22,RQI_DII_v1.0,frozen_confirmed_by_researcher,1,market_abnormal_price_qc_pending,USDC_ASSURANCE_2024_01,2024-01-31,2024-02-29,156,1,29,0.9410,0.8400,RQI_DII_v1.0,frozen_confirmed_by_researcher,medium,1,normal,latest publication_date <= market date,rules_frozen_v1_0_market_qc_pending
2024-08-04,USDC,Circle,usd-coin,2,,,,,,,,,32796927784.00,,77,0,,normal,DeFiLlama stablecoinprices,DeFiLlama stablecoin/{asset},2026-05-22,RQI_DII_v1.0,frozen_confirmed_by_researcher,1,market_abnormal_price_qc_pending,USDC_ASSURANCE_2024_01,2024-01-31,2024-02-29,157,1,29,0.9410,0.8400,RQI_DII_v1.0,frozen_confirmed_by_researcher,medium,1,normal,latest publication_date <= market date,rules_frozen_v1_0_market_qc_pending
2024-08-05,USDC,Circle,usd-coin,2,1,0,0,0,0,0,0,0,32923391050.00,32923391050.00,77,0,,normal,DeFiLlama stablecoinprices,DeFiLlama stablecoin/{asset},2026-05-22,RQI_DII_v1.0,frozen_confirmed_by_researcher,1,market_abnormal_price_qc_pending,USDC_ASSURANCE_2024_01,2024-01-31,2024-02-29,158,1,29,0.9410,0.8400,RQI_DII_v1.0,frozen_confirmed_by_researcher,medium,1,normal,latest publication_date <= market date,rules_frozen_v1_0_market_qc_pending
2024-08-06,USDC,Circle,usd-coin,2,1,0,0,0,0,0,0,0,33411524197.00,33411524197.00,77,0,,normal,DeFiLlama stablecoinprices,DeFiLlama stablecoin/{asset},2026-05-22,RQI_DII_v1.0,frozen_confirmed_by_researcher,1,market_abnormal_price_qc_pending,USDC_ASSURANCE_2024_01,2024-01-31,2024-02-29,159,1,29,0.9410,0.8400,RQI_DII_v1.0,frozen_confirmed_by_researcher,medium,1,normal,latest publication_date <= market date,rules_frozen_v1_0_market_qc_pending
2024-08-07,USDC,Circle,usd-coin,2,1,0,0,0,0,0,0,0,33899549395.00,33899549395.00,77,0,,normal,DeFiLlama stablecoinprices,DeFiLlama stablecoin/{asset},2026-05-22,RQI_DII_v1.0,frozen_confirmed_by_researcher,1,market_abnormal_price_qc_pending,USDC_ASSURANCE_2024_01,2024-01-31,2024-02-29,160,1,29,0.9410,0.8400,RQI_DII_v1.0,frozen_confirmed_by_researcher,medium,1,normal,latest publication_date <= market date,rules_frozen_v1_0_market_qc_pending
2024-08-08,USDC,Circle,usd-coin,2,1.005,0.005,0.005,0,0,0,0,1,34147599110.00,34318337105.55,77,0,,normal,DeFiLlama stablecoinprices,DeFiLlama stablecoin/{asset},2026-05-22,RQI_DII_v1.0,frozen_confirmed_by_researcher,1,market_abnormal_price_qc_pending,USDC_ASSURANCE_2024_01,2024-01-31,2024-02-29,161,1,29,0.9410,0.8400,RQI_DII_v1.0,frozen_confirmed_by_researcher,medium,1,normal,latest publication_date <= market date,rules_frozen_v1_0_market_qc_pending
2024-08-09,USDC,Circle,usd-coin,2,1,0,0,0,0,0,0,0,34155820328.00,34155820328.00,77,0,,normal,DeFiLlama stablecoinprices,DeFiLlama stablecoin/{asset},2026-05-22,RQI_DII_v1.0,frozen_confirmed_by_researcher,1,market_abnormal_price_qc_pending,USDC_ASSURANCE_2024_01,2024-01-31,2024-02-29,162,1,29,0.9410,0.8400,RQI_DII_v1.0,frozen_confirmed_by_researcher,medium,1,normal,latest publication_date <= market date,rules_frozen_v1_0_market_qc_pending
2024-08-10,USDC,Circle,usd-coin,2,0.999855,-0.000145,0.000145,0,0,0,0,0,34092403266.00,34087459867.53,77,0,,normal,DeFiLlama stablecoinprices,DeFiLlama stablecoin/{asset},2026-05-22,RQI_DII_v1.0,frozen_confirmed_by_researcher,1,market_abnormal_price_qc_pending,USDC_ASSURANCE_2024_01,2024-01-31,2024-02-29,163,1,29,0.9410,0.8400,RQI_DII_v1.0,frozen_confirmed_by_researcher,medium,1,normal,latest publication_date <= market date,rules_frozen_v1_0_market_qc_pending
2024-08-11,USDC,Circle,usd-coin,2,0.997721,-0.002279,0.002279,0,0,0,0,0,34134782814.00,34056989643.97,77,0,,normal,DeFiLlama stablecoinprices,DeFiLlama stablecoin/{asset},2026-05-22,RQI_DII_v1.0,frozen_confirmed_by_researcher,1,market_abnormal_price_qc_pending,USDC_ASSURANCE_2024_01,2024-01-31,2024-02-29,164,1,29,0.9410,0.8400,RQI_DII_v1.0,frozen_confirmed_by_researcher,medium,1,normal,latest publication_date <= market date,rules_frozen_v1_0_market_qc_pending
2024-08-12,USDC,Circle,usd-coin,2,1.001,0.001,0.001,0,0,0,0,0,34116653192.00,34150769845.19,77,0,,normal,DeFiLlama stablecoinprices,DeFiLlama stablecoin/{asset},2026-05-22,RQI_DII_v1.0,frozen_confirmed_by_researcher,1,market_abnormal_price_qc_pending,USDC_ASSURANCE_2024_01,2024-01-31,2024-02-29,165,1,29,0.9410,0.8400,RQI_DII_v1.0,frozen_confirmed_by_researcher,medium,1,normal,latest publication_date <= market date,rules_frozen_v1_0_market_qc_pending
2024-08-13,USDC,Circle,usd-coin,2,1,0,0,0,0,0,0,0,34148340008.00,34148340008.00,77,0,,normal,DeFiLlama stablecoinprices,DeFiLlama stablecoin/{asset},2026-05-22,RQI_DII_v1.0,frozen_confirmed_by_researcher,1,market_abnormal_price_qc_pending,USDC_ASSURANCE_2024_01,2024-01-31,2024-02-29,166,1,29,0.9410,0.8400,RQI_DII_v1.0,frozen_confirmed_by_researcher,medium,1,normal,latest publication_date <= market date,rules_frozen_v1_0_market_qc_pending
2024-08-14,USDC,Circle,usd-coin,2,1,0,0,0,0,0,0,0,34118680769.00,34118680769.00,77,0,,normal,DeFiLlama stablecoinprices,DeFiLlama stablecoin/{asset},2026-05-22,RQI_DII_v1.0,frozen_confirmed_by_researcher,1,market_abnormal_price_qc_pending,USDC_ASSURANCE_2024_01,2024-01-31,2024-02-29,167,1,29,0.9410,0.8400,RQI_DII_v1.0,frozen_confirmed_by_researcher,medium,1,normal,latest publication_date <= market date,rules_frozen_v1_0_market_qc_pending
2024-08-15,USDC,Circle,usd-coin,2,1,0,0,0,0,0,0,0,34121951871.00,34121951871.00,77,0,,normal,DeFiLlama stablecoinprices,DeFiLlama stablecoin/{asset},2026-05-22,RQI_DII_v1.0,frozen_confirmed_by_researcher,1,market_abnormal_price_qc_pending,USDC_ASSURANCE_2024_01,2024-01-31,2024-02-29,168,1,29,0.9410,0.8400,RQI_DII_v1.0,frozen_confirmed_by_researcher,medium,1,normal,latest publication_date <= market date,rules_frozen_v1_0_market_qc_pending
2024-08-16,USDC,Circle,usd-coin,2,0.999441,-0.000559,0.000559,0,0,0,0,0,34190365754.00,34171253339.54,77,0,,normal,DeFiLlama stablecoinprices,DeFiLlama stablecoin/{asset},2026-05-22,RQI_DII_v1.0,frozen_confirmed_by_researcher,1,market_abnormal_price_qc_pending,USDC_ASSURANCE_2024_01,2024-01-31,2024-02-29,169,1,29,0.9410,0.8400,RQI_DII_v1.0,frozen_confirmed_by_researcher,medium,1,normal,latest publication_date <= market date,rules_frozen_v1_0_market_qc_pending
2024-08-17,USDC,Circle,usd-coin,2,1,0,0,0,0,0,0,0,34444239205.00,34444239205.00,77,0,,normal,DeFiLlama stablecoinprices,DeFiLlama stablecoin/{asset},2026-05-22,RQI_DII_v1.0,frozen_confirmed_by_researcher,1,market_abnormal_price_qc_pending,USDC_ASSURANCE_2024_01,2024-01-31,2024-02-29,170,1,29,0.9410,0.8400,RQI_DII_v1.0,frozen_confirmed_by_researcher,medium,1,normal,latest publication_date <= market date,rules_frozen_v1_0_market_qc_pending
2024-08-18,USDC,Circle,usd-coin,2,1,0,0,0,0,0,0,0,34467820997.00,34467820997.00,77,0,,normal,DeFiLlama stablecoinprices,DeFiLlama stablecoin/{asset},2026-05-22,RQI_DII_v1.0,frozen_confirmed_by_researcher,1,market_abnormal_price_qc_pending,USDC_ASSURANCE_2024_01,2024-01-31,2024-02-29,171,1,29,0.9410,0.8400,RQI_DII_v1.0,frozen_confirmed_by_researcher,medium,1,normal,latest publication_date <= market date,rules_frozen_v1_0_market_qc_pending
2024-08-19,USDC,Circle,usd-coin,2,0.999898,-0.000102,0.000102,0,0,0,0,0,34437580256.00,34434067622.81,77,0,,normal,DeFiLlama stablecoinprices,DeFiLlama stablecoin/{asset},2026-05-22,RQI_DII_v1.0,frozen_confirmed_by_researcher,1,market_abnormal_price_qc_pending,USDC_ASSURANCE_2024_01,2024-01-31,2024-02-29,172,1,29,0.9410,0.8400,RQI_DII_v1.0,frozen_confirmed_by_researcher,medium,1,normal,latest publication_date <= market date,rules_frozen_v1_0_market_qc_pending
2024-08-20,USDC,Circle,usd-coin,2,0.999893,-0.000107,0.000107,0,0,0,0,0,34531378958.00,34527684100.45,77,0,,normal,DeFiLlama stablecoinprices,DeFiLlama stablecoin/{asset},2026-05-22,RQI_DII_v1.0,frozen_confirmed_by_researcher,1,market_abnormal_price_qc_pending,USDC_ASSURANCE_2024_01,2024-01-31,2024-02-29,173,1,29,0.9410,0.8400,RQI_DII_v1.0,frozen_confirmed_by_researcher,medium,1,normal,latest publication_date <= market date,rules_frozen_v1_0_market_qc_pending
2024-08-21,USDC,Circle,usd-coin,2,0.999112,-0.000888,0.000888,0,0,0,0,0,34429610360.00,34399036866.00,77,0,,normal,DeFiLlama stablecoinprices,DeFiLlama stablecoin/{asset},2026-05-22,RQI_DII_v1.0,frozen_confirmed_by_researcher,1,market_abnormal_price_qc_pending,USDC_ASSURANCE_2024_01,2024-01-31,2024-02-29,174,1,29,0.9410,0.8400,RQI_DII_v1.0,frozen_confirmed_by_researcher,medium,1,normal,latest publication_date <= market date,rules_frozen_v1_0_market_qc_pending
2024-08-22,USDC,Circle,usd-coin,2,0.999607,-0.000393,0.000393,0,0,0,0,0,34532300004.00,34518728810.10,77,0,,normal,DeFiLlama stablecoinprices,DeFiLlama stablecoin/{asset},2026-05-22,RQI_DII_v1.0,frozen_confirmed_by_researcher,1,market_abnormal_price_qc_pending,USDC_ASSURANCE_2024_01,2024-01-31,2024-02-29,175,1,29,0.9410,0.8400,RQI_DII_v1.0,frozen_confirmed_by_researcher,medium,1,normal,latest publication_date <= market date,rules_frozen_v1_0_market_qc_pending
2024-08-23,USDC,Circle,usd-coin,2,0.999653,-0.000347,0.000347,0,0,0,0,0,34315544515.00,34303637021.05,77,0,,normal,DeFiLlama stablecoinprices,DeFiLlama stablecoin/{asset},2026-05-22,RQI_DII_v1.0,frozen_confirmed_by_researcher,1,market_abnormal_price_qc_pending,USDC_ASSURANCE_2024_01,2024-01-31,2024-02-29,176,1,29,0.9410,0.8400,RQI_DII_v1.0,frozen_confirmed_by_researcher,medium,1,normal,latest publication_date <= market date,rules_frozen_v1_0_market_qc_pending
2024-08-24,USDC,Circle,usd-coin,2,0.998772,-0.001228,0.001228,0,0,0,0,0,34556230572.00,34513795520.86,77,0,,normal,DeFiLlama stablecoinprices,DeFiLlama stablecoin/{asset},2026-05-22,RQI_DII_v1.0,frozen_confirmed_by_researcher,1,market_abnormal_price_qc_pending,USDC_ASSURANCE_2024_01,2024-01-31,2024-02-29,177,1,29,0.9410,0.8400,RQI_DII_v1.0,frozen_confirmed_by_researcher,medium,1,normal,latest publication_date <= market date,rules_frozen_v1_0_market_qc_pending
2024-08-25,USDC,Circle,usd-coin,2,1.001,0.001,0.001,0,0,0,0,0,34484472199.00,34518956671.20,77,0,,normal,DeFiLlama stablecoinprices,DeFiLlama stablecoin/{asset},2026-05-22,RQI_DII_v1.0,frozen_confirmed_by_researcher,1,market_abnormal_price_qc_pending,USDC_ASSURANCE_2024_01,2024-01-31,2024-02-29,178,1,29,0.9410,0.8400,RQI_DII_v1.0,frozen_confirmed_by_researcher,medium,1,normal,latest publication_date <= market date,rules_frozen_v1_0_market_qc_pending
2024-08-26,USDC,Circle,usd-coin,2,0.999884,-0.000116,0.000116,0,0,0,0,0,34433170750.00,34429176502.19,77,0,,normal,DeFiLlama stablecoinprices,DeFiLlama stablecoin/{asset},2026-05-22,RQI_DII_v1.0,frozen_confirmed_by_researcher,1,market_abnormal_price_qc_pending,USDC_ASSURANCE_2024_01,2024-01-31,2024-02-29,179,1,29,0.9410,0.8400,RQI_DII_v1.0,frozen_confirmed_by_researcher,medium,1,normal,latest publication_date <= market date,rules_frozen_v1_0_market_qc_pending
2024-08-27,USDC,Circle,usd-coin,2,0.998951,-0.001049,0.001049,0,0,0,0,0,34177837212.00,34141984660.76,77,0,,normal,DeFiLlama stablecoinprices,DeFiLlama stablecoin/{asset},2026-05-22,RQI_DII_v1.0,frozen_confirmed_by_researcher,1,market_abnormal_price_qc_pending,USDC_ASSURANCE_2024_07,2024-07-31,2024-08-27,0,0,27,0.9404,0.8400,RQI_DII_v1.0,frozen_confirmed_by_researcher,medium,1,normal,latest publication_date <= market date,rules_frozen_v1_0_market_qc_pending
2024-08-28,USDC,Circle,usd-coin,2,1,0,0,0,0,0,0,0,33910790540.00,33910790540.00,77,0,,normal,DeFiLlama stablecoinprices,DeFiLlama stablecoin/{asset},2026-05-22,RQI_DII_v1.0,frozen_confirmed_by_researcher,1,market_abnormal_price_qc_pending,USDC_ASSURANCE_2024_07,2024-07-31,2024-08-27,1,0,27,0.9404,0.8400,RQI_DII_v1.0,frozen_confirmed_by_researcher,medium,1,normal,latest publication_date <= market date,rules_frozen_v1_0_market_qc_pending
2024-08-29,USDC,Circle,usd-coin,2,0.999617,-0.000383,0.000383,0,0,0,0,0,34034384970.00,34021349800.56,77,0,,normal,DeFiLlama stablecoinprices,DeFiLlama stablecoin/{asset},2026-05-22,RQI_DII_v1.0,frozen_confirmed_by_researcher,1,market_abnormal_price_qc_pending,USDC_ASSURANCE_2024_07,2024-07-31,2024-08-27,2,0,27,0.9404,0.8400,RQI_DII_v1.0,frozen_confirmed_by_researcher,medium,1,normal,latest publication_date <= market date,rules_frozen_v1_0_market_qc_pending
2024-08-30,USDC,Circle,usd-coin,2,1,0,0,0,0,0,0,0,34509015726.00,34509015726.00,79,0,,normal,DeFiLlama stablecoinprices,DeFiLlama stablecoin/{asset},2026-05-22,RQI_DII_v1.0,frozen_confirmed_by_researcher,1,market_abnormal_price_qc_pending,USDC_ASSURANCE_2024_07,2024-07-31,2024-08-27,3,0,27,0.9404,0.8400,RQI_DII_v1.0,frozen_confirmed_by_researcher,medium,1,normal,latest publication_date <= market date,rules_frozen_v1_0_market_qc_pending
2024-08-31,USDC,Circle,usd-coin,2,1,0,0,0,0,0,0,0,34599205583.00,34599205583.00,79,0,,normal,DeFiLlama stablecoinprices,DeFiLlama stablecoin/{asset},2026-05-22,RQI_DII_v1.0,frozen_confirmed_by_researcher,1,market_abnormal_price_qc_pending,USDC_ASSURANCE_2024_07,2024-07-31,2024-08-27,4,0,27,0.9404,0.8400,RQI_DII_v1.0,frozen_confirmed_by_researcher,medium,1,normal,latest publication_date <= market date,rules_frozen_v1_0_market_qc_pending
2024-09-01,USDC,Circle,usd-coin,2,0.998277,-0.001723,0.001723,0,0,0,0,0,34583590643.00,34524003116.32,79,0,,normal,DeFiLlama stablecoinprices,DeFiLlama stablecoin/{asset},2026-05-22,RQI_DII_v1.0,frozen_confirmed_by_researcher,1,market_abnormal_price_qc_pending,USDC_ASSURANCE_2024_07,2024-07-31,2024-08-27,5,0,27,0.9404,0.8400,RQI_DII_v1.0,frozen_confirmed_by_researcher,medium,1,normal,latest publication_date <= market date,rules_frozen_v1_0_market_qc_pending
2024-09-02,USDC,Circle,usd-coin,2,1.001,0.001,0.001,0,0,0,0,0,34613215286.00,34647828501.29,79,0,,normal,DeFiLlama stablecoinprices,DeFiLlama stablecoin/{asset},2026-05-22,RQI_DII_v1.0,frozen_confirmed_by_researcher,1,market_abnormal_price_qc_pending,USDC_ASSURANCE_2024_07,2024-07-31,2024-08-27,6,0,27,0.9404,0.8400,RQI_DII_v1.0,frozen_confirmed_by_researcher,medium,1,normal,latest publication_date <= market date,rules_frozen_v1_0_market_qc_pending
2024-09-03,USDC,Circle,usd-coin,2,1,0,0,0,0,0,0,0,34657370928.00,34657370928.00,79,0,,normal,DeFiLlama stablecoinprices,DeFiLlama stablecoin/{asset},2026-05-22,RQI_DII_v1.0,frozen_confirmed_by_researcher,1,market_abnormal_price_qc_pending,USDC_ASSURANCE_2024_07,2024-07-31,2024-08-27,7,0,27,0.9404,0.8400,RQI_DII_v1.0,frozen_confirmed_by_researcher,medium,1,normal,latest publication_date <= market date,rules_frozen_v1_0_market_qc_pending
2024-09-04,USDC,Circle,usd-coin,2,0.999889,-0.000111,0.000111,0,0,0,0,0,34522575873.00,34518743867.08,79,0,,normal,DeFiLlama stablecoinprices,DeFiLlama stablecoin/{asset},2026-05-22,RQI_DII_v1.0,frozen_confirmed_by_researcher,1,market_abnormal_price_qc_pending,USDC_ASSURANCE_2024_07,2024-07-31,2024-08-27,8,0,27,0.9404,0.8400,RQI_DII_v1.0,frozen_confirmed_by_researcher,medium,1,normal,latest publication_date <= market date,rules_frozen_v1_0_market_qc_pending
2024-09-05,USDC,Circle,usd-coin,2,1,0,0,0,0,0,0,0,34784372978.00,34784372978.00,79,0,,normal,DeFiLlama stablecoinprices,DeFiLlama stablecoin/{asset},2026-05-22,RQI_DII_v1.0,frozen_confirmed_by_researcher,1,market_abnormal_price_qc_pending,USDC_ASSURANCE_2024_07,2024-07-31,2024-08-27,9,0,27,0.9404,0.8400,RQI_DII_v1.0,frozen_confirmed_by_researcher,medium,1,normal,latest publication_date <= market date,rules_frozen_v1_0_market_qc_pending
2024-09-06,USDC,Circle,usd-coin,2,1,0,0,0,0,0,0,0,34794139446.00,34794139446.00,79,0,,normal,DeFiLlama stablecoinprices,DeFiLlama stablecoin/{asset},2026-05-22,RQI_DII_v1.0,frozen_confirmed_by_researcher,1,market_abnormal_price_qc_pending,USDC_ASSURANCE_2024_07,2024-07-31,2024-08-27,10,0,27,0.9404,0.8400,RQI_DII_v1.0,frozen_confirmed_by_researcher,medium,1,normal,latest publication_date <= market date,rules_frozen_v1_0_market_qc_pending
2024-09-07,USDC,Circle,usd-coin,2,0.999774,-0.000226,0.000226,0,0,0,0,0,34708313467.00,34700469388.16,79,0,,normal,DeFiLlama stablecoinprices,DeFiLlama stablecoin/{asset},2026-05-22,RQI_DII_v1.0,frozen_confirmed_by_researcher,1,market_abnormal_price_qc_pending,USDC_ASSURANCE_2024_07,2024-07-31,2024-08-27,11,0,27,0.9404,0.8400,RQI_DII_v1.0,frozen_confirmed_by_researcher,medium,1,normal,latest publication_date <= market date,rules_frozen_v1_0_market_qc_pending
2024-09-08,USDC,Circle,usd-coin,2,0.999381,-0.000619,0.000619,0,0,0,0,0,34814134193.00,34792584243.93,79,0,,normal,DeFiLlama stablecoinprices,DeFiLlama stablecoin/{asset},2026-05-22,RQI_DII_v1.0,frozen_confirmed_by_researcher,1,market_abnormal_price_qc_pending,USDC_ASSURANCE_2024_07,2024-07-31,2024-08-27,12,0,27,0.9404,0.8400,RQI_DII_v1.0,frozen_confirmed_by_researcher,medium,1,normal,latest publication_date <= market date,rules_frozen_v1_0_market_qc_pending
2024-09-09,USDC,Circle,usd-coin,2,0.999645,-0.000355,0.000355,0,0,0,0,0,34859598816.00,34847223658.42,79,0,,normal,DeFiLlama stablecoinprices,DeFiLlama stablecoin/{asset},2026-05-22,RQI_DII_v1.0,frozen_confirmed_by_researcher,1,market_abnormal_price_qc_pending,USDC_ASSURANCE_2024_07,2024-07-31,2024-08-27,13,0,27,0.9404,0.8400,RQI_DII_v1.0,frozen_confirmed_by_researcher,medium,1,normal,latest publication_date <= market date,rules_frozen_v1_0_market_qc_pending
2024-09-10,USDC,Circle,usd-coin,2,1.001,0.001,0.001,0,0,0,0,0,34978518356.00,35013496874.36,79,0,,normal,DeFiLlama stablecoinprices,DeFiLlama stablecoin/{asset},2026-05-22,RQI_DII_v1.0,frozen_confirmed_by_researcher,1,market_abnormal_price_qc_pending,USDC_ASSURANCE_2024_07,2024-07-31,2024-08-27,14,0,27,0.9404,0.8400,RQI_DII_v1.0,frozen_confirmed_by_researcher,medium,1,normal,latest publication_date <= market date,rules_frozen_v1_0_market_qc_pending
2024-09-11,USDC,Circle,usd-coin,2,1,0,0,0,0,0,0,0,35198963036.00,35198963036.00,79,0,,normal,DeFiLlama stablecoinprices,DeFiLlama stablecoin/{asset},2026-05-22,RQI_DII_v1.0,frozen_confirmed_by_researcher,1,market_abnormal_price_qc_pending,USDC_ASSURANCE_2024_07,2024-07-31,2024-08-27,15,0,27,0.9404,0.8400,RQI_DII_v1.0,frozen_confirmed_by_researcher,medium,1,normal,latest publication_date <= market date,rules_frozen_v1_0_market_qc_pending
2024-09-12,USDC,Circle,usd-coin,2,0.999836,-0.000164,0.000164,0,0,0,0,0,35235253604.00,35229475022.41,79,0,,normal,DeFiLlama stablecoinprices,DeFiLlama stablecoin/{asset},2026-05-22,RQI_DII_v1.0,frozen_confirmed_by_researcher,1,market_abnormal_price_qc_pending,USDC_ASSURANCE_2024_07,2024-07-31,2024-08-27,16,0,27,0.9404,0.8400,RQI_DII_v1.0,frozen_confirmed_by_researcher,medium,1,normal,latest publication_date <= market date,rules_frozen_v1_0_market_qc_pending
2024-09-13,USDC,Circle,usd-coin,2,0.999307,-0.000693,0.000693,0,0,0,0,0,35266808455.00,35242368556.74,79,0,,normal,DeFiLlama stablecoinprices,DeFiLlama stablecoin/{asset},2026-05-22,RQI_DII_v1.0,frozen_confirmed_by_researcher,1,market_abnormal_price_qc_pending,USDC_ASSURANCE_2024_07,2024-07-31,2024-08-27,17,0,27,0.9404,0.8400,RQI_DII_v1.0,frozen_confirmed_by_researcher,medium,1,normal,latest publication_date <= market date,rules_frozen_v1_0_market_qc_pending
2024-09-14,USDC,Circle,usd-coin,2,0.999873,-0.000127,0.000127,0,0,0,0,0,35564494257.00,35559977566.23,79,0,,normal,DeFiLlama stablecoinprices,DeFiLlama stablecoin/{asset},2026-05-22,RQI_DII_v1.0,frozen_confirmed_by_researcher,1,market_abnormal_price_qc_pending,USDC_ASSURANCE_2024_07,2024-07-31,2024-08-27,18,0,27,0.9404,0.8400,RQI_DII_v1.0,frozen_confirmed_by_researcher,medium,1,normal,latest publication_date <= market date,rules_frozen_v1_0_market_qc_pending
2024-09-15,USDC,Circle,usd-coin,2,1,0,0,0,0,0,0,0,35555185330.00,35555185330.00,79,0,,normal,DeFiLlama stablecoinprices,DeFiLlama stablecoin/{asset},2026-05-22,RQI_DII_v1.0,frozen_confirmed_by_researcher,1,market_abnormal_price_qc_pending,USDC_ASSURANCE_2024_07,2024-07-31,2024-08-27,19,0,27,0.9404,0.8400,RQI_DII_v1.0,frozen_confirmed_by_researcher,medium,1,normal,latest publication_date <= market date,rules_frozen_v1_0_market_qc_pending
2024-09-16,USDC,Circle,usd-coin,2,1,0,0,0,0,0,0,0,35532025540.00,35532025540.00,79,0,,normal,DeFiLlama stablecoinprices,DeFiLlama stablecoin/{asset},2026-05-22,RQI_DII_v1.0,frozen_confirmed_by_researcher,1,market_abnormal_price_qc_pending,USDC_ASSURANCE_2024_07,2024-07-31,2024-08-27,20,0,27,0.9404,0.8400,RQI_DII_v1.0,frozen_confirmed_by_researcher,medium,1,normal,latest publication_date <= market date,rules_frozen_v1_0_market_qc_pending
2024-09-17,USDC,Circle,usd-coin,2,0.999499,-0.000501,0.000501,0,0,0,0,0,35290035788.00,35272355480.07,79,0,,normal,DeFiLlama stablecoinprices,DeFiLlama stablecoin/{asset},2026-05-22,RQI_DII_v1.0,frozen_confirmed_by_researcher,1,market_abnormal_price_qc_pending,USDC_ASSURANCE_2024_07,2024-07-31,2024-08-27,21,0,27,0.9404,0.8400,RQI_DII_v1.0,frozen_confirmed_by_researcher,medium,1,normal,latest publication_date <= market date,rules_frozen_v1_0_market_qc_pending
2024-09-18,USDC,Circle,usd-coin,2,1,0,0,0,0,0,0,0,35445932283.00,35445932283.00,79,0,,normal,DeFiLlama stablecoinprices,DeFiLlama stablecoin/{asset},2026-05-22,RQI_DII_v1.0,frozen_confirmed_by_researcher,1,market_abnormal_price_qc_pending,USDC_ASSURANCE_2024_07,2024-07-31,2024-08-27,22,0,27,0.9404,0.8400,RQI_DII_v1.0,frozen_confirmed_by_researcher,medium,1,normal,latest publication_date <= market date,rules_frozen_v1_0_market_qc_pending
2024-09-19,USDC,Circle,usd-coin,2,0.999944,-0.000056,0.000056,0,0,0,0,0,35406071316.00,35404088576.01,79,0,,normal,DeFiLlama stablecoinprices,DeFiLlama stablecoin/{asset},2026-05-22,RQI_DII_v1.0,frozen_confirmed_by_researcher,1,market_abnormal_price_qc_pending,USDC_ASSURANCE_2024_07,2024-07-31,2024-08-27,23,0,27,0.9404,0.8400,RQI_DII_v1.0,frozen_confirmed_by_researcher,medium,1,normal,latest publication_date <= market date,rules_frozen_v1_0_market_qc_pending
2024-09-20,USDC,Circle,usd-coin,2,0.999364,-0.000636,0.000636,0,0,0,0,0,35428141979.00,35405609680.70,79,0,,normal,DeFiLlama stablecoinprices,DeFiLlama stablecoin/{asset},2026-05-22,RQI_DII_v1.0,frozen_confirmed_by_researcher,1,market_abnormal_price_qc_pending,USDC_ASSURANCE_2024_07,2024-07-31,2024-08-27,24,0,27,0.9404,0.8400,RQI_DII_v1.0,frozen_confirmed_by_researcher,medium,1,normal,latest publication_date <= market date,rules_frozen_v1_0_market_qc_pending
2024-09-21,USDC,Circle,usd-coin,2,0.999731,-0.000269,0.000269,0,0,0,0,0,35581397292.00,35571825896.13,79,0,,normal,DeFiLlama stablecoinprices,DeFiLlama stablecoin/{asset},2026-05-22,RQI_DII_v1.0,frozen_confirmed_by_researcher,1,market_abnormal_price_qc_pending,USDC_ASSURANCE_2024_07,2024-07-31,2024-08-27,25,0,27,0.9404,0.8400,RQI_DII_v1.0,frozen_confirmed_by_researcher,medium,1,normal,latest publication_date <= market date,rules_frozen_v1_0_market_qc_pending
2024-09-22,USDC,Circle,usd-coin,2,1.001,0.001,0.001,0,0,0,0,0,35652156231.00,35687808387.23,79,0,,normal,DeFiLlama stablecoinprices,DeFiLlama stablecoin/{asset},2026-05-22,RQI_DII_v1.0,frozen_confirmed_by_researcher,1,market_abnormal_price_qc_pending,USDC_ASSURANCE_2024_07,2024-07-31,2024-08-27,26,0,27,0.9404,0.8400,RQI_DII_v1.0,frozen_confirmed_by_researcher,medium,1,normal,latest publication_date <= market date,rules_frozen_v1_0_market_qc_pending
2024-09-23,USDC,Circle,usd-coin,2,1,0,0,0,0,0,0,0,35692170860.00,35692170860.00,79,0,,normal,DeFiLlama stablecoinprices,DeFiLlama stablecoin/{asset},2026-05-22,RQI_DII_v1.0,frozen_confirmed_by_researcher,1,market_abnormal_price_qc_pending,USDC_ASSURANCE_2024_07,2024-07-31,2024-08-27,27,0,27,0.9404,0.8400,RQI_DII_v1.0,frozen_confirmed_by_researcher,medium,1,normal,latest publication_date <= market date,rules_frozen_v1_0_market_qc_pending
2024-09-24,USDC,Circle,usd-coin,2,1,0,0,0,0,0,0,0,35650064221.00,35650064221.00,79,0,,normal,DeFiLlama stablecoinprices,DeFiLlama stablecoin/{asset},2026-05-22,RQI_DII_v1.0,frozen_confirmed_by_researcher,1,market_abnormal_price_qc_pending,USDC_ASSURANCE_2024_07,2024-07-31,2024-08-27,28,0,27,0.9404,0.8400,RQI_DII_v1.0,frozen_confirmed_by_researcher,medium,1,normal,latest publication_date <= market date,rules_frozen_v1_0_market_qc_pending
2024-09-25,USDC,Circle,usd-coin,2,0.999738,-0.000262,0.000262,0,0,0,0,0,35820827509.00,35811442452.19,79,0,,normal,DeFiLlama stablecoinprices,DeFiLlama stablecoin/{asset},2026-05-22,RQI_DII_v1.0,frozen_confirmed_by_researcher,1,market_abnormal_price_qc_pending,USDC_ASSURANCE_2024_07,2024-07-31,2024-08-27,29,0,27,0.9404,0.8400,RQI_DII_v1.0,frozen_confirmed_by_researcher,medium,1,normal,latest publication_date <= market date,rules_frozen_v1_0_market_qc_pending
2024-09-26,USDC,Circle,usd-coin,2,0.999964,-0.000036,0.000036,0,0,0,0,0,35857306791.00,35856015927.96,79,0,,normal,DeFiLlama stablecoinprices,DeFiLlama stablecoin/{asset},2026-05-22,RQI_DII_v1.0,frozen_confirmed_by_researcher,1,market_abnormal_price_qc_pending,USDC_ASSURANCE_2024_07,2024-07-31,2024-08-27,30,0,27,0.9404,0.8400,RQI_DII_v1.0,frozen_confirmed_by_researcher,medium,1,normal,latest publication_date <= market date,rules_frozen_v1_0_market_qc_pending
2024-09-27,USDC,Circle,usd-coin,2,1,0,0,0,0,0,0,0,36097127786.00,36097127786.00,79,0,,normal,DeFiLlama stablecoinprices,DeFiLlama stablecoin/{asset},2026-05-22,RQI_DII_v1.0,frozen_confirmed_by_researcher,1,market_abnormal_price_qc_pending,USDC_ASSURANCE_2024_07,2024-07-31,2024-08-27,31,0,27,0.9404,0.8400,RQI_DII_v1.0,frozen_confirmed_by_researcher,medium,1,normal,latest publication_date <= market date,rules_frozen_v1_0_market_qc_pending
2024-09-28,USDC,Circle,usd-coin,2,0.999677,-0.000323,0.000323,0,0,0,0,0,36100593177.00,36088932685.40,79,0,,normal,DeFiLlama stablecoinprices,DeFiLlama stablecoin/{asset},2026-05-22,RQI_DII_v1.0,frozen_confirmed_by_researcher,1,market_abnormal_price_qc_pending,USDC_ASSURANCE_2024_07,2024-07-31,2024-08-27,32,0,27,0.9404,0.8400,RQI_DII_v1.0,frozen_confirmed_by_researcher,medium,1,normal,latest publication_date <= market date,rules_frozen_v1_0_market_qc_pending
2024-09-29,USDC,Circle,usd-coin,2,1,0,0,0,0,0,0,0,36078888348.00,36078888348.00,79,0,,normal,DeFiLlama stablecoinprices,DeFiLlama stablecoin/{asset},2026-05-22,RQI_DII_v1.0,frozen_confirmed_by_researcher,1,market_abnormal_price_qc_pending,USDC_ASSURANCE_2024_07,2024-07-31,2024-08-27,33,0,27,0.9404,0.8400,RQI_DII_v1.0,frozen_confirmed_by_researcher,medium,1,normal,latest publication_date <= market date,rules_frozen_v1_0_market_qc_pending
2024-09-30,USDC,Circle,usd-coin,2,0.999059,-0.000941,0.000941,0,0,0,0,0,36042753733.00,36008837501.74,79,0,,normal,DeFiLlama stablecoinprices,DeFiLlama stablecoin/{asset},2026-05-22,RQI_DII_v1.0,frozen_confirmed_by_researcher,1,market_abnormal_price_qc_pending,USDC_ASSURANCE_2024_07,2024-07-31,2024-08-27,34,0,27,0.9404,0.8400,RQI_DII_v1.0,frozen_confirmed_by_researcher,medium,1,normal,latest publication_date <= market date,rules_frozen_v1_0_market_qc_pending
2024-10-01,USDC,Circle,usd-coin,2,0.999725,-0.000275,0.000275,0,0,0,0,0,35289843120.00,35280138413.14,79,0,,normal,DeFiLlama stablecoinprices,DeFiLlama stablecoin/{asset},2026-05-22,RQI_DII_v1.0,frozen_confirmed_by_researcher,1,market_abnormal_price_qc_pending,USDC_ASSURANCE_2024_07,2024-07-31,2024-08-27,35,0,27,0.9404,0.8400,RQI_DII_v1.0,frozen_confirmed_by_researcher,medium,1,normal,latest publication_date <= market date,rules_frozen_v1_0_market_qc_pending
2024-10-02,USDC,Circle,usd-coin,2,1,0,0,0,0,0,0,0,35348835550.00,35348835550.00,79,0,,normal,DeFiLlama stablecoinprices,DeFiLlama stablecoin/{asset},2026-05-22,RQI_DII_v1.0,frozen_confirmed_by_researcher,1,market_abnormal_price_qc_pending,USDC_ASSURANCE_2024_07,2024-07-31,2024-08-27,36,0,27,0.9404,0.8400,RQI_DII_v1.0,frozen_confirmed_by_researcher,medium,1,normal,latest publication_date <= market date,rules_frozen_v1_0_market_qc_pending
2024-10-03,USDC,Circle,usd-coin,2,1,0,0,0,0,0,0,0,35367809244.00,35367809244.00,79,0,,normal,DeFiLlama stablecoinprices,DeFiLlama stablecoin/{asset},2026-05-22,RQI_DII_v1.0,frozen_confirmed_by_researcher,1,market_abnormal_price_qc_pending,USDC_ASSURANCE_2024_07,2024-07-31,2024-08-27,37,0,27,0.9404,0.8400,RQI_DII_v1.0,frozen_confirmed_by_researcher,medium,1,normal,latest publication_date <= market date,rules_frozen_v1_0_market_qc_pending
2024-10-04,USDC,Circle,usd-coin,2,0.999812,-0.000188,0.000188,0,0,0,0,0,35341719639.00,35335075395.71,79,0,,normal,DeFiLlama stablecoinprices,DeFiLlama stablecoin/{asset},2026-05-22,RQI_DII_v1.0,frozen_confirmed_by_researcher,1,market_abnormal_price_qc_pending,USDC_ASSURANCE_2024_07,2024-07-31,2024-08-27,38,0,27,0.9404,0.8400,RQI_DII_v1.0,frozen_confirmed_by_researcher,medium,1,normal,latest publication_date <= market date,rules_frozen_v1_0_market_qc_pending
2024-10-05,USDC,Circle,usd-coin,2,0.999789,-0.000211,0.000211,0,0,0,0,0,35344697858.00,35337240126.75,79,0,,normal,DeFiLlama stablecoinprices,DeFiLlama stablecoin/{asset},2026-05-22,RQI_DII_v1.0,frozen_confirmed_by_researcher,1,market_abnormal_price_qc_pending,USDC_ASSURANCE_2024_07,2024-07-31,2024-08-27,39,0,27,0.9404,0.8400,RQI_DII_v1.0,frozen_confirmed_by_researcher,medium,1,normal,latest publication_date <= market date,rules_frozen_v1_0_market_qc_pending
2024-10-06,USDC,Circle,usd-coin,2,1.002,0.002,0.002,0,0,0,0,0,35394449563.00,35465238462.13,79,0,,normal,DeFiLlama stablecoinprices,DeFiLlama stablecoin/{asset},2026-05-22,RQI_DII_v1.0,frozen_confirmed_by_researcher,1,market_abnormal_price_qc_pending,USDC_ASSURANCE_2024_07,2024-07-31,2024-08-27,40,0,27,0.9404,0.8400,RQI_DII_v1.0,frozen_confirmed_by_researcher,medium,1,normal,latest publication_date <= market date,rules_frozen_v1_0_market_qc_pending
2024-10-07,USDC,Circle,usd-coin,2,0.997513,-0.002487,0.002487,0,0,0,0,0,35400267095.00,35312226630.73,79,0,,normal,DeFiLlama stablecoinprices,DeFiLlama stablecoin/{asset},2026-05-22,RQI_DII_v1.0,frozen_confirmed_by_researcher,1,market_abnormal_price_qc_pending,USDC_ASSURANCE_2024_07,2024-07-31,2024-08-27,41,0,27,0.9404,0.8400,RQI_DII_v1.0,frozen_confirmed_by_researcher,medium,1,normal,latest publication_date <= market date,rules_frozen_v1_0_market_qc_pending
2024-10-08,USDC,Circle,usd-coin,2,1,0,0,0,0,0,0,0,35139553168.00,35139553168.00,79,0,,normal,DeFiLlama stablecoinprices,DeFiLlama stablecoin/{asset},2026-05-22,RQI_DII_v1.0,frozen_confirmed_by_researcher,1,market_abnormal_price_qc_pending,USDC_ASSURANCE_2024_07,2024-07-31,2024-08-27,42,0,27,0.9404,0.8400,RQI_DII_v1.0,frozen_confirmed_by_researcher,medium,1,normal,latest publication_date <= market date,rules_frozen_v1_0_market_qc_pending
2024-10-09,USDC,Circle,usd-coin,2,0.999824,-0.000176,0.000176,0,0,0,0,0,34838878497.00,34832746854.38,79,0,,normal,DeFiLlama stablecoinprices,DeFiLlama stablecoin/{asset},2026-05-22,RQI_DII_v1.0,frozen_confirmed_by_researcher,1,market_abnormal_price_qc_pending,USDC_ASSURANCE_2024_07,2024-07-31,2024-08-27,43,0,27,0.9404,0.8400,RQI_DII_v1.0,frozen_confirmed_by_researcher,medium,1,normal,latest publication_date <= market date,rules_frozen_v1_0_market_qc_pending
2024-10-10,USDC,Circle,usd-coin,2,0.999882,-0.000118,0.000118,0,0,0,0,0,34571935085.00,34567855596.66,79,0,,normal,DeFiLlama stablecoinprices,DeFiLlama stablecoin/{asset},2026-05-22,RQI_DII_v1.0,frozen_confirmed_by_researcher,1,market_abnormal_price_qc_pending,USDC_ASSURANCE_2024_07,2024-07-31,2024-08-27,44,0,27,0.9404,0.8400,RQI_DII_v1.0,frozen_confirmed_by_researcher,medium,1,normal,latest publication_date <= market date,rules_frozen_v1_0_market_qc_pending
2024-10-11,USDC,Circle,usd-coin,2,0.999458,-0.000542,0.000542,0,0,0,0,0,34510901106.00,34492196197.60,79,0,,normal,DeFiLlama stablecoinprices,DeFiLlama stablecoin/{asset},2026-05-22,RQI_DII_v1.0,frozen_confirmed_by_researcher,1,market_abnormal_price_qc_pending,USDC_ASSURANCE_2024_07,2024-07-31,2024-08-27,45,0,27,0.9404,0.8400,RQI_DII_v1.0,frozen_confirmed_by_researcher,medium,1,normal,latest publication_date <= market date,rules_frozen_v1_0_market_qc_pending
2024-10-12,USDC,Circle,usd-coin,2,0.999924,-0.000076,0.000076,0,0,0,0,0,34755391162.00,34752749752.27,79,0,,normal,DeFiLlama stablecoinprices,DeFiLlama stablecoin/{asset},2026-05-22,RQI_DII_v1.0,frozen_confirmed_by_researcher,1,market_abnormal_price_qc_pending,USDC_ASSURANCE_2024_07,2024-07-31,2024-08-27,46,1,27,0.9404,0.8400,RQI_DII_v1.0,frozen_confirmed_by_researcher,medium,1,normal,latest publication_date <= market date,rules_frozen_v1_0_market_qc_pending
2024-10-13,USDC,Circle,usd-coin,2,1,0,0,0,0,0,0,0,34799231590.00,34799231590.00,79,0,,normal,DeFiLlama stablecoinprices,DeFiLlama stablecoin/{asset},2026-05-22,RQI_DII_v1.0,frozen_confirmed_by_researcher,1,market_abnormal_price_qc_pending,USDC_ASSURANCE_2024_07,2024-07-31,2024-08-27,47,1,27,0.9404,0.8400,RQI_DII_v1.0,frozen_confirmed_by_researcher,medium,1,normal,latest publication_date <= market date,rules_frozen_v1_0_market_qc_pending
2024-10-14,USDC,Circle,usd-coin,2,1.002,0.002,0.002,0,0,0,0,0,34767394255.00,34836929043.51,79,0,,normal,DeFiLlama stablecoinprices,DeFiLlama stablecoin/{asset},2026-05-22,RQI_DII_v1.0,frozen_confirmed_by_researcher,1,market_abnormal_price_qc_pending,USDC_ASSURANCE_2024_07,2024-07-31,2024-08-27,48,1,27,0.9404,0.8400,RQI_DII_v1.0,frozen_confirmed_by_researcher,medium,1,normal,latest publication_date <= market date,rules_frozen_v1_0_market_qc_pending
2024-10-15,USDC,Circle,usd-coin,2,0.999982,-0.000018,0.000018,0,0,0,0,0,34657473127.00,34656849292.48,79,0,,normal,DeFiLlama stablecoinprices,DeFiLlama stablecoin/{asset},2026-05-22,RQI_DII_v1.0,frozen_confirmed_by_researcher,1,market_abnormal_price_qc_pending,USDC_ASSURANCE_2024_07,2024-07-31,2024-08-27,49,1,27,0.9404,0.8400,RQI_DII_v1.0,frozen_confirmed_by_researcher,medium,1,normal,latest publication_date <= market date,rules_frozen_v1_0_market_qc_pending
2024-10-16,USDC,Circle,usd-coin,2,0.999854,-0.000146,0.000146,0,0,0,0,0,34666302097.00,34661240816.89,79,0,,normal,DeFiLlama stablecoinprices,DeFiLlama stablecoin/{asset},2026-05-22,RQI_DII_v1.0,frozen_confirmed_by_researcher,1,market_abnormal_price_qc_pending,USDC_ASSURANCE_2024_07,2024-07-31,2024-08-27,50,1,27,0.9404,0.8400,RQI_DII_v1.0,frozen_confirmed_by_researcher,medium,1,normal,latest publication_date <= market date,rules_frozen_v1_0_market_qc_pending
2024-10-17,USDC,Circle,usd-coin,2,0.999355,-0.000645,0.000645,0,0,0,0,0,34567955996.00,34545659664.38,79,0,,normal,DeFiLlama stablecoinprices,DeFiLlama stablecoin/{asset},2026-05-22,RQI_DII_v1.0,frozen_confirmed_by_researcher,1,market_abnormal_price_qc_pending,USDC_ASSURANCE_2024_07,2024-07-31,2024-08-27,51,1,27,0.9404,0.8400,RQI_DII_v1.0,frozen_confirmed_by_researcher,medium,1,normal,latest publication_date <= market date,rules_frozen_v1_0_market_qc_pending
2024-10-18,USDC,Circle,usd-coin,2,0.999831,-0.000169,0.000169,0,0,0,0,0,34500528760.00,34494698170.64,79,0,,normal,DeFiLlama stablecoinprices,DeFiLlama stablecoin/{asset},2026-05-22,RQI_DII_v1.0,frozen_confirmed_by_researcher,1,market_abnormal_price_qc_pending,USDC_ASSURANCE_2024_07,2024-07-31,2024-08-27,52,1,27,0.9404,0.8400,RQI_DII_v1.0,frozen_confirmed_by_researcher,medium,1,normal,latest publication_date <= market date,rules_frozen_v1_0_market_qc_pending
2024-10-19,USDC,Circle,usd-coin,2,1,0,0,0,0,0,0,0,34705595726.00,34705595726.00,79,0,,normal,DeFiLlama stablecoinprices,DeFiLlama stablecoin/{asset},2026-05-22,RQI_DII_v1.0,frozen_confirmed_by_researcher,1,market_abnormal_price_qc_pending,USDC_ASSURANCE_2024_07,2024-07-31,2024-08-27,53,1,27,0.9404,0.8400,RQI_DII_v1.0,frozen_confirmed_by_researcher,medium,1,normal,latest publication_date <= market date,rules_frozen_v1_0_market_qc_pending
2024-10-20,USDC,Circle,usd-coin,2,0.999174,-0.000826,0.000826,0,0,0,0,0,34709652910.00,34680982736.70,79,0,,normal,DeFiLlama stablecoinprices,DeFiLlama stablecoin/{asset},2026-05-22,RQI_DII_v1.0,frozen_confirmed_by_researcher,1,market_abnormal_price_qc_pending,USDC_ASSURANCE_2024_07,2024-07-31,2024-08-27,54,1,27,0.9404,0.8400,RQI_DII_v1.0,frozen_confirmed_by_researcher,medium,1,normal,latest publication_date <= market date,rules_frozen_v1_0_market_qc_pending
2024-10-21,USDC,Circle,usd-coin,2,0.999243,-0.000757,0.000757,0,0,0,0,0,34723899751.00,34697613758.89,79,0,,normal,DeFiLlama stablecoinprices,DeFiLlama stablecoin/{asset},2026-05-22,RQI_DII_v1.0,frozen_confirmed_by_researcher,1,market_abnormal_price_qc_pending,USDC_ASSURANCE_2024_07,2024-07-31,2024-08-27,55,1,27,0.9404,0.8400,RQI_DII_v1.0,frozen_confirmed_by_researcher,medium,1,normal,latest publication_date <= market date,rules_frozen_v1_0_market_qc_pending
2024-10-22,USDC,Circle,usd-coin,2,0.999855,-0.000145,0.000145,0,0,0,0,0,34460629075.00,34455632283.78,79,0,,normal,DeFiLlama stablecoinprices,DeFiLlama stablecoin/{asset},2026-05-22,RQI_DII_v1.0,frozen_confirmed_by_researcher,1,market_abnormal_price_qc_pending,USDC_ASSURANCE_2024_07,2024-07-31,2024-08-27,56,1,27,0.9404,0.8400,RQI_DII_v1.0,frozen_confirmed_by_researcher,medium,1,normal,latest publication_date <= market date,rules_frozen_v1_0_market_qc_pending
2024-10-23,USDC,Circle,usd-coin,2,0.999742,-0.000258,0.000258,0,0,0,0,0,34328380670.00,34319523947.79,79,0,,normal,DeFiLlama stablecoinprices,DeFiLlama stablecoin/{asset},2026-05-22,RQI_DII_v1.0,frozen_confirmed_by_researcher,1,market_abnormal_price_qc_pending,USDC_ASSURANCE_2024_07,2024-07-31,2024-08-27,57,1,27,0.9404,0.8400,RQI_DII_v1.0,frozen_confirmed_by_researcher,medium,1,normal,latest publication_date <= market date,rules_frozen_v1_0_market_qc_pending
2024-10-24,USDC,Circle,usd-coin,2,0.999671,-0.000329,0.000329,0,0,0,0,0,34096114498.00,34084896876.33,79,0,,normal,DeFiLlama stablecoinprices,DeFiLlama stablecoin/{asset},2026-05-22,RQI_DII_v1.0,frozen_confirmed_by_researcher,1,market_abnormal_price_qc_pending,USDC_ASSURANCE_2024_07,2024-07-31,2024-08-27,58,1,27,0.9404,0.8400,RQI_DII_v1.0,frozen_confirmed_by_researcher,medium,1,normal,latest publication_date <= market date,rules_frozen_v1_0_market_qc_pending
2024-10-25,USDC,Circle,usd-coin,2,0.996137,-0.003863,0.003863,0,0,0,0,0,34216389447.00,34084211534.57,79,0,,normal,DeFiLlama stablecoinprices,DeFiLlama stablecoin/{asset},2026-05-22,RQI_DII_v1.0,frozen_confirmed_by_researcher,1,market_abnormal_price_qc_pending,USDC_ASSURANCE_2024_07,2024-07-31,2024-08-27,59,1,27,0.9404,0.8400,RQI_DII_v1.0,frozen_confirmed_by_researcher,medium,1,normal,latest publication_date <= market date,rules_frozen_v1_0_market_qc_pending
2024-10-26,USDC,Circle,usd-coin,2,0.999618,-0.000382,0.000382,0,0,0,0,0,34434839211.00,34421685102.42,79,0,,normal,DeFiLlama stablecoinprices,DeFiLlama stablecoin/{asset},2026-05-22,RQI_DII_v1.0,frozen_confirmed_by_researcher,1,market_abnormal_price_qc_pending,USDC_ASSURANCE_2024_07,2024-07-31,2024-08-27,60,1,27,0.9404,0.8400,RQI_DII_v1.0,frozen_confirmed_by_researcher,medium,1,normal,latest publication_date <= market date,rules_frozen_v1_0_market_qc_pending
2024-10-27,USDC,Circle,usd-coin,2,1,0,0,0,0,0,0,0,34393343892.00,34393343892.00,79,0,,normal,DeFiLlama stablecoinprices,DeFiLlama stablecoin/{asset},2026-05-22,RQI_DII_v1.0,frozen_confirmed_by_researcher,1,market_abnormal_price_qc_pending,USDC_ASSURANCE_2024_07,2024-07-31,2024-08-27,61,1,27,0.9404,0.8400,RQI_DII_v1.0,frozen_confirmed_by_researcher,medium,1,normal,latest publication_date <= market date,rules_frozen_v1_0_market_qc_pending
2024-10-28,USDC,Circle,usd-coin,2,1.001,0.001,0.001,0,0,0,0,0,34419707650.00,34454127357.65,79,0,,normal,DeFiLlama stablecoinprices,DeFiLlama stablecoin/{asset},2026-05-22,RQI_DII_v1.0,frozen_confirmed_by_researcher,1,market_abnormal_price_qc_pending,USDC_ASSURANCE_2024_07,2024-07-31,2024-08-27,62,1,27,0.9404,0.8400,RQI_DII_v1.0,frozen_confirmed_by_researcher,medium,1,normal,latest publication_date <= market date,rules_frozen_v1_0_market_qc_pending
2024-10-29,USDC,Circle,usd-coin,2,0.998939,-0.001061,0.001061,0,0,0,0,0,34471565206.00,34434990875.32,79,0,,normal,DeFiLlama stablecoinprices,DeFiLlama stablecoin/{asset},2026-05-22,RQI_DII_v1.0,frozen_confirmed_by_researcher,1,market_abnormal_price_qc_pending,USDC_ASSURANCE_2024_07,2024-07-31,2024-08-27,63,1,27,0.9404,0.8400,RQI_DII_v1.0,frozen_confirmed_by_researcher,medium,1,normal,latest publication_date <= market date,rules_frozen_v1_0_market_qc_pending
2024-10-30,USDC,Circle,usd-coin,2,0.999932,-0.000068,0.000068,0,0,0,0,0,34540859005.00,34538510226.59,79,0,,normal,DeFiLlama stablecoinprices,DeFiLlama stablecoin/{asset},2026-05-22,RQI_DII_v1.0,frozen_confirmed_by_researcher,1,market_abnormal_price_qc_pending,USDC_ASSURANCE_2024_07,2024-07-31,2024-08-27,64,1,27,0.9404,0.8400,RQI_DII_v1.0,frozen_confirmed_by_researcher,medium,1,normal,latest publication_date <= market date,rules_frozen_v1_0_market_qc_pending
2024-10-31,USDC,Circle,usd-coin,2,1,0,0,0,0,0,0,0,34817715707.00,34817715707.00,79,0,,normal,DeFiLlama stablecoinprices,DeFiLlama stablecoin/{asset},2026-05-22,RQI_DII_v1.0,frozen_confirmed_by_researcher,1,market_abnormal_price_qc_pending,USDC_ASSURANCE_2024_07,2024-07-31,2024-08-27,65,1,27,0.9404,0.8400,RQI_DII_v1.0,frozen_confirmed_by_researcher,medium,1,normal,latest publication_date <= market date,rules_frozen_v1_0_market_qc_pending
2024-11-01,USDC,Circle,usd-coin,2,0.999762,-0.000238,0.000238,0,0,0,0,0,34468935924.00,34460732317.25,79,0,,normal,DeFiLlama stablecoinprices,DeFiLlama stablecoin/{asset},2026-05-22,RQI_DII_v1.0,frozen_confirmed_by_researcher,1,market_abnormal_price_qc_pending,USDC_ASSURANCE_2024_07,2024-07-31,2024-08-27,66,1,27,0.9404,0.8400,RQI_DII_v1.0,frozen_confirmed_by_researcher,medium,1,normal,latest publication_date <= market date,rules_frozen_v1_0_market_qc_pending
2024-11-02,USDC,Circle,usd-coin,2,0.999827,-0.000173,0.000173,0,0,0,0,0,34668755868.00,34662758173.23,79,0,,normal,DeFiLlama stablecoinprices,DeFiLlama stablecoin/{asset},2026-05-22,RQI_DII_v1.0,frozen_confirmed_by_researcher,1,market_abnormal_price_qc_pending,USDC_ASSURANCE_2024_07,2024-07-31,2024-08-27,67,1,27,0.9404,0.8400,RQI_DII_v1.0,frozen_confirmed_by_researcher,medium,1,normal,latest publication_date <= market date,rules_frozen_v1_0_market_qc_pending
2024-11-03,USDC,Circle,usd-coin,2,0.999236,-0.000764,0.000764,0,0,0,0,0,34856445434.00,34829815109.69,80,0,,normal,DeFiLlama stablecoinprices,DeFiLlama stablecoin/{asset},2026-05-22,RQI_DII_v1.0,frozen_confirmed_by_researcher,1,market_abnormal_price_qc_pending,USDC_ASSURANCE_2024_07,2024-07-31,2024-08-27,68,1,27,0.9404,0.8400,RQI_DII_v1.0,frozen_confirmed_by_researcher,medium,1,normal,latest publication_date <= market date,rules_frozen_v1_0_market_qc_pending
2024-11-04,USDC,Circle,usd-coin,2,1.001,0.001,0.001,0,0,0,0,0,34859368081.00,34894227449.08,80,0,,normal,DeFiLlama stablecoinprices,DeFiLlama stablecoin/{asset},2026-05-22,RQI_DII_v1.0,frozen_confirmed_by_researcher,1,market_abnormal_price_qc_pending,USDC_ASSURANCE_2024_07,2024-07-31,2024-08-27,69,1,27,0.9404,0.8400,RQI_DII_v1.0,frozen_confirmed_by_researcher,medium,1,normal,latest publication_date <= market date,rules_frozen_v1_0_market_qc_pending
2024-11-05,USDC,Circle,usd-coin,2,1.002,0.002,0.002,0,0,0,0,0,35171258737.00,35241601254.47,80,0,,normal,DeFiLlama stablecoinprices,DeFiLlama stablecoin/{asset},2026-05-22,RQI_DII_v1.0,frozen_confirmed_by_researcher,1,market_abnormal_price_qc_pending,USDC_ASSURANCE_2024_07,2024-07-31,2024-08-27,70,1,27,0.9404,0.8400,RQI_DII_v1.0,frozen_confirmed_by_researcher,medium,1,normal,latest publication_date <= market date,rules_frozen_v1_0_market_qc_pending
2024-11-06,USDC,Circle,usd-coin,2,0.999696,-0.000304,0.000304,0,0,0,0,0,35604474727.00,35593650966.68,80,0,,normal,DeFiLlama stablecoinprices,DeFiLlama stablecoin/{asset},2026-05-22,RQI_DII_v1.0,frozen_confirmed_by_researcher,1,market_abnormal_price_qc_pending,USDC_ASSURANCE_2024_07,2024-07-31,2024-08-27,71,1,27,0.9404,0.8400,RQI_DII_v1.0,frozen_confirmed_by_researcher,medium,1,normal,latest publication_date <= market date,rules_frozen_v1_0_market_qc_pending
2024-11-07,USDC,Circle,usd-coin,2,1.001,0.001,0.001,0,0,0,0,0,36819327495.00,36856146822.49,80,0,,normal,DeFiLlama stablecoinprices,DeFiLlama stablecoin/{asset},2026-05-22,RQI_DII_v1.0,frozen_confirmed_by_researcher,1,market_abnormal_price_qc_pending,USDC_ASSURANCE_2024_07,2024-07-31,2024-08-27,72,1,27,0.9404,0.8400,RQI_DII_v1.0,frozen_confirmed_by_researcher,medium,1,normal,latest publication_date <= market date,rules_frozen_v1_0_market_qc_pending
2024-11-08,USDC,Circle,usd-coin,2,1,0,0,0,0,0,0,0,36979053385.00,36979053385.00,81,0,,normal,DeFiLlama stablecoinprices,DeFiLlama stablecoin/{asset},2026-05-22,RQI_DII_v1.0,frozen_confirmed_by_researcher,1,market_abnormal_price_qc_pending,USDC_ASSURANCE_2024_07,2024-07-31,2024-08-27,73,1,27,0.9404,0.8400,RQI_DII_v1.0,frozen_confirmed_by_researcher,medium,1,normal,latest publication_date <= market date,rules_frozen_v1_0_market_qc_pending
2024-11-09,USDC,Circle,usd-coin,2,0.999885,-0.000115,0.000115,0,0,0,0,0,37172444351.00,37168169519.90,81,0,,normal,DeFiLlama stablecoinprices,DeFiLlama stablecoin/{asset},2026-05-22,RQI_DII_v1.0,frozen_confirmed_by_researcher,1,market_abnormal_price_qc_pending,USDC_ASSURANCE_2024_07,2024-07-31,2024-08-27,74,1,27,0.9404,0.8400,RQI_DII_v1.0,frozen_confirmed_by_researcher,medium,1,normal,latest publication_date <= market date,rules_frozen_v1_0_market_qc_pending
2024-11-10,USDC,Circle,usd-coin,2,0.997556,-0.002444,0.002444,0,0,0,0,0,37013656079.00,36923194703.54,81,0,,normal,DeFiLlama stablecoinprices,DeFiLlama stablecoin/{asset},2026-05-22,RQI_DII_v1.0,frozen_confirmed_by_researcher,1,market_abnormal_price_qc_pending,USDC_ASSURANCE_2024_07,2024-07-31,2024-08-27,75,1,27,0.9404,0.8400,RQI_DII_v1.0,frozen_confirmed_by_researcher,medium,1,normal,latest publication_date <= market date,rules_frozen_v1_0_market_qc_pending
2024-11-11,USDC,Circle,usd-coin,2,1.008,0.008,0.008,1,0,0,0,1,36938755158.00,37234265199.26,81,0,,normal,DeFiLlama stablecoinprices,DeFiLlama stablecoin/{asset},2026-05-22,RQI_DII_v1.0,frozen_confirmed_by_researcher,1,market_abnormal_price_qc_pending,USDC_ASSURANCE_2024_07,2024-07-31,2024-08-27,76,1,27,0.9404,0.8400,RQI_DII_v1.0,frozen_confirmed_by_researcher,medium,1,normal,latest publication_date <= market date,rules_frozen_v1_0_market_qc_pending
2024-11-12,USDC,Circle,usd-coin,2,0.999867,-0.000133,0.000133,0,0,0,0,0,36927855117.00,36922943712.27,82,0,,normal,DeFiLlama stablecoinprices,DeFiLlama stablecoin/{asset},2026-05-22,RQI_DII_v1.0,frozen_confirmed_by_researcher,1,market_abnormal_price_qc_pending,USDC_ASSURANCE_2024_07,2024-07-31,2024-08-27,77,1,27,0.9404,0.8400,RQI_DII_v1.0,frozen_confirmed_by_researcher,medium,1,normal,latest publication_date <= market date,rules_frozen_v1_0_market_qc_pending
2024-11-13,USDC,Circle,usd-coin,2,0.999349,-0.000651,0.000651,0,0,0,0,0,36494019171.00,36470261564.52,82,0,,normal,DeFiLlama stablecoinprices,DeFiLlama stablecoin/{asset},2026-05-22,RQI_DII_v1.0,frozen_confirmed_by_researcher,1,market_abnormal_price_qc_pending,USDC_ASSURANCE_2024_07,2024-07-31,2024-08-27,78,1,27,0.9404,0.8400,RQI_DII_v1.0,frozen_confirmed_by_researcher,medium,1,normal,latest publication_date <= market date,rules_frozen_v1_0_market_qc_pending
2024-11-14,USDC,Circle,usd-coin,2,0.997967,-0.002033,0.002033,0,0,0,0,0,36683739374.00,36609161331.85,82,0,,normal,DeFiLlama stablecoinprices,DeFiLlama stablecoin/{asset},2026-05-22,RQI_DII_v1.0,frozen_confirmed_by_researcher,1,market_abnormal_price_qc_pending,USDC_ASSURANCE_2024_07,2024-07-31,2024-08-27,79,1,27,0.9404,0.8400,RQI_DII_v1.0,frozen_confirmed_by_researcher,medium,1,normal,latest publication_date <= market date,rules_frozen_v1_0_market_qc_pending
2024-11-15,USDC,Circle,usd-coin,2,1,0,0,0,0,0,0,0,36875956990.00,36875956990.00,82,0,,normal,DeFiLlama stablecoinprices,DeFiLlama stablecoin/{asset},2026-05-22,RQI_DII_v1.0,frozen_confirmed_by_researcher,1,market_abnormal_price_qc_pending,USDC_ASSURANCE_2024_07,2024-07-31,2024-08-27,80,1,27,0.9404,0.8400,RQI_DII_v1.0,frozen_confirmed_by_researcher,medium,1,normal,latest publication_date <= market date,rules_frozen_v1_0_market_qc_pending
2024-11-16,USDC,Circle,usd-coin,2,0.998141,-0.001859,0.001859,0,0,0,0,0,36967781700.00,36899058593.82,82,0,,normal,DeFiLlama stablecoinprices,DeFiLlama stablecoin/{asset},2026-05-22,RQI_DII_v1.0,frozen_confirmed_by_researcher,1,market_abnormal_price_qc_pending,USDC_ASSURANCE_2024_07,2024-07-31,2024-08-27,81,1,27,0.9404,0.8400,RQI_DII_v1.0,frozen_confirmed_by_researcher,medium,1,normal,latest publication_date <= market date,rules_frozen_v1_0_market_qc_pending
2024-11-17,USDC,Circle,usd-coin,2,0.998967,-0.001033,0.001033,0,0,0,0,0,37113520306.00,37075182039.52,82,0,,normal,DeFiLlama stablecoinprices,DeFiLlama stablecoin/{asset},2026-05-22,RQI_DII_v1.0,frozen_confirmed_by_researcher,1,market_abnormal_price_qc_pending,USDC_ASSURANCE_2024_07,2024-07-31,2024-08-27,82,1,27,0.9404,0.8400,RQI_DII_v1.0,frozen_confirmed_by_researcher,medium,1,normal,latest publication_date <= market date,rules_frozen_v1_0_market_qc_pending
2024-11-18,USDC,Circle,usd-coin,2,0.999097,-0.000903,0.000903,0,0,0,0,0,37087595846.00,37054105746.95,82,0,,normal,DeFiLlama stablecoinprices,DeFiLlama stablecoin/{asset},2026-05-22,RQI_DII_v1.0,frozen_confirmed_by_researcher,1,market_abnormal_price_qc_pending,USDC_ASSURANCE_2024_07,2024-07-31,2024-08-27,83,1,27,0.9404,0.8400,RQI_DII_v1.0,frozen_confirmed_by_researcher,medium,1,normal,latest publication_date <= market date,rules_frozen_v1_0_market_qc_pending
2024-11-19,USDC,Circle,usd-coin,2,0.999657,-0.000343,0.000343,0,0,0,0,0,37374727708.00,37361908176.40,82,0,,normal,DeFiLlama stablecoinprices,DeFiLlama stablecoin/{asset},2026-05-22,RQI_DII_v1.0,frozen_confirmed_by_researcher,1,market_abnormal_price_qc_pending,USDC_ASSURANCE_2024_07,2024-07-31,2024-08-27,84,1,27,0.9404,0.8400,RQI_DII_v1.0,frozen_confirmed_by_researcher,medium,1,normal,latest publication_date <= market date,rules_frozen_v1_0_market_qc_pending
2024-11-20,USDC,Circle,usd-coin,2,1,0,0,0,0,0,0,0,37489494276.00,37489494276.00,82,0,,normal,DeFiLlama stablecoinprices,DeFiLlama stablecoin/{asset},2026-05-22,RQI_DII_v1.0,frozen_confirmed_by_researcher,1,market_abnormal_price_qc_pending,USDC_ASSURANCE_2024_07,2024-07-31,2024-08-27,85,1,27,0.9404,0.8400,RQI_DII_v1.0,frozen_confirmed_by_researcher,medium,1,normal,latest publication_date <= market date,rules_frozen_v1_0_market_qc_pending
2024-11-21,USDC,Circle,usd-coin,2,1,0,0,0,0,0,0,0,37893596472.00,37893596472.00,82,0,,normal,DeFiLlama stablecoinprices,DeFiLlama stablecoin/{asset},2026-05-22,RQI_DII_v1.0,frozen_confirmed_by_researcher,1,market_abnormal_price_qc_pending,USDC_ASSURANCE_2024_07,2024-07-31,2024-08-27,86,1,27,0.9404,0.8400,RQI_DII_v1.0,frozen_confirmed_by_researcher,medium,1,normal,latest publication_date <= market date,rules_frozen_v1_0_market_qc_pending
2024-11-22,USDC,Circle,usd-coin,2,1,0,0,0,0,0,0,0,38208187204.00,38208187204.00,82,0,,normal,DeFiLlama stablecoinprices,DeFiLlama stablecoin/{asset},2026-05-22,RQI_DII_v1.0,frozen_confirmed_by_researcher,1,market_abnormal_price_qc_pending,USDC_ASSURANCE_2024_07,2024-07-31,2024-08-27,87,1,27,0.9404,0.8400,RQI_DII_v1.0,frozen_confirmed_by_researcher,medium,1,normal,latest publication_date <= market date,rules_frozen_v1_0_market_qc_pending
2024-11-23,USDC,Circle,usd-coin,2,0.999845,-0.000155,0.000155,0,0,0,0,0,38839822552.00,38833802379.50,82,0,,normal,DeFiLlama stablecoinprices,DeFiLlama stablecoin/{asset},2026-05-22,RQI_DII_v1.0,frozen_confirmed_by_researcher,1,market_abnormal_price_qc_pending,USDC_ASSURANCE_2024_07,2024-07-31,2024-08-27,88,1,27,0.9404,0.8400,RQI_DII_v1.0,frozen_confirmed_by_researcher,medium,1,normal,latest publication_date <= market date,rules_frozen_v1_0_market_qc_pending
2024-11-24,USDC,Circle,usd-coin,2,1.002,0.002,0.002,0,0,0,0,0,39123641559.00,39201888842.12,82,0,,normal,DeFiLlama stablecoinprices,DeFiLlama stablecoin/{asset},2026-05-22,RQI_DII_v1.0,frozen_confirmed_by_researcher,1,market_abnormal_price_qc_pending,USDC_ASSURANCE_2024_07,2024-07-31,2024-08-27,89,1,27,0.9404,0.8400,RQI_DII_v1.0,frozen_confirmed_by_researcher,medium,1,normal,latest publication_date <= market date,rules_frozen_v1_0_market_qc_pending
2024-11-25,USDC,Circle,usd-coin,2,1.003,0.003,0.003,0,0,0,0,0,39021205799.00,39138269416.40,82,0,,normal,DeFiLlama stablecoinprices,DeFiLlama stablecoin/{asset},2026-05-22,RQI_DII_v1.0,frozen_confirmed_by_researcher,1,market_abnormal_price_qc_pending,USDC_ASSURANCE_2024_07,2024-07-31,2024-08-27,90,1,27,0.9404,0.8400,RQI_DII_v1.0,frozen_confirmed_by_researcher,medium,1,normal,latest publication_date <= market date,rules_frozen_v1_0_market_qc_pending
2024-11-26,USDC,Circle,usd-coin,2,0.996853,-0.003147,0.003147,0,0,0,0,0,38836847762.00,38714628202.09,82,0,,normal,DeFiLlama stablecoinprices,DeFiLlama stablecoin/{asset},2026-05-22,RQI_DII_v1.0,frozen_confirmed_by_researcher,1,market_abnormal_price_qc_pending,USDC_ASSURANCE_2024_07,2024-07-31,2024-08-27,91,1,27,0.9404,0.8400,RQI_DII_v1.0,frozen_confirmed_by_researcher,medium,1,normal,latest publication_date <= market date,rules_frozen_v1_0_market_qc_pending
2024-11-27,USDC,Circle,usd-coin,2,0.999695,-0.000305,0.000305,0,0,0,0,0,38576979248.00,38565213269.33,82,0,,normal,DeFiLlama stablecoinprices,DeFiLlama stablecoin/{asset},2026-05-22,RQI_DII_v1.0,frozen_confirmed_by_researcher,1,market_abnormal_price_qc_pending,USDC_ASSURANCE_2024_07,2024-07-31,2024-08-27,92,1,27,0.9404,0.8400,RQI_DII_v1.0,frozen_confirmed_by_researcher,medium,1,normal,latest publication_date <= market date,rules_frozen_v1_0_market_qc_pending
2024-11-28,USDC,Circle,usd-coin,2,1.001,0.001,0.001,0,0,0,0,0,39561832475.00,39601394307.47,82,0,,normal,DeFiLlama stablecoinprices,DeFiLlama stablecoin/{asset},2026-05-22,RQI_DII_v1.0,frozen_confirmed_by_researcher,1,market_abnormal_price_qc_pending,USDC_ASSURANCE_2024_07,2024-07-31,2024-08-27,93,1,27,0.9404,0.8400,RQI_DII_v1.0,frozen_confirmed_by_researcher,medium,1,normal,latest publication_date <= market date,rules_frozen_v1_0_market_qc_pending
2024-11-29,USDC,Circle,usd-coin,2,0.999874,-0.000126,0.000126,0,0,0,0,0,39597420453.00,39592431178.02,82,0,,normal,DeFiLlama stablecoinprices,DeFiLlama stablecoin/{asset},2026-05-22,RQI_DII_v1.0,frozen_confirmed_by_researcher,1,market_abnormal_price_qc_pending,USDC_ASSURANCE_2024_07,2024-07-31,2024-08-27,94,1,27,0.9404,0.8400,RQI_DII_v1.0,frozen_confirmed_by_researcher,medium,1,normal,latest publication_date <= market date,rules_frozen_v1_0_market_qc_pending
2024-11-30,USDC,Circle,usd-coin,2,0.999726,-0.000274,0.000274,0,0,0,0,0,39786467688.00,39775566195.85,82,0,,normal,DeFiLlama stablecoinprices,DeFiLlama stablecoin/{asset},2026-05-22,RQI_DII_v1.0,frozen_confirmed_by_researcher,1,market_abnormal_price_qc_pending,USDC_ASSURANCE_2024_07,2024-07-31,2024-08-27,95,1,27,0.9404,0.8400,RQI_DII_v1.0,frozen_confirmed_by_researcher,medium,1,normal,latest publication_date <= market date,rules_frozen_v1_0_market_qc_pending
2024-12-01,USDC,Circle,usd-coin,2,1,0,0,0,0,0,0,0,39907331511.00,39907331511.00,83,0,,normal,DeFiLlama stablecoinprices,DeFiLlama stablecoin/{asset},2026-05-22,RQI_DII_v1.0,frozen_confirmed_by_researcher,1,market_abnormal_price_qc_pending,USDC_ASSURANCE_2024_07,2024-07-31,2024-08-27,96,1,27,0.9404,0.8400,RQI_DII_v1.0,frozen_confirmed_by_researcher,medium,1,normal,latest publication_date <= market date,rules_frozen_v1_0_market_qc_pending
2024-12-02,USDC,Circle,usd-coin,2,1,0,0,0,0,0,0,0,40071366952.00,40071366952.00,83,0,,normal,DeFiLlama stablecoinprices,DeFiLlama stablecoin/{asset},2026-05-22,RQI_DII_v1.0,frozen_confirmed_by_researcher,1,market_abnormal_price_qc_pending,USDC_ASSURANCE_2024_07,2024-07-31,2024-08-27,97,1,27,0.9404,0.8400,RQI_DII_v1.0,frozen_confirmed_by_researcher,medium,1,normal,latest publication_date <= market date,rules_frozen_v1_0_market_qc_pending
2024-12-03,USDC,Circle,usd-coin,2,1.001,0.001,0.001,0,0,0,0,0,39942135200.00,39982077335.20,83,0,,normal,DeFiLlama stablecoinprices,DeFiLlama stablecoin/{asset},2026-05-22,RQI_DII_v1.0,frozen_confirmed_by_researcher,1,market_abnormal_price_qc_pending,USDC_ASSURANCE_2024_07,2024-07-31,2024-08-27,98,1,27,0.9404,0.8400,RQI_DII_v1.0,frozen_confirmed_by_researcher,medium,1,normal,latest publication_date <= market date,rules_frozen_v1_0_market_qc_pending
2024-12-04,USDC,Circle,usd-coin,2,1.001,0.001,0.001,0,0,0,0,0,40118286031.00,40158404317.03,83,0,,normal,DeFiLlama stablecoinprices,DeFiLlama stablecoin/{asset},2026-05-22,RQI_DII_v1.0,frozen_confirmed_by_researcher,1,market_abnormal_price_qc_pending,USDC_ASSURANCE_2024_07,2024-07-31,2024-08-27,99,1,27,0.9404,0.8400,RQI_DII_v1.0,frozen_confirmed_by_researcher,medium,1,normal,latest publication_date <= market date,rules_frozen_v1_0_market_qc_pending
2024-12-05,USDC,Circle,usd-coin,2,0.998359,-0.001641,0.001641,0,0,0,0,0,40678170916.00,40611418037.53,83,0,,normal,DeFiLlama stablecoinprices,DeFiLlama stablecoin/{asset},2026-05-22,RQI_DII_v1.0,frozen_confirmed_by_researcher,1,market_abnormal_price_qc_pending,USDC_ASSURANCE_2024_07,2024-07-31,2024-08-27,100,1,27,0.9404,0.8400,RQI_DII_v1.0,frozen_confirmed_by_researcher,medium,1,normal,latest publication_date <= market date,rules_frozen_v1_0_market_qc_pending
2024-12-06,USDC,Circle,usd-coin,2,0.999493,-0.000507,0.000507,0,0,0,0,0,40272013232.00,40251595321.29,83,0,,normal,DeFiLlama stablecoinprices,DeFiLlama stablecoin/{asset},2026-05-22,RQI_DII_v1.0,frozen_confirmed_by_researcher,1,market_abnormal_price_qc_pending,USDC_ASSURANCE_2024_07,2024-07-31,2024-08-27,101,1,27,0.9404,0.8400,RQI_DII_v1.0,frozen_confirmed_by_researcher,medium,1,normal,latest publication_date <= market date,rules_frozen_v1_0_market_qc_pending
2024-12-07,USDC,Circle,usd-coin,2,0.999806,-0.000194,0.000194,0,0,0,0,0,42706491106.00,42698206046.73,83,0,,normal,DeFiLlama stablecoinprices,DeFiLlama stablecoin/{asset},2026-05-22,RQI_DII_v1.0,frozen_confirmed_by_researcher,1,market_abnormal_price_qc_pending,USDC_ASSURANCE_2024_07,2024-07-31,2024-08-27,102,1,27,0.9404,0.8400,RQI_DII_v1.0,frozen_confirmed_by_researcher,medium,1,normal,latest publication_date <= market date,rules_frozen_v1_0_market_qc_pending
2024-12-08,USDC,Circle,usd-coin,2,1,0,0,0,0,0,0,0,42702121865.00,42702121865.00,83,0,,normal,DeFiLlama stablecoinprices,DeFiLlama stablecoin/{asset},2026-05-22,RQI_DII_v1.0,frozen_confirmed_by_researcher,1,market_abnormal_price_qc_pending,USDC_ASSURANCE_2024_07,2024-07-31,2024-08-27,103,1,27,0.9404,0.8400,RQI_DII_v1.0,frozen_confirmed_by_researcher,medium,1,normal,latest publication_date <= market date,rules_frozen_v1_0_market_qc_pending
2024-12-09,USDC,Circle,usd-coin,2,0.999244,-0.000756,0.000756,0,0,0,0,0,41009128764.00,40978125862.65,83,0,,normal,DeFiLlama stablecoinprices,DeFiLlama stablecoin/{asset},2026-05-22,RQI_DII_v1.0,frozen_confirmed_by_researcher,1,market_abnormal_price_qc_pending,USDC_ASSURANCE_2024_07,2024-07-31,2024-08-27,104,1,27,0.9404,0.8400,RQI_DII_v1.0,frozen_confirmed_by_researcher,medium,1,normal,latest publication_date <= market date,rules_frozen_v1_0_market_qc_pending
2024-12-10,USDC,Circle,usd-coin,2,1.001,0.001,0.001,0,0,0,0,0,40610519739.00,40651130258.74,83,0,,normal,DeFiLlama stablecoinprices,DeFiLlama stablecoin/{asset},2026-05-22,RQI_DII_v1.0,frozen_confirmed_by_researcher,1,market_abnormal_price_qc_pending,USDC_ASSURANCE_2024_07,2024-07-31,2024-08-27,105,1,27,0.9404,0.8400,RQI_DII_v1.0,frozen_confirmed_by_researcher,medium,1,normal,latest publication_date <= market date,rules_frozen_v1_0_market_qc_pending
2024-12-11,USDC,Circle,usd-coin,2,0.998887,-0.001113,0.001113,0,0,0,0,0,40787885276.00,40742488359.69,83,0,,normal,DeFiLlama stablecoinprices,DeFiLlama stablecoin/{asset},2026-05-22,RQI_DII_v1.0,frozen_confirmed_by_researcher,1,market_abnormal_price_qc_pending,USDC_ASSURANCE_2024_07,2024-07-31,2024-08-27,106,1,27,0.9404,0.8400,RQI_DII_v1.0,frozen_confirmed_by_researcher,medium,1,normal,latest publication_date <= market date,rules_frozen_v1_0_market_qc_pending
2024-12-12,USDC,Circle,usd-coin,2,1,0,0,0,0,0,0,0,41638005435.00,41638005435.00,83,0,,normal,DeFiLlama stablecoinprices,DeFiLlama stablecoin/{asset},2026-05-22,RQI_DII_v1.0,frozen_confirmed_by_researcher,1,market_abnormal_price_qc_pending,USDC_ASSURANCE_2024_07,2024-07-31,2024-08-27,107,1,27,0.9404,0.8400,RQI_DII_v1.0,frozen_confirmed_by_researcher,medium,1,normal,latest publication_date <= market date,rules_frozen_v1_0_market_qc_pending
2024-12-13,USDC,Circle,usd-coin,2,0.999922,-0.000078,0.000078,0,0,0,0,0,41575706171.00,41572463265.92,83,0,,normal,DeFiLlama stablecoinprices,DeFiLlama stablecoin/{asset},2026-05-22,RQI_DII_v1.0,frozen_confirmed_by_researcher,1,market_abnormal_price_qc_pending,USDC_ASSURANCE_2024_07,2024-07-31,2024-08-27,108,1,27,0.9404,0.8400,RQI_DII_v1.0,frozen_confirmed_by_researcher,medium,1,normal,latest publication_date <= market date,rules_frozen_v1_0_market_qc_pending
2024-12-14,USDC,Circle,usd-coin,2,1,0,0,0,0,0,0,0,42023579153.00,42023579153.00,83,0,,normal,DeFiLlama stablecoinprices,DeFiLlama stablecoin/{asset},2026-05-22,RQI_DII_v1.0,frozen_confirmed_by_researcher,1,market_abnormal_price_qc_pending,USDC_ASSURANCE_2024_07,2024-07-31,2024-08-27,109,1,27,0.9404,0.8400,RQI_DII_v1.0,frozen_confirmed_by_researcher,medium,1,normal,latest publication_date <= market date,rules_frozen_v1_0_market_qc_pending
2024-12-15,USDC,Circle,usd-coin,2,1.001,0.001,0.001,0,0,0,0,0,42035458176.00,42077493634.18,83,0,,normal,DeFiLlama stablecoinprices,DeFiLlama stablecoin/{asset},2026-05-22,RQI_DII_v1.0,frozen_confirmed_by_researcher,1,market_abnormal_price_qc_pending,USDC_ASSURANCE_2024_07,2024-07-31,2024-08-27,110,1,27,0.9404,0.8400,RQI_DII_v1.0,frozen_confirmed_by_researcher,medium,1,normal,latest publication_date <= market date,rules_frozen_v1_0_market_qc_pending
2024-12-16,USDC,Circle,usd-coin,2,0.999371,-0.000629,0.000629,0,0,0,0,0,42164595607.00,42138074076.36,83,0,,normal,DeFiLlama stablecoinprices,DeFiLlama stablecoin/{asset},2026-05-22,RQI_DII_v1.0,frozen_confirmed_by_researcher,1,market_abnormal_price_qc_pending,USDC_ASSURANCE_2024_07,2024-07-31,2024-08-27,111,1,27,0.9404,0.8400,RQI_DII_v1.0,frozen_confirmed_by_researcher,medium,1,normal,latest publication_date <= market date,rules_frozen_v1_0_market_qc_pending
2024-12-17,USDC,Circle,usd-coin,2,1,0,0,0,0,0,0,0,42435324498.00,42435324498.00,83,0,,normal,DeFiLlama stablecoinprices,DeFiLlama stablecoin/{asset},2026-05-22,RQI_DII_v1.0,frozen_confirmed_by_researcher,1,market_abnormal_price_qc_pending,USDC_ASSURANCE_2024_07,2024-07-31,2024-08-27,112,1,27,0.9404,0.8400,RQI_DII_v1.0,frozen_confirmed_by_researcher,medium,1,normal,latest publication_date <= market date,rules_frozen_v1_0_market_qc_pending
2024-12-18,USDC,Circle,usd-coin,2,0.999831,-0.000169,0.000169,0,0,0,0,0,42579293458.00,42572097557.41,83,0,,normal,DeFiLlama stablecoinprices,DeFiLlama stablecoin/{asset},2026-05-22,RQI_DII_v1.0,frozen_confirmed_by_researcher,1,market_abnormal_price_qc_pending,USDC_ASSURANCE_2024_07,2024-07-31,2024-08-27,113,1,27,0.9404,0.8400,RQI_DII_v1.0,frozen_confirmed_by_researcher,medium,1,normal,latest publication_date <= market date,rules_frozen_v1_0_market_qc_pending
2024-12-19,USDC,Circle,usd-coin,2,0.999902,-0.000098,0.000098,0,0,0,0,0,42382237199.00,42378083739.75,83,0,,normal,DeFiLlama stablecoinprices,DeFiLlama stablecoin/{asset},2026-05-22,RQI_DII_v1.0,frozen_confirmed_by_researcher,1,market_abnormal_price_qc_pending,USDC_ASSURANCE_2024_07,2024-07-31,2024-08-27,114,1,27,0.9404,0.8400,RQI_DII_v1.0,frozen_confirmed_by_researcher,medium,1,normal,latest publication_date <= market date,rules_frozen_v1_0_market_qc_pending
2024-12-20,USDC,Circle,usd-coin,2,1.001,0.001,0.001,0,0,0,0,0,42528975398.00,42571504373.40,83,0,,normal,DeFiLlama stablecoinprices,DeFiLlama stablecoin/{asset},2026-05-22,RQI_DII_v1.0,frozen_confirmed_by_researcher,1,market_abnormal_price_qc_pending,USDC_ASSURANCE_2024_11,2024-11-29,2024-12-20,0,0,21,0.9313,0.8400,RQI_DII_v1.0,frozen_confirmed_by_researcher,medium,1,normal,latest publication_date <= market date,rules_frozen_v1_0_market_qc_pending
2024-12-21,USDC,Circle,usd-coin,2,0.999859,-0.000141,0.000141,0,0,0,0,0,42802708665.00,42796673483.08,83,0,,normal,DeFiLlama stablecoinprices,DeFiLlama stablecoin/{asset},2026-05-22,RQI_DII_v1.0,frozen_confirmed_by_researcher,1,market_abnormal_price_qc_pending,USDC_ASSURANCE_2024_11,2024-11-29,2024-12-20,1,0,21,0.9313,0.8400,RQI_DII_v1.0,frozen_confirmed_by_researcher,medium,1,normal,latest publication_date <= market date,rules_frozen_v1_0_market_qc_pending
2024-12-22,USDC,Circle,usd-coin,2,1.001,0.001,0.001,0,0,0,0,0,42983041582.00,43026024623.58,83,0,,normal,DeFiLlama stablecoinprices,DeFiLlama stablecoin/{asset},2026-05-22,RQI_DII_v1.0,frozen_confirmed_by_researcher,1,market_abnormal_price_qc_pending,USDC_ASSURANCE_2024_11,2024-11-29,2024-12-20,2,0,21,0.9313,0.8400,RQI_DII_v1.0,frozen_confirmed_by_researcher,medium,1,normal,latest publication_date <= market date,rules_frozen_v1_0_market_qc_pending
2024-12-23,USDC,Circle,usd-coin,2,1.002,0.002,0.002,0,0,0,0,0,43055972957.00,43142084902.91,83,0,,normal,DeFiLlama stablecoinprices,DeFiLlama stablecoin/{asset},2026-05-22,RQI_DII_v1.0,frozen_confirmed_by_researcher,1,market_abnormal_price_qc_pending,USDC_ASSURANCE_2024_11,2024-11-29,2024-12-20,3,0,21,0.9313,0.8400,RQI_DII_v1.0,frozen_confirmed_by_researcher,medium,1,normal,latest publication_date <= market date,rules_frozen_v1_0_market_qc_pending
2024-12-24,USDC,Circle,usd-coin,2,0.999722,-0.000278,0.000278,0,0,0,0,0,43072799555.00,43060825316.72,83,0,,normal,DeFiLlama stablecoinprices,DeFiLlama stablecoin/{asset},2026-05-22,RQI_DII_v1.0,frozen_confirmed_by_researcher,1,market_abnormal_price_qc_pending,USDC_ASSURANCE_2024_11,2024-11-29,2024-12-20,4,0,21,0.9313,0.8400,RQI_DII_v1.0,frozen_confirmed_by_researcher,medium,1,normal,latest publication_date <= market date,rules_frozen_v1_0_market_qc_pending
2024-12-25,USDC,Circle,usd-coin,2,1,0,0,0,0,0,0,0,43092271797.00,43092271797.00,83,0,,normal,DeFiLlama stablecoinprices,DeFiLlama stablecoin/{asset},2026-05-22,RQI_DII_v1.0,frozen_confirmed_by_researcher,1,market_abnormal_price_qc_pending,USDC_ASSURANCE_2024_11,2024-11-29,2024-12-20,5,0,21,0.9313,0.8400,RQI_DII_v1.0,frozen_confirmed_by_researcher,medium,1,normal,latest publication_date <= market date,rules_frozen_v1_0_market_qc_pending
2024-12-26,USDC,Circle,usd-coin,2,1.001,0.001,0.001,0,0,0,0,0,43142463542.00,43185606005.54,83,0,,normal,DeFiLlama stablecoinprices,DeFiLlama stablecoin/{asset},2026-05-22,RQI_DII_v1.0,frozen_confirmed_by_researcher,1,market_abnormal_price_qc_pending,USDC_ASSURANCE_2024_11,2024-11-29,2024-12-20,6,0,21,0.9313,0.8400,RQI_DII_v1.0,frozen_confirmed_by_researcher,medium,1,normal,latest publication_date <= market date,rules_frozen_v1_0_market_qc_pending
2024-12-27,USDC,Circle,usd-coin,2,0.999762,-0.000238,0.000238,0,0,0,0,0,43516242445.00,43505885579.30,83,0,,normal,DeFiLlama stablecoinprices,DeFiLlama stablecoin/{asset},2026-05-22,RQI_DII_v1.0,frozen_confirmed_by_researcher,1,market_abnormal_price_qc_pending,USDC_ASSURANCE_2024_11,2024-11-29,2024-12-20,7,0,21,0.9313,0.8400,RQI_DII_v1.0,frozen_confirmed_by_researcher,medium,1,normal,latest publication_date <= market date,rules_frozen_v1_0_market_qc_pending
2024-12-28,USDC,Circle,usd-coin,2,0.999991,-0.000009,0.000009,0,0,0,0,0,43570536636.00,43570144501.17,83,0,,normal,DeFiLlama stablecoinprices,DeFiLlama stablecoin/{asset},2026-05-22,RQI_DII_v1.0,frozen_confirmed_by_researcher,1,market_abnormal_price_qc_pending,USDC_ASSURANCE_2024_11,2024-11-29,2024-12-20,8,0,21,0.9313,0.8400,RQI_DII_v1.0,frozen_confirmed_by_researcher,medium,1,normal,latest publication_date <= market date,rules_frozen_v1_0_market_qc_pending
2024-12-29,USDC,Circle,usd-coin,2,0.999549,-0.000451,0.000451,0,0,0,0,0,43678328631.00,43658629704.79,83,0,,normal,DeFiLlama stablecoinprices,DeFiLlama stablecoin/{asset},2026-05-22,RQI_DII_v1.0,frozen_confirmed_by_researcher,1,market_abnormal_price_qc_pending,USDC_ASSURANCE_2024_11,2024-11-29,2024-12-20,9,0,21,0.9313,0.8400,RQI_DII_v1.0,frozen_confirmed_by_researcher,medium,1,normal,latest publication_date <= market date,rules_frozen_v1_0_market_qc_pending
2024-12-30,USDC,Circle,usd-coin,2,0.998877,-0.001123,0.001123,0,0,0,0,0,43675880045.00,43626832031.71,83,0,,normal,DeFiLlama stablecoinprices,DeFiLlama stablecoin/{asset},2026-05-22,RQI_DII_v1.0,frozen_confirmed_by_researcher,1,market_abnormal_price_qc_pending,USDC_ASSURANCE_2024_11,2024-11-29,2024-12-20,10,0,21,0.9313,0.8400,RQI_DII_v1.0,frozen_confirmed_by_researcher,medium,1,normal,latest publication_date <= market date,rules_frozen_v1_0_market_qc_pending
2024-12-31,USDC,Circle,usd-coin,2,0.99951,-0.00049,0.00049,0,0,0,0,0,43866282229.00,43844787750.71,83,0,,normal,DeFiLlama stablecoinprices,DeFiLlama stablecoin/{asset},2026-05-22,RQI_DII_v1.0,frozen_confirmed_by_researcher,1,market_abnormal_price_qc_pending,USDC_ASSURANCE_2024_11,2024-11-29,2024-12-20,11,0,21,0.9313,0.8400,RQI_DII_v1.0,frozen_confirmed_by_researcher,medium,1,normal,latest publication_date <= market date,rules_frozen_v1_0_market_qc_pending
