event_unit_id,stablecoin,issuer_scope,event_class,event_date,date,relative_day,record_count,event_families,manual_review_required,market_stress_on_event_date,market_stress_flag,market_stress_types,overlap_risk_7d_window,overlap_risk_14d_window,episode_override_applied,canonical_event_date_basis,episode_merge_rules,price_usd,peg_dev_bps,abs_peg_dev_bps,peer_mean_abs_peg_dev_bps,peer_adjusted_abs_peg_dev_bps,peer_adjusted_peg_dev_bps,tail_depeg_50bp,tail_depeg_100bp,peer_tail50_rate,circulating_face_usd,rule_version,rule_status,provisional_flag,provisional_reason
BUSD_WINDDOWN_2023_02_13,BUSD,non_USDC,ad_hoc,2023-02-13,2023-01-30,-14,2,ad_hoc_issuer_event; ad_hoc_regulatory_event,0,1,0,normal,0,0,0,publication_date,,1.00015382,1.5381999999999998,1.5381999999999998,2.23796,-0.6997600000000004,-0.6997600000000004,0.0,0.0,0.0,15662961542.0,RQI_DII_v1.0,frozen_confirmed_by_researcher,1,multi_issuer_ready_event_extension_source_verification_pending
BUSD_WINDDOWN_2023_02_13,BUSD,non_USDC,ad_hoc,2023-02-13,2023-01-31,-13,2,ad_hoc_issuer_event; ad_hoc_regulatory_event,0,1,0,normal,0,0,0,publication_date,,0.99999957,-0.0043,0.0043,3.4492,-3.4448999999999996,-1.50074,0.0,0.0,0.0,15691010949.0,RQI_DII_v1.0,frozen_confirmed_by_researcher,1,multi_issuer_ready_event_extension_source_verification_pending
BUSD_WINDDOWN_2023_02_13,BUSD,non_USDC,ad_hoc,2023-02-13,2023-02-01,-12,2,ad_hoc_issuer_event; ad_hoc_regulatory_event,0,1,0,normal,0,0,0,publication_date,,1.00000597,0.059699999999999996,0.059699999999999996,3.9309399999999997,-3.87124,-3.87124,0.0,0.0,0.0,16052701966.0,RQI_DII_v1.0,frozen_confirmed_by_researcher,1,multi_issuer_ready_event_extension_source_verification_pending
BUSD_WINDDOWN_2023_02_13,BUSD,non_USDC,ad_hoc,2023-02-13,2023-02-02,-11,2,ad_hoc_issuer_event; ad_hoc_regulatory_event,0,1,0,normal,0,0,0,publication_date,,1.00016095,1.6095000000000002,1.6095000000000002,2.86198,-1.2524799999999998,-1.2524799999999998,0.0,0.0,0.0,16060447020.0,RQI_DII_v1.0,frozen_confirmed_by_researcher,1,multi_issuer_ready_event_extension_source_verification_pending
BUSD_WINDDOWN_2023_02_13,BUSD,non_USDC,ad_hoc,2023-02-13,2023-02-03,-10,2,ad_hoc_issuer_event; ad_hoc_regulatory_event,0,1,0,normal,0,0,0,publication_date,,0.99997947,-0.2053,0.2053,3.73574,-3.53044,-1.3495599999999999,0.0,0.0,0.0,16043616499.0,RQI_DII_v1.0,frozen_confirmed_by_researcher,1,multi_issuer_ready_event_extension_source_verification_pending
BUSD_WINDDOWN_2023_02_13,BUSD,non_USDC,ad_hoc,2023-02-13,2023-02-04,-9,2,ad_hoc_issuer_event; ad_hoc_regulatory_event,0,1,0,normal,0,0,0,publication_date,,1.00017661,1.7661,1.7661,0.57592,1.19018,1.94202,0.0,0.0,0.0,16231584424.0,RQI_DII_v1.0,frozen_confirmed_by_researcher,1,multi_issuer_ready_event_extension_source_verification_pending
BUSD_WINDDOWN_2023_02_13,BUSD,non_USDC,ad_hoc,2023-02-13,2023-02-05,-8,2,ad_hoc_issuer_event; ad_hoc_regulatory_event,0,1,0,normal,0,0,0,publication_date,,1.00003574,0.3574,0.3574,4.235480000000001,-3.8780800000000006,-2.19808,0.0,0.0,0.0,16231741171.0,RQI_DII_v1.0,frozen_confirmed_by_researcher,1,multi_issuer_ready_event_extension_source_verification_pending
BUSD_WINDDOWN_2023_02_13,BUSD,non_USDC,ad_hoc,2023-02-13,2023-02-06,-7,2,ad_hoc_issuer_event; ad_hoc_regulatory_event,0,1,0,normal,0,0,0,publication_date,,0.99989085,-1.0915,1.0915,1.88858,-0.79708,-0.25868,0.0,0.0,0.0,16217731330.0,RQI_DII_v1.0,frozen_confirmed_by_researcher,1,multi_issuer_ready_event_extension_source_verification_pending
BUSD_WINDDOWN_2023_02_13,BUSD,non_USDC,ad_hoc,2023-02-13,2023-02-07,-6,2,ad_hoc_issuer_event; ad_hoc_regulatory_event,0,1,0,normal,0,0,0,publication_date,,1.00011215,1.1215,1.1215,3.3939,-2.2724,4.1306,0.0,0.0,0.0,16145244705.0,RQI_DII_v1.0,frozen_confirmed_by_researcher,1,multi_issuer_ready_event_extension_source_verification_pending
BUSD_WINDDOWN_2023_02_13,BUSD,non_USDC,ad_hoc,2023-02-13,2023-02-08,-5,2,ad_hoc_issuer_event; ad_hoc_regulatory_event,0,1,0,normal,0,0,0,publication_date,,0.99998129,-0.1871,0.1871,3.1890600000000004,-3.0019600000000004,2.2451600000000003,0.0,0.0,0.0,16141340076.0,RQI_DII_v1.0,frozen_confirmed_by_researcher,1,multi_issuer_ready_event_extension_source_verification_pending
BUSD_WINDDOWN_2023_02_13,BUSD,non_USDC,ad_hoc,2023-02-13,2023-02-09,-4,2,ad_hoc_issuer_event; ad_hoc_regulatory_event,0,1,0,normal,0,0,0,publication_date,,0.99994601,-0.5399,0.5399,2.42382,-1.88392,0.95028,0.0,0.0,0.0,16136388253.0,RQI_DII_v1.0,frozen_confirmed_by_researcher,1,multi_issuer_ready_event_extension_source_verification_pending
BUSD_WINDDOWN_2023_02_13,BUSD,non_USDC,ad_hoc,2023-02-13,2023-02-10,-3,2,ad_hoc_issuer_event; ad_hoc_regulatory_event,0,1,0,normal,0,0,0,publication_date,,0.99992555,-0.7444999999999999,0.7444999999999999,1.8782199999999996,-1.1337199999999996,0.4470399999999999,0.0,0.0,0.0,16121797429.0,RQI_DII_v1.0,frozen_confirmed_by_researcher,1,multi_issuer_ready_event_extension_source_verification_pending
BUSD_WINDDOWN_2023_02_13,BUSD,non_USDC,ad_hoc,2023-02-13,2023-02-11,-2,2,ad_hoc_issuer_event; ad_hoc_regulatory_event,0,1,0,normal,0,0,0,publication_date,,1.00006159,0.6159,0.6159,3.1952400000000005,-2.5793400000000006,3.41114,0.0,0.0,0.0,16110670273.0,RQI_DII_v1.0,frozen_confirmed_by_researcher,1,multi_issuer_ready_event_extension_source_verification_pending
BUSD_WINDDOWN_2023_02_13,BUSD,non_USDC,ad_hoc,2023-02-13,2023-02-12,-1,2,ad_hoc_issuer_event; ad_hoc_regulatory_event,0,1,0,normal,0,0,0,publication_date,,1.00019692,1.9692,1.9692,3.1302399999999997,-1.1610399999999996,4.579,0.0,0.0,0.0,16110376062.0,RQI_DII_v1.0,frozen_confirmed_by_researcher,1,multi_issuer_ready_event_extension_source_verification_pending
BUSD_WINDDOWN_2023_02_13,BUSD,non_USDC,ad_hoc,2023-02-13,2023-02-13,0,2,ad_hoc_issuer_event; ad_hoc_regulatory_event,0,1,1,regulatory_issuer_stress,0,0,0,publication_date,,0.99993952,-0.6048,0.6048,3.6605399999999997,-3.0557399999999997,2.5757399999999997,0.0,0.0,0.0,16110305442.0,RQI_DII_v1.0,frozen_confirmed_by_researcher,1,multi_issuer_ready_event_extension_source_verification_pending
BUSD_WINDDOWN_2023_02_13,BUSD,non_USDC,ad_hoc,2023-02-13,2023-02-14,1,2,ad_hoc_issuer_event; ad_hoc_regulatory_event,0,1,1,regulatory_issuer_stress,0,0,0,publication_date,,0.99980148,-1.9851999999999999,1.9851999999999999,3.6885800000000004,-1.7033800000000006,-2.12118,0.0,0.0,0.0,15770835356.0,RQI_DII_v1.0,frozen_confirmed_by_researcher,1,multi_issuer_ready_event_extension_source_verification_pending
BUSD_WINDDOWN_2023_02_13,BUSD,non_USDC,ad_hoc,2023-02-13,2023-02-15,2,2,ad_hoc_issuer_event; ad_hoc_regulatory_event,0,1,1,regulatory_issuer_stress,0,0,0,publication_date,,0.99976676,-2.3324000000000003,2.3324000000000003,6.2976,-3.9652,2.3651999999999993,0.0,0.0,0.0,15298455345.0,RQI_DII_v1.0,frozen_confirmed_by_researcher,1,multi_issuer_ready_event_extension_source_verification_pending
BUSD_WINDDOWN_2023_02_13,BUSD,non_USDC,ad_hoc,2023-02-13,2023-02-16,3,2,ad_hoc_issuer_event; ad_hoc_regulatory_event,0,1,1,regulatory_issuer_stress,0,0,0,publication_date,,0.99980202,-1.9798,1.9798,2.36486,-0.3850600000000002,-0.5474599999999998,0.0,0.0,0.0,14183151163.0,RQI_DII_v1.0,frozen_confirmed_by_researcher,1,multi_issuer_ready_event_extension_source_verification_pending
BUSD_WINDDOWN_2023_02_13,BUSD,non_USDC,ad_hoc,2023-02-13,2023-02-17,4,2,ad_hoc_issuer_event; ad_hoc_regulatory_event,0,1,1,regulatory_issuer_stress,0,0,0,publication_date,,0.99991979,-0.8021,0.8021,6.975959999999999,-6.173859999999999,4.66166,0.0,0.0,0.0,13670433149.0,RQI_DII_v1.0,frozen_confirmed_by_researcher,1,multi_issuer_ready_event_extension_source_verification_pending
BUSD_WINDDOWN_2023_02_13,BUSD,non_USDC,ad_hoc,2023-02-13,2023-02-18,5,2,ad_hoc_issuer_event; ad_hoc_regulatory_event,0,1,1,regulatory_issuer_stress,0,0,0,publication_date,,1.00001,0.1,0.1,1.08214,-0.9821400000000001,-0.8327,0.0,0.0,0.0,13277267487.0,RQI_DII_v1.0,frozen_confirmed_by_researcher,1,multi_issuer_ready_event_extension_source_verification_pending
BUSD_WINDDOWN_2023_02_13,BUSD,non_USDC,ad_hoc,2023-02-13,2023-02-19,6,2,ad_hoc_issuer_event; ad_hoc_regulatory_event,0,1,1,regulatory_issuer_stress,0,0,0,publication_date,,0.99999833,-0.0167,0.0167,2.4030199999999997,-2.3863199999999996,0.09740000000000013,0.0,0.0,0.0,13202474662.0,RQI_DII_v1.0,frozen_confirmed_by_researcher,1,multi_issuer_ready_event_extension_source_verification_pending
BUSD_WINDDOWN_2023_02_13,BUSD,non_USDC,ad_hoc,2023-02-13,2023-02-20,7,2,ad_hoc_issuer_event; ad_hoc_regulatory_event,0,1,1,regulatory_issuer_stress,0,0,0,publication_date,,0.999965,-0.35,0.35,1.50848,-1.15848,0.021400000000000086,0.0,0.0,0.0,13207531367.0,RQI_DII_v1.0,frozen_confirmed_by_researcher,1,multi_issuer_ready_event_extension_source_verification_pending
BUSD_WINDDOWN_2023_02_13,BUSD,non_USDC,ad_hoc,2023-02-13,2023-02-21,8,2,ad_hoc_issuer_event; ad_hoc_regulatory_event,0,1,1,regulatory_issuer_stress,0,0,0,publication_date,,1.0,0.0,0.0,1.1218,-1.1218,0.8625999999999999,0.0,0.0,0.0,12771025118.0,RQI_DII_v1.0,frozen_confirmed_by_researcher,1,multi_issuer_ready_event_extension_source_verification_pending
BUSD_WINDDOWN_2023_02_13,BUSD,non_USDC,ad_hoc,2023-02-13,2023-02-22,9,2,ad_hoc_issuer_event; ad_hoc_regulatory_event,0,1,1,regulatory_issuer_stress,0,0,0,publication_date,,1.00002278,0.22779999999999997,0.22779999999999997,4.10216,-3.87436,3.836279999999999,0.0,0.0,0.0,12401240708.0,RQI_DII_v1.0,frozen_confirmed_by_researcher,1,multi_issuer_ready_event_extension_source_verification_pending
BUSD_WINDDOWN_2023_02_13,BUSD,non_USDC,ad_hoc,2023-02-13,2023-02-23,10,2,ad_hoc_issuer_event; ad_hoc_regulatory_event,0,1,1,regulatory_issuer_stress,0,0,0,publication_date,,0.9999,-1.0,1.0,3.99608,-2.99608,2.53816,0.0,0.0,0.0,11956015440.0,RQI_DII_v1.0,frozen_confirmed_by_researcher,1,multi_issuer_ready_event_extension_source_verification_pending
BUSD_WINDDOWN_2023_02_13,BUSD,non_USDC,ad_hoc,2023-02-13,2023-02-24,11,2,ad_hoc_issuer_event; ad_hoc_regulatory_event,0,1,1,regulatory_issuer_stress,0,0,0,publication_date,,1.00004,0.4,0.4,1.7049999999999996,-1.3049999999999997,0.9421199999999998,0.0,0.0,0.0,11602670169.0,RQI_DII_v1.0,frozen_confirmed_by_researcher,1,multi_issuer_ready_event_extension_source_verification_pending
BUSD_WINDDOWN_2023_02_13,BUSD,non_USDC,ad_hoc,2023-02-13,2023-02-25,12,2,ad_hoc_issuer_event; ad_hoc_regulatory_event,0,1,1,regulatory_issuer_stress,0,0,0,publication_date,,0.99992066,-0.7934,0.7934,2.8012000000000006,-2.0078000000000005,1.24092,0.0,0.0,0.0,11098925374.0,RQI_DII_v1.0,frozen_confirmed_by_researcher,1,multi_issuer_ready_event_extension_source_verification_pending
BUSD_WINDDOWN_2023_02_13,BUSD,non_USDC,ad_hoc,2023-02-13,2023-02-26,13,2,ad_hoc_issuer_event; ad_hoc_regulatory_event,0,1,1,regulatory_issuer_stress,0,0,0,publication_date,,0.99999492,-0.0508,0.0508,5.4728,-5.422000000000001,5.036040000000001,0.0,0.0,0.0,11099134924.0,RQI_DII_v1.0,frozen_confirmed_by_researcher,1,multi_issuer_ready_event_extension_source_verification_pending
BUSD_WINDDOWN_2023_02_13,BUSD,non_USDC,ad_hoc,2023-02-13,2023-02-27,14,2,ad_hoc_issuer_event; ad_hoc_regulatory_event,0,1,1,regulatory_issuer_stress,0,0,0,publication_date,,0.99993592,-0.6407999999999999,0.6407999999999999,2.23238,-1.59158,1.59158,0.0,0.0,0.0,10936099702.0,RQI_DII_v1.0,frozen_confirmed_by_researcher,1,multi_issuer_ready_event_extension_source_verification_pending
USDC_ASSURANCE_2022_01,USDC,USDC,scheduled,2022-02-25,2022-02-11,-14,1,scheduled_monthly_assurance,1,0,0,normal,0,0,0,publication_date,,1.0019474373,19.474373,19.474373,7.320478799999999,12.1538942,15.028989,0.0,0.0,0.0,46075497320.0,RQI_DII_v1.0,frozen_confirmed_by_researcher,1,multi_issuer_ready_event_extension_source_verification_pending
USDC_ASSURANCE_2022_01,USDC,USDC,scheduled,2022-02-25,2022-02-12,-13,1,scheduled_monthly_assurance,1,0,0,normal,0,0,0,publication_date,,1.0003195479,3.1954789999999997,3.1954789999999997,7.6902686000000005,-4.494789600000001,-4.494789600000001,0.0,0.0,0.0,46328988440.0,RQI_DII_v1.0,frozen_confirmed_by_researcher,1,multi_issuer_ready_event_extension_source_verification_pending
USDC_ASSURANCE_2022_01,USDC,USDC,scheduled,2022-02-25,2022-02-13,-12,1,scheduled_monthly_assurance,1,0,0,normal,0,0,0,publication_date,,1.0008991098,8.991098,8.991098,9.610561,-0.6194630000000014,-0.6194630000000014,0.0,0.0,0.0,46329711058.0,RQI_DII_v1.0,frozen_confirmed_by_researcher,1,multi_issuer_ready_event_extension_source_verification_pending
USDC_ASSURANCE_2022_01,USDC,USDC,scheduled,2022-02-25,2022-02-14,-11,1,scheduled_monthly_assurance,1,0,0,normal,0,0,0,publication_date,,1.0002074575,2.0745750000000003,2.0745750000000003,8.7640222,-6.689447199999999,-6.689447199999999,0.0,0.0,0.0,46409299749.0,RQI_DII_v1.0,frozen_confirmed_by_researcher,1,multi_issuer_ready_event_extension_source_verification_pending
USDC_ASSURANCE_2022_01,USDC,USDC,scheduled,2022-02-25,2022-02-15,-10,1,scheduled_monthly_assurance,1,0,0,normal,0,0,0,publication_date,,0.9999529954,-0.470046,0.470046,4.326603,-3.8565570000000005,-3.7512818,0.0,0.0,0.0,46490992459.0,RQI_DII_v1.0,frozen_confirmed_by_researcher,1,multi_issuer_ready_event_extension_source_verification_pending
USDC_ASSURANCE_2022_01,USDC,USDC,scheduled,2022-02-25,2022-02-16,-9,1,scheduled_monthly_assurance,1,0,0,normal,0,0,0,publication_date,,1.0000372537,0.372537,0.372537,4.3518810000000006,-3.9793440000000007,4.724418000000001,0.0,0.0,0.0,46571012140.0,RQI_DII_v1.0,frozen_confirmed_by_researcher,1,multi_issuer_ready_event_extension_source_verification_pending
USDC_ASSURANCE_2022_01,USDC,USDC,scheduled,2022-02-25,2022-02-17,-8,1,scheduled_monthly_assurance,1,0,0,normal,0,0,0,publication_date,,0.9989945015,-10.054985,10.054985,6.870741,3.1842440000000005,-8.6066808,0.0,0.0,0.0,46652480244.0,RQI_DII_v1.0,frozen_confirmed_by_researcher,1,multi_issuer_ready_event_extension_source_verification_pending
USDC_ASSURANCE_2022_01,USDC,USDC,scheduled,2022-02-25,2022-02-18,-7,1,scheduled_monthly_assurance,1,0,0,normal,0,0,0,publication_date,,0.9993043308,-6.956691999999999,6.956691999999999,7.1340304,-0.1773384000000009,-4.0757959999999995,0.0,0.0,0.0,46408032810.0,RQI_DII_v1.0,frozen_confirmed_by_researcher,1,multi_issuer_ready_event_extension_source_verification_pending
USDC_ASSURANCE_2022_01,USDC,USDC,scheduled,2022-02-25,2022-02-19,-6,1,scheduled_monthly_assurance,1,0,0,normal,0,0,0,publication_date,,1.0007035124,7.035124000000001,7.035124000000001,3.5964972000000004,3.4386268,3.4386268,0.0,0.0,0.0,46478101159.0,RQI_DII_v1.0,frozen_confirmed_by_researcher,1,multi_issuer_ready_event_extension_source_verification_pending
USDC_ASSURANCE_2022_01,USDC,USDC,scheduled,2022-02-25,2022-02-20,-5,1,scheduled_monthly_assurance,1,0,0,normal,0,0,0,publication_date,,1.0024519527,24.519527,24.519527,20.211956,4.307570999999999,4.307570999999999,0.0,0.0,0.0,46508916076.0,RQI_DII_v1.0,frozen_confirmed_by_researcher,1,multi_issuer_ready_event_extension_source_verification_pending
USDC_ASSURANCE_2022_01,USDC,USDC,scheduled,2022-02-25,2022-02-21,-4,1,scheduled_monthly_assurance,1,0,0,normal,0,0,0,publication_date,,1.0016246907,16.246907,16.246907,7.877091399999999,8.3698156,18.6479788,0.0,0.0,0.0,46547773207.0,RQI_DII_v1.0,frozen_confirmed_by_researcher,1,multi_issuer_ready_event_extension_source_verification_pending
USDC_ASSURANCE_2022_01,USDC,USDC,scheduled,2022-02-25,2022-02-22,-3,1,scheduled_monthly_assurance,1,0,0,normal,0,0,0,publication_date,,1.0016619796,16.619796,16.619796,6.9490608,9.670735200000001,15.571556800000002,0.0,0.0,0.0,46588984173.0,RQI_DII_v1.0,frozen_confirmed_by_researcher,1,multi_issuer_ready_event_extension_source_verification_pending
USDC_ASSURANCE_2022_01,USDC,USDC,scheduled,2022-02-25,2022-02-23,-2,1,scheduled_monthly_assurance,1,0,0,normal,0,0,0,publication_date,,0.9997218294,-2.781706,2.781706,13.442617799999999,-10.6609118,-5.2521242,0.0,0.0,0.0,46766228554.0,RQI_DII_v1.0,frozen_confirmed_by_researcher,1,multi_issuer_ready_event_extension_source_verification_pending
USDC_ASSURANCE_2022_01,USDC,USDC,scheduled,2022-02-25,2022-02-24,-1,1,scheduled_monthly_assurance,1,0,0,normal,0,0,0,publication_date,,1.0004966672,4.966672,4.966672,10.961955799999998,-5.995283799999998,-5.995283799999998,0.0,0.0,0.0,46920192948.0,RQI_DII_v1.0,frozen_confirmed_by_researcher,1,multi_issuer_ready_event_extension_source_verification_pending
USDC_ASSURANCE_2022_01,USDC,USDC,scheduled,2022-02-25,2022-02-25,0,1,scheduled_monthly_assurance,1,0,0,normal,0,0,0,publication_date,,1.0008244235,8.244235,8.244235,7.053233800000001,1.1910011999999988,1.1910011999999988,0.0,0.0,0.0,47192138526.0,RQI_DII_v1.0,frozen_confirmed_by_researcher,1,multi_issuer_ready_event_extension_source_verification_pending
USDC_ASSURANCE_2022_01,USDC,USDC,scheduled,2022-02-25,2022-02-26,1,1,scheduled_monthly_assurance,1,0,0,normal,0,0,0,publication_date,,1.0013726671,13.726671,13.726671,11.731951200000001,1.9947197999999986,8.9771478,0.0,0.0,0.0,47237970956.0,RQI_DII_v1.0,frozen_confirmed_by_researcher,1,multi_issuer_ready_event_extension_source_verification_pending
USDC_ASSURANCE_2022_01,USDC,USDC,scheduled,2022-02-25,2022-02-27,2,1,scheduled_monthly_assurance,1,0,0,normal,0,0,0,publication_date,,1.0025797639,25.797639,25.797639,17.755091999999998,8.042547000000003,8.042547000000003,0.0,0.0,0.0,47319988124.0,RQI_DII_v1.0,frozen_confirmed_by_researcher,1,multi_issuer_ready_event_extension_source_verification_pending
USDC_ASSURANCE_2022_01,USDC,USDC,scheduled,2022-02-25,2022-02-28,3,1,scheduled_monthly_assurance,1,0,0,normal,0,0,0,publication_date,,1.0024356061,24.356061,24.356061,20.8112654,3.5447956000000005,3.5447956000000005,0.0,0.0,0.0,47350370373.0,RQI_DII_v1.0,frozen_confirmed_by_researcher,1,multi_issuer_ready_event_extension_source_verification_pending
USDC_ASSURANCE_2022_01,USDC,USDC,scheduled,2022-02-25,2022-03-01,4,1,scheduled_monthly_assurance,1,0,0,normal,0,0,0,publication_date,,1.0005005775,5.005775000000001,5.005775000000001,5.3593188,-0.35354379999999885,2.3965354000000008,0.0,0.0,0.0,47454720712.0,RQI_DII_v1.0,frozen_confirmed_by_researcher,1,multi_issuer_ready_event_extension_source_verification_pending
USDC_ASSURANCE_2022_01,USDC,USDC,scheduled,2022-02-25,2022-03-02,5,1,scheduled_monthly_assurance,1,0,0,normal,0,0,0,publication_date,,1.0005139116,5.1391160000000005,5.1391160000000005,16.3524812,-11.213365199999998,-1.0391123999999996,0.0,0.0,0.0,47504755161.0,RQI_DII_v1.0,frozen_confirmed_by_researcher,1,multi_issuer_ready_event_extension_source_verification_pending
USDC_ASSURANCE_2022_01,USDC,USDC,scheduled,2022-02-25,2022-03-03,6,1,scheduled_monthly_assurance,1,0,0,normal,0,0,0,publication_date,,0.9996553709,-3.4462909999999995,3.4462909999999995,4.663515,-1.2172240000000007,-5.237224399999999,0.0,0.0,0.0,47520491381.0,RQI_DII_v1.0,frozen_confirmed_by_researcher,1,multi_issuer_ready_event_extension_source_verification_pending
USDC_ASSURANCE_2022_01,USDC,USDC,scheduled,2022-02-25,2022-03-04,7,1,scheduled_monthly_assurance,1,0,0,normal,0,0,0,publication_date,,0.9993073172,-6.9268279999999995,6.9268279999999995,7.497580599999999,-0.5707525999999996,-14.4244086,0.0,0.0,0.0,47132514871.0,RQI_DII_v1.0,frozen_confirmed_by_researcher,1,multi_issuer_ready_event_extension_source_verification_pending
USDC_ASSURANCE_2022_01,USDC,USDC,scheduled,2022-02-25,2022-03-05,8,1,scheduled_monthly_assurance,1,0,0,normal,0,0,0,publication_date,,1.0001582515,1.582515,1.582515,11.633697399999999,-10.051182399999998,-10.051182399999998,0.0,0.0,0.0,46869192817.0,RQI_DII_v1.0,frozen_confirmed_by_researcher,1,multi_issuer_ready_event_extension_source_verification_pending
USDC_ASSURANCE_2022_01,USDC,USDC,scheduled,2022-02-25,2022-03-06,9,1,scheduled_monthly_assurance,1,0,0,normal,0,0,0,publication_date,,1.0011706273,11.706273,11.706273,11.444505000000001,0.2617679999999982,0.2617679999999982,0.0,0.0,0.0,46879802162.0,RQI_DII_v1.0,frozen_confirmed_by_researcher,1,multi_issuer_ready_event_extension_source_verification_pending
USDC_ASSURANCE_2022_01,USDC,USDC,scheduled,2022-02-25,2022-03-07,10,1,scheduled_monthly_assurance,1,0,0,normal,0,0,0,publication_date,,0.9999293399,-0.706601,0.706601,10.871433,-10.164832,-11.578033999999999,0.0,0.0,0.0,46699223662.0,RQI_DII_v1.0,frozen_confirmed_by_researcher,1,multi_issuer_ready_event_extension_source_verification_pending
USDC_ASSURANCE_2022_01,USDC,USDC,scheduled,2022-02-25,2022-03-08,11,1,scheduled_monthly_assurance,1,0,0,normal,0,0,0,publication_date,,0.998568696,-14.313039999999999,14.313039999999999,7.3196174,6.993422599999999,-14.007910999999998,0.0,0.0,0.0,46761347092.0,RQI_DII_v1.0,frozen_confirmed_by_researcher,1,multi_issuer_ready_event_extension_source_verification_pending
USDC_ASSURANCE_2022_01,USDC,USDC,scheduled,2022-02-25,2022-03-09,12,1,scheduled_monthly_assurance,1,0,0,normal,0,0,0,publication_date,,1.0000849056,0.849056,0.849056,1.9203871999999997,-1.0713311999999997,-0.34315640000000003,0.0,0.0,0.0,46673089910.0,RQI_DII_v1.0,frozen_confirmed_by_researcher,1,multi_issuer_ready_event_extension_source_verification_pending
USDC_ASSURANCE_2022_01,USDC,USDC,scheduled,2022-02-25,2022-03-10,13,1,scheduled_monthly_assurance,1,0,0,normal,0,0,0,publication_date,,0.9999741333,-0.25866700000000004,0.25866700000000004,3.490701,-3.232034,-3.749368,0.0,0.0,0.0,46593516901.0,RQI_DII_v1.0,frozen_confirmed_by_researcher,1,multi_issuer_ready_event_extension_source_verification_pending
USDC_ASSURANCE_2022_01,USDC,USDC,scheduled,2022-02-25,2022-03-11,14,1,scheduled_monthly_assurance,1,0,0,normal,0,0,0,publication_date,,1.000323085,3.2308499999999998,3.2308499999999998,4.6230278,-1.3921778000000002,-1.3921778000000002,0.0,0.0,0.0,46821257773.0,RQI_DII_v1.0,frozen_confirmed_by_researcher,1,multi_issuer_ready_event_extension_source_verification_pending
USDC_ASSURANCE_2022_02,USDC,USDC,scheduled,2022-03-31,2022-03-17,-14,1,scheduled_monthly_assurance,1,0,0,normal,0,0,0,publication_date,,0.9999267675,-0.732325,0.732325,6.428981199999998,-5.696656199999998,-7.1613062,0.0,0.0,0.0,46758297907.0,RQI_DII_v1.0,frozen_confirmed_by_researcher,1,multi_issuer_ready_event_extension_source_verification_pending
USDC_ASSURANCE_2022_02,USDC,USDC,scheduled,2022-03-31,2022-03-18,-13,1,scheduled_monthly_assurance,1,0,0,normal,0,0,0,publication_date,,1.000661743,6.61743,6.61743,6.417477600000001,0.19995239999999903,0.19995239999999903,0.0,0.0,0.0,46941136001.0,RQI_DII_v1.0,frozen_confirmed_by_researcher,1,multi_issuer_ready_event_extension_source_verification_pending
USDC_ASSURANCE_2022_02,USDC,USDC,scheduled,2022-03-31,2022-03-19,-12,1,scheduled_monthly_assurance,1,0,0,normal,0,0,0,publication_date,,1.0001809569,1.809569,1.809569,6.9628537999999995,-5.1532848,-1.2773679999999998,0.0,0.0,0.0,47141172431.0,RQI_DII_v1.0,frozen_confirmed_by_researcher,1,multi_issuer_ready_event_extension_source_verification_pending
USDC_ASSURANCE_2022_02,USDC,USDC,scheduled,2022-03-31,2022-03-20,-11,1,scheduled_monthly_assurance,1,0,0,normal,0,0,0,publication_date,,0.9998901532,-1.098468,1.098468,2.8883172,-1.7898492,0.8549519999999999,0.0,0.0,0.0,47162949224.0,RQI_DII_v1.0,frozen_confirmed_by_researcher,1,multi_issuer_ready_event_extension_source_verification_pending
USDC_ASSURANCE_2022_02,USDC,USDC,scheduled,2022-03-31,2022-03-21,-10,1,scheduled_monthly_assurance,1,0,0,normal,0,0,0,publication_date,,0.9995387481,-4.612519,4.612519,2.4966362,2.1158827999999996,-2.1158827999999996,0.0,0.0,0.0,47233882363.0,RQI_DII_v1.0,frozen_confirmed_by_researcher,1,multi_issuer_ready_event_extension_source_verification_pending
USDC_ASSURANCE_2022_02,USDC,USDC,scheduled,2022-03-31,2022-03-22,-9,1,scheduled_monthly_assurance,1,0,0,normal,0,0,0,publication_date,,0.9990389697,-9.610303,9.610303,1.5248251999999998,8.0854778,-8.950105,0.0,0.0,0.0,47306126558.0,RQI_DII_v1.0,frozen_confirmed_by_researcher,1,multi_issuer_ready_event_extension_source_verification_pending
USDC_ASSURANCE_2022_02,USDC,USDC,scheduled,2022-03-31,2022-03-23,-8,1,scheduled_monthly_assurance,1,0,0,normal,0,0,0,publication_date,,0.9995525569,-4.474431,4.474431,2.0360518,2.4383792,-3.5605456,0.0,0.0,0.0,46886198056.0,RQI_DII_v1.0,frozen_confirmed_by_researcher,1,multi_issuer_ready_event_extension_source_verification_pending
USDC_ASSURANCE_2022_02,USDC,USDC,scheduled,2022-03-31,2022-03-24,-7,1,scheduled_monthly_assurance,1,0,0,normal,0,0,0,publication_date,,0.9988846681,-11.153319000000002,11.153319000000002,8.5007678,2.6525512000000013,-6.3115396000000015,0.0,0.0,0.0,46740907186.0,RQI_DII_v1.0,frozen_confirmed_by_researcher,1,multi_issuer_ready_event_extension_source_verification_pending
USDC_ASSURANCE_2022_02,USDC,USDC,scheduled,2022-03-31,2022-03-25,-6,1,scheduled_monthly_assurance,1,0,0,normal,0,0,0,publication_date,,1.0002616764,2.616764,2.616764,6.242560599999999,-3.6257965999999993,8.8593246,0.0,0.0,0.0,46813974752.0,RQI_DII_v1.0,frozen_confirmed_by_researcher,1,multi_issuer_ready_event_extension_source_verification_pending
USDC_ASSURANCE_2022_02,USDC,USDC,scheduled,2022-03-31,2022-03-26,-5,1,scheduled_monthly_assurance,1,0,0,normal,0,0,0,publication_date,,0.9991693697,-8.306303,8.306303,2.9473603999999995,5.358942600000001,-5.358942600000001,0.0,0.0,0.0,46449330311.0,RQI_DII_v1.0,frozen_confirmed_by_researcher,1,multi_issuer_ready_event_extension_source_verification_pending
USDC_ASSURANCE_2022_02,USDC,USDC,scheduled,2022-03-31,2022-03-27,-4,1,scheduled_monthly_assurance,1,0,0,normal,0,0,0,publication_date,,0.9992760087,-7.239913,7.239913,4.4851004,2.7548125999999993,-2.7548125999999993,0.0,0.0,0.0,46497609181.0,RQI_DII_v1.0,frozen_confirmed_by_researcher,1,multi_issuer_ready_event_extension_source_verification_pending
USDC_ASSURANCE_2022_02,USDC,USDC,scheduled,2022-03-31,2022-03-28,-3,1,scheduled_monthly_assurance,1,0,0,normal,0,0,0,publication_date,,1.0006601159,6.601159000000001,6.601159000000001,11.1749702,-4.5738112,17.7761292,0.0,0.0,0.0,46592888956.0,RQI_DII_v1.0,frozen_confirmed_by_researcher,1,multi_issuer_ready_event_extension_source_verification_pending
USDC_ASSURANCE_2022_02,USDC,USDC,scheduled,2022-03-31,2022-03-29,-2,1,scheduled_monthly_assurance,1,0,0,normal,0,0,0,publication_date,,0.9993075321,-6.924678999999999,6.924678999999999,21.115778,-14.191099,14.191099,0.0,0.0,0.0,46437092820.0,RQI_DII_v1.0,frozen_confirmed_by_researcher,1,multi_issuer_ready_event_extension_source_verification_pending
USDC_ASSURANCE_2022_02,USDC,USDC,scheduled,2022-03-31,2022-03-30,-1,1,scheduled_monthly_assurance,1,0,0,normal,0,0,0,publication_date,,1.001090889,10.908890000000001,10.908890000000001,2.3253898000000004,8.583500200000001,12.258294600000001,0.0,0.0,0.0,46431588190.0,RQI_DII_v1.0,frozen_confirmed_by_researcher,1,multi_issuer_ready_event_extension_source_verification_pending
USDC_ASSURANCE_2022_02,USDC,USDC,scheduled,2022-03-31,2022-03-31,0,1,scheduled_monthly_assurance,1,0,0,normal,0,0,0,publication_date,,1.0078603676,78.603676,78.603676,4.993298999999999,73.610377,83.59697499999999,1.0,0.0,0.0,46166774793.0,RQI_DII_v1.0,frozen_confirmed_by_researcher,1,multi_issuer_ready_event_extension_source_verification_pending
USDC_ASSURANCE_2022_02,USDC,USDC,scheduled,2022-03-31,2022-04-01,1,1,scheduled_monthly_assurance,1,0,0,normal,0,0,0,publication_date,,1.0075398704,75.398704,75.398704,21.2555392,54.143164799999994,70.25306599999999,1.0,0.0,0.0,45987956449.0,RQI_DII_v1.0,frozen_confirmed_by_researcher,1,multi_issuer_ready_event_extension_source_verification_pending
USDC_ASSURANCE_2022_02,USDC,USDC,scheduled,2022-03-31,2022-04-02,2,1,scheduled_monthly_assurance,1,0,0,normal,0,0,0,publication_date,,1.0055911087,55.911086999999995,55.911086999999995,3.5490474000000005,52.362039599999996,52.8677308,1.0,0.0,0.0,46128563368.0,RQI_DII_v1.0,frozen_confirmed_by_researcher,1,multi_issuer_ready_event_extension_source_verification_pending
USDC_ASSURANCE_2022_02,USDC,USDC,scheduled,2022-03-31,2022-04-03,3,1,scheduled_monthly_assurance,1,0,0,normal,0,0,0,publication_date,,1.0032681375,32.681375,32.681375,7.108428599999999,25.572946400000003,39.789803600000006,0.0,0.0,0.0,46057808267.0,RQI_DII_v1.0,frozen_confirmed_by_researcher,1,multi_issuer_ready_event_extension_source_verification_pending
USDC_ASSURANCE_2022_02,USDC,USDC,scheduled,2022-03-31,2022-04-04,4,1,scheduled_monthly_assurance,1,0,0,normal,0,0,0,publication_date,,1.0010914974,10.914974,10.914974,6.199705399999999,4.715268600000002,6.431527000000001,0.0,0.0,0.0,45937237659.0,RQI_DII_v1.0,frozen_confirmed_by_researcher,1,multi_issuer_ready_event_extension_source_verification_pending
USDC_ASSURANCE_2022_02,USDC,USDC,scheduled,2022-03-31,2022-04-05,5,1,scheduled_monthly_assurance,1,0,0,normal,0,0,0,publication_date,,1.0004016879,4.016879,4.016879,5.8000688,-1.7831897999999997,6.873291,0.0,0.0,0.0,45848038602.0,RQI_DII_v1.0,frozen_confirmed_by_researcher,1,multi_issuer_ready_event_extension_source_verification_pending
USDC_ASSURANCE_2022_02,USDC,USDC,scheduled,2022-03-31,2022-04-06,6,1,scheduled_monthly_assurance,1,0,0,normal,0,0,0,publication_date,,0.997993631,-20.06369,20.06369,4.9267402,15.1369498,-21.403413,0.0,0.0,0.0,45661374934.0,RQI_DII_v1.0,frozen_confirmed_by_researcher,1,multi_issuer_ready_event_extension_source_verification_pending
USDC_ASSURANCE_2022_02,USDC,USDC,scheduled,2022-03-31,2022-04-07,7,1,scheduled_monthly_assurance,1,0,0,normal,0,0,0,publication_date,,1.0014919605,14.919605,14.919605,9.6811396,5.238465400000001,22.6296266,0.0,0.0,0.0,45456530851.0,RQI_DII_v1.0,frozen_confirmed_by_researcher,1,multi_issuer_ready_event_extension_source_verification_pending
USDC_ASSURANCE_2022_02,USDC,USDC,scheduled,2022-03-31,2022-04-08,8,1,scheduled_monthly_assurance,1,0,0,normal,0,0,0,publication_date,,0.9965315375,-34.684625,34.684625,4.741410999999999,29.943213999999998,-31.806501599999997,0.0,0.0,0.0,45343742654.0,RQI_DII_v1.0,frozen_confirmed_by_researcher,1,multi_issuer_ready_event_extension_source_verification_pending
USDC_ASSURANCE_2022_02,USDC,USDC,scheduled,2022-03-31,2022-04-09,9,1,scheduled_monthly_assurance,1,0,0,normal,0,0,0,publication_date,,0.9983373653,-16.626347000000003,16.626347000000003,5.697751800000001,10.928595200000002,-20.025095200000003,0.0,0.0,0.0,45342330870.0,RQI_DII_v1.0,frozen_confirmed_by_researcher,1,multi_issuer_ready_event_extension_source_verification_pending
USDC_ASSURANCE_2022_02,USDC,USDC,scheduled,2022-03-31,2022-04-10,10,1,scheduled_monthly_assurance,1,0,0,normal,0,0,0,publication_date,,1.0013035145,13.035145,13.035145,7.5459468,5.4891982,5.4891982,0.0,0.0,0.0,45391418347.0,RQI_DII_v1.0,frozen_confirmed_by_researcher,1,multi_issuer_ready_event_extension_source_verification_pending
USDC_ASSURANCE_2022_02,USDC,USDC,scheduled,2022-03-31,2022-04-11,11,1,scheduled_monthly_assurance,1,0,0,normal,0,0,0,publication_date,,0.9977366828,-22.633172,22.633172,10.490261,12.142910999999998,-20.059688599999998,0.0,0.0,0.0,45387306216.0,RQI_DII_v1.0,frozen_confirmed_by_researcher,1,multi_issuer_ready_event_extension_source_verification_pending
USDC_ASSURANCE_2022_02,USDC,USDC,scheduled,2022-03-31,2022-04-12,12,1,scheduled_monthly_assurance,1,0,0,normal,0,0,0,publication_date,,0.9978439586,-21.560414,21.560414,10.1292632,11.431150800000001,-22.163701200000002,0.0,0.0,0.0,45271230729.0,RQI_DII_v1.0,frozen_confirmed_by_researcher,1,multi_issuer_ready_event_extension_source_verification_pending
USDC_ASSURANCE_2022_02,USDC,USDC,scheduled,2022-03-31,2022-04-13,13,1,scheduled_monthly_assurance,1,0,0,normal,0,0,0,publication_date,,0.9975094854,-24.905146,24.905146,12.736855599999998,12.1682904,-36.705224,0.0,0.0,0.0,45062575768.0,RQI_DII_v1.0,frozen_confirmed_by_researcher,1,multi_issuer_ready_event_extension_source_verification_pending
USDC_ASSURANCE_2022_02,USDC,USDC,scheduled,2022-03-31,2022-04-14,14,1,scheduled_monthly_assurance,1,0,0,normal,0,0,0,publication_date,,1.0000578524,0.578524,0.578524,9.9498264,-9.3713024,-8.209749999999998,0.0,0.0,0.0,44774379975.0,RQI_DII_v1.0,frozen_confirmed_by_researcher,1,multi_issuer_ready_event_extension_source_verification_pending
USDC_ASSURANCE_2022_03,USDC,USDC,scheduled,2022-04-29,2022-04-15,-14,1,scheduled_monthly_assurance,1,0,0,normal,0,1,0,publication_date,,0.9994327863,-5.672137,5.672137,6.762677000000001,-1.0905400000000007,-8.0975992,0.0,0.0,0.0,44696278849.0,RQI_DII_v1.0,frozen_confirmed_by_researcher,1,multi_issuer_ready_event_extension_source_verification_pending
USDC_ASSURANCE_2022_03,USDC,USDC,scheduled,2022-04-29,2022-04-16,-13,1,scheduled_monthly_assurance,1,0,0,normal,0,1,0,publication_date,,0.9999587068,-0.412932,0.412932,6.3938738,-5.9809418,2.3135662,0.0,0.0,0.0,44615980686.0,RQI_DII_v1.0,frozen_confirmed_by_researcher,1,multi_issuer_ready_event_extension_source_verification_pending
USDC_ASSURANCE_2022_03,USDC,USDC,scheduled,2022-04-29,2022-04-17,-12,1,scheduled_monthly_assurance,1,0,0,normal,0,1,0,publication_date,,0.9978280022,-21.719978,21.719978,12.4702794,9.2496986,-16.0383894,0.0,0.0,0.0,44690559740.0,RQI_DII_v1.0,frozen_confirmed_by_researcher,1,multi_issuer_ready_event_extension_source_verification_pending
USDC_ASSURANCE_2022_03,USDC,USDC,scheduled,2022-04-29,2022-04-18,-11,1,scheduled_monthly_assurance,1,0,0,normal,0,1,0,publication_date,,0.9998454945,-1.5450549999999998,1.5450549999999998,8.426142800000001,-6.881087800000001,-2.7808801999999995,0.0,0.0,0.0,44576665345.0,RQI_DII_v1.0,frozen_confirmed_by_researcher,1,multi_issuer_ready_event_extension_source_verification_pending
USDC_ASSURANCE_2022_03,USDC,USDC,scheduled,2022-04-29,2022-04-19,-10,1,scheduled_monthly_assurance,1,0,0,normal,0,1,0,publication_date,,0.9991704091,-8.295909,8.295909,6.4520038,1.8439052,-11.185596,0.0,0.0,0.0,44335198422.0,RQI_DII_v1.0,frozen_confirmed_by_researcher,1,multi_issuer_ready_event_extension_source_verification_pending
USDC_ASSURANCE_2022_03,USDC,USDC,scheduled,2022-04-29,2022-04-20,-9,1,scheduled_monthly_assurance,1,0,0,normal,0,1,0,publication_date,,0.9994108245,-5.891755,5.891755,6.40883,-0.5170750000000002,0.5170750000000002,0.0,0.0,0.0,44398089857.0,RQI_DII_v1.0,frozen_confirmed_by_researcher,1,multi_issuer_ready_event_extension_source_verification_pending
USDC_ASSURANCE_2022_03,USDC,USDC,scheduled,2022-04-29,2022-04-21,-8,1,scheduled_monthly_assurance,1,0,0,normal,0,1,0,publication_date,,0.9988019644,-11.980356,11.980356,3.5576081999999998,8.4227478,-9.4193558,0.0,0.0,0.0,44376323863.0,RQI_DII_v1.0,frozen_confirmed_by_researcher,1,multi_issuer_ready_event_extension_source_verification_pending
USDC_ASSURANCE_2022_03,USDC,USDC,scheduled,2022-04-29,2022-04-22,-7,1,scheduled_monthly_assurance,1,0,0,normal,0,1,0,publication_date,,0.9993429689,-6.570311,6.570311,7.1113072000000015,-0.5409962000000013,-12.6190166,0.0,0.0,0.0,44320188909.0,RQI_DII_v1.0,frozen_confirmed_by_researcher,1,multi_issuer_ready_event_extension_source_verification_pending
USDC_ASSURANCE_2022_03,USDC,USDC,scheduled,2022-04-29,2022-04-23,-6,1,scheduled_monthly_assurance,1,0,0,normal,0,1,0,publication_date,,0.9994630212,-5.369788,5.369788,4.1183346,1.2514534,-7.1786738,0.0,0.0,0.0,44372176289.0,RQI_DII_v1.0,frozen_confirmed_by_researcher,1,multi_issuer_ready_event_extension_source_verification_pending
USDC_ASSURANCE_2022_03,USDC,USDC,scheduled,2022-04-29,2022-04-24,-5,1,scheduled_monthly_assurance,1,0,0,normal,0,1,0,publication_date,,1.001052106,10.521059999999999,10.521059999999999,6.6170864,3.9039735999999987,3.9039735999999987,0.0,0.0,0.0,44318975895.0,RQI_DII_v1.0,frozen_confirmed_by_researcher,1,multi_issuer_ready_event_extension_source_verification_pending
USDC_ASSURANCE_2022_03,USDC,USDC,scheduled,2022-04-29,2022-04-25,-4,1,scheduled_monthly_assurance,1,0,0,normal,0,1,0,publication_date,,0.999203836,-7.96164,7.96164,3.7234901999999996,4.2381498,-5.1125218,0.0,0.0,0.0,44201071284.0,RQI_DII_v1.0,frozen_confirmed_by_researcher,1,multi_issuer_ready_event_extension_source_verification_pending
USDC_ASSURANCE_2022_03,USDC,USDC,scheduled,2022-04-29,2022-04-26,-3,1,scheduled_monthly_assurance,1,0,0,normal,0,1,0,publication_date,,0.9994745287,-5.254713,5.254713,3.9945861999999996,1.2601268,-7.5232931999999995,0.0,0.0,0.0,44290485857.0,RQI_DII_v1.0,frozen_confirmed_by_researcher,1,multi_issuer_ready_event_extension_source_verification_pending
USDC_ASSURANCE_2022_03,USDC,USDC,scheduled,2022-04-29,2022-04-27,-2,1,scheduled_monthly_assurance,1,0,0,normal,0,1,0,publication_date,,0.9979337197,-20.662803,20.662803,7.128246200000001,13.534556799999999,-27.7910492,0.0,0.0,0.0,44083324373.0,RQI_DII_v1.0,frozen_confirmed_by_researcher,1,multi_issuer_ready_event_extension_source_verification_pending
USDC_ASSURANCE_2022_03,USDC,USDC,scheduled,2022-04-29,2022-04-28,-1,1,scheduled_monthly_assurance,1,0,0,normal,0,1,0,publication_date,,0.9975890704,-24.109295999999997,24.109295999999997,2.4783502000000004,21.630945799999996,-25.9850066,0.0,0.0,0.0,44088115344.0,RQI_DII_v1.0,frozen_confirmed_by_researcher,1,multi_issuer_ready_event_extension_source_verification_pending
USDC_ASSURANCE_2022_03,USDC,USDC,scheduled,2022-04-29,2022-04-29,0,1,scheduled_monthly_assurance,1,0,0,normal,0,1,0,publication_date,,0.9985310296,-14.689703999999999,14.689703999999999,2.9312122,11.758491799999998,-14.2838634,0.0,0.0,0.0,43919043423.0,RQI_DII_v1.0,frozen_confirmed_by_researcher,1,multi_issuer_ready_event_extension_source_verification_pending
USDC_ASSURANCE_2022_03,USDC,USDC,scheduled,2022-04-29,2022-04-30,1,1,scheduled_monthly_assurance,1,0,0,normal,0,1,0,publication_date,,0.9973827292,-26.172708,26.172708,9.7279316,16.444776400000002,-35.9006396,0.0,0.0,0.0,43862120654.0,RQI_DII_v1.0,frozen_confirmed_by_researcher,1,multi_issuer_ready_event_extension_source_verification_pending
USDC_ASSURANCE_2022_03,USDC,USDC,scheduled,2022-04-29,2022-05-01,2,1,scheduled_monthly_assurance,1,0,0,normal,0,1,0,publication_date,,0.9979603621,-20.396379,20.396379,12.242522000000003,8.153856999999997,-32.638901,0.0,0.0,0.0,43809890055.0,RQI_DII_v1.0,frozen_confirmed_by_researcher,1,multi_issuer_ready_event_extension_source_verification_pending
USDC_ASSURANCE_2022_03,USDC,USDC,scheduled,2022-04-29,2022-05-02,3,1,scheduled_monthly_assurance,1,0,0,normal,0,1,0,publication_date,,0.9982434801,-17.565199,17.565199,6.581562799999999,10.983636200000001,-24.1467618,0.0,0.0,0.0,43788216532.0,RQI_DII_v1.0,frozen_confirmed_by_researcher,1,multi_issuer_ready_event_extension_source_verification_pending
USDC_ASSURANCE_2022_03,USDC,USDC,scheduled,2022-04-29,2022-05-03,4,1,scheduled_monthly_assurance,1,0,0,normal,0,1,0,publication_date,,0.9983558256,-16.441744,16.441744,7.1833826,9.2583614,-17.0994906,0.0,0.0,0.0,43557751683.0,RQI_DII_v1.0,frozen_confirmed_by_researcher,1,multi_issuer_ready_event_extension_source_verification_pending
USDC_ASSURANCE_2022_03,USDC,USDC,scheduled,2022-04-29,2022-05-04,5,1,scheduled_monthly_assurance,1,0,0,normal,0,1,0,publication_date,,0.9984317941,-15.682058999999999,15.682058999999999,5.883337600000001,9.798721399999998,-20.554335799999997,0.0,0.0,0.0,43414954391.0,RQI_DII_v1.0,frozen_confirmed_by_researcher,1,multi_issuer_ready_event_extension_source_verification_pending
USDC_ASSURANCE_2022_03,USDC,USDC,scheduled,2022-04-29,2022-05-05,6,1,scheduled_monthly_assurance,1,0,0,normal,0,1,0,publication_date,,0.999947671,-0.52329,0.52329,3.6587945999999993,-3.135504599999999,-2.8975821999999996,0.0,0.0,0.0,43346941726.0,RQI_DII_v1.0,frozen_confirmed_by_researcher,1,multi_issuer_ready_event_extension_source_verification_pending
USDC_ASSURANCE_2022_03,USDC,USDC,scheduled,2022-04-29,2022-05-06,7,1,scheduled_monthly_assurance,1,0,0,normal,0,1,0,publication_date,,0.9992701839,-7.298161,7.298161,13.424674,-6.126512999999999,-20.722835,0.0,0.0,0.0,43151563877.0,RQI_DII_v1.0,frozen_confirmed_by_researcher,1,multi_issuer_ready_event_extension_source_verification_pending
USDC_ASSURANCE_2022_03,USDC,USDC,scheduled,2022-04-29,2022-05-07,8,1,scheduled_monthly_assurance,1,0,1,crypto_native_stress,0,1,0,publication_date,,0.9970394903,-29.605096999999997,29.605096999999997,8.561935,21.043161999999995,-33.931991599999996,0.0,0.0,0.0,43140795861.0,RQI_DII_v1.0,frozen_confirmed_by_researcher,1,multi_issuer_ready_event_extension_source_verification_pending
USDC_ASSURANCE_2022_03,USDC,USDC,scheduled,2022-04-29,2022-05-08,9,1,scheduled_monthly_assurance,1,0,1,crypto_native_stress,0,1,0,publication_date,,0.9972543032,-27.456968,27.456968,9.607367599999998,17.8496004,-29.1193792,0.0,0.0,0.0,43178304490.0,RQI_DII_v1.0,frozen_confirmed_by_researcher,1,multi_issuer_ready_event_extension_source_verification_pending
USDC_ASSURANCE_2022_03,USDC,USDC,scheduled,2022-04-29,2022-05-09,10,1,scheduled_monthly_assurance,1,0,1,crypto_native_stress,0,1,0,publication_date,,0.9992029244,-7.970756000000001,7.970756000000001,1.0903817999999998,6.8803742,-9.061137800000001,0.0,0.0,0.0,43055013549.0,RQI_DII_v1.0,frozen_confirmed_by_researcher,1,multi_issuer_ready_event_extension_source_verification_pending
USDC_ASSURANCE_2022_03,USDC,USDC,scheduled,2022-04-29,2022-05-10,11,1,scheduled_monthly_assurance,1,0,1,crypto_native_stress,0,1,0,publication_date,,0.9992029244,-7.970756000000001,7.970756000000001,1.0903817999999998,6.8803742,-9.061137800000001,0.0,0.0,0.0,42974483042.0,RQI_DII_v1.0,frozen_confirmed_by_researcher,1,multi_issuer_ready_event_extension_source_verification_pending
USDC_ASSURANCE_2022_03,USDC,USDC,scheduled,2022-04-29,2022-05-11,12,1,scheduled_monthly_assurance,1,0,1,crypto_native_stress,0,1,0,publication_date,,1.0,0.0,0.0,1.4314844,-1.4314844,-1.4314844,0.0,0.0,0.0,42974483042.0,RQI_DII_v1.0,frozen_confirmed_by_researcher,1,multi_issuer_ready_event_extension_source_verification_pending
USDC_ASSURANCE_2022_03,USDC,USDC,scheduled,2022-04-29,2022-05-12,13,1,scheduled_monthly_assurance,1,0,1,crypto_native_stress,0,1,0,publication_date,,1.0,0.0,0.0,1.052411,-1.052411,1.052411,0.0,0.0,0.0,49698558751.0,RQI_DII_v1.0,frozen_confirmed_by_researcher,1,multi_issuer_ready_event_extension_source_verification_pending
USDC_ASSURANCE_2022_03,USDC,USDC,scheduled,2022-04-29,2022-05-13,14,1,scheduled_monthly_assurance,1,0,1,crypto_native_stress,0,1,0,publication_date,,1.0,0.0,0.0,3.7908678,-3.7908678,-3.7908678,0.0,0.0,0.0,49698558751.0,RQI_DII_v1.0,frozen_confirmed_by_researcher,1,multi_issuer_ready_event_extension_source_verification_pending
USDC_ASSURANCE_2022_04,USDC,USDC,scheduled,2022-05-23,2022-05-09,-14,1,scheduled_monthly_assurance,1,0,1,crypto_native_stress,0,1,0,publication_date,,0.9992029244,-7.970756000000001,7.970756000000001,1.0903817999999998,6.8803742,-9.061137800000001,0.0,0.0,0.0,43055013549.0,RQI_DII_v1.0,frozen_confirmed_by_researcher,1,multi_issuer_ready_event_extension_source_verification_pending
USDC_ASSURANCE_2022_04,USDC,USDC,scheduled,2022-05-23,2022-05-10,-13,1,scheduled_monthly_assurance,1,0,1,crypto_native_stress,0,1,0,publication_date,,0.9992029244,-7.970756000000001,7.970756000000001,1.0903817999999998,6.8803742,-9.061137800000001,0.0,0.0,0.0,42974483042.0,RQI_DII_v1.0,frozen_confirmed_by_researcher,1,multi_issuer_ready_event_extension_source_verification_pending
USDC_ASSURANCE_2022_04,USDC,USDC,scheduled,2022-05-23,2022-05-11,-12,1,scheduled_monthly_assurance,1,0,1,crypto_native_stress,0,1,0,publication_date,,1.0,0.0,0.0,1.4314844,-1.4314844,-1.4314844,0.0,0.0,0.0,42974483042.0,RQI_DII_v1.0,frozen_confirmed_by_researcher,1,multi_issuer_ready_event_extension_source_verification_pending
USDC_ASSURANCE_2022_04,USDC,USDC,scheduled,2022-05-23,2022-05-12,-11,1,scheduled_monthly_assurance,1,0,1,crypto_native_stress,0,1,0,publication_date,,1.0,0.0,0.0,1.052411,-1.052411,1.052411,0.0,0.0,0.0,49698558751.0,RQI_DII_v1.0,frozen_confirmed_by_researcher,1,multi_issuer_ready_event_extension_source_verification_pending
USDC_ASSURANCE_2022_04,USDC,USDC,scheduled,2022-05-23,2022-05-13,-10,1,scheduled_monthly_assurance,1,0,1,crypto_native_stress,0,1,0,publication_date,,1.0,0.0,0.0,3.7908678,-3.7908678,-3.7908678,0.0,0.0,0.0,49698558751.0,RQI_DII_v1.0,frozen_confirmed_by_researcher,1,multi_issuer_ready_event_extension_source_verification_pending
USDC_ASSURANCE_2022_04,USDC,USDC,scheduled,2022-05-23,2022-05-14,-9,1,scheduled_monthly_assurance,1,0,1,crypto_native_stress,0,1,0,publication_date,,1.0,0.0,0.0,2.8799092,-2.8799092,-2.8799092,0.0,0.0,0.0,50783901028.0,RQI_DII_v1.0,frozen_confirmed_by_researcher,1,multi_issuer_ready_event_extension_source_verification_pending
USDC_ASSURANCE_2022_04,USDC,USDC,scheduled,2022-05-23,2022-05-15,-8,1,scheduled_monthly_assurance,1,0,1,crypto_native_stress,0,1,0,publication_date,,1.0002,2.0,2.0,17.8806462,-15.880646200000001,-11.6636862,0.0,0.0,0.2,51099273331.0,RQI_DII_v1.0,frozen_confirmed_by_researcher,1,multi_issuer_ready_event_extension_source_verification_pending
USDC_ASSURANCE_2022_04,USDC,USDC,scheduled,2022-05-23,2022-05-16,-7,1,scheduled_monthly_assurance,1,0,1,crypto_native_stress,0,1,0,publication_date,,1.00027657,2.7657000000000003,2.7657000000000003,12.0143904,-9.2486904,-5.722330400000001,0.0,0.0,0.0,51140592274.0,RQI_DII_v1.0,frozen_confirmed_by_researcher,1,multi_issuer_ready_event_extension_source_verification_pending
USDC_ASSURANCE_2022_04,USDC,USDC,scheduled,2022-05-23,2022-05-17,-6,1,scheduled_monthly_assurance,1,0,1,crypto_native_stress,0,1,0,publication_date,,1.00027657,2.7657000000000003,2.7657000000000003,12.04666,-9.280959999999999,-5.754599999999998,0.0,0.0,0.0,52049135966.0,RQI_DII_v1.0,frozen_confirmed_by_researcher,1,multi_issuer_ready_event_extension_source_verification_pending
USDC_ASSURANCE_2022_04,USDC,USDC,scheduled,2022-05-23,2022-05-18,-5,1,scheduled_monthly_assurance,1,0,1,crypto_native_stress,0,1,0,publication_date,,1.0001988,1.988,1.988,7.5520912,-5.5640912,-1.3975312,0.0,0.0,0.0,52250837492.0,RQI_DII_v1.0,frozen_confirmed_by_researcher,1,multi_issuer_ready_event_extension_source_verification_pending
USDC_ASSURANCE_2022_04,USDC,USDC,scheduled,2022-05-23,2022-05-19,-4,1,scheduled_monthly_assurance,1,0,1,crypto_native_stress,0,1,0,publication_date,,1.00044593,4.4593,4.4593,9.5313874,-5.0720874,-1.1693674000000005,0.0,0.0,0.0,52355375095.0,RQI_DII_v1.0,frozen_confirmed_by_researcher,1,multi_issuer_ready_event_extension_source_verification_pending
USDC_ASSURANCE_2022_04,USDC,USDC,scheduled,2022-05-23,2022-05-20,-3,1,scheduled_monthly_assurance,1,0,1,crypto_native_stress,0,1,0,publication_date,,1.0005012,5.0120000000000005,5.0120000000000005,5.731880000000001,-0.7198800000000007,1.76736,0.0,0.0,0.0,52709987383.0,RQI_DII_v1.0,frozen_confirmed_by_researcher,1,multi_issuer_ready_event_extension_source_verification_pending
USDC_ASSURANCE_2022_04,USDC,USDC,scheduled,2022-05-23,2022-05-21,-2,1,scheduled_monthly_assurance,1,0,0,normal,0,1,0,publication_date,,1.0005012,5.0120000000000005,5.0120000000000005,10.08444,-5.07244,-2.5852000000000004,0.0,0.0,0.0,52939706370.0,RQI_DII_v1.0,frozen_confirmed_by_researcher,1,multi_issuer_ready_event_extension_source_verification_pending
USDC_ASSURANCE_2022_04,USDC,USDC,scheduled,2022-05-23,2022-05-22,-1,1,scheduled_monthly_assurance,1,0,0,normal,0,1,0,publication_date,,1.00009383,0.9383,0.9383,8.11904,-7.18074,-2.7870599999999994,0.0,0.0,0.0,53048951223.0,RQI_DII_v1.0,frozen_confirmed_by_researcher,1,multi_issuer_ready_event_extension_source_verification_pending
USDC_ASSURANCE_2022_04,USDC,USDC,scheduled,2022-05-23,2022-05-23,0,1,scheduled_monthly_assurance,1,0,0,normal,0,1,0,publication_date,,1.00043695,4.3695,4.3695,5.598560000000001,-1.2290600000000005,2.6451000000000002,0.0,0.0,0.0,53080540767.0,RQI_DII_v1.0,frozen_confirmed_by_researcher,1,multi_issuer_ready_event_extension_source_verification_pending
USDC_ASSURANCE_2022_04,USDC,USDC,scheduled,2022-05-23,2022-05-24,1,1,scheduled_monthly_assurance,1,0,0,normal,0,1,0,publication_date,,1.00015237,1.5237,1.5237,9.4621,-7.9384,-3.9383999999999997,0.0,0.0,0.0,53312170609.0,RQI_DII_v1.0,frozen_confirmed_by_researcher,1,multi_issuer_ready_event_extension_source_verification_pending
USDC_ASSURANCE_2022_04,USDC,USDC,scheduled,2022-05-23,2022-05-25,2,1,scheduled_monthly_assurance,1,0,0,normal,0,1,0,publication_date,,1.00015237,1.5237,1.5237,6.9914000000000005,-5.467700000000001,-1.4676999999999996,0.0,0.0,0.0,53400729027.0,RQI_DII_v1.0,frozen_confirmed_by_researcher,1,multi_issuer_ready_event_extension_source_verification_pending
USDC_ASSURANCE_2022_04,USDC,USDC,scheduled,2022-05-23,2022-05-26,3,1,scheduled_monthly_assurance,1,0,0,normal,0,1,0,publication_date,,1.00012672,1.2672,1.2672,9.13764,-7.870439999999999,-3.81632,0.0,0.0,0.0,53423170870.0,RQI_DII_v1.0,frozen_confirmed_by_researcher,1,multi_issuer_ready_event_extension_source_verification_pending
USDC_ASSURANCE_2022_04,USDC,USDC,scheduled,2022-05-23,2022-05-27,4,1,scheduled_monthly_assurance,1,0,0,normal,0,1,0,publication_date,,1.00007517,0.7517,0.7517,6.8890199999999995,-6.137319999999999,-1.3599600000000005,0.0,0.0,0.0,53198439606.0,RQI_DII_v1.0,frozen_confirmed_by_researcher,1,multi_issuer_ready_event_extension_source_verification_pending
USDC_ASSURANCE_2022_04,USDC,USDC,scheduled,2022-05-23,2022-05-28,5,1,scheduled_monthly_assurance,1,0,0,normal,0,1,0,publication_date,,1.00031002,3.1002,3.1002,5.900880000000001,-2.8006800000000007,0.72464,0.0,0.0,0.0,53559536443.0,RQI_DII_v1.0,frozen_confirmed_by_researcher,1,multi_issuer_ready_event_extension_source_verification_pending
USDC_ASSURANCE_2022_04,USDC,USDC,scheduled,2022-05-23,2022-05-29,6,1,scheduled_monthly_assurance,1,0,0,normal,0,1,0,publication_date,,1.00013216,1.3216,1.3216,7.307900000000001,-5.986300000000001,-2.700660000000001,0.0,0.0,0.0,53692764085.0,RQI_DII_v1.0,frozen_confirmed_by_researcher,1,multi_issuer_ready_event_extension_source_verification_pending
USDC_ASSURANCE_2022_04,USDC,USDC,scheduled,2022-05-23,2022-05-30,7,1,scheduled_monthly_assurance,1,0,0,normal,0,1,0,publication_date,,1.0003994,3.994,3.994,2.98288,1.01112,2.5465999999999998,0.0,0.0,0.0,53698623984.0,RQI_DII_v1.0,frozen_confirmed_by_researcher,1,multi_issuer_ready_event_extension_source_verification_pending
USDC_ASSURANCE_2022_04,USDC,USDC,scheduled,2022-05-23,2022-05-31,8,1,scheduled_monthly_assurance,1,0,0,normal,0,1,0,publication_date,,1.00035516,3.5515999999999996,3.5515999999999996,3.3778599999999996,0.17374,5.26634,0.0,0.0,0.0,53742762430.0,RQI_DII_v1.0,frozen_confirmed_by_researcher,1,multi_issuer_ready_event_extension_source_verification_pending
USDC_ASSURANCE_2022_04,USDC,USDC,scheduled,2022-05-23,2022-06-01,9,1,scheduled_monthly_assurance,1,0,0,normal,0,1,0,publication_date,,1.00035516,3.5515999999999996,3.5515999999999996,3.8998,-0.3482000000000003,1.7882799999999994,0.0,0.0,0.0,53967843682.0,RQI_DII_v1.0,frozen_confirmed_by_researcher,1,multi_issuer_ready_event_extension_source_verification_pending
USDC_ASSURANCE_2022_04,USDC,USDC,scheduled,2022-05-23,2022-06-02,10,1,scheduled_monthly_assurance,1,0,0,normal,0,1,0,publication_date,,1.00023883,2.3883,2.3883,3.55694,-1.16864,1.2313599999999998,0.0,0.0,0.0,53922770463.0,RQI_DII_v1.0,frozen_confirmed_by_researcher,1,multi_issuer_ready_event_extension_source_verification_pending
USDC_ASSURANCE_2022_04,USDC,USDC,scheduled,2022-05-23,2022-06-03,11,1,scheduled_monthly_assurance,1,0,0,normal,0,1,0,publication_date,,1.00068168,6.816800000000001,6.816800000000001,3.2391999999999994,3.5776000000000012,5.5776,0.0,0.0,0.0,54119107067.0,RQI_DII_v1.0,frozen_confirmed_by_researcher,1,multi_issuer_ready_event_extension_source_verification_pending
USDC_ASSURANCE_2022_04,USDC,USDC,scheduled,2022-05-23,2022-06-04,12,1,scheduled_monthly_assurance,1,0,0,normal,0,1,0,publication_date,,1.0002993,2.9930000000000003,2.9930000000000003,7.521879999999999,-4.528879999999998,-2.3342399999999985,0.0,0.0,0.0,54095128063.0,RQI_DII_v1.0,frozen_confirmed_by_researcher,1,multi_issuer_ready_event_extension_source_verification_pending
USDC_ASSURANCE_2022_04,USDC,USDC,scheduled,2022-05-23,2022-06-05,13,1,scheduled_monthly_assurance,1,0,0,normal,0,1,0,publication_date,,1.00021656,2.1656,2.1656,6.965300000000001,-4.799700000000001,-1.9997000000000003,0.0,0.0,0.0,54065388959.0,RQI_DII_v1.0,frozen_confirmed_by_researcher,1,multi_issuer_ready_event_extension_source_verification_pending
USDC_ASSURANCE_2022_04,USDC,USDC,scheduled,2022-05-23,2022-06-06,14,1,scheduled_monthly_assurance,1,0,0,normal,0,1,0,publication_date,,1.0003994,3.994,3.994,3.1714800000000003,0.8225199999999999,5.03884,0.0,0.0,0.0,54055865384.0,RQI_DII_v1.0,frozen_confirmed_by_researcher,1,multi_issuer_ready_event_extension_source_verification_pending
USDC_ASSURANCE_2022_06,USDC,USDC,scheduled,2022-07-28,2022-07-14,-14,1,scheduled_monthly_assurance,1,0,0,normal,0,1,0,publication_date,,0.99990002,-0.9998,0.9998,2.21122,-1.21142,-0.07978000000000018,0.0,0.0,0.0,54585468400.0,RQI_DII_v1.0,frozen_confirmed_by_researcher,1,multi_issuer_ready_event_extension_source_verification_pending
USDC_ASSURANCE_2022_06,USDC,USDC,scheduled,2022-07-28,2022-07-15,-13,1,scheduled_monthly_assurance,1,0,0,normal,0,1,0,publication_date,,1.00002079,0.2079,0.2079,2.50276,-2.29486,1.74394,0.0,0.0,0.0,54533826843.0,RQI_DII_v1.0,frozen_confirmed_by_researcher,1,multi_issuer_ready_event_extension_source_verification_pending
USDC_ASSURANCE_2022_06,USDC,USDC,scheduled,2022-07-28,2022-07-16,-12,1,scheduled_monthly_assurance,1,0,0,normal,0,1,0,publication_date,,1.00002079,0.2079,0.2079,2.79968,-2.59178,2.04086,0.0,0.0,0.0,54081737343.0,RQI_DII_v1.0,frozen_confirmed_by_researcher,1,multi_issuer_ready_event_extension_source_verification_pending
USDC_ASSURANCE_2022_06,USDC,USDC,scheduled,2022-07-28,2022-07-17,-11,1,scheduled_monthly_assurance,1,0,0,normal,0,1,0,publication_date,,1.00002781,0.2781,0.2781,0.99652,-0.71842,-0.6997800000000001,0.0,0.0,0.0,54071732189.0,RQI_DII_v1.0,frozen_confirmed_by_researcher,1,multi_issuer_ready_event_extension_source_verification_pending
USDC_ASSURANCE_2022_06,USDC,USDC,scheduled,2022-07-28,2022-07-18,-10,1,scheduled_monthly_assurance,1,0,0,normal,0,1,0,publication_date,,0.99984849,-1.5151,1.5151,0.8034800000000001,0.7116199999999998,-1.4923,0.0,0.0,0.0,54046926354.0,RQI_DII_v1.0,frozen_confirmed_by_researcher,1,multi_issuer_ready_event_extension_source_verification_pending
USDC_ASSURANCE_2022_06,USDC,USDC,scheduled,2022-07-28,2022-07-19,-9,1,scheduled_monthly_assurance,1,0,0,normal,0,1,0,publication_date,,0.99977267,-2.2733,2.2733,2.3237200000000002,-0.05042000000000035,0.05042000000000035,0.0,0.0,0.0,54068077290.0,RQI_DII_v1.0,frozen_confirmed_by_researcher,1,multi_issuer_ready_event_extension_source_verification_pending
USDC_ASSURANCE_2022_06,USDC,USDC,scheduled,2022-07-28,2022-07-20,-8,1,scheduled_monthly_assurance,1,0,0,normal,0,1,0,publication_date,,0.9999,-1.0,1.0,0.5378999999999999,0.46210000000000007,-0.49914000000000003,0.0,0.0,0.0,53978364533.0,RQI_DII_v1.0,frozen_confirmed_by_researcher,1,multi_issuer_ready_event_extension_source_verification_pending
USDC_ASSURANCE_2022_06,USDC,USDC,scheduled,2022-07-28,2022-07-21,-7,1,scheduled_monthly_assurance,1,0,0,normal,0,1,0,publication_date,,1.00024509,2.4509,2.4509,0.3202200000000001,2.13068,2.3628,0.0,0.0,0.0,54159942863.0,RQI_DII_v1.0,frozen_confirmed_by_researcher,1,multi_issuer_ready_event_extension_source_verification_pending
USDC_ASSURANCE_2022_06,USDC,USDC,scheduled,2022-07-28,2022-07-22,-6,1,scheduled_monthly_assurance,1,0,0,normal,0,1,0,publication_date,,1.00024622,2.4622,2.4622,0.29458,2.1676200000000003,2.1676200000000003,0.0,0.0,0.0,54232540607.0,RQI_DII_v1.0,frozen_confirmed_by_researcher,1,multi_issuer_ready_event_extension_source_verification_pending
USDC_ASSURANCE_2022_06,USDC,USDC,scheduled,2022-07-28,2022-07-23,-5,1,scheduled_monthly_assurance,1,0,0,normal,0,1,0,publication_date,,1.00009393,0.9393,0.9393,2.87022,-1.9309200000000002,-0.7159200000000003,0.0,0.0,0.0,54261692387.0,RQI_DII_v1.0,frozen_confirmed_by_researcher,1,multi_issuer_ready_event_extension_source_verification_pending
USDC_ASSURANCE_2022_06,USDC,USDC,scheduled,2022-07-28,2022-07-24,-4,1,scheduled_monthly_assurance,1,0,0,normal,0,1,0,publication_date,,1.00008601,0.8601,0.8601,2.6403800000000004,-1.7802800000000003,1.13836,0.0,0.0,0.0,54379972292.0,RQI_DII_v1.0,frozen_confirmed_by_researcher,1,multi_issuer_ready_event_extension_source_verification_pending
USDC_ASSURANCE_2022_06,USDC,USDC,scheduled,2022-07-28,2022-07-25,-3,1,scheduled_monthly_assurance,1,0,0,normal,0,1,0,publication_date,,1.00009137,0.9137,0.9137,0.57192,0.34178,0.34178,0.0,0.0,0.0,54369542979.0,RQI_DII_v1.0,frozen_confirmed_by_researcher,1,multi_issuer_ready_event_extension_source_verification_pending
USDC_ASSURANCE_2022_06,USDC,USDC,scheduled,2022-07-28,2022-07-26,-2,1,scheduled_monthly_assurance,1,0,0,normal,0,1,0,publication_date,,1.0,0.0,0.0,2.4600800000000005,-2.4600800000000005,2.2922000000000002,0.0,0.0,0.0,54306232859.0,RQI_DII_v1.0,frozen_confirmed_by_researcher,1,multi_issuer_ready_event_extension_source_verification_pending
USDC_ASSURANCE_2022_06,USDC,USDC,scheduled,2022-07-28,2022-07-27,-1,1,scheduled_monthly_assurance,1,0,0,normal,0,1,0,publication_date,,1.00037178,3.7178,3.7178,2.29272,1.42508,2.8077199999999998,0.0,0.0,0.0,54361164115.0,RQI_DII_v1.0,frozen_confirmed_by_researcher,1,multi_issuer_ready_event_extension_source_verification_pending
USDC_ASSURANCE_2022_06,USDC,USDC,scheduled,2022-07-28,2022-07-28,0,1,scheduled_monthly_assurance,1,0,0,normal,0,1,0,publication_date,,1.00001973,0.1973,0.1973,2.2951200000000003,-2.0978200000000005,1.5754600000000005,0.0,0.0,0.0,54343399973.0,RQI_DII_v1.0,frozen_confirmed_by_researcher,1,multi_issuer_ready_event_extension_source_verification_pending
USDC_ASSURANCE_2022_06,USDC,USDC,scheduled,2022-07-28,2022-07-29,1,1,scheduled_monthly_assurance,1,0,0,normal,0,1,0,publication_date,,1.0000481,0.481,0.481,1.0841800000000001,-0.6031800000000002,-0.6031800000000002,0.0,0.0,0.0,53893876415.0,RQI_DII_v1.0,frozen_confirmed_by_researcher,1,multi_issuer_ready_event_extension_source_verification_pending
USDC_ASSURANCE_2022_06,USDC,USDC,scheduled,2022-07-28,2022-07-30,2,1,scheduled_monthly_assurance,1,0,0,normal,0,1,0,publication_date,,1.00000638,0.0638,0.0638,1.2885,-1.2247,-0.16685999999999995,0.0,0.0,0.0,53849225567.0,RQI_DII_v1.0,frozen_confirmed_by_researcher,1,multi_issuer_ready_event_extension_source_verification_pending
USDC_ASSURANCE_2022_06,USDC,USDC,scheduled,2022-07-28,2022-07-31,3,1,scheduled_monthly_assurance,1,0,0,normal,0,1,0,publication_date,,1.0,0.0,0.0,2.6096999999999997,-2.6096999999999997,-1.8599799999999997,0.0,0.0,0.0,53683064902.0,RQI_DII_v1.0,frozen_confirmed_by_researcher,1,multi_issuer_ready_event_extension_source_verification_pending
USDC_ASSURANCE_2022_06,USDC,USDC,scheduled,2022-07-28,2022-08-01,4,1,scheduled_monthly_assurance,1,0,0,normal,0,1,0,publication_date,,1.00002092,0.2092,0.2092,6.968439999999999,-6.759239999999999,-6.34904,0.0,0.0,0.0,53726203763.0,RQI_DII_v1.0,frozen_confirmed_by_researcher,1,multi_issuer_ready_event_extension_source_verification_pending
USDC_ASSURANCE_2022_06,USDC,USDC,scheduled,2022-07-28,2022-08-02,5,1,scheduled_monthly_assurance,1,0,0,normal,0,1,0,publication_date,,0.99989049,-1.0951,1.0951,1.7425599999999999,-0.6474599999999999,-2.4153000000000002,0.0,0.0,0.0,53796587760.0,RQI_DII_v1.0,frozen_confirmed_by_researcher,1,multi_issuer_ready_event_extension_source_verification_pending
USDC_ASSURANCE_2022_06,USDC,USDC,scheduled,2022-07-28,2022-08-03,6,1,scheduled_monthly_assurance,1,0,0,normal,0,1,0,publication_date,,1.00008715,0.8715,0.8715,2.5348200000000003,-1.6633200000000001,-0.55212,0.0,0.0,0.0,53630543730.0,RQI_DII_v1.0,frozen_confirmed_by_researcher,1,multi_issuer_ready_event_extension_source_verification_pending
USDC_ASSURANCE_2022_06,USDC,USDC,scheduled,2022-07-28,2022-08-04,7,1,scheduled_monthly_assurance,1,0,0,normal,0,1,0,publication_date,,1.00061002,6.1002,6.1002,3.8227399999999996,2.2774600000000005,2.2774600000000005,0.0,0.0,0.0,53657548335.0,RQI_DII_v1.0,frozen_confirmed_by_researcher,1,multi_issuer_ready_event_extension_source_verification_pending
USDC_ASSURANCE_2022_06,USDC,USDC,scheduled,2022-07-28,2022-08-05,8,1,scheduled_monthly_assurance,1,0,0,normal,0,1,0,publication_date,,1.0000294,0.294,0.294,3.4180599999999997,-3.1240599999999996,-2.94514,0.0,0.0,0.0,53470947839.0,RQI_DII_v1.0,frozen_confirmed_by_researcher,1,multi_issuer_ready_event_extension_source_verification_pending
USDC_ASSURANCE_2022_06,USDC,USDC,scheduled,2022-07-28,2022-08-06,9,1,scheduled_monthly_assurance,1,0,0,normal,0,1,0,publication_date,,1.00001572,0.15719999999999998,0.15719999999999998,1.36738,-1.21018,-1.21018,0.0,0.0,0.0,53612347783.0,RQI_DII_v1.0,frozen_confirmed_by_researcher,1,multi_issuer_ready_event_extension_source_verification_pending
USDC_ASSURANCE_2022_06,USDC,USDC,scheduled,2022-07-28,2022-08-07,10,1,scheduled_monthly_assurance,1,0,0,normal,0,1,0,publication_date,,1.00001572,0.15719999999999998,0.15719999999999998,0.7842999999999999,-0.6270999999999999,-0.6270999999999999,0.0,0.0,0.0,53594283947.0,RQI_DII_v1.0,frozen_confirmed_by_researcher,1,multi_issuer_ready_event_extension_source_verification_pending
USDC_ASSURANCE_2022_06,USDC,USDC,scheduled,2022-07-28,2022-08-08,11,1,scheduled_monthly_assurance,1,0,0,normal,0,1,0,publication_date,,1.00004386,0.4386,0.4386,3.40644,-2.96784,-2.32268,0.0,0.0,0.0,53580519535.0,RQI_DII_v1.0,frozen_confirmed_by_researcher,1,multi_issuer_ready_event_extension_source_verification_pending
USDC_ASSURANCE_2022_06,USDC,USDC,scheduled,2022-07-28,2022-08-09,12,1,scheduled_monthly_assurance,1,0,0,normal,0,1,0,publication_date,,0.99994135,-0.5865,0.5865,2.28354,-1.6970399999999999,-1.83888,0.0,0.0,0.0,53423734422.0,RQI_DII_v1.0,frozen_confirmed_by_researcher,1,multi_issuer_ready_event_extension_source_verification_pending
USDC_ASSURANCE_2022_06,USDC,USDC,scheduled,2022-07-28,2022-08-10,13,1,scheduled_monthly_assurance,1,0,0,normal,0,1,0,publication_date,,0.99995,-0.5,0.5,1.4041799999999998,-0.9041799999999998,-1.50418,0.0,0.0,0.0,53334593618.0,RQI_DII_v1.0,frozen_confirmed_by_researcher,1,multi_issuer_ready_event_extension_source_verification_pending
USDC_ASSURANCE_2022_06,USDC,USDC,scheduled,2022-07-28,2022-08-11,14,1,scheduled_monthly_assurance,1,0,0,normal,0,1,0,publication_date,,0.9999,-1.0,1.0,1.08728,-0.08728000000000002,-0.9728,0.0,0.0,0.0,53193844589.0,RQI_DII_v1.0,frozen_confirmed_by_researcher,1,multi_issuer_ready_event_extension_source_verification_pending
USDC_ASSURANCE_2022_07,USDC,USDC,scheduled,2022-08-24,2022-08-10,-14,1,scheduled_monthly_assurance,0,0,0,normal,0,1,0,publication_date,,0.99995,-0.5,0.5,1.4041799999999998,-0.9041799999999998,-1.50418,0.0,0.0,0.0,53334593618.0,RQI_DII_v1.0,frozen_confirmed_by_researcher,1,multi_issuer_ready_event_extension_source_verification_pending
USDC_ASSURANCE_2022_07,USDC,USDC,scheduled,2022-08-24,2022-08-11,-13,1,scheduled_monthly_assurance,0,0,0,normal,0,1,0,publication_date,,0.9999,-1.0,1.0,1.08728,-0.08728000000000002,-0.9728,0.0,0.0,0.0,53193844589.0,RQI_DII_v1.0,frozen_confirmed_by_researcher,1,multi_issuer_ready_event_extension_source_verification_pending
USDC_ASSURANCE_2022_07,USDC,USDC,scheduled,2022-08-24,2022-08-12,-12,1,scheduled_monthly_assurance,0,0,0,normal,0,1,0,publication_date,,0.99996961,-0.3039,0.3039,1.1995600000000002,-0.8956600000000001,-0.6813,0.0,0.0,0.0,53056231396.0,RQI_DII_v1.0,frozen_confirmed_by_researcher,1,multi_issuer_ready_event_extension_source_verification_pending
USDC_ASSURANCE_2022_07,USDC,USDC,scheduled,2022-08-24,2022-08-13,-11,1,scheduled_monthly_assurance,0,0,0,normal,0,1,0,publication_date,,1.00000017,0.0017,0.0017,5.138019999999999,-5.1363199999999996,-5.1226,0.0,0.0,0.0,53081962792.0,RQI_DII_v1.0,frozen_confirmed_by_researcher,1,multi_issuer_ready_event_extension_source_verification_pending
USDC_ASSURANCE_2022_07,USDC,USDC,scheduled,2022-08-24,2022-08-14,-10,1,scheduled_monthly_assurance,0,0,0,normal,0,1,0,publication_date,,1.0,0.0,0.0,1.1741199999999998,-1.1741199999999998,-1.1741199999999998,0.0,0.0,0.0,53075487832.0,RQI_DII_v1.0,frozen_confirmed_by_researcher,1,multi_issuer_ready_event_extension_source_verification_pending
USDC_ASSURANCE_2022_07,USDC,USDC,scheduled,2022-08-24,2022-08-15,-9,1,scheduled_monthly_assurance,0,0,0,normal,0,1,0,publication_date,,0.99985387,-1.4613,1.4613,1.7151600000000002,-0.2538600000000002,-2.82142,0.0,0.0,0.0,52861237416.0,RQI_DII_v1.0,frozen_confirmed_by_researcher,1,multi_issuer_ready_event_extension_source_verification_pending
USDC_ASSURANCE_2022_07,USDC,USDC,scheduled,2022-08-24,2022-08-16,-8,1,scheduled_monthly_assurance,0,0,0,normal,0,1,0,publication_date,,0.99989424,-1.0576,1.0576,4.95006,-3.89246,-5.7115,0.0,0.0,0.0,52793329990.0,RQI_DII_v1.0,frozen_confirmed_by_researcher,1,multi_issuer_ready_event_extension_source_verification_pending
USDC_ASSURANCE_2022_07,USDC,USDC,scheduled,2022-08-24,2022-08-17,-7,1,scheduled_monthly_assurance,0,0,0,normal,0,1,0,publication_date,,1.00017933,1.7933000000000001,1.7933000000000001,1.1712,0.6221000000000001,0.8892200000000002,0.0,0.0,0.0,52743252421.0,RQI_DII_v1.0,frozen_confirmed_by_researcher,1,multi_issuer_ready_event_extension_source_verification_pending
USDC_ASSURANCE_2022_07,USDC,USDC,scheduled,2022-08-24,2022-08-18,-6,1,scheduled_monthly_assurance,0,0,0,normal,0,1,0,publication_date,,1.00007204,0.7203999999999999,0.7203999999999999,1.2702200000000001,-0.5498200000000002,-0.5498200000000002,0.0,0.0,0.0,52487563655.0,RQI_DII_v1.0,frozen_confirmed_by_researcher,1,multi_issuer_ready_event_extension_source_verification_pending
USDC_ASSURANCE_2022_07,USDC,USDC,scheduled,2022-08-24,2022-08-19,-5,1,scheduled_monthly_assurance,0,0,0,normal,0,1,0,publication_date,,1.0,0.0,0.0,4.72538,-4.72538,2.97986,0.0,0.0,0.0,52098471350.0,RQI_DII_v1.0,frozen_confirmed_by_researcher,1,multi_issuer_ready_event_extension_source_verification_pending
USDC_ASSURANCE_2022_07,USDC,USDC,scheduled,2022-08-24,2022-08-20,-4,1,scheduled_monthly_assurance,0,0,0,normal,0,1,0,publication_date,,1.00002388,0.23879999999999998,0.23879999999999998,1.36484,-1.1260400000000002,-1.1260400000000002,0.0,0.0,0.0,51721099886.0,RQI_DII_v1.0,frozen_confirmed_by_researcher,1,multi_issuer_ready_event_extension_source_verification_pending
USDC_ASSURANCE_2022_07,USDC,USDC,scheduled,2022-08-24,2022-08-21,-3,1,scheduled_monthly_assurance,0,0,0,normal,0,1,0,publication_date,,1.00000554,0.055400000000000005,0.055400000000000005,6.89418,-6.838780000000001,2.66882,0.0,0.0,0.0,51684365670.0,RQI_DII_v1.0,frozen_confirmed_by_researcher,1,multi_issuer_ready_event_extension_source_verification_pending
USDC_ASSURANCE_2022_07,USDC,USDC,scheduled,2022-08-24,2022-08-22,-2,1,scheduled_monthly_assurance,0,0,0,normal,0,1,0,publication_date,,0.99990785,-0.9215,0.9215,0.68704,0.23446,-1.60854,0.0,0.0,0.0,51817968938.0,RQI_DII_v1.0,frozen_confirmed_by_researcher,1,multi_issuer_ready_event_extension_source_verification_pending
USDC_ASSURANCE_2022_07,USDC,USDC,scheduled,2022-08-24,2022-08-23,-1,1,scheduled_monthly_assurance,0,0,0,normal,0,1,0,publication_date,,1.00005754,0.5754,0.5754,1.5499800000000001,-0.9745800000000001,-0.6444199999999999,0.0,0.0,0.0,51512580932.0,RQI_DII_v1.0,frozen_confirmed_by_researcher,1,multi_issuer_ready_event_extension_source_verification_pending
USDC_ASSURANCE_2022_07,USDC,USDC,scheduled,2022-08-24,2022-08-24,0,1,scheduled_monthly_assurance,0,0,0,normal,0,1,0,publication_date,,1.0,0.0,0.0,1.716,-1.716,-1.15076,0.0,0.0,0.0,51614075738.0,RQI_DII_v1.0,frozen_confirmed_by_researcher,1,multi_issuer_ready_event_extension_source_verification_pending
USDC_ASSURANCE_2022_07,USDC,USDC,scheduled,2022-08-24,2022-08-25,1,1,scheduled_monthly_assurance,0,0,0,normal,0,1,0,publication_date,,1.0001297,1.2970000000000002,1.2970000000000002,1.49274,-0.1957399999999998,0.03998000000000013,0.0,0.0,0.0,51506864112.0,RQI_DII_v1.0,frozen_confirmed_by_researcher,1,multi_issuer_ready_event_extension_source_verification_pending
USDC_ASSURANCE_2022_07,USDC,USDC,scheduled,2022-08-24,2022-08-26,2,1,scheduled_monthly_assurance,0,0,0,normal,0,1,0,publication_date,,0.99998353,-0.16469999999999999,0.16469999999999999,1.3277800000000002,-1.1630800000000001,-0.9061199999999999,0.0,0.0,0.0,51372944698.0,RQI_DII_v1.0,frozen_confirmed_by_researcher,1,multi_issuer_ready_event_extension_source_verification_pending
USDC_ASSURANCE_2022_07,USDC,USDC,scheduled,2022-08-24,2022-08-27,3,1,scheduled_monthly_assurance,0,0,0,normal,0,1,0,publication_date,,0.99995875,-0.4125,0.4125,0.72756,-0.31506,-0.01606000000000002,0.0,0.0,0.0,51481855274.0,RQI_DII_v1.0,frozen_confirmed_by_researcher,1,multi_issuer_ready_event_extension_source_verification_pending
USDC_ASSURANCE_2022_07,USDC,USDC,scheduled,2022-08-24,2022-08-28,4,1,scheduled_monthly_assurance,0,0,0,normal,0,1,0,publication_date,,1.00009199,0.9199,0.9199,4.602200000000001,-3.6823000000000006,-3.6823000000000006,0.0,0.0,0.0,51528353075.0,RQI_DII_v1.0,frozen_confirmed_by_researcher,1,multi_issuer_ready_event_extension_source_verification_pending
USDC_ASSURANCE_2022_07,USDC,USDC,scheduled,2022-08-24,2022-08-29,5,1,scheduled_monthly_assurance,0,0,0,normal,0,1,0,publication_date,,1.00002417,0.2417,0.2417,4.475720000000001,-4.234020000000001,-4.234020000000001,0.0,0.0,0.0,51480614266.0,RQI_DII_v1.0,frozen_confirmed_by_researcher,1,multi_issuer_ready_event_extension_source_verification_pending
USDC_ASSURANCE_2022_07,USDC,USDC,scheduled,2022-08-24,2022-08-30,6,1,scheduled_monthly_assurance,0,0,0,normal,0,1,0,publication_date,,0.99999196,-0.0804,0.0804,0.49319999999999997,-0.41279999999999994,-0.26988,0.0,0.0,0.0,51564529081.0,RQI_DII_v1.0,frozen_confirmed_by_researcher,1,multi_issuer_ready_event_extension_source_verification_pending
USDC_ASSURANCE_2022_07,USDC,USDC,scheduled,2022-08-24,2022-08-31,7,1,scheduled_monthly_assurance,0,0,0,normal,0,1,0,publication_date,,1.00004778,0.4778,0.4778,1.67284,-1.19504,-1.19504,0.0,0.0,0.0,51672532094.0,RQI_DII_v1.0,frozen_confirmed_by_researcher,1,multi_issuer_ready_event_extension_source_verification_pending
USDC_ASSURANCE_2022_07,USDC,USDC,scheduled,2022-08-24,2022-09-01,8,1,scheduled_monthly_assurance,0,0,0,normal,0,1,0,publication_date,,1.00000343,0.034300000000000004,0.034300000000000004,1.09482,-1.06052,-0.004240000000000015,0.0,0.0,0.0,51584353051.0,RQI_DII_v1.0,frozen_confirmed_by_researcher,1,multi_issuer_ready_event_extension_source_verification_pending
USDC_ASSURANCE_2022_07,USDC,USDC,scheduled,2022-08-24,2022-09-02,9,1,scheduled_monthly_assurance,0,0,0,normal,0,1,0,publication_date,,1.0,0.0,0.0,1.43312,-1.43312,0.4605200000000001,0.0,0.0,0.0,51342180296.0,RQI_DII_v1.0,frozen_confirmed_by_researcher,1,multi_issuer_ready_event_extension_source_verification_pending
USDC_ASSURANCE_2022_07,USDC,USDC,scheduled,2022-08-24,2022-09-03,10,1,scheduled_monthly_assurance,0,0,0,normal,0,1,0,publication_date,,1.0,0.0,0.0,1.75996,-1.75996,1.7260000000000002,0.0,0.0,0.0,51189283476.0,RQI_DII_v1.0,frozen_confirmed_by_researcher,1,multi_issuer_ready_event_extension_source_verification_pending
USDC_ASSURANCE_2022_07,USDC,USDC,scheduled,2022-08-24,2022-09-04,11,1,scheduled_monthly_assurance,0,0,0,normal,0,1,0,publication_date,,1.0,0.0,0.0,2.53246,-2.53246,2.2960199999999995,0.0,0.0,0.0,51210045002.0,RQI_DII_v1.0,frozen_confirmed_by_researcher,1,multi_issuer_ready_event_extension_source_verification_pending
USDC_ASSURANCE_2022_07,USDC,USDC,scheduled,2022-08-24,2022-09-05,12,1,scheduled_monthly_assurance,0,0,0,normal,0,1,0,publication_date,,1.0003673,3.673,3.673,0.7681800000000001,2.90482,3.4542200000000003,0.0,0.0,0.0,51239014869.0,RQI_DII_v1.0,frozen_confirmed_by_researcher,1,multi_issuer_ready_event_extension_source_verification_pending
USDC_ASSURANCE_2022_07,USDC,USDC,scheduled,2022-08-24,2022-09-06,13,1,scheduled_monthly_assurance,0,0,0,normal,0,1,0,publication_date,,0.99991202,-0.8797999999999999,0.8797999999999999,0.71756,0.16223999999999994,-1.4401199999999998,0.0,0.0,0.0,51217879059.0,RQI_DII_v1.0,frozen_confirmed_by_researcher,1,multi_issuer_ready_event_extension_source_verification_pending
USDC_ASSURANCE_2022_07,USDC,USDC,scheduled,2022-08-24,2022-09-07,14,1,scheduled_monthly_assurance,0,0,0,normal,0,1,0,publication_date,,0.99997297,-0.2703,0.2703,0.5534000000000001,-0.28310000000000013,-0.66386,0.0,0.0,0.0,50943439185.0,RQI_DII_v1.0,frozen_confirmed_by_researcher,1,multi_issuer_ready_event_extension_source_verification_pending
USDC_ASSURANCE_2022_08,USDC,USDC,scheduled,2022-09-23,2022-09-09,-14,1,scheduled_monthly_assurance,0,0,0,normal,0,0,0,publication_date,,1.0,0.0,0.0,1.5135,-1.5135,1.0073000000000003,0.0,0.0,0.0,51033530314.0,RQI_DII_v1.0,frozen_confirmed_by_researcher,1,multi_issuer_ready_event_extension_source_verification_pending
USDC_ASSURANCE_2022_08,USDC,USDC,scheduled,2022-09-23,2022-09-10,-13,1,scheduled_monthly_assurance,0,0,0,normal,0,0,0,publication_date,,1.00004919,0.4919,0.4919,4.68842,-4.19652,4.275240000000001,0.0,0.0,0.0,51086417749.0,RQI_DII_v1.0,frozen_confirmed_by_researcher,1,multi_issuer_ready_event_extension_source_verification_pending
USDC_ASSURANCE_2022_08,USDC,USDC,scheduled,2022-09-23,2022-09-11,-12,1,scheduled_monthly_assurance,0,0,0,normal,0,0,0,publication_date,,0.99998093,-0.19069999999999998,0.19069999999999998,1.9021800000000002,-1.7114800000000003,-0.3402800000000001,0.0,0.0,0.0,51055513171.0,RQI_DII_v1.0,frozen_confirmed_by_researcher,1,multi_issuer_ready_event_extension_source_verification_pending
USDC_ASSURANCE_2022_08,USDC,USDC,scheduled,2022-09-23,2022-09-12,-11,1,scheduled_monthly_assurance,0,0,0,normal,0,0,0,publication_date,,1.00000713,0.0713,0.0713,4.996079999999999,-4.924779999999999,3.8523799999999992,0.0,0.0,0.0,50971883741.0,RQI_DII_v1.0,frozen_confirmed_by_researcher,1,multi_issuer_ready_event_extension_source_verification_pending
USDC_ASSURANCE_2022_08,USDC,USDC,scheduled,2022-09-23,2022-09-13,-10,1,scheduled_monthly_assurance,0,0,0,normal,0,0,0,publication_date,,0.999908,-0.92,0.92,1.7607199999999998,-0.8407199999999998,0.5955199999999999,0.0,0.0,0.0,50844432290.0,RQI_DII_v1.0,frozen_confirmed_by_researcher,1,multi_issuer_ready_event_extension_source_verification_pending
USDC_ASSURANCE_2022_08,USDC,USDC,scheduled,2022-09-23,2022-09-14,-9,1,scheduled_monthly_assurance,0,0,0,normal,0,0,0,publication_date,,0.99995318,-0.4682,0.4682,1.0686,-0.6004,-0.79156,0.0,0.0,0.0,50716195432.0,RQI_DII_v1.0,frozen_confirmed_by_researcher,1,multi_issuer_ready_event_extension_source_verification_pending
USDC_ASSURANCE_2022_08,USDC,USDC,scheduled,2022-09-23,2022-09-15,-8,1,scheduled_monthly_assurance,0,0,0,normal,0,0,0,publication_date,,1.0,0.0,0.0,0.1665,-0.1665,-0.10981999999999999,0.0,0.0,0.0,50119467114.0,RQI_DII_v1.0,frozen_confirmed_by_researcher,1,multi_issuer_ready_event_extension_source_verification_pending
USDC_ASSURANCE_2022_08,USDC,USDC,scheduled,2022-09-23,2022-09-16,-7,1,scheduled_monthly_assurance,0,0,0,normal,0,0,0,publication_date,,1.00001435,0.1435,0.1435,0.8901599999999998,-0.7466599999999999,-0.7466599999999999,0.0,0.0,0.0,49704486910.0,RQI_DII_v1.0,frozen_confirmed_by_researcher,1,multi_issuer_ready_event_extension_source_verification_pending
USDC_ASSURANCE_2022_08,USDC,USDC,scheduled,2022-09-23,2022-09-17,-6,1,scheduled_monthly_assurance,0,0,0,normal,0,0,0,publication_date,,1.00003707,0.37070000000000003,0.37070000000000003,3.9768,-3.6060999999999996,-3.6060999999999996,0.0,0.0,0.0,49561913353.0,RQI_DII_v1.0,frozen_confirmed_by_researcher,1,multi_issuer_ready_event_extension_source_verification_pending
USDC_ASSURANCE_2022_08,USDC,USDC,scheduled,2022-09-23,2022-09-18,-5,1,scheduled_monthly_assurance,0,0,0,normal,0,0,0,publication_date,,1.00008611,0.8611,0.8611,0.909,-0.047900000000000054,1.53286,0.0,0.0,0.0,49550927651.0,RQI_DII_v1.0,frozen_confirmed_by_researcher,1,multi_issuer_ready_event_extension_source_verification_pending
USDC_ASSURANCE_2022_08,USDC,USDC,scheduled,2022-09-23,2022-09-19,-4,1,scheduled_monthly_assurance,0,0,0,normal,0,0,0,publication_date,,1.00003707,0.37070000000000003,0.37070000000000003,0.57682,-0.20611999999999997,-0.20611999999999997,0.0,0.0,0.0,49534763948.0,RQI_DII_v1.0,frozen_confirmed_by_researcher,1,multi_issuer_ready_event_extension_source_verification_pending
USDC_ASSURANCE_2022_08,USDC,USDC,scheduled,2022-09-23,2022-09-20,-3,1,scheduled_monthly_assurance,0,0,0,normal,0,0,0,publication_date,,0.99998943,-0.1057,0.1057,0.63242,-0.52672,-0.11667999999999998,0.0,0.0,0.0,49376522237.0,RQI_DII_v1.0,frozen_confirmed_by_researcher,1,multi_issuer_ready_event_extension_source_verification_pending
USDC_ASSURANCE_2022_08,USDC,USDC,scheduled,2022-09-23,2022-09-21,-2,1,scheduled_monthly_assurance,0,0,0,normal,0,0,0,publication_date,,0.99994922,-0.5078,0.5078,0.5495,-0.04169999999999996,-0.82942,0.0,0.0,0.0,49541752937.0,RQI_DII_v1.0,frozen_confirmed_by_researcher,1,multi_issuer_ready_event_extension_source_verification_pending
USDC_ASSURANCE_2022_08,USDC,USDC,scheduled,2022-09-23,2022-09-22,-1,1,scheduled_monthly_assurance,0,0,0,normal,0,0,0,publication_date,,1.00009493,0.9493,0.9493,1.29358,-0.3442799999999999,0.7315600000000001,0.0,0.0,0.0,49344614702.0,RQI_DII_v1.0,frozen_confirmed_by_researcher,1,multi_issuer_ready_event_extension_source_verification_pending
USDC_ASSURANCE_2022_08,USDC,USDC,scheduled,2022-09-23,2022-09-23,0,1,scheduled_monthly_assurance,0,0,0,normal,0,0,0,publication_date,,1.00007509,0.7509,0.7509,0.7240200000000001,0.026879999999999904,0.19499999999999995,0.0,0.0,0.0,49266820426.0,RQI_DII_v1.0,frozen_confirmed_by_researcher,1,multi_issuer_ready_event_extension_source_verification_pending
USDC_ASSURANCE_2022_08,USDC,USDC,scheduled,2022-09-23,2022-09-24,1,1,scheduled_monthly_assurance,0,0,0,normal,0,0,0,publication_date,,1.00003386,0.33859999999999996,0.33859999999999996,1.14968,-0.81108,-0.7838400000000003,0.0,0.0,0.0,49109241972.0,RQI_DII_v1.0,frozen_confirmed_by_researcher,1,multi_issuer_ready_event_extension_source_verification_pending
USDC_ASSURANCE_2022_08,USDC,USDC,scheduled,2022-09-23,2022-09-25,2,1,scheduled_monthly_assurance,0,0,0,normal,0,0,0,publication_date,,0.99996398,-0.36019999999999996,0.36019999999999996,0.69798,-0.3377800000000001,0.30786,0.0,0.0,0.0,49085687134.0,RQI_DII_v1.0,frozen_confirmed_by_researcher,1,multi_issuer_ready_event_extension_source_verification_pending
USDC_ASSURANCE_2022_08,USDC,USDC,scheduled,2022-09-23,2022-09-26,3,1,scheduled_monthly_assurance,0,0,0,normal,0,0,0,publication_date,,0.99998541,-0.1459,0.1459,0.6323799999999999,-0.4864799999999999,-0.63324,0.0,0.0,0.0,48842795109.0,RQI_DII_v1.0,frozen_confirmed_by_researcher,1,multi_issuer_ready_event_extension_source_verification_pending
USDC_ASSURANCE_2022_08,USDC,USDC,scheduled,2022-09-23,2022-09-27,4,1,scheduled_monthly_assurance,0,0,0,normal,0,0,0,publication_date,,1.00025963,2.5963000000000003,2.5963000000000003,0.92804,1.6682600000000003,1.6682600000000003,0.0,0.0,0.0,48660646745.0,RQI_DII_v1.0,frozen_confirmed_by_researcher,1,multi_issuer_ready_event_extension_source_verification_pending
USDC_ASSURANCE_2022_08,USDC,USDC,scheduled,2022-09-23,2022-09-28,5,1,scheduled_monthly_assurance,0,0,0,normal,0,0,0,publication_date,,1.00003953,0.39530000000000004,0.39530000000000004,0.5512199999999999,-0.1559199999999999,0.5547599999999999,0.0,0.0,0.0,48554336367.0,RQI_DII_v1.0,frozen_confirmed_by_researcher,1,multi_issuer_ready_event_extension_source_verification_pending
USDC_ASSURANCE_2022_08,USDC,USDC,scheduled,2022-09-23,2022-09-29,6,1,scheduled_monthly_assurance,0,0,0,normal,0,0,0,publication_date,,1.00009021,0.9021,0.9021,2.98308,-2.0809800000000003,-0.18146000000000007,0.0,0.0,0.0,48241404250.0,RQI_DII_v1.0,frozen_confirmed_by_researcher,1,multi_issuer_ready_event_extension_source_verification_pending
USDC_ASSURANCE_2022_08,USDC,USDC,scheduled,2022-09-23,2022-09-30,7,1,scheduled_monthly_assurance,0,0,0,normal,0,0,0,publication_date,,1.00009009,0.9009,0.9009,0.51088,0.39002000000000003,0.39002000000000003,0.0,0.0,0.0,47934839888.0,RQI_DII_v1.0,frozen_confirmed_by_researcher,1,multi_issuer_ready_event_extension_source_verification_pending
USDC_ASSURANCE_2022_08,USDC,USDC,scheduled,2022-09-23,2022-10-01,8,1,scheduled_monthly_assurance,0,0,0,normal,0,0,0,publication_date,,0.99999405,-0.0595,0.0595,5.030939999999999,-4.971439999999999,-3.39064,0.0,0.0,0.0,46655043771.0,RQI_DII_v1.0,frozen_confirmed_by_researcher,1,multi_issuer_ready_event_extension_source_verification_pending
USDC_ASSURANCE_2022_08,USDC,USDC,scheduled,2022-09-23,2022-10-02,9,1,scheduled_monthly_assurance,0,0,0,normal,0,0,0,publication_date,,1.0,0.0,0.0,4.29864,-4.29864,-4.29864,0.0,0.0,0.0,46649171223.0,RQI_DII_v1.0,frozen_confirmed_by_researcher,1,multi_issuer_ready_event_extension_source_verification_pending
USDC_ASSURANCE_2022_08,USDC,USDC,scheduled,2022-09-23,2022-10-03,10,1,scheduled_monthly_assurance,0,0,0,normal,0,0,0,publication_date,,1.00004024,0.40240000000000004,0.40240000000000004,0.67174,-0.26933999999999997,0.9766600000000001,0.0,0.0,0.0,46713868622.0,RQI_DII_v1.0,frozen_confirmed_by_researcher,1,multi_issuer_ready_event_extension_source_verification_pending
USDC_ASSURANCE_2022_08,USDC,USDC,scheduled,2022-09-23,2022-10-04,11,1,scheduled_monthly_assurance,0,0,0,normal,0,0,0,publication_date,,1.00002173,0.2173,0.2173,3.5825999999999993,-3.3652999999999995,3.2120999999999995,0.0,0.0,0.0,46545057042.0,RQI_DII_v1.0,frozen_confirmed_by_researcher,1,multi_issuer_ready_event_extension_source_verification_pending
USDC_ASSURANCE_2022_08,USDC,USDC,scheduled,2022-09-23,2022-10-05,12,1,scheduled_monthly_assurance,0,0,0,normal,0,0,0,publication_date,,0.99991649,-0.8351000000000001,0.8351000000000001,4.56908,-3.7339799999999994,-3.4726200000000005,0.0,0.0,0.0,46042220579.0,RQI_DII_v1.0,frozen_confirmed_by_researcher,1,multi_issuer_ready_event_extension_source_verification_pending
USDC_ASSURANCE_2022_08,USDC,USDC,scheduled,2022-09-23,2022-10-06,13,1,scheduled_monthly_assurance,0,0,0,normal,0,0,0,publication_date,,0.99996904,-0.30960000000000004,0.30960000000000004,5.0581,-4.7485,0.08701999999999993,0.0,0.0,0.0,45772124700.0,RQI_DII_v1.0,frozen_confirmed_by_researcher,1,multi_issuer_ready_event_extension_source_verification_pending
USDC_ASSURANCE_2022_08,USDC,USDC,scheduled,2022-09-23,2022-10-07,14,1,scheduled_monthly_assurance,0,0,0,normal,0,0,0,publication_date,,1.0,0.0,0.0,1.94956,-1.94956,1.4449999999999998,0.0,0.0,0.0,45574752171.0,RQI_DII_v1.0,frozen_confirmed_by_researcher,1,multi_issuer_ready_event_extension_source_verification_pending
USDC_ASSURANCE_2022_09,USDC,USDC,scheduled,2022-10-25,2022-10-11,-14,1,scheduled_monthly_assurance,0,0,0,normal,0,1,0,publication_date,,1.00003506,0.3506,0.3506,2.2993,-1.9487,1.2353,0.0,0.0,0.0,45351914609.0,RQI_DII_v1.0,frozen_confirmed_by_researcher,1,multi_issuer_ready_event_extension_source_verification_pending
USDC_ASSURANCE_2022_09,USDC,USDC,scheduled,2022-10-25,2022-10-12,-13,1,scheduled_monthly_assurance,0,0,0,normal,0,1,0,publication_date,,0.99995579,-0.4421,0.4421,0.8903399999999999,-0.4482399999999999,-0.7946,0.0,0.0,0.0,45290536253.0,RQI_DII_v1.0,frozen_confirmed_by_researcher,1,multi_issuer_ready_event_extension_source_verification_pending
USDC_ASSURANCE_2022_09,USDC,USDC,scheduled,2022-10-25,2022-10-13,-12,1,scheduled_monthly_assurance,0,0,0,normal,0,1,0,publication_date,,1.0,0.0,0.0,1.7392400000000001,-1.7392400000000001,1.7392400000000001,0.0,0.0,0.0,45126428771.0,RQI_DII_v1.0,frozen_confirmed_by_researcher,1,multi_issuer_ready_event_extension_source_verification_pending
USDC_ASSURANCE_2022_09,USDC,USDC,scheduled,2022-10-25,2022-10-14,-11,1,scheduled_monthly_assurance,0,0,0,normal,0,1,0,publication_date,,1.0,0.0,0.0,1.1545,-1.1545,-0.4116200000000001,0.0,0.0,0.0,44745808946.0,RQI_DII_v1.0,frozen_confirmed_by_researcher,1,multi_issuer_ready_event_extension_source_verification_pending
USDC_ASSURANCE_2022_09,USDC,USDC,scheduled,2022-10-25,2022-10-15,-10,1,scheduled_monthly_assurance,0,0,0,normal,0,1,0,publication_date,,0.99992851,-0.7149,0.7149,2.27672,-1.56182,-0.7573799999999999,0.0,0.0,0.0,44384981368.0,RQI_DII_v1.0,frozen_confirmed_by_researcher,1,multi_issuer_ready_event_extension_source_verification_pending
USDC_ASSURANCE_2022_09,USDC,USDC,scheduled,2022-10-25,2022-10-16,-9,1,scheduled_monthly_assurance,0,0,0,normal,0,1,0,publication_date,,0.99997402,-0.2598,0.2598,3.7005600000000003,-3.4407600000000005,2.1632399999999996,0.0,0.0,0.0,44373399038.0,RQI_DII_v1.0,frozen_confirmed_by_researcher,1,multi_issuer_ready_event_extension_source_verification_pending
USDC_ASSURANCE_2022_09,USDC,USDC,scheduled,2022-10-25,2022-10-17,-8,1,scheduled_monthly_assurance,0,0,0,normal,0,1,0,publication_date,,0.9999962,-0.038,0.038,2.27104,-2.2330400000000004,1.96108,0.0,0.0,0.0,44370405718.0,RQI_DII_v1.0,frozen_confirmed_by_researcher,1,multi_issuer_ready_event_extension_source_verification_pending
USDC_ASSURANCE_2022_09,USDC,USDC,scheduled,2022-10-25,2022-10-18,-7,1,scheduled_monthly_assurance,0,0,0,normal,0,1,0,publication_date,,1.00003868,0.38680000000000003,0.38680000000000003,1.0395999999999999,-0.6527999999999998,1.34452,0.0,0.0,0.0,44144525925.0,RQI_DII_v1.0,frozen_confirmed_by_researcher,1,multi_issuer_ready_event_extension_source_verification_pending
USDC_ASSURANCE_2022_09,USDC,USDC,scheduled,2022-10-25,2022-10-19,-6,1,scheduled_monthly_assurance,0,0,0,normal,0,1,0,publication_date,,0.99999203,-0.0797,0.0797,2.31018,-2.23048,1.9961599999999997,0.0,0.0,0.0,43921183769.0,RQI_DII_v1.0,frozen_confirmed_by_researcher,1,multi_issuer_ready_event_extension_source_verification_pending
USDC_ASSURANCE_2022_09,USDC,USDC,scheduled,2022-10-25,2022-10-20,-5,1,scheduled_monthly_assurance,0,0,0,normal,0,1,0,publication_date,,1.00004422,0.4422,0.4422,3.5148399999999995,-3.0726399999999994,3.49908,0.0,0.0,0.0,43719507163.0,RQI_DII_v1.0,frozen_confirmed_by_researcher,1,multi_issuer_ready_event_extension_source_verification_pending
USDC_ASSURANCE_2022_09,USDC,USDC,scheduled,2022-10-25,2022-10-21,-4,1,scheduled_monthly_assurance,0,0,0,normal,0,1,0,publication_date,,1.0000042,0.041999999999999996,0.041999999999999996,4.573919999999999,-4.5319199999999995,3.280639999999999,0.0,0.0,0.0,43288164649.0,RQI_DII_v1.0,frozen_confirmed_by_researcher,1,multi_issuer_ready_event_extension_source_verification_pending
USDC_ASSURANCE_2022_09,USDC,USDC,scheduled,2022-10-25,2022-10-22,-3,1,scheduled_monthly_assurance,0,0,0,normal,0,1,0,publication_date,,1.00016963,1.6963,1.6963,1.4855199999999997,0.2107800000000002,2.4020599999999996,0.0,0.0,0.0,43227731957.0,RQI_DII_v1.0,frozen_confirmed_by_researcher,1,multi_issuer_ready_event_extension_source_verification_pending
USDC_ASSURANCE_2022_09,USDC,USDC,scheduled,2022-10-25,2022-10-23,-2,1,scheduled_monthly_assurance,0,0,0,normal,0,1,0,publication_date,,1.0,0.0,0.0,2.85114,-2.85114,1.4670199999999998,0.0,0.0,0.0,43290851666.0,RQI_DII_v1.0,frozen_confirmed_by_researcher,1,multi_issuer_ready_event_extension_source_verification_pending
USDC_ASSURANCE_2022_09,USDC,USDC,scheduled,2022-10-25,2022-10-24,-1,1,scheduled_monthly_assurance,0,0,0,normal,0,1,0,publication_date,,0.9999061,-0.9390000000000001,0.9390000000000001,2.26842,-1.3294199999999998,-3.1666999999999996,0.0,0.0,0.0,43301228285.0,RQI_DII_v1.0,frozen_confirmed_by_researcher,1,multi_issuer_ready_event_extension_source_verification_pending
USDC_ASSURANCE_2022_09,USDC,USDC,scheduled,2022-10-25,2022-10-25,0,1,scheduled_monthly_assurance,0,0,0,normal,0,1,0,publication_date,,1.00000753,0.0753,0.0753,5.33884,-5.26354,4.11802,0.0,0.0,0.0,43159609763.0,RQI_DII_v1.0,frozen_confirmed_by_researcher,1,multi_issuer_ready_event_extension_source_verification_pending
USDC_ASSURANCE_2022_09,USDC,USDC,scheduled,2022-10-25,2022-10-26,1,1,scheduled_monthly_assurance,0,0,0,normal,0,1,0,publication_date,,1.00001484,0.1484,0.1484,2.90552,-2.75712,2.5406800000000005,0.0,0.0,0.0,43173301271.0,RQI_DII_v1.0,frozen_confirmed_by_researcher,1,multi_issuer_ready_event_extension_source_verification_pending
USDC_ASSURANCE_2022_09,USDC,USDC,scheduled,2022-10-25,2022-10-27,2,1,scheduled_monthly_assurance,0,0,0,normal,0,1,0,publication_date,,1.0,0.0,0.0,1.83548,-1.83548,1.17896,0.0,0.0,0.0,43214177934.0,RQI_DII_v1.0,frozen_confirmed_by_researcher,1,multi_issuer_ready_event_extension_source_verification_pending
USDC_ASSURANCE_2022_09,USDC,USDC,scheduled,2022-10-25,2022-10-28,3,1,scheduled_monthly_assurance,0,0,0,normal,0,1,0,publication_date,,0.99991551,-0.8449,0.8449,3.0623400000000003,-2.2174400000000003,1.5779999999999998,0.0,0.0,0.0,43230592447.0,RQI_DII_v1.0,frozen_confirmed_by_researcher,1,multi_issuer_ready_event_extension_source_verification_pending
USDC_ASSURANCE_2022_09,USDC,USDC,scheduled,2022-10-25,2022-10-29,4,1,scheduled_monthly_assurance,0,0,0,normal,0,1,0,publication_date,,0.99994637,-0.5363,0.5363,2.80078,-2.26448,0.9080000000000004,0.0,0.0,0.0,43113081831.0,RQI_DII_v1.0,frozen_confirmed_by_researcher,1,multi_issuer_ready_event_extension_source_verification_pending
USDC_ASSURANCE_2022_09,USDC,USDC,scheduled,2022-10-25,2022-10-30,5,1,scheduled_monthly_assurance,0,0,0,normal,0,1,0,publication_date,,0.99996117,-0.3883,0.3883,6.573519999999999,-6.185219999999999,5.148059999999999,0.0,0.0,0.0,43064280295.0,RQI_DII_v1.0,frozen_confirmed_by_researcher,1,multi_issuer_ready_event_extension_source_verification_pending
USDC_ASSURANCE_2022_09,USDC,USDC,scheduled,2022-10-25,2022-10-31,6,1,scheduled_monthly_assurance,0,0,0,normal,0,1,0,publication_date,,0.99996831,-0.3169,0.3169,3.7693199999999996,-3.4524199999999996,-3.6295399999999995,0.0,0.0,0.0,43053293918.0,RQI_DII_v1.0,frozen_confirmed_by_researcher,1,multi_issuer_ready_event_extension_source_verification_pending
USDC_ASSURANCE_2022_09,USDC,USDC,scheduled,2022-10-25,2022-11-01,7,1,scheduled_monthly_assurance,0,0,0,normal,0,1,0,publication_date,,1.0,0.0,0.0,3.3023200000000004,-3.3023200000000004,3.3023200000000004,0.0,0.0,0.0,42785088328.0,RQI_DII_v1.0,frozen_confirmed_by_researcher,1,multi_issuer_ready_event_extension_source_verification_pending
USDC_ASSURANCE_2022_09,USDC,USDC,scheduled,2022-10-25,2022-11-02,8,1,scheduled_monthly_assurance,0,0,0,normal,0,1,0,publication_date,,0.99994588,-0.5412,0.5412,2.67132,-2.1301200000000002,2.1301200000000002,0.0,0.0,0.0,42366510977.0,RQI_DII_v1.0,frozen_confirmed_by_researcher,1,multi_issuer_ready_event_extension_source_verification_pending
USDC_ASSURANCE_2022_09,USDC,USDC,scheduled,2022-10-25,2022-11-03,9,1,scheduled_monthly_assurance,0,0,0,normal,0,1,0,publication_date,,1.00002311,0.2311,0.2311,3.26598,-3.03488,1.9331200000000004,0.0,0.0,0.0,41880031891.0,RQI_DII_v1.0,frozen_confirmed_by_researcher,1,multi_issuer_ready_event_extension_source_verification_pending
USDC_ASSURANCE_2022_09,USDC,USDC,scheduled,2022-10-25,2022-11-04,10,1,scheduled_monthly_assurance,0,0,0,normal,0,1,0,publication_date,,1.00000216,0.0216,0.0216,4.19262,-4.1710199999999995,3.82638,0.0,0.0,0.0,41431548465.0,RQI_DII_v1.0,frozen_confirmed_by_researcher,1,multi_issuer_ready_event_extension_source_verification_pending
USDC_ASSURANCE_2022_09,USDC,USDC,scheduled,2022-10-25,2022-11-05,11,1,scheduled_monthly_assurance,0,0,0,normal,0,1,0,publication_date,,1.00000073,0.0073,0.0073,2.1436599999999997,-2.13636,2.1509600000000004,0.0,0.0,0.0,41453104098.0,RQI_DII_v1.0,frozen_confirmed_by_researcher,1,multi_issuer_ready_event_extension_source_verification_pending
USDC_ASSURANCE_2022_09,USDC,USDC,scheduled,2022-10-25,2022-11-06,12,1,scheduled_monthly_assurance,0,0,1,crypto_native_stress,0,1,0,publication_date,,1.00009762,0.9762000000000001,0.9762000000000001,1.5444,-0.5681999999999999,1.12548,0.0,0.0,0.0,41373410739.0,RQI_DII_v1.0,frozen_confirmed_by_researcher,1,multi_issuer_ready_event_extension_source_verification_pending
USDC_ASSURANCE_2022_09,USDC,USDC,scheduled,2022-10-25,2022-11-07,13,1,scheduled_monthly_assurance,0,0,1,crypto_native_stress,0,1,0,publication_date,,0.99998667,-0.1333,0.1333,3.1904999999999997,-3.0571999999999995,1.0967200000000001,0.0,0.0,0.0,41734994604.0,RQI_DII_v1.0,frozen_confirmed_by_researcher,1,multi_issuer_ready_event_extension_source_verification_pending
USDC_ASSURANCE_2022_09,USDC,USDC,scheduled,2022-10-25,2022-11-08,14,1,scheduled_monthly_assurance,0,0,1,crypto_native_stress,0,1,0,publication_date,,1.00008081,0.8080999999999999,0.8080999999999999,0.99938,-0.19128000000000012,0.22883999999999993,0.0,0.0,0.0,42525674392.0,RQI_DII_v1.0,frozen_confirmed_by_researcher,1,multi_issuer_ready_event_extension_source_verification_pending
USDC_ASSURANCE_2022_10,USDC,USDC,scheduled,2022-11-22,2022-11-08,-14,1,scheduled_monthly_assurance,0,0,1,crypto_native_stress,0,1,0,publication_date,,1.00008081,0.8080999999999999,0.8080999999999999,0.99938,-0.19128000000000012,0.22883999999999993,0.0,0.0,0.0,42525674392.0,RQI_DII_v1.0,frozen_confirmed_by_researcher,1,multi_issuer_ready_event_extension_source_verification_pending
USDC_ASSURANCE_2022_10,USDC,USDC,scheduled,2022-11-22,2022-11-09,-13,1,scheduled_monthly_assurance,0,0,1,crypto_native_stress,0,1,0,publication_date,,1.00008611,0.8611,0.8611,4.46052,-3.59942,1.5915800000000002,0.0,0.0,0.0,42165618055.0,RQI_DII_v1.0,frozen_confirmed_by_researcher,1,multi_issuer_ready_event_extension_source_verification_pending
USDC_ASSURANCE_2022_10,USDC,USDC,scheduled,2022-11-22,2022-11-10,-12,1,scheduled_monthly_assurance,0,0,1,crypto_native_stress,0,1,0,publication_date,,1.00120456,12.045599999999999,12.045599999999999,8.872440000000001,3.1731599999999975,12.037399999999998,0.0,0.0,0.0,42258336817.0,RQI_DII_v1.0,frozen_confirmed_by_researcher,1,multi_issuer_ready_event_extension_source_verification_pending
USDC_ASSURANCE_2022_10,USDC,USDC,scheduled,2022-11-22,2022-11-11,-11,1,scheduled_monthly_assurance,0,0,1,crypto_native_stress,0,1,0,publication_date,,0.99983254,-1.6746,1.6746,18.5013,-16.8267,-13.7759,0.0,0.0,0.0,42874422979.0,RQI_DII_v1.0,frozen_confirmed_by_researcher,1,multi_issuer_ready_event_extension_source_verification_pending
USDC_ASSURANCE_2022_10,USDC,USDC,scheduled,2022-11-22,2022-11-12,-10,1,scheduled_monthly_assurance,0,0,1,crypto_native_stress,0,1,0,publication_date,,1.00102976,10.2976,10.2976,7.9228999999999985,2.3747000000000007,10.5747,0.0,0.0,0.0,43379839175.0,RQI_DII_v1.0,frozen_confirmed_by_researcher,1,multi_issuer_ready_event_extension_source_verification_pending
USDC_ASSURANCE_2022_10,USDC,USDC,scheduled,2022-11-22,2022-11-13,-9,1,scheduled_monthly_assurance,0,0,1,crypto_native_stress,0,1,0,publication_date,,1.00030312,3.0311999999999997,3.0311999999999997,9.23518,-6.20398,0.5960200000000002,0.0,0.0,0.0,43522223243.0,RQI_DII_v1.0,frozen_confirmed_by_researcher,1,multi_issuer_ready_event_extension_source_verification_pending
USDC_ASSURANCE_2022_10,USDC,USDC,scheduled,2022-11-22,2022-11-14,-8,1,scheduled_monthly_assurance,0,0,1,crypto_native_stress,0,1,0,publication_date,,1.00041428,4.1428,4.1428,21.2916,-17.148799999999998,23.61864,0.0,0.0,0.2,43486346982.0,RQI_DII_v1.0,frozen_confirmed_by_researcher,1,multi_issuer_ready_event_extension_source_verification_pending
USDC_ASSURANCE_2022_10,USDC,USDC,scheduled,2022-11-22,2022-11-15,-7,1,scheduled_monthly_assurance,0,0,1,crypto_native_stress,0,1,0,publication_date,,1.0002875,2.875,2.875,4.99324,-2.11824,3.8905600000000002,0.0,0.0,0.0,43528844475.0,RQI_DII_v1.0,frozen_confirmed_by_researcher,1,multi_issuer_ready_event_extension_source_verification_pending
USDC_ASSURANCE_2022_10,USDC,USDC,scheduled,2022-11-22,2022-11-16,-6,1,scheduled_monthly_assurance,0,0,1,crypto_native_stress,0,1,0,publication_date,,1.00029201,2.9200999999999997,2.9200999999999997,6.03034,-3.11024,2.91748,0.0,0.0,0.0,43840153331.0,RQI_DII_v1.0,frozen_confirmed_by_researcher,1,multi_issuer_ready_event_extension_source_verification_pending
USDC_ASSURANCE_2022_10,USDC,USDC,scheduled,2022-11-22,2022-11-17,-5,1,scheduled_monthly_assurance,0,0,1,crypto_native_stress,0,1,0,publication_date,,1.00008248,0.8248,0.8248,2.68946,-1.86466,1.7353399999999999,0.0,0.0,0.0,43798058621.0,RQI_DII_v1.0,frozen_confirmed_by_researcher,1,multi_issuer_ready_event_extension_source_verification_pending
USDC_ASSURANCE_2022_10,USDC,USDC,scheduled,2022-11-22,2022-11-18,-4,1,scheduled_monthly_assurance,0,0,1,crypto_native_stress,0,1,0,publication_date,,0.99999896,-0.0104,0.0104,8.69372,-8.68332,-5.90412,0.0,0.0,0.0,43547291118.0,RQI_DII_v1.0,frozen_confirmed_by_researcher,1,multi_issuer_ready_event_extension_source_verification_pending
USDC_ASSURANCE_2022_10,USDC,USDC,scheduled,2022-11-22,2022-11-19,-3,1,scheduled_monthly_assurance,0,0,1,crypto_native_stress,0,1,0,publication_date,,1.0,0.0,0.0,5.94446,-5.94446,0.3076599999999998,0.0,0.0,0.0,43831554253.0,RQI_DII_v1.0,frozen_confirmed_by_researcher,1,multi_issuer_ready_event_extension_source_verification_pending
USDC_ASSURANCE_2022_10,USDC,USDC,scheduled,2022-11-22,2022-11-20,-2,1,scheduled_monthly_assurance,0,0,1,crypto_native_stress,0,1,0,publication_date,,1.00008682,0.8682,0.8682,7.3607,-6.4925,-0.29346000000000017,0.0,0.0,0.0,43883410857.0,RQI_DII_v1.0,frozen_confirmed_by_researcher,1,multi_issuer_ready_event_extension_source_verification_pending
USDC_ASSURANCE_2022_10,USDC,USDC,scheduled,2022-11-22,2022-11-21,-1,1,scheduled_monthly_assurance,0,0,0,normal,0,1,0,publication_date,,1.00018009,1.8009,1.8009,10.55468,-8.753779999999999,-1.0689400000000004,0.0,0.0,0.0,43954141549.0,RQI_DII_v1.0,frozen_confirmed_by_researcher,1,multi_issuer_ready_event_extension_source_verification_pending
USDC_ASSURANCE_2022_10,USDC,USDC,scheduled,2022-11-22,2022-11-22,0,1,scheduled_monthly_assurance,0,0,0,normal,0,1,0,publication_date,,1.00026976,2.6976,2.6976,8.51018,-5.8125800000000005,3.6323800000000004,0.0,0.0,0.0,43559070238.0,RQI_DII_v1.0,frozen_confirmed_by_researcher,1,multi_issuer_ready_event_extension_source_verification_pending
USDC_ASSURANCE_2022_10,USDC,USDC,scheduled,2022-11-22,2022-11-23,1,1,scheduled_monthly_assurance,0,0,0,normal,0,1,0,publication_date,,0.99996018,-0.3982,0.3982,9.82944,-9.43124,-7.7198400000000005,0.0,0.0,0.0,43574201150.0,RQI_DII_v1.0,frozen_confirmed_by_researcher,1,multi_issuer_ready_event_extension_source_verification_pending
USDC_ASSURANCE_2022_10,USDC,USDC,scheduled,2022-11-22,2022-11-24,2,1,scheduled_monthly_assurance,0,0,0,normal,0,1,0,publication_date,,0.99987218,-1.2782,1.2782,5.44148,-4.16328,0.6376399999999998,0.0,0.0,0.0,43275832443.0,RQI_DII_v1.0,frozen_confirmed_by_researcher,1,multi_issuer_ready_event_extension_source_verification_pending
USDC_ASSURANCE_2022_10,USDC,USDC,scheduled,2022-11-22,2022-11-25,3,1,scheduled_monthly_assurance,0,0,0,normal,0,1,0,publication_date,,1.00001927,0.1927,0.1927,6.87594,-6.68324,3.07532,0.0,0.0,0.0,43469708298.0,RQI_DII_v1.0,frozen_confirmed_by_researcher,1,multi_issuer_ready_event_extension_source_verification_pending
USDC_ASSURANCE_2022_10,USDC,USDC,scheduled,2022-11-22,2022-11-26,4,1,scheduled_monthly_assurance,0,0,0,normal,0,1,0,publication_date,,1.00016916,1.6916000000000002,1.6916000000000002,6.79046,-5.09886,-4.0423,0.0,0.0,0.0,43424192993.0,RQI_DII_v1.0,frozen_confirmed_by_researcher,1,multi_issuer_ready_event_extension_source_verification_pending
USDC_ASSURANCE_2022_10,USDC,USDC,scheduled,2022-11-22,2022-11-27,5,1,scheduled_monthly_assurance,0,0,0,normal,0,1,0,publication_date,,0.99992583,-0.7417,0.7417,2.6475,-1.9058,0.8964799999999997,0.0,0.0,0.0,43607738852.0,RQI_DII_v1.0,frozen_confirmed_by_researcher,1,multi_issuer_ready_event_extension_source_verification_pending
USDC_ASSURANCE_2022_10,USDC,USDC,scheduled,2022-11-22,2022-11-28,6,1,scheduled_monthly_assurance,0,0,0,normal,0,1,0,publication_date,,1.00015294,1.5294,1.5294,8.7257,-7.1963,-2.8161400000000008,0.0,0.0,0.0,43747949613.0,RQI_DII_v1.0,frozen_confirmed_by_researcher,1,multi_issuer_ready_event_extension_source_verification_pending
USDC_ASSURANCE_2022_10,USDC,USDC,scheduled,2022-11-22,2022-11-29,7,1,scheduled_monthly_assurance,0,0,0,normal,0,1,0,publication_date,,1.00008682,0.8682,0.8682,3.2584799999999996,-2.3902799999999997,3.2087599999999994,0.0,0.0,0.0,43221410167.0,RQI_DII_v1.0,frozen_confirmed_by_researcher,1,multi_issuer_ready_event_extension_source_verification_pending
USDC_ASSURANCE_2022_10,USDC,USDC,scheduled,2022-11-22,2022-11-30,8,1,scheduled_monthly_assurance,0,0,0,normal,0,1,0,publication_date,,1.00010096,1.0096,1.0096,9.5039,-8.494299999999999,6.87226,0.0,0.0,0.0,42847513806.0,RQI_DII_v1.0,frozen_confirmed_by_researcher,1,multi_issuer_ready_event_extension_source_verification_pending
USDC_ASSURANCE_2022_10,USDC,USDC,scheduled,2022-11-22,2022-12-01,9,1,scheduled_monthly_assurance,0,0,0,normal,0,1,0,publication_date,,1.00000893,0.08929999999999999,0.08929999999999999,1.9308,-1.8415000000000001,-0.009019999999999959,0.0,0.0,0.0,42778797664.0,RQI_DII_v1.0,frozen_confirmed_by_researcher,1,multi_issuer_ready_event_extension_source_verification_pending
USDC_ASSURANCE_2022_10,USDC,USDC,scheduled,2022-11-22,2022-12-02,10,1,scheduled_monthly_assurance,0,0,0,normal,0,1,0,publication_date,,0.99998305,-0.16949999999999998,0.16949999999999998,2.09196,-1.9224599999999998,1.52246,0.0,0.0,0.0,42632240046.0,RQI_DII_v1.0,frozen_confirmed_by_researcher,1,multi_issuer_ready_event_extension_source_verification_pending
USDC_ASSURANCE_2022_10,USDC,USDC,scheduled,2022-11-22,2022-12-03,11,1,scheduled_monthly_assurance,0,0,0,normal,0,1,0,publication_date,,1.0,0.0,0.0,2.7504600000000003,-2.7504600000000003,2.18994,0.0,0.0,0.0,42773580768.0,RQI_DII_v1.0,frozen_confirmed_by_researcher,1,multi_issuer_ready_event_extension_source_verification_pending
USDC_ASSURANCE_2022_10,USDC,USDC,scheduled,2022-11-22,2022-12-04,12,1,scheduled_monthly_assurance,0,0,0,normal,0,1,0,publication_date,,1.00007566,0.7566,0.7566,4.296480000000001,-3.5398800000000006,3.7462000000000004,0.0,0.0,0.0,42885392478.0,RQI_DII_v1.0,frozen_confirmed_by_researcher,1,multi_issuer_ready_event_extension_source_verification_pending
USDC_ASSURANCE_2022_10,USDC,USDC,scheduled,2022-11-22,2022-12-05,13,1,scheduled_monthly_assurance,0,0,0,normal,0,1,0,publication_date,,1.00000078,0.0078000000000000005,0.0078000000000000005,3.22708,-3.21928,2.5363200000000004,0.0,0.0,0.0,43014379935.0,RQI_DII_v1.0,frozen_confirmed_by_researcher,1,multi_issuer_ready_event_extension_source_verification_pending
USDC_ASSURANCE_2022_10,USDC,USDC,scheduled,2022-11-22,2022-12-06,14,1,scheduled_monthly_assurance,0,0,0,normal,0,1,0,publication_date,,1.0,0.0,0.0,1.65334,-1.65334,1.3333400000000002,0.0,0.0,0.0,42722709227.0,RQI_DII_v1.0,frozen_confirmed_by_researcher,1,multi_issuer_ready_event_extension_source_verification_pending
USDC_ASSURANCE_2022_11,USDC,USDC,scheduled,2022-12-22,2022-12-08,-14,1,scheduled_monthly_assurance,0,0,0,normal,0,0,0,publication_date,,0.99998201,-0.17989999999999998,0.17989999999999998,1.74832,-1.5684200000000001,1.5684200000000001,0.0,0.0,0.0,42371272064.0,RQI_DII_v1.0,frozen_confirmed_by_researcher,1,multi_issuer_ready_event_extension_source_verification_pending
USDC_ASSURANCE_2022_11,USDC,USDC,scheduled,2022-12-22,2022-12-09,-13,1,scheduled_monthly_assurance,0,0,0,normal,0,0,0,publication_date,,1.00002626,0.2626,0.2626,0.8829,-0.6203000000000001,0.8880999999999999,0.0,0.0,0.0,42332537244.0,RQI_DII_v1.0,frozen_confirmed_by_researcher,1,multi_issuer_ready_event_extension_source_verification_pending
USDC_ASSURANCE_2022_11,USDC,USDC,scheduled,2022-12-22,2022-12-10,-12,1,scheduled_monthly_assurance,0,0,0,normal,0,0,0,publication_date,,0.99992538,-0.7462,0.7462,2.8152,-2.069,1.6037599999999999,0.0,0.0,0.0,42286679964.0,RQI_DII_v1.0,frozen_confirmed_by_researcher,1,multi_issuer_ready_event_extension_source_verification_pending
USDC_ASSURANCE_2022_11,USDC,USDC,scheduled,2022-12-22,2022-12-11,-11,1,scheduled_monthly_assurance,0,0,0,normal,0,0,0,publication_date,,1.00000947,0.0947,0.0947,4.07704,-3.98234,3.92274,0.0,0.0,0.0,42329723400.0,RQI_DII_v1.0,frozen_confirmed_by_researcher,1,multi_issuer_ready_event_extension_source_verification_pending
USDC_ASSURANCE_2022_11,USDC,USDC,scheduled,2022-12-22,2022-12-12,-10,1,scheduled_monthly_assurance,0,0,0,normal,0,0,0,publication_date,,1.00005607,0.5607,0.5607,2.8947399999999996,-2.33404,1.4778399999999996,0.0,0.0,0.0,42340982558.0,RQI_DII_v1.0,frozen_confirmed_by_researcher,1,multi_issuer_ready_event_extension_source_verification_pending
USDC_ASSURANCE_2022_11,USDC,USDC,scheduled,2022-12-22,2022-12-13,-9,1,scheduled_monthly_assurance,0,0,0,normal,0,0,0,publication_date,,1.00000312,0.031200000000000002,0.031200000000000002,4.417960000000001,-4.386760000000001,-2.35236,0.0,0.0,0.0,42113786081.0,RQI_DII_v1.0,frozen_confirmed_by_researcher,1,multi_issuer_ready_event_extension_source_verification_pending
USDC_ASSURANCE_2022_11,USDC,USDC,scheduled,2022-12-22,2022-12-14,-8,1,scheduled_monthly_assurance,0,0,0,normal,0,0,0,publication_date,,1.0,0.0,0.0,8.522079999999999,-8.522079999999999,3.3569199999999997,0.0,0.0,0.0,44666185398.0,RQI_DII_v1.0,frozen_confirmed_by_researcher,1,multi_issuer_ready_event_extension_source_verification_pending
USDC_ASSURANCE_2022_11,USDC,USDC,scheduled,2022-12-22,2022-12-15,-7,1,scheduled_monthly_assurance,0,0,0,normal,0,0,0,publication_date,,1.00003239,0.3239,0.3239,3.27252,-2.94862,-2.47902,0.0,0.0,0.0,44728188414.0,RQI_DII_v1.0,frozen_confirmed_by_researcher,1,multi_issuer_ready_event_extension_source_verification_pending
USDC_ASSURANCE_2022_11,USDC,USDC,scheduled,2022-12-22,2022-12-16,-6,1,scheduled_monthly_assurance,0,0,0,normal,0,0,0,publication_date,,1.00003671,0.3671,0.3671,1.6942799999999998,-1.3271799999999998,-0.06937999999999989,0.0,0.0,0.0,44616272843.0,RQI_DII_v1.0,frozen_confirmed_by_researcher,1,multi_issuer_ready_event_extension_source_verification_pending
USDC_ASSURANCE_2022_11,USDC,USDC,scheduled,2022-12-22,2022-12-17,-5,1,scheduled_monthly_assurance,0,0,0,normal,0,0,0,publication_date,,0.99994853,-0.5147,0.5147,3.3620599999999996,-2.8473599999999997,-0.01664000000000021,0.0,0.0,0.0,44385390705.0,RQI_DII_v1.0,frozen_confirmed_by_researcher,1,multi_issuer_ready_event_extension_source_verification_pending
USDC_ASSURANCE_2022_11,USDC,USDC,scheduled,2022-12-22,2022-12-18,-4,1,scheduled_monthly_assurance,0,0,0,normal,0,0,0,publication_date,,1.00010524,1.0524,1.0524,2.35214,-1.29974,2.60454,0.0,0.0,0.0,44430630730.0,RQI_DII_v1.0,frozen_confirmed_by_researcher,1,multi_issuer_ready_event_extension_source_verification_pending
USDC_ASSURANCE_2022_11,USDC,USDC,scheduled,2022-12-22,2022-12-19,-3,1,scheduled_monthly_assurance,0,0,0,normal,0,0,0,publication_date,,1.00003606,0.3606,0.3606,5.1799,-4.8193,4.91178,0.0,0.0,0.0,44462941308.0,RQI_DII_v1.0,frozen_confirmed_by_researcher,1,multi_issuer_ready_event_extension_source_verification_pending
USDC_ASSURANCE_2022_11,USDC,USDC,scheduled,2022-12-22,2022-12-20,-2,1,scheduled_monthly_assurance,0,0,0,normal,0,0,0,publication_date,,0.9999429,-0.571,0.571,5.519260000000001,-4.948260000000001,4.78826,0.0,0.0,0.0,44092546855.0,RQI_DII_v1.0,frozen_confirmed_by_researcher,1,multi_issuer_ready_event_extension_source_verification_pending
USDC_ASSURANCE_2022_11,USDC,USDC,scheduled,2022-12-22,2022-12-21,-1,1,scheduled_monthly_assurance,0,0,0,normal,0,0,0,publication_date,,0.99999423,-0.0577,0.0577,2.22862,-2.1709199999999997,1.8174799999999998,0.0,0.0,0.0,44029406448.0,RQI_DII_v1.0,frozen_confirmed_by_researcher,1,multi_issuer_ready_event_extension_source_verification_pending
USDC_ASSURANCE_2022_11,USDC,USDC,scheduled,2022-12-22,2022-12-22,0,1,scheduled_monthly_assurance,0,0,0,normal,0,0,0,publication_date,,1.00000479,0.0479,0.0479,0.519,-0.4711,0.5669,0.0,0.0,0.0,43843909854.0,RQI_DII_v1.0,frozen_confirmed_by_researcher,1,multi_issuer_ready_event_extension_source_verification_pending
USDC_ASSURANCE_2022_11,USDC,USDC,scheduled,2022-12-22,2022-12-23,1,1,scheduled_monthly_assurance,0,0,0,normal,0,0,0,publication_date,,1.00003301,0.33009999999999995,0.33009999999999995,2.21298,-1.88288,1.2317999999999998,0.0,0.0,0.0,43778374824.0,RQI_DII_v1.0,frozen_confirmed_by_researcher,1,multi_issuer_ready_event_extension_source_verification_pending
USDC_ASSURANCE_2022_11,USDC,USDC,scheduled,2022-12-22,2022-12-24,2,1,scheduled_monthly_assurance,0,0,0,normal,0,0,0,publication_date,,1.00021706,2.1706000000000003,2.1706000000000003,3.8085399999999994,-1.637939999999999,2.1127400000000005,0.0,0.0,0.0,43726971965.0,RQI_DII_v1.0,frozen_confirmed_by_researcher,1,multi_issuer_ready_event_extension_source_verification_pending
USDC_ASSURANCE_2022_11,USDC,USDC,scheduled,2022-12-22,2022-12-25,3,1,scheduled_monthly_assurance,0,0,0,normal,0,0,0,publication_date,,1.00006642,0.6642,0.6642,9.826400000000001,-9.162200000000002,2.1356,0.0,0.0,0.0,43863710134.0,RQI_DII_v1.0,frozen_confirmed_by_researcher,1,multi_issuer_ready_event_extension_source_verification_pending
USDC_ASSURANCE_2022_11,USDC,USDC,scheduled,2022-12-22,2022-12-26,4,1,scheduled_monthly_assurance,0,0,0,normal,0,0,0,publication_date,,1.000383,3.83,3.83,3.2423,0.5876999999999999,2.58862,0.0,0.0,0.0,43971585155.0,RQI_DII_v1.0,frozen_confirmed_by_researcher,1,multi_issuer_ready_event_extension_source_verification_pending
USDC_ASSURANCE_2022_11,USDC,USDC,scheduled,2022-12-22,2022-12-27,5,1,scheduled_monthly_assurance,0,0,0,normal,0,0,0,publication_date,,1.00010551,1.0551,1.0551,2.75644,-1.70134,3.6184600000000002,0.0,0.0,0.0,44068901285.0,RQI_DII_v1.0,frozen_confirmed_by_researcher,1,multi_issuer_ready_event_extension_source_verification_pending
USDC_ASSURANCE_2022_11,USDC,USDC,scheduled,2022-12-22,2022-12-28,6,1,scheduled_monthly_assurance,0,0,0,normal,0,0,0,publication_date,,1.00002289,0.2289,0.2289,3.8931599999999995,-3.6642599999999996,2.7435,0.0,0.0,0.0,43773039780.0,RQI_DII_v1.0,frozen_confirmed_by_researcher,1,multi_issuer_ready_event_extension_source_verification_pending
USDC_ASSURANCE_2022_11,USDC,USDC,scheduled,2022-12-22,2022-12-29,7,1,scheduled_monthly_assurance,0,0,0,normal,0,0,0,publication_date,,0.99993375,-0.6625,0.6625,4.80512,-4.14262,-1.0487000000000002,0.0,0.0,0.0,44013416307.0,RQI_DII_v1.0,frozen_confirmed_by_researcher,1,multi_issuer_ready_event_extension_source_verification_pending
USDC_ASSURANCE_2022_11,USDC,USDC,scheduled,2022-12-22,2022-12-30,8,1,scheduled_monthly_assurance,0,0,0,normal,0,0,0,publication_date,,0.99993943,-0.6057,0.6057,3.16368,-2.5579799999999997,0.5775,0.0,0.0,0.0,44068079193.0,RQI_DII_v1.0,frozen_confirmed_by_researcher,1,multi_issuer_ready_event_extension_source_verification_pending
USDC_ASSURANCE_2022_11,USDC,USDC,scheduled,2022-12-22,2022-12-31,9,1,scheduled_monthly_assurance,0,0,0,normal,0,0,0,publication_date,,1.00004217,0.42169999999999996,0.42169999999999996,4.9894799999999995,-4.567779999999999,2.1488199999999997,0.0,0.0,0.0,44139192450.0,RQI_DII_v1.0,frozen_confirmed_by_researcher,1,multi_issuer_ready_event_extension_source_verification_pending
USDC_ASSURANCE_2022_11,USDC,USDC,scheduled,2022-12-22,2023-01-01,10,1,scheduled_monthly_assurance,0,0,0,normal,0,0,0,publication_date,,1.00024048,2.4048,2.4048,6.70244,-4.29764,2.9097999999999997,0.0,0.0,0.0,44167379267.0,RQI_DII_v1.0,frozen_confirmed_by_researcher,1,multi_issuer_ready_event_extension_source_verification_pending
USDC_ASSURANCE_2022_11,USDC,USDC,scheduled,2022-12-22,2023-01-02,11,1,scheduled_monthly_assurance,0,0,0,normal,0,0,0,publication_date,,1.00041658,4.1658,4.1658,4.71354,-0.5477400000000001,1.75042,0.0,0.0,0.0,44226700393.0,RQI_DII_v1.0,frozen_confirmed_by_researcher,1,multi_issuer_ready_event_extension_source_verification_pending
USDC_ASSURANCE_2022_11,USDC,USDC,scheduled,2022-12-22,2023-01-03,12,1,scheduled_monthly_assurance,0,0,0,normal,0,0,0,publication_date,,1.00008502,0.8502,0.8502,6.514799999999999,-5.664599999999999,-0.13340000000000007,0.0,0.0,0.0,44331443353.0,RQI_DII_v1.0,frozen_confirmed_by_researcher,1,multi_issuer_ready_event_extension_source_verification_pending
USDC_ASSURANCE_2022_11,USDC,USDC,scheduled,2022-12-22,2023-01-04,13,1,scheduled_monthly_assurance,0,0,0,normal,0,0,0,publication_date,,1.0,0.0,0.0,4.88818,-4.88818,-3.4681400000000004,0.0,0.0,0.0,43795226282.0,RQI_DII_v1.0,frozen_confirmed_by_researcher,1,multi_issuer_ready_event_extension_source_verification_pending
USDC_ASSURANCE_2022_11,USDC,USDC,scheduled,2022-12-22,2023-01-05,14,1,scheduled_monthly_assurance,0,0,0,normal,0,0,0,publication_date,,1.00009265,0.9265,0.9265,2.5652799999999996,-1.6387799999999997,2.37722,0.0,0.0,0.0,43746800993.0,RQI_DII_v1.0,frozen_confirmed_by_researcher,1,multi_issuer_ready_event_extension_source_verification_pending
USDC_ASSURANCE_2022_12,USDC,USDC,scheduled,2023-01-25,2023-01-11,-14,1,scheduled_monthly_assurance,0,0,0,normal,0,0,0,publication_date,,1.0,0.0,0.0,2.85852,-2.85852,1.0562,0.0,0.0,0.0,43288167984.0,RQI_DII_v1.0,frozen_confirmed_by_researcher,1,multi_issuer_ready_event_extension_source_verification_pending
USDC_ASSURANCE_2022_12,USDC,USDC,scheduled,2023-01-25,2023-01-12,-13,1,scheduled_monthly_assurance,0,0,0,normal,0,0,0,publication_date,,1.0,0.0,0.0,4.90736,-4.90736,4.60124,0.0,0.0,0.0,43415292126.0,RQI_DII_v1.0,frozen_confirmed_by_researcher,1,multi_issuer_ready_event_extension_source_verification_pending
USDC_ASSURANCE_2022_12,USDC,USDC,scheduled,2023-01-25,2023-01-13,-12,1,scheduled_monthly_assurance,0,0,0,normal,0,0,0,publication_date,,1.0,0.0,0.0,1.0848200000000001,-1.0848200000000001,-0.34690000000000004,0.0,0.0,0.0,43536464564.0,RQI_DII_v1.0,frozen_confirmed_by_researcher,1,multi_issuer_ready_event_extension_source_verification_pending
USDC_ASSURANCE_2022_12,USDC,USDC,scheduled,2023-01-25,2023-01-14,-11,1,scheduled_monthly_assurance,0,0,0,normal,0,0,0,publication_date,,0.99997,-0.3,0.3,2.01292,-1.7129199999999998,-1.87308,0.0,0.0,0.0,43058759626.0,RQI_DII_v1.0,frozen_confirmed_by_researcher,1,multi_issuer_ready_event_extension_source_verification_pending
USDC_ASSURANCE_2022_12,USDC,USDC,scheduled,2023-01-25,2023-01-15,-10,1,scheduled_monthly_assurance,0,0,0,normal,0,0,0,publication_date,,0.99998,-0.2,0.2,7.644299999999999,-7.444299999999999,2.8819,0.0,0.0,0.0,43295832398.0,RQI_DII_v1.0,frozen_confirmed_by_researcher,1,multi_issuer_ready_event_extension_source_verification_pending
USDC_ASSURANCE_2022_12,USDC,USDC,scheduled,2023-01-25,2023-01-16,-9,1,scheduled_monthly_assurance,0,0,0,normal,0,0,0,publication_date,,1.0,0.0,0.0,4.0009,-4.0009,-2.48758,0.0,0.0,0.0,43511075855.0,RQI_DII_v1.0,frozen_confirmed_by_researcher,1,multi_issuer_ready_event_extension_source_verification_pending
USDC_ASSURANCE_2022_12,USDC,USDC,scheduled,2023-01-25,2023-01-17,-8,1,scheduled_monthly_assurance,0,0,0,normal,0,0,0,publication_date,,0.99997,-0.3,0.3,4.37766,-4.07766,-0.16210000000000008,0.0,0.0,0.0,43451077423.0,RQI_DII_v1.0,frozen_confirmed_by_researcher,1,multi_issuer_ready_event_extension_source_verification_pending
USDC_ASSURANCE_2022_12,USDC,USDC,scheduled,2023-01-25,2023-01-18,-7,1,scheduled_monthly_assurance,0,0,0,normal,0,0,0,publication_date,,1.00003017,0.3017,0.3017,2.7945599999999997,-2.49286,-1.47398,0.0,0.0,0.0,43176598921.0,RQI_DII_v1.0,frozen_confirmed_by_researcher,1,multi_issuer_ready_event_extension_source_verification_pending
USDC_ASSURANCE_2022_12,USDC,USDC,scheduled,2023-01-25,2023-01-19,-6,1,scheduled_monthly_assurance,0,0,0,normal,0,0,0,publication_date,,0.99995,-0.5,0.5,2.52912,-2.02912,-1.97088,0.0,0.0,0.0,42707980562.0,RQI_DII_v1.0,frozen_confirmed_by_researcher,1,multi_issuer_ready_event_extension_source_verification_pending
USDC_ASSURANCE_2022_12,USDC,USDC,scheduled,2023-01-25,2023-01-20,-5,1,scheduled_monthly_assurance,0,0,0,normal,0,0,0,publication_date,,1.00000848,0.0848,0.0848,2.1126600000000004,-2.0278600000000004,-0.72914,0.0,0.0,0.0,42597573265.0,RQI_DII_v1.0,frozen_confirmed_by_researcher,1,multi_issuer_ready_event_extension_source_verification_pending
USDC_ASSURANCE_2022_12,USDC,USDC,scheduled,2023-01-25,2023-01-21,-4,1,scheduled_monthly_assurance,0,0,0,normal,0,0,0,publication_date,,1.000475,4.75,4.75,6.288200000000001,-1.5382000000000007,2.51768,0.0,0.0,0.0,42789166772.0,RQI_DII_v1.0,frozen_confirmed_by_researcher,1,multi_issuer_ready_event_extension_source_verification_pending
USDC_ASSURANCE_2022_12,USDC,USDC,scheduled,2023-01-25,2023-01-22,-3,1,scheduled_monthly_assurance,0,0,0,normal,0,0,0,publication_date,,1.0,0.0,0.0,4.52372,-4.52372,-0.27627999999999986,0.0,0.0,0.0,42968052788.0,RQI_DII_v1.0,frozen_confirmed_by_researcher,1,multi_issuer_ready_event_extension_source_verification_pending
USDC_ASSURANCE_2022_12,USDC,USDC,scheduled,2023-01-25,2023-01-23,-2,1,scheduled_monthly_assurance,0,0,0,normal,0,0,0,publication_date,,1.00003322,0.3322,0.3322,6.083419999999999,-5.751219999999999,-2.3287,0.0,0.0,0.0,43107032877.0,RQI_DII_v1.0,frozen_confirmed_by_researcher,1,multi_issuer_ready_event_extension_source_verification_pending
USDC_ASSURANCE_2022_12,USDC,USDC,scheduled,2023-01-25,2023-01-24,-1,1,scheduled_monthly_assurance,0,0,0,normal,0,0,0,publication_date,,0.9999,-1.0,1.0,4.79318,-3.7931800000000004,-5.79318,0.0,0.0,0.0,43100382573.0,RQI_DII_v1.0,frozen_confirmed_by_researcher,1,multi_issuer_ready_event_extension_source_verification_pending
USDC_ASSURANCE_2022_12,USDC,USDC,scheduled,2023-01-25,2023-01-25,0,1,scheduled_monthly_assurance,0,0,0,normal,0,0,0,publication_date,,1.00038,3.8000000000000003,3.8000000000000003,13.700800000000001,-9.9008,7.8056,0.0,0.0,0.0,43265067842.0,RQI_DII_v1.0,frozen_confirmed_by_researcher,1,multi_issuer_ready_event_extension_source_verification_pending
USDC_ASSURANCE_2022_12,USDC,USDC,scheduled,2023-01-25,2023-01-26,1,1,scheduled_monthly_assurance,0,0,0,normal,0,0,0,publication_date,,1.0,0.0,0.0,3.6295200000000003,-3.6295200000000003,-1.29208,0.0,0.0,0.0,43169202068.0,RQI_DII_v1.0,frozen_confirmed_by_researcher,1,multi_issuer_ready_event_extension_source_verification_pending
USDC_ASSURANCE_2022_12,USDC,USDC,scheduled,2023-01-25,2023-01-27,2,1,scheduled_monthly_assurance,0,0,0,normal,0,0,0,publication_date,,1.0,0.0,0.0,3.96474,-3.96474,-3.96474,0.0,0.0,0.0,42922290984.0,RQI_DII_v1.0,frozen_confirmed_by_researcher,1,multi_issuer_ready_event_extension_source_verification_pending
USDC_ASSURANCE_2022_12,USDC,USDC,scheduled,2023-01-25,2023-01-28,3,1,scheduled_monthly_assurance,0,0,0,normal,0,0,0,publication_date,,0.99995424,-0.4576,0.4576,5.02998,-4.57238,-4.966740000000001,0.0,0.0,0.0,42689878260.0,RQI_DII_v1.0,frozen_confirmed_by_researcher,1,multi_issuer_ready_event_extension_source_verification_pending
USDC_ASSURANCE_2022_12,USDC,USDC,scheduled,2023-01-25,2023-01-29,4,1,scheduled_monthly_assurance,0,0,0,normal,0,0,0,publication_date,,1.00003,0.3,0.3,5.56356,-5.26356,-4.88632,0.0,0.0,0.0,42725465342.0,RQI_DII_v1.0,frozen_confirmed_by_researcher,1,multi_issuer_ready_event_extension_source_verification_pending
USDC_ASSURANCE_2022_12,USDC,USDC,scheduled,2023-01-25,2023-01-30,5,1,scheduled_monthly_assurance,0,0,0,normal,0,0,0,publication_date,,1.00020182,2.0181999999999998,2.0181999999999998,2.14196,-0.12376000000000031,-0.12376000000000031,0.0,0.0,0.0,42605390447.0,RQI_DII_v1.0,frozen_confirmed_by_researcher,1,multi_issuer_ready_event_extension_source_verification_pending
USDC_ASSURANCE_2022_12,USDC,USDC,scheduled,2023-01-25,2023-01-31,6,1,scheduled_monthly_assurance,0,0,0,normal,0,0,0,publication_date,,0.99994455,-0.5545,0.5545,3.3391599999999997,-2.7846599999999997,-2.16098,0.0,0.0,0.0,42194271215.0,RQI_DII_v1.0,frozen_confirmed_by_researcher,1,multi_issuer_ready_event_extension_source_verification_pending
USDC_ASSURANCE_2022_12,USDC,USDC,scheduled,2023-01-25,2023-02-01,7,1,scheduled_monthly_assurance,0,0,0,normal,0,0,0,publication_date,,1.0002872,2.872,2.872,3.3684799999999995,-0.4964799999999996,-0.4964799999999996,0.0,0.0,0.0,41910413168.0,RQI_DII_v1.0,frozen_confirmed_by_researcher,1,multi_issuer_ready_event_extension_source_verification_pending
USDC_ASSURANCE_2022_12,USDC,USDC,scheduled,2023-01-25,2023-02-02,8,1,scheduled_monthly_assurance,0,0,0,normal,0,0,0,publication_date,,1.0,0.0,0.0,3.18388,-3.18388,-3.18388,0.0,0.0,0.0,41902011000.0,RQI_DII_v1.0,frozen_confirmed_by_researcher,1,multi_issuer_ready_event_extension_source_verification_pending
USDC_ASSURANCE_2022_12,USDC,USDC,scheduled,2023-01-25,2023-02-03,9,1,scheduled_monthly_assurance,0,0,0,normal,0,0,0,publication_date,,0.99999,-0.1,0.1,3.7567999999999997,-3.6567999999999996,-1.2231999999999998,0.0,0.0,0.0,41954913947.0,RQI_DII_v1.0,frozen_confirmed_by_researcher,1,multi_issuer_ready_event_extension_source_verification_pending
USDC_ASSURANCE_2022_12,USDC,USDC,scheduled,2023-01-25,2023-02-04,10,1,scheduled_monthly_assurance,0,0,0,normal,0,0,0,publication_date,,1.0,0.0,0.0,0.92914,-0.92914,-0.17729999999999996,0.0,0.0,0.0,41501786323.0,RQI_DII_v1.0,frozen_confirmed_by_researcher,1,multi_issuer_ready_event_extension_source_verification_pending
USDC_ASSURANCE_2022_12,USDC,USDC,scheduled,2023-01-25,2023-02-05,11,1,scheduled_monthly_assurance,0,0,0,normal,0,0,0,publication_date,,0.99998,-0.2,0.2,4.26696,-4.06696,-2.86696,0.0,0.0,0.0,41476873325.0,RQI_DII_v1.0,frozen_confirmed_by_researcher,1,multi_issuer_ready_event_extension_source_verification_pending
USDC_ASSURANCE_2022_12,USDC,USDC,scheduled,2023-01-25,2023-02-06,12,1,scheduled_monthly_assurance,0,0,0,normal,0,0,0,publication_date,,1.00003298,0.3298,0.3298,2.04092,-1.7111199999999998,1.4468799999999997,0.0,0.0,0.0,41535387249.0,RQI_DII_v1.0,frozen_confirmed_by_researcher,1,multi_issuer_ready_event_extension_source_verification_pending
USDC_ASSURANCE_2022_12,USDC,USDC,scheduled,2023-01-25,2023-02-07,13,1,scheduled_monthly_assurance,0,0,0,normal,0,0,0,publication_date,,0.9999,-1.0,1.0,3.4182,-2.4182,1.5848000000000004,0.0,0.0,0.0,41382173732.0,RQI_DII_v1.0,frozen_confirmed_by_researcher,1,multi_issuer_ready_event_extension_source_verification_pending
USDC_ASSURANCE_2022_12,USDC,USDC,scheduled,2023-01-25,2023-02-08,14,1,scheduled_monthly_assurance,0,0,0,normal,0,0,0,publication_date,,1.0,0.0,0.0,3.22648,-3.22648,2.46968,0.0,0.0,0.0,41209023621.0,RQI_DII_v1.0,frozen_confirmed_by_researcher,1,multi_issuer_ready_event_extension_source_verification_pending
USDC_ASSURANCE_2023_01,USDC,USDC,scheduled,2023-03-02,2023-02-16,-14,1,scheduled_monthly_assurance,1,0,0,normal,0,1,0,publication_date,,0.99992048,-0.7952,0.7952,2.60178,-1.8065800000000003,0.8740600000000002,0.0,0.0,0.0,41015851508.0,RQI_DII_v1.0,frozen_confirmed_by_researcher,1,multi_issuer_ready_event_extension_source_verification_pending
USDC_ASSURANCE_2023_01,USDC,USDC,scheduled,2023-03-02,2023-02-17,-13,1,scheduled_monthly_assurance,1,0,0,normal,0,1,0,publication_date,,0.99998,-0.2,0.2,7.096379999999999,-6.896379999999999,5.384180000000001,0.0,0.0,0.0,41195881731.0,RQI_DII_v1.0,frozen_confirmed_by_researcher,1,multi_issuer_ready_event_extension_source_verification_pending
USDC_ASSURANCE_2023_01,USDC,USDC,scheduled,2023-03-02,2023-02-18,-12,1,scheduled_monthly_assurance,1,0,0,normal,0,1,0,publication_date,,0.99998844,-0.1156,0.1156,1.07902,-0.96342,-1.0914199999999998,0.0,0.0,0.0,41441353009.0,RQI_DII_v1.0,frozen_confirmed_by_researcher,1,multi_issuer_ready_event_extension_source_verification_pending
USDC_ASSURANCE_2023_01,USDC,USDC,scheduled,2023-03-02,2023-02-19,-11,1,scheduled_monthly_assurance,1,0,0,normal,0,1,0,publication_date,,0.99994231,-0.5769,0.5769,2.29098,-1.7140799999999998,-0.5748399999999998,0.0,0.0,0.0,41401448782.0,RQI_DII_v1.0,frozen_confirmed_by_researcher,1,multi_issuer_ready_event_extension_source_verification_pending
USDC_ASSURANCE_2023_01,USDC,USDC,scheduled,2023-03-02,2023-02-20,-10,1,scheduled_monthly_assurance,1,0,0,normal,0,1,0,publication_date,,1.0,0.0,0.0,1.5784799999999999,-1.5784799999999999,0.44140000000000007,0.0,0.0,0.0,41449241475.0,RQI_DII_v1.0,frozen_confirmed_by_researcher,1,multi_issuer_ready_event_extension_source_verification_pending
USDC_ASSURANCE_2023_01,USDC,USDC,scheduled,2023-03-02,2023-02-21,-9,1,scheduled_monthly_assurance,1,0,0,normal,0,1,0,publication_date,,0.99994,-0.6,0.6,1.0018,-0.40180000000000005,0.14259999999999995,0.0,0.0,0.0,41514928996.0,RQI_DII_v1.0,frozen_confirmed_by_researcher,1,multi_issuer_ready_event_extension_source_verification_pending
USDC_ASSURANCE_2023_01,USDC,USDC,scheduled,2023-03-02,2023-02-22,-8,1,scheduled_monthly_assurance,1,0,0,normal,0,1,0,publication_date,,0.99997236,-0.2764,0.2764,4.09244,-3.81604,3.2312399999999997,0.0,0.0,0.0,41668442814.0,RQI_DII_v1.0,frozen_confirmed_by_researcher,1,multi_issuer_ready_event_extension_source_verification_pending
USDC_ASSURANCE_2023_01,USDC,USDC,scheduled,2023-03-02,2023-02-23,-7,1,scheduled_monthly_assurance,1,0,0,normal,0,1,0,publication_date,,0.999895,-1.05,1.05,3.98608,-2.9360799999999996,2.47816,0.0,0.0,0.0,41696286319.0,RQI_DII_v1.0,frozen_confirmed_by_researcher,1,multi_issuer_ready_event_extension_source_verification_pending
USDC_ASSURANCE_2023_01,USDC,USDC,scheduled,2023-03-02,2023-02-24,-6,1,scheduled_monthly_assurance,1,0,0,normal,0,1,0,publication_date,,0.99999508,-0.0492,0.0492,1.7751599999999996,-1.7259599999999997,0.4030799999999998,0.0,0.0,0.0,41832156800.0,RQI_DII_v1.0,frozen_confirmed_by_researcher,1,multi_issuer_ready_event_extension_source_verification_pending
USDC_ASSURANCE_2023_01,USDC,USDC,scheduled,2023-03-02,2023-02-25,-5,1,scheduled_monthly_assurance,1,0,0,normal,0,1,0,publication_date,,0.99991,-0.9,0.9,2.7798800000000004,-1.8798800000000004,1.113,0.0,0.0,0.0,42083044149.0,RQI_DII_v1.0,frozen_confirmed_by_researcher,1,multi_issuer_ready_event_extension_source_verification_pending
USDC_ASSURANCE_2023_01,USDC,USDC,scheduled,2023-03-02,2023-02-26,-4,1,scheduled_monthly_assurance,1,0,0,normal,0,1,0,publication_date,,0.9999,-1.0,1.0,5.28296,-4.28296,3.8970000000000002,0.0,0.0,0.0,42156526596.0,RQI_DII_v1.0,frozen_confirmed_by_researcher,1,multi_issuer_ready_event_extension_source_verification_pending
USDC_ASSURANCE_2023_01,USDC,USDC,scheduled,2023-03-02,2023-02-27,-3,1,scheduled_monthly_assurance,1,0,0,normal,0,1,0,publication_date,,0.99995298,-0.4702,0.4702,2.2664999999999997,-1.7962999999999998,1.7962999999999998,0.0,0.0,0.0,42201677610.0,RQI_DII_v1.0,frozen_confirmed_by_researcher,1,multi_issuer_ready_event_extension_source_verification_pending
USDC_ASSURANCE_2023_01,USDC,USDC,scheduled,2023-03-02,2023-02-28,-2,1,scheduled_monthly_assurance,1,0,0,normal,0,1,0,publication_date,,0.99995322,-0.46780000000000005,0.46780000000000005,1.8330199999999999,-1.3652199999999999,1.3652199999999999,0.0,0.0,0.0,42170010394.0,RQI_DII_v1.0,frozen_confirmed_by_researcher,1,multi_issuer_ready_event_extension_source_verification_pending
USDC_ASSURANCE_2023_01,USDC,USDC,scheduled,2023-03-02,2023-03-01,-1,1,scheduled_monthly_assurance,1,0,0,normal,0,1,0,publication_date,,0.99986129,-1.3871,1.3871,6.490020000000001,-5.102920000000001,4.702920000000001,0.0,0.0,0.0,42037689855.0,RQI_DII_v1.0,frozen_confirmed_by_researcher,1,multi_issuer_ready_event_extension_source_verification_pending
USDC_ASSURANCE_2023_01,USDC,USDC,scheduled,2023-03-02,2023-03-02,0,1,scheduled_monthly_assurance,1,0,0,normal,0,1,0,publication_date,,0.9999,-1.0,1.0,3.917580000000001,-2.917580000000001,-2.13354,0.0,0.0,0.0,42125742685.0,RQI_DII_v1.0,frozen_confirmed_by_researcher,1,multi_issuer_ready_event_extension_source_verification_pending
USDC_ASSURANCE_2023_01,USDC,USDC,scheduled,2023-03-02,2023-03-03,1,1,scheduled_monthly_assurance,1,0,0,normal,0,1,0,publication_date,,0.99993187,-0.6813,0.6813,3.23786,-2.55656,2.3425199999999995,0.0,0.0,0.0,42733569536.0,RQI_DII_v1.0,frozen_confirmed_by_researcher,1,multi_issuer_ready_event_extension_source_verification_pending
USDC_ASSURANCE_2023_01,USDC,USDC,scheduled,2023-03-02,2023-03-04,2,1,scheduled_monthly_assurance,1,0,0,normal,0,1,0,publication_date,,0.99971826,-2.8174,2.8174,8.0608,-5.2434,-2.8525999999999985,0.0,0.0,0.0,43030344187.0,RQI_DII_v1.0,frozen_confirmed_by_researcher,1,multi_issuer_ready_event_extension_source_verification_pending
USDC_ASSURANCE_2023_01,USDC,USDC,scheduled,2023-03-02,2023-03-05,3,1,scheduled_monthly_assurance,1,0,0,normal,0,1,0,publication_date,,0.99999779,-0.0221,0.0221,2.50122,-2.47912,-1.45248,0.0,0.0,0.0,43263764661.0,RQI_DII_v1.0,frozen_confirmed_by_researcher,1,multi_issuer_ready_event_extension_source_verification_pending
USDC_ASSURANCE_2023_01,USDC,USDC,scheduled,2023-03-02,2023-03-06,4,1,scheduled_monthly_assurance,1,0,0,normal,0,1,0,publication_date,,1.0,0.0,0.0,3.9304999999999994,-3.9304999999999994,1.0609399999999998,0.0,0.0,0.0,43528688984.0,RQI_DII_v1.0,frozen_confirmed_by_researcher,1,multi_issuer_ready_event_extension_source_verification_pending
USDC_ASSURANCE_2023_01,USDC,USDC,scheduled,2023-03-02,2023-03-07,5,1,scheduled_monthly_assurance,1,0,0,normal,0,1,0,publication_date,,0.99998374,-0.1626,0.1626,4.77182,-4.60922,-0.0787399999999998,0.0,0.0,0.0,43328271994.0,RQI_DII_v1.0,frozen_confirmed_by_researcher,1,multi_issuer_ready_event_extension_source_verification_pending
USDC_ASSURANCE_2023_01,USDC,USDC,scheduled,2023-03-02,2023-03-08,6,1,scheduled_monthly_assurance,1,0,0,normal,0,1,0,publication_date,,0.99999517,-0.0483,0.0483,3.00346,-2.9551600000000002,1.37536,0.0,0.0,0.0,43267308581.0,RQI_DII_v1.0,frozen_confirmed_by_researcher,1,multi_issuer_ready_event_extension_source_verification_pending
USDC_ASSURANCE_2023_01,USDC,USDC,scheduled,2023-03-02,2023-03-09,7,1,scheduled_monthly_assurance,1,0,0,normal,0,1,0,publication_date,,0.99996381,-0.3619,0.3619,8.34426,-7.98236,7.98236,0.0,0.0,0.0,43236863608.0,RQI_DII_v1.0,frozen_confirmed_by_researcher,1,multi_issuer_ready_event_extension_source_verification_pending
USDC_ASSURANCE_2023_01,USDC,USDC,scheduled,2023-03-02,2023-03-10,8,1,scheduled_monthly_assurance,1,0,1,banking_stress,0,1,0,publication_date,,1.0,0.0,0.0,2.04848,-2.04848,0.14784000000000005,0.0,0.0,0.0,43215704750.0,RQI_DII_v1.0,frozen_confirmed_by_researcher,1,multi_issuer_ready_event_extension_source_verification_pending
USDC_ASSURANCE_2023_01,USDC,USDC,scheduled,2023-03-02,2023-03-11,9,1,scheduled_monthly_assurance,1,0,1,banking_stress,0,1,0,publication_date,,0.99755917,-24.4083,24.4083,16.962939999999996,7.445360000000004,-21.586640000000003,0.0,0.0,0.0,42240022863.0,RQI_DII_v1.0,frozen_confirmed_by_researcher,1,multi_issuer_ready_event_extension_source_verification_pending
USDC_ASSURANCE_2023_01,USDC,USDC,scheduled,2023-03-02,2023-03-12,10,1,scheduled_monthly_assurance,1,0,1,banking_stress,0,1,0,publication_date,,0.961065,-389.34999999999997,389.34999999999997,43.288,346.06199999999995,-346.06199999999995,1.0,1.0,0.4,40701238382.0,RQI_DII_v1.0,frozen_confirmed_by_researcher,1,multi_issuer_ready_event_extension_source_verification_pending
USDC_ASSURANCE_2023_01,USDC,USDC,scheduled,2023-03-02,2023-03-13,11,1,scheduled_monthly_assurance,1,0,1,banking_stress,0,1,0,publication_date,,0.991923,-80.77000000000001,80.77000000000001,54.56200000000001,26.208,-118.20800000000001,1.0,0.0,0.4,40508959693.0,RQI_DII_v1.0,frozen_confirmed_by_researcher,1,multi_issuer_ready_event_extension_source_verification_pending
USDC_ASSURANCE_2023_01,USDC,USDC,scheduled,2023-03-02,2023-03-14,12,1,scheduled_monthly_assurance,1,0,1,banking_stress,0,1,0,publication_date,,0.999427,-5.73,5.73,17.211999999999996,-11.481999999999996,-20.518,0.0,0.0,0.0,39122649562.0,RQI_DII_v1.0,frozen_confirmed_by_researcher,1,multi_issuer_ready_event_extension_source_verification_pending
USDC_ASSURANCE_2023_01,USDC,USDC,scheduled,2023-03-02,2023-03-15,13,1,scheduled_monthly_assurance,1,0,1,banking_stress,0,1,0,publication_date,,0.997236,-27.64,27.64,15.985999999999999,11.654000000000002,-15.654000000000002,0.0,0.0,0.0,38147370246.0,RQI_DII_v1.0,frozen_confirmed_by_researcher,1,multi_issuer_ready_event_extension_source_verification_pending
USDC_ASSURANCE_2023_01,USDC,USDC,scheduled,2023-03-02,2023-03-16,14,1,scheduled_monthly_assurance,1,0,1,banking_stress,0,1,0,publication_date,,1.002,20.0,20.0,34.0,-14.0,-14.0,0.0,0.0,0.4,37241993774.0,RQI_DII_v1.0,frozen_confirmed_by_researcher,1,multi_issuer_ready_event_extension_source_verification_pending
USDC_ASSURANCE_2023_02,USDC,USDC,scheduled,2023-03-30,2023-03-16,-14,1,scheduled_monthly_assurance,1,0,1,banking_stress,0,1,0,publication_date,,1.002,20.0,20.0,34.0,-14.0,-14.0,0.0,0.0,0.4,37241993774.0,RQI_DII_v1.0,frozen_confirmed_by_researcher,1,multi_issuer_ready_event_extension_source_verification_pending
USDC_ASSURANCE_2023_02,USDC,USDC,scheduled,2023-03-30,2023-03-17,-13,1,scheduled_monthly_assurance,1,0,1,banking_stress,0,1,0,publication_date,,1.004,40.0,40.0,30.208,9.792000000000002,10.207999999999998,0.0,0.0,0.2,36665449561.0,RQI_DII_v1.0,frozen_confirmed_by_researcher,1,multi_issuer_ready_event_extension_source_verification_pending
USDC_ASSURANCE_2023_02,USDC,USDC,scheduled,2023-03-30,2023-03-18,-12,1,scheduled_monthly_assurance,1,0,1,banking_stress,0,1,0,publication_date,,1.003,30.0,30.0,24.0,6.0,6.0,0.0,0.0,0.0,35941148944.0,RQI_DII_v1.0,frozen_confirmed_by_researcher,1,multi_issuer_ready_event_extension_source_verification_pending
USDC_ASSURANCE_2023_02,USDC,USDC,scheduled,2023-03-30,2023-03-19,-11,1,scheduled_monthly_assurance,1,0,1,banking_stress,0,1,0,publication_date,,1.005,50.0,50.0,54.0,-4.0,-4.0,0.0,0.0,0.8,35936428703.0,RQI_DII_v1.0,frozen_confirmed_by_researcher,1,multi_issuer_ready_event_extension_source_verification_pending
USDC_ASSURANCE_2023_02,USDC,USDC,scheduled,2023-03-30,2023-03-20,-10,1,scheduled_monthly_assurance,1,0,1,banking_stress,0,1,0,publication_date,,1.004,40.0,40.0,52.0,-12.0,-12.0,0.0,0.0,0.8,35904967993.0,RQI_DII_v1.0,frozen_confirmed_by_researcher,1,multi_issuer_ready_event_extension_source_verification_pending
USDC_ASSURANCE_2023_02,USDC,USDC,scheduled,2023-03-30,2023-03-21,-9,1,scheduled_monthly_assurance,1,0,0,normal,0,1,0,publication_date,,1.006,60.0,60.0,74.0,-14.0,-14.0,1.0,0.0,0.8,35167888324.0,RQI_DII_v1.0,frozen_confirmed_by_researcher,1,multi_issuer_ready_event_extension_source_verification_pending
USDC_ASSURANCE_2023_02,USDC,USDC,scheduled,2023-03-30,2023-03-22,-8,1,scheduled_monthly_assurance,1,0,0,normal,0,1,0,publication_date,,1.002,20.0,20.0,38.0,-18.0,-18.0,0.0,0.0,0.4,35058516676.0,RQI_DII_v1.0,frozen_confirmed_by_researcher,1,multi_issuer_ready_event_extension_source_verification_pending
USDC_ASSURANCE_2023_02,USDC,USDC,scheduled,2023-03-30,2023-03-23,-7,1,scheduled_monthly_assurance,1,0,0,normal,0,1,0,publication_date,,1.004,40.0,40.0,46.0,-6.0,-6.0,0.0,0.0,0.6,34604202521.0,RQI_DII_v1.0,frozen_confirmed_by_researcher,1,multi_issuer_ready_event_extension_source_verification_pending
USDC_ASSURANCE_2023_02,USDC,USDC,scheduled,2023-03-30,2023-03-24,-6,1,scheduled_monthly_assurance,1,0,0,normal,0,1,0,publication_date,,1.002,20.0,20.0,30.0,-10.0,-10.0,0.0,0.0,0.0,34266768501.0,RQI_DII_v1.0,frozen_confirmed_by_researcher,1,multi_issuer_ready_event_extension_source_verification_pending
USDC_ASSURANCE_2023_02,USDC,USDC,scheduled,2023-03-30,2023-03-25,-5,1,scheduled_monthly_assurance,1,0,0,normal,0,1,0,publication_date,,1.006,60.0,60.0,56.0,4.0,4.0,1.0,0.0,0.8,33739975032.0,RQI_DII_v1.0,frozen_confirmed_by_researcher,1,multi_issuer_ready_event_extension_source_verification_pending
USDC_ASSURANCE_2023_02,USDC,USDC,scheduled,2023-03-30,2023-03-26,-4,1,scheduled_monthly_assurance,1,0,0,normal,0,1,0,publication_date,,1.006,60.0,60.0,58.0,2.0,2.0,1.0,0.0,0.8,33727878370.0,RQI_DII_v1.0,frozen_confirmed_by_researcher,1,multi_issuer_ready_event_extension_source_verification_pending
USDC_ASSURANCE_2023_02,USDC,USDC,scheduled,2023-03-30,2023-03-27,-3,1,scheduled_monthly_assurance,1,0,0,normal,0,1,0,publication_date,,1.001,10.0,10.0,5.984,4.016,7.984,0.0,0.0,0.0,33694128156.0,RQI_DII_v1.0,frozen_confirmed_by_researcher,1,multi_issuer_ready_event_extension_source_verification_pending
USDC_ASSURANCE_2023_02,USDC,USDC,scheduled,2023-03-30,2023-03-28,-2,1,scheduled_monthly_assurance,1,0,0,normal,0,1,0,publication_date,,0.999553,-4.470000000000001,4.470000000000001,12.0,-7.529999999999999,-16.47,0.0,0.0,0.0,33270047399.0,RQI_DII_v1.0,frozen_confirmed_by_researcher,1,multi_issuer_ready_event_extension_source_verification_pending
USDC_ASSURANCE_2023_02,USDC,USDC,scheduled,2023-03-30,2023-03-29,-1,1,scheduled_monthly_assurance,1,0,0,normal,0,1,0,publication_date,,1.0,0.0,0.0,6.866,-6.866,-5.134,0.0,0.0,0.0,32974356407.0,RQI_DII_v1.0,frozen_confirmed_by_researcher,1,multi_issuer_ready_event_extension_source_verification_pending
USDC_ASSURANCE_2023_02,USDC,USDC,scheduled,2023-03-30,2023-03-30,0,1,scheduled_monthly_assurance,1,0,0,normal,0,1,0,publication_date,,0.99998,-0.2,0.2,3.214,-3.014,-0.986,0.0,0.0,0.0,32932518071.0,RQI_DII_v1.0,frozen_confirmed_by_researcher,1,multi_issuer_ready_event_extension_source_verification_pending
USDC_ASSURANCE_2023_02,USDC,USDC,scheduled,2023-03-30,2023-03-31,1,1,scheduled_monthly_assurance,1,0,0,normal,0,1,0,publication_date,,1.001,10.0,10.0,16.0,-6.0,-6.0,0.0,0.0,0.0,32636560866.0,RQI_DII_v1.0,frozen_confirmed_by_researcher,1,multi_issuer_ready_event_extension_source_verification_pending
USDC_ASSURANCE_2023_02,USDC,USDC,scheduled,2023-03-30,2023-04-01,2,1,scheduled_monthly_assurance,1,0,0,normal,0,1,0,publication_date,,1.001,10.0,10.0,8.0,2.0,2.0,0.0,0.0,0.0,32303667100.0,RQI_DII_v1.0,frozen_confirmed_by_researcher,1,multi_issuer_ready_event_extension_source_verification_pending
USDC_ASSURANCE_2023_02,USDC,USDC,scheduled,2023-03-30,2023-04-02,3,1,scheduled_monthly_assurance,1,0,0,normal,0,1,0,publication_date,,1.0,0.0,0.0,5.296,-5.296,-2.7039999999999997,0.0,0.0,0.0,32257156995.0,RQI_DII_v1.0,frozen_confirmed_by_researcher,1,multi_issuer_ready_event_extension_source_verification_pending
USDC_ASSURANCE_2023_02,USDC,USDC,scheduled,2023-03-30,2023-04-03,4,1,scheduled_monthly_assurance,1,0,0,normal,0,1,0,publication_date,,1.0,0.0,0.0,6.0,-6.0,-6.0,0.0,0.0,0.0,32282703938.0,RQI_DII_v1.0,frozen_confirmed_by_researcher,1,multi_issuer_ready_event_extension_source_verification_pending
USDC_ASSURANCE_2023_02,USDC,USDC,scheduled,2023-03-30,2023-04-04,5,1,scheduled_monthly_assurance,1,0,0,normal,0,1,0,publication_date,,0.999839,-1.61,1.61,7.452,-5.842,-2.1580000000000004,0.0,0.0,0.0,32449617881.0,RQI_DII_v1.0,frozen_confirmed_by_researcher,1,multi_issuer_ready_event_extension_source_verification_pending
USDC_ASSURANCE_2023_02,USDC,USDC,scheduled,2023-03-30,2023-04-05,6,1,scheduled_monthly_assurance,1,0,0,normal,0,1,0,publication_date,,0.998922,-10.78,10.78,4.223999999999999,6.556,-14.556000000000001,0.0,0.0,0.0,32407039231.0,RQI_DII_v1.0,frozen_confirmed_by_researcher,1,multi_issuer_ready_event_extension_source_verification_pending
USDC_ASSURANCE_2023_02,USDC,USDC,scheduled,2023-03-30,2023-04-06,7,1,scheduled_monthly_assurance,1,0,0,normal,0,1,0,publication_date,,1.0,0.0,0.0,5.632,-5.632,1.6319999999999997,0.0,0.0,0.0,32333242461.0,RQI_DII_v1.0,frozen_confirmed_by_researcher,1,multi_issuer_ready_event_extension_source_verification_pending
USDC_ASSURANCE_2023_02,USDC,USDC,scheduled,2023-03-30,2023-04-07,8,1,scheduled_monthly_assurance,1,0,0,normal,0,1,0,publication_date,,0.999435,-5.6499999999999995,5.6499999999999995,6.07,-0.4200000000000008,-7.579999999999999,0.0,0.0,0.0,32498903573.0,RQI_DII_v1.0,frozen_confirmed_by_researcher,1,multi_issuer_ready_event_extension_source_verification_pending
USDC_ASSURANCE_2023_02,USDC,USDC,scheduled,2023-03-30,2023-04-08,9,1,scheduled_monthly_assurance,1,0,0,normal,0,1,0,publication_date,,1.001,10.0,10.0,8.0,2.0,2.0,0.0,0.0,0.0,32409005519.0,RQI_DII_v1.0,frozen_confirmed_by_researcher,1,multi_issuer_ready_event_extension_source_verification_pending
USDC_ASSURANCE_2023_02,USDC,USDC,scheduled,2023-03-30,2023-04-09,10,1,scheduled_monthly_assurance,1,0,0,normal,0,1,0,publication_date,,1.003,30.0,30.0,16.0,14.0,14.0,0.0,0.0,0.0,32414633407.0,RQI_DII_v1.0,frozen_confirmed_by_researcher,1,multi_issuer_ready_event_extension_source_verification_pending
USDC_ASSURANCE_2023_02,USDC,USDC,scheduled,2023-03-30,2023-04-10,11,1,scheduled_monthly_assurance,1,0,0,normal,0,1,0,publication_date,,1.0,0.0,0.0,2.12,-2.12,-1.8800000000000001,0.0,0.0,0.0,32388899420.0,RQI_DII_v1.0,frozen_confirmed_by_researcher,1,multi_issuer_ready_event_extension_source_verification_pending
USDC_ASSURANCE_2023_02,USDC,USDC,scheduled,2023-03-30,2023-04-11,12,1,scheduled_monthly_assurance,1,0,0,normal,0,1,0,publication_date,,1.0,0.0,0.0,12.0,-12.0,-12.0,0.0,0.0,0.0,32284733541.0,RQI_DII_v1.0,frozen_confirmed_by_researcher,1,multi_issuer_ready_event_extension_source_verification_pending
USDC_ASSURANCE_2023_02,USDC,USDC,scheduled,2023-03-30,2023-04-12,13,1,scheduled_monthly_assurance,1,0,0,normal,0,1,0,publication_date,,0.999611,-3.89,3.89,6.0,-2.11,-9.89,0.0,0.0,0.0,32230384840.0,RQI_DII_v1.0,frozen_confirmed_by_researcher,1,multi_issuer_ready_event_extension_source_verification_pending
USDC_ASSURANCE_2023_02,USDC,USDC,scheduled,2023-03-30,2023-04-13,14,1,scheduled_monthly_assurance,1,0,0,normal,0,1,0,publication_date,,1.001,10.0,10.0,14.0,-4.0,-4.0,0.0,0.0,0.0,31956305488.0,RQI_DII_v1.0,frozen_confirmed_by_researcher,1,multi_issuer_ready_event_extension_source_verification_pending
USDC_ASSURANCE_2023_03,USDC,USDC,scheduled,2023-04-28,2023-04-14,-14,1,scheduled_monthly_assurance,1,0,0,normal,0,0,0,publication_date,,1.001,10.0,10.0,20.0,-10.0,-10.0,0.0,0.0,0.0,31818784163.0,RQI_DII_v1.0,frozen_confirmed_by_researcher,1,multi_issuer_ready_event_extension_source_verification_pending
USDC_ASSURANCE_2023_03,USDC,USDC,scheduled,2023-04-28,2023-04-15,-13,1,scheduled_monthly_assurance,1,0,0,normal,0,0,0,publication_date,,1.0,0.0,0.0,14.0,-14.0,-14.0,0.0,0.0,0.0,31730250194.0,RQI_DII_v1.0,frozen_confirmed_by_researcher,1,multi_issuer_ready_event_extension_source_verification_pending
USDC_ASSURANCE_2023_03,USDC,USDC,scheduled,2023-04-28,2023-04-16,-12,1,scheduled_monthly_assurance,1,0,0,normal,0,0,0,publication_date,,0.99915,-8.5,8.5,6.796000000000001,1.7039999999999988,-13.704,0.0,0.0,0.0,31719893286.0,RQI_DII_v1.0,frozen_confirmed_by_researcher,1,multi_issuer_ready_event_extension_source_verification_pending
USDC_ASSURANCE_2023_03,USDC,USDC,scheduled,2023-04-28,2023-04-17,-11,1,scheduled_monthly_assurance,1,0,0,normal,0,0,0,publication_date,,1.001,10.0,10.0,26.926,-16.926,36.926,0.0,0.0,0.4,31712495329.0,RQI_DII_v1.0,frozen_confirmed_by_researcher,1,multi_issuer_ready_event_extension_source_verification_pending
USDC_ASSURANCE_2023_03,USDC,USDC,scheduled,2023-04-28,2023-04-18,-10,1,scheduled_monthly_assurance,1,0,0,normal,0,0,0,publication_date,,0.999951,-0.49,0.49,5.58,-5.09,1.09,0.0,0.0,0.0,31555277526.0,RQI_DII_v1.0,frozen_confirmed_by_researcher,1,multi_issuer_ready_event_extension_source_verification_pending
USDC_ASSURANCE_2023_03,USDC,USDC,scheduled,2023-04-28,2023-04-19,-9,1,scheduled_monthly_assurance,1,0,0,normal,0,0,0,publication_date,,0.999028,-9.72,9.72,6.312,3.4080000000000004,-3.4080000000000004,0.0,0.0,0.0,31299324778.0,RQI_DII_v1.0,frozen_confirmed_by_researcher,1,multi_issuer_ready_event_extension_source_verification_pending
USDC_ASSURANCE_2023_03,USDC,USDC,scheduled,2023-04-28,2023-04-20,-8,1,scheduled_monthly_assurance,1,0,0,normal,0,0,0,publication_date,,0.999479,-5.21,5.21,7.754,-2.5439999999999996,-5.4559999999999995,0.0,0.0,0.0,31064197710.0,RQI_DII_v1.0,frozen_confirmed_by_researcher,1,multi_issuer_ready_event_extension_source_verification_pending
USDC_ASSURANCE_2023_03,USDC,USDC,scheduled,2023-04-28,2023-04-21,-7,1,scheduled_monthly_assurance,1,0,0,normal,0,0,0,publication_date,,1.0,0.0,0.0,4.6659999999999995,-4.6659999999999995,4.6659999999999995,0.0,0.0,0.0,30884081501.0,RQI_DII_v1.0,frozen_confirmed_by_researcher,1,multi_issuer_ready_event_extension_source_verification_pending
USDC_ASSURANCE_2023_03,USDC,USDC,scheduled,2023-04-28,2023-04-22,-6,1,scheduled_monthly_assurance,1,0,0,normal,0,0,0,publication_date,,0.999958,-0.42,0.42,2.0,-1.58,-2.42,0.0,0.0,0.0,30664888394.0,RQI_DII_v1.0,frozen_confirmed_by_researcher,1,multi_issuer_ready_event_extension_source_verification_pending
USDC_ASSURANCE_2023_03,USDC,USDC,scheduled,2023-04-28,2023-04-23,-5,1,scheduled_monthly_assurance,1,0,0,normal,0,0,0,publication_date,,1.0,0.0,0.0,4.0,-4.0,-4.0,0.0,0.0,0.0,30667366228.0,RQI_DII_v1.0,frozen_confirmed_by_researcher,1,multi_issuer_ready_event_extension_source_verification_pending
USDC_ASSURANCE_2023_03,USDC,USDC,scheduled,2023-04-28,2023-04-24,-4,1,scheduled_monthly_assurance,1,0,0,normal,0,0,0,publication_date,,1.0,0.0,0.0,13.931999999999999,-13.931999999999999,9.931999999999999,0.0,0.0,0.0,30705390817.0,RQI_DII_v1.0,frozen_confirmed_by_researcher,1,multi_issuer_ready_event_extension_source_verification_pending
USDC_ASSURANCE_2023_03,USDC,USDC,scheduled,2023-04-28,2023-04-25,-3,1,scheduled_monthly_assurance,1,0,0,normal,0,0,0,publication_date,,0.998292,-17.080000000000002,17.080000000000002,7.090000000000001,9.990000000000002,-17.990000000000002,0.0,0.0,0.0,30617967502.0,RQI_DII_v1.0,frozen_confirmed_by_researcher,1,multi_issuer_ready_event_extension_source_verification_pending
USDC_ASSURANCE_2023_03,USDC,USDC,scheduled,2023-04-28,2023-04-26,-2,1,scheduled_monthly_assurance,1,0,0,normal,0,0,0,publication_date,,0.998804,-11.96,11.96,11.685999999999996,0.27400000000000446,-0.27400000000000446,0.0,0.0,0.0,30625258750.0,RQI_DII_v1.0,frozen_confirmed_by_researcher,1,multi_issuer_ready_event_extension_source_verification_pending
USDC_ASSURANCE_2023_03,USDC,USDC,scheduled,2023-04-28,2023-04-27,-1,1,scheduled_monthly_assurance,1,0,0,normal,0,0,0,publication_date,,0.994814,-51.86,51.86,37.2,14.659999999999997,-62.66,1.0,0.0,0.4,30662870800.0,RQI_DII_v1.0,frozen_confirmed_by_researcher,1,multi_issuer_ready_event_extension_source_verification_pending
USDC_ASSURANCE_2023_03,USDC,USDC,scheduled,2023-04-28,2023-04-28,0,1,scheduled_monthly_assurance,1,0,0,normal,0,0,0,publication_date,,1.002,20.0,20.0,12.0,8.0,8.0,0.0,0.0,0.0,30386597197.0,RQI_DII_v1.0,frozen_confirmed_by_researcher,1,multi_issuer_ready_event_extension_source_verification_pending
USDC_ASSURANCE_2023_03,USDC,USDC,scheduled,2023-04-28,2023-04-29,1,1,scheduled_monthly_assurance,1,0,0,normal,0,0,0,publication_date,,1.0,0.0,0.0,8.61,-8.61,-3.3899999999999997,0.0,0.0,0.0,30412015930.0,RQI_DII_v1.0,frozen_confirmed_by_researcher,1,multi_issuer_ready_event_extension_source_verification_pending
USDC_ASSURANCE_2023_03,USDC,USDC,scheduled,2023-04-28,2023-04-30,2,1,scheduled_monthly_assurance,1,0,0,normal,0,0,0,publication_date,,1.0,0.0,0.0,8.788,-8.788,0.7879999999999996,0.0,0.0,0.0,30424065351.0,RQI_DII_v1.0,frozen_confirmed_by_researcher,1,multi_issuer_ready_event_extension_source_verification_pending
USDC_ASSURANCE_2023_03,USDC,USDC,scheduled,2023-04-28,2023-05-01,3,1,scheduled_monthly_assurance,1,0,0,normal,0,0,0,publication_date,,0.999723,-2.77,2.77,25.768,-22.998,-25.002,0.0,0.0,0.2,30419648018.0,RQI_DII_v1.0,frozen_confirmed_by_researcher,1,multi_issuer_ready_event_extension_source_verification_pending
USDC_ASSURANCE_2023_03,USDC,USDC,scheduled,2023-04-28,2023-05-02,4,1,scheduled_monthly_assurance,1,0,0,normal,0,0,0,publication_date,,0.998605,-13.95,13.95,8.324000000000002,5.625999999999998,-17.625999999999998,0.0,0.0,0.0,30291416902.0,RQI_DII_v1.0,frozen_confirmed_by_researcher,1,multi_issuer_ready_event_extension_source_verification_pending
USDC_ASSURANCE_2023_03,USDC,USDC,scheduled,2023-04-28,2023-05-03,5,1,scheduled_monthly_assurance,1,0,0,normal,0,0,0,publication_date,,1.001,10.0,10.0,5.606,4.394,7.606,0.0,0.0,0.0,30132733507.0,RQI_DII_v1.0,frozen_confirmed_by_researcher,1,multi_issuer_ready_event_extension_source_verification_pending
USDC_ASSURANCE_2023_03,USDC,USDC,scheduled,2023-04-28,2023-05-04,6,1,scheduled_monthly_assurance,1,0,0,normal,0,0,0,publication_date,,0.999219,-7.8100000000000005,7.8100000000000005,7.117999999999999,0.6920000000000011,-8.692,0.0,0.0,0.0,30096319366.0,RQI_DII_v1.0,frozen_confirmed_by_researcher,1,multi_issuer_ready_event_extension_source_verification_pending
USDC_ASSURANCE_2023_03,USDC,USDC,scheduled,2023-04-28,2023-05-05,7,1,scheduled_monthly_assurance,1,0,0,normal,0,0,0,publication_date,,0.99914,-8.6,8.6,2.2899999999999996,6.3100000000000005,-10.31,0.0,0.0,0.0,30017224466.0,RQI_DII_v1.0,frozen_confirmed_by_researcher,1,multi_issuer_ready_event_extension_source_verification_pending
USDC_ASSURANCE_2023_03,USDC,USDC,scheduled,2023-04-28,2023-05-06,8,1,scheduled_monthly_assurance,1,0,0,normal,0,0,0,publication_date,,1.001,10.0,10.0,10.514,-0.5139999999999993,4.514,0.0,0.0,0.0,30289369213.0,RQI_DII_v1.0,frozen_confirmed_by_researcher,1,multi_issuer_ready_event_extension_source_verification_pending
USDC_ASSURANCE_2023_03,USDC,USDC,scheduled,2023-04-28,2023-05-07,9,1,scheduled_monthly_assurance,1,0,0,normal,0,0,0,publication_date,,0.998746,-12.54,12.54,11.416,1.1239999999999988,-9.123999999999999,0.0,0.0,0.0,30291156896.0,RQI_DII_v1.0,frozen_confirmed_by_researcher,1,multi_issuer_ready_event_extension_source_verification_pending
USDC_ASSURANCE_2023_03,USDC,USDC,scheduled,2023-04-28,2023-05-08,10,1,scheduled_monthly_assurance,1,0,0,normal,0,0,0,publication_date,,0.998715,-12.85,12.85,6.033999999999999,6.816000000000001,-10.815999999999999,0.0,0.0,0.0,30286797412.0,RQI_DII_v1.0,frozen_confirmed_by_researcher,1,multi_issuer_ready_event_extension_source_verification_pending
USDC_ASSURANCE_2023_03,USDC,USDC,scheduled,2023-04-28,2023-05-09,11,1,scheduled_monthly_assurance,1,0,0,normal,0,0,0,publication_date,,0.999914,-0.86,0.86,4.0,-3.14,-4.86,0.0,0.0,0.0,30111308894.0,RQI_DII_v1.0,frozen_confirmed_by_researcher,1,multi_issuer_ready_event_extension_source_verification_pending
USDC_ASSURANCE_2023_03,USDC,USDC,scheduled,2023-04-28,2023-05-10,12,1,scheduled_monthly_assurance,1,0,0,normal,0,0,0,publication_date,,1.003,30.0,30.0,22.0,8.0,8.0,0.0,0.0,0.0,30010030173.0,RQI_DII_v1.0,frozen_confirmed_by_researcher,1,multi_issuer_ready_event_extension_source_verification_pending
USDC_ASSURANCE_2023_03,USDC,USDC,scheduled,2023-04-28,2023-05-11,13,1,scheduled_monthly_assurance,1,0,0,normal,0,0,0,publication_date,,0.998717,-12.83,12.83,6.246,6.584,-10.584,0.0,0.0,0.0,29994362906.0,RQI_DII_v1.0,frozen_confirmed_by_researcher,1,multi_issuer_ready_event_extension_source_verification_pending
USDC_ASSURANCE_2023_03,USDC,USDC,scheduled,2023-04-28,2023-05-12,14,1,scheduled_monthly_assurance,1,0,0,normal,0,0,0,publication_date,,1.001,10.0,10.0,6.5040000000000004,3.4959999999999996,8.504,0.0,0.0,0.0,29818130401.0,RQI_DII_v1.0,frozen_confirmed_by_researcher,1,multi_issuer_ready_event_extension_source_verification_pending
USDC_ASSURANCE_2023_04,USDC,USDC,scheduled,2023-05-30,2023-05-16,-14,1,scheduled_monthly_assurance,1,0,0,normal,0,0,0,publication_date,,1.003,30.0,30.0,9.252,20.747999999999998,23.252000000000002,0.0,0.0,0.0,29689440555.0,RQI_DII_v1.0,frozen_confirmed_by_researcher,1,multi_issuer_ready_event_extension_source_verification_pending
USDC_ASSURANCE_2023_04,USDC,USDC,scheduled,2023-05-30,2023-05-17,-13,1,scheduled_monthly_assurance,1,0,0,normal,0,0,0,publication_date,,0.999913,-0.87,0.87,4.077999999999999,-3.2079999999999993,-0.7920000000000001,0.0,0.0,0.0,29588220775.0,RQI_DII_v1.0,frozen_confirmed_by_researcher,1,multi_issuer_ready_event_extension_source_verification_pending
USDC_ASSURANCE_2023_04,USDC,USDC,scheduled,2023-05-30,2023-05-18,-12,1,scheduled_monthly_assurance,1,0,0,normal,0,0,0,publication_date,,0.999407,-5.93,5.93,1.3399999999999999,4.59,-4.59,0.0,0.0,0.0,29429986717.0,RQI_DII_v1.0,frozen_confirmed_by_researcher,1,multi_issuer_ready_event_extension_source_verification_pending
USDC_ASSURANCE_2023_04,USDC,USDC,scheduled,2023-05-30,2023-05-19,-11,1,scheduled_monthly_assurance,1,0,0,normal,0,0,0,publication_date,,0.999962,-0.38,0.38,4.1240000000000006,-3.7440000000000007,3.7440000000000007,0.0,0.0,0.0,29551894825.0,RQI_DII_v1.0,frozen_confirmed_by_researcher,1,multi_issuer_ready_event_extension_source_verification_pending
USDC_ASSURANCE_2023_04,USDC,USDC,scheduled,2023-05-30,2023-05-20,-10,1,scheduled_monthly_assurance,1,0,0,normal,0,0,0,publication_date,,0.99978,-2.2,2.2,1.89,0.3100000000000003,-0.3100000000000003,0.0,0.0,0.0,29464247547.0,RQI_DII_v1.0,frozen_confirmed_by_researcher,1,multi_issuer_ready_event_extension_source_verification_pending
USDC_ASSURANCE_2023_04,USDC,USDC,scheduled,2023-05-30,2023-05-21,-9,1,scheduled_monthly_assurance,1,0,0,normal,0,0,0,publication_date,,1.001,10.0,10.0,5.998,4.002,7.997999999999999,0.0,0.0,0.0,29463701405.0,RQI_DII_v1.0,frozen_confirmed_by_researcher,1,multi_issuer_ready_event_extension_source_verification_pending
USDC_ASSURANCE_2023_04,USDC,USDC,scheduled,2023-05-30,2023-05-22,-8,1,scheduled_monthly_assurance,1,0,0,normal,0,0,0,publication_date,,0.999828,-1.72,1.72,5.858,-4.138,0.1379999999999999,0.0,0.0,0.0,29453865420.0,RQI_DII_v1.0,frozen_confirmed_by_researcher,1,multi_issuer_ready_event_extension_source_verification_pending
USDC_ASSURANCE_2023_04,USDC,USDC,scheduled,2023-05-30,2023-05-23,-7,1,scheduled_monthly_assurance,1,0,0,normal,0,0,0,publication_date,,1.0,0.0,0.0,0.0,0.0,0.0,0.0,0.0,0.0,29338327244.0,RQI_DII_v1.0,frozen_confirmed_by_researcher,1,multi_issuer_ready_event_extension_source_verification_pending
USDC_ASSURANCE_2023_04,USDC,USDC,scheduled,2023-05-30,2023-05-24,-6,1,scheduled_monthly_assurance,1,0,0,normal,0,0,0,publication_date,,1.0,0.0,0.0,3.9560000000000004,-3.9560000000000004,-0.04400000000000013,0.0,0.0,0.0,29199962411.0,RQI_DII_v1.0,frozen_confirmed_by_researcher,1,multi_issuer_ready_event_extension_source_verification_pending
USDC_ASSURANCE_2023_04,USDC,USDC,scheduled,2023-05-30,2023-05-25,-5,1,scheduled_monthly_assurance,1,0,0,normal,0,0,0,publication_date,,0.999431,-5.6899999999999995,5.6899999999999995,16.772,-11.081999999999999,11.081999999999999,0.0,0.0,0.0,28980952538.0,RQI_DII_v1.0,frozen_confirmed_by_researcher,1,multi_issuer_ready_event_extension_source_verification_pending
USDC_ASSURANCE_2023_04,USDC,USDC,scheduled,2023-05-30,2023-05-26,-4,1,scheduled_monthly_assurance,1,0,0,normal,0,0,0,publication_date,,1.001,10.0,10.0,3.0839999999999996,6.916,13.084,0.0,0.0,0.0,28911958700.0,RQI_DII_v1.0,frozen_confirmed_by_researcher,1,multi_issuer_ready_event_extension_source_verification_pending
USDC_ASSURANCE_2023_04,USDC,USDC,scheduled,2023-05-30,2023-05-27,-3,1,scheduled_monthly_assurance,1,0,0,normal,0,0,0,publication_date,,0.999195,-8.05,8.05,5.6259999999999994,2.4240000000000013,-2.4240000000000013,0.0,0.0,0.0,28934472209.0,RQI_DII_v1.0,frozen_confirmed_by_researcher,1,multi_issuer_ready_event_extension_source_verification_pending
USDC_ASSURANCE_2023_04,USDC,USDC,scheduled,2023-05-30,2023-05-28,-2,1,scheduled_monthly_assurance,1,0,0,normal,0,0,0,publication_date,,1.001,10.0,10.0,3.7299999999999995,6.2700000000000005,13.73,0.0,0.0,0.0,28911830429.0,RQI_DII_v1.0,frozen_confirmed_by_researcher,1,multi_issuer_ready_event_extension_source_verification_pending
USDC_ASSURANCE_2023_04,USDC,USDC,scheduled,2023-05-30,2023-05-29,-1,1,scheduled_monthly_assurance,1,0,0,normal,0,0,0,publication_date,,0.999463,-5.37,5.37,11.412000000000003,-6.0420000000000025,-5.957999999999999,0.0,0.0,0.0,28890114363.0,RQI_DII_v1.0,frozen_confirmed_by_researcher,1,multi_issuer_ready_event_extension_source_verification_pending
USDC_ASSURANCE_2023_04,USDC,USDC,scheduled,2023-05-30,2023-05-30,0,1,scheduled_monthly_assurance,1,0,0,normal,0,0,0,publication_date,,0.999876,-1.24,1.24,3.2220000000000004,-1.9820000000000004,-2.018,0.0,0.0,0.0,28934694880.0,RQI_DII_v1.0,frozen_confirmed_by_researcher,1,multi_issuer_ready_event_extension_source_verification_pending
USDC_ASSURANCE_2023_04,USDC,USDC,scheduled,2023-05-30,2023-05-31,1,1,scheduled_monthly_assurance,1,0,0,normal,0,0,0,publication_date,,0.999685,-3.15,3.15,1.7779999999999998,1.372,-1.372,0.0,0.0,0.0,28862172572.0,RQI_DII_v1.0,frozen_confirmed_by_researcher,1,multi_issuer_ready_event_extension_source_verification_pending
USDC_ASSURANCE_2023_04,USDC,USDC,scheduled,2023-05-30,2023-06-01,2,1,scheduled_monthly_assurance,1,0,0,normal,0,0,0,publication_date,,0.999891,-1.09,1.09,5.11,-4.0200000000000005,0.020000000000000018,0.0,0.0,0.0,28704210739.0,RQI_DII_v1.0,frozen_confirmed_by_researcher,1,multi_issuer_ready_event_extension_source_verification_pending
USDC_ASSURANCE_2023_04,USDC,USDC,scheduled,2023-05-30,2023-06-02,3,1,scheduled_monthly_assurance,1,0,0,normal,0,0,0,publication_date,,0.998896,-11.04,11.04,6.548,4.491999999999999,-4.491999999999999,0.0,0.0,0.0,28779895324.0,RQI_DII_v1.0,frozen_confirmed_by_researcher,1,multi_issuer_ready_event_extension_source_verification_pending
USDC_ASSURANCE_2023_04,USDC,USDC,scheduled,2023-05-30,2023-06-03,4,1,scheduled_monthly_assurance,1,0,0,normal,0,0,0,publication_date,,0.999756,-2.44,2.44,2.232,0.20799999999999974,-4.208,0.0,0.0,0.0,28815987796.0,RQI_DII_v1.0,frozen_confirmed_by_researcher,1,multi_issuer_ready_event_extension_source_verification_pending
USDC_ASSURANCE_2023_04,USDC,USDC,scheduled,2023-05-30,2023-06-04,5,1,scheduled_monthly_assurance,1,0,0,normal,0,0,0,publication_date,,1.0,0.0,0.0,0.296,-0.296,0.296,0.0,0.0,0.0,28806110890.0,RQI_DII_v1.0,frozen_confirmed_by_researcher,1,multi_issuer_ready_event_extension_source_verification_pending
USDC_ASSURANCE_2023_04,USDC,USDC,scheduled,2023-05-30,2023-06-05,6,1,scheduled_monthly_assurance,1,0,0,normal,0,0,0,publication_date,,1.001,10.0,10.0,3.318,6.682,9.318,0.0,0.0,0.0,28809678103.0,RQI_DII_v1.0,frozen_confirmed_by_researcher,1,multi_issuer_ready_event_extension_source_verification_pending
USDC_ASSURANCE_2023_04,USDC,USDC,scheduled,2023-05-30,2023-06-06,7,1,scheduled_monthly_assurance,1,0,0,normal,0,0,0,publication_date,,1.0,0.0,0.0,2.9899999999999998,-2.9899999999999998,2.9899999999999998,0.0,0.0,0.0,28730168699.0,RQI_DII_v1.0,frozen_confirmed_by_researcher,1,multi_issuer_ready_event_extension_source_verification_pending
USDC_ASSURANCE_2023_04,USDC,USDC,scheduled,2023-05-30,2023-06-07,8,1,scheduled_monthly_assurance,1,0,0,normal,0,0,0,publication_date,,1.001,10.0,10.0,5.25,4.75,15.25,0.0,0.0,0.0,28576643749.0,RQI_DII_v1.0,frozen_confirmed_by_researcher,1,multi_issuer_ready_event_extension_source_verification_pending
USDC_ASSURANCE_2023_04,USDC,USDC,scheduled,2023-05-30,2023-06-08,9,1,scheduled_monthly_assurance,1,0,0,normal,0,0,0,publication_date,,1.001,10.0,10.0,6.172,3.8280000000000003,4.172,0.0,0.0,0.0,28427895540.0,RQI_DII_v1.0,frozen_confirmed_by_researcher,1,multi_issuer_ready_event_extension_source_verification_pending
USDC_ASSURANCE_2023_04,USDC,USDC,scheduled,2023-05-30,2023-06-09,10,1,scheduled_monthly_assurance,1,0,0,normal,0,0,0,publication_date,,0.999525,-4.75,4.75,7.058,-2.308,-5.692,0.0,0.0,0.0,28327264659.0,RQI_DII_v1.0,frozen_confirmed_by_researcher,1,multi_issuer_ready_event_extension_source_verification_pending
USDC_ASSURANCE_2023_04,USDC,USDC,scheduled,2023-05-30,2023-06-10,11,1,scheduled_monthly_assurance,1,0,0,normal,0,0,0,publication_date,,1.0,0.0,0.0,2.156,-2.156,2.156,0.0,0.0,0.0,28159526373.0,RQI_DII_v1.0,frozen_confirmed_by_researcher,1,multi_issuer_ready_event_extension_source_verification_pending
USDC_ASSURANCE_2023_04,USDC,USDC,scheduled,2023-05-30,2023-06-11,12,1,scheduled_monthly_assurance,1,0,0,normal,0,0,0,publication_date,,0.999773,-2.27,2.27,12.500000000000002,-10.230000000000002,6.23,0.0,0.0,0.0,28220558018.0,RQI_DII_v1.0,frozen_confirmed_by_researcher,1,multi_issuer_ready_event_extension_source_verification_pending
USDC_ASSURANCE_2023_04,USDC,USDC,scheduled,2023-05-30,2023-06-12,13,1,scheduled_monthly_assurance,1,0,0,normal,0,0,0,publication_date,,1.001,10.0,10.0,8.964,1.0359999999999996,10.964,0.0,0.0,0.0,28242043908.0,RQI_DII_v1.0,frozen_confirmed_by_researcher,1,multi_issuer_ready_event_extension_source_verification_pending
USDC_ASSURANCE_2023_04,USDC,USDC,scheduled,2023-05-30,2023-06-13,14,1,scheduled_monthly_assurance,1,0,0,normal,0,0,0,publication_date,,0.999757,-2.43,2.43,6.776000000000001,-4.346,-7.654,0.0,0.0,0.0,28157424516.0,RQI_DII_v1.0,frozen_confirmed_by_researcher,1,multi_issuer_ready_event_extension_source_verification_pending
USDC_ASSURANCE_2023_05,USDC,USDC,scheduled,2023-06-30,2023-06-16,-14,1,scheduled_monthly_assurance,1,0,0,normal,0,1,0,publication_date,,0.999716,-2.8400000000000003,2.8400000000000003,10.546,-7.7059999999999995,-0.29400000000000004,0.0,0.0,0.0,28043286178.0,RQI_DII_v1.0,frozen_confirmed_by_researcher,1,multi_issuer_ready_event_extension_source_verification_pending
USDC_ASSURANCE_2023_05,USDC,USDC,scheduled,2023-06-30,2023-06-17,-13,1,scheduled_monthly_assurance,1,0,0,normal,0,1,0,publication_date,,0.999677,-3.23,3.23,6.14,-2.9099999999999997,-5.09,0.0,0.0,0.0,28184210111.0,RQI_DII_v1.0,frozen_confirmed_by_researcher,1,multi_issuer_ready_event_extension_source_verification_pending
USDC_ASSURANCE_2023_05,USDC,USDC,scheduled,2023-06-30,2023-06-18,-12,1,scheduled_monthly_assurance,1,0,0,normal,0,1,0,publication_date,,0.999781,-2.19,2.19,9.834,-7.644,-8.356,0.0,0.0,0.0,28179885686.0,RQI_DII_v1.0,frozen_confirmed_by_researcher,1,multi_issuer_ready_event_extension_source_verification_pending
USDC_ASSURANCE_2023_05,USDC,USDC,scheduled,2023-06-30,2023-06-19,-11,1,scheduled_monthly_assurance,1,0,0,normal,0,1,0,publication_date,,1.0,0.0,0.0,4.76,-4.76,-3.2399999999999998,0.0,0.0,0.0,28169623820.0,RQI_DII_v1.0,frozen_confirmed_by_researcher,1,multi_issuer_ready_event_extension_source_verification_pending
USDC_ASSURANCE_2023_05,USDC,USDC,scheduled,2023-06-30,2023-06-20,-10,1,scheduled_monthly_assurance,1,0,0,normal,0,1,0,publication_date,,0.997649,-23.509999999999998,23.509999999999998,12.860000000000003,10.649999999999995,-34.65,0.0,0.0,0.0,28288385931.0,RQI_DII_v1.0,frozen_confirmed_by_researcher,1,multi_issuer_ready_event_extension_source_verification_pending
USDC_ASSURANCE_2023_05,USDC,USDC,scheduled,2023-06-30,2023-06-21,-9,1,scheduled_monthly_assurance,1,0,0,normal,0,1,0,publication_date,,1.002,20.0,20.0,24.0,-4.0,-4.0,0.0,0.0,0.0,28386070580.0,RQI_DII_v1.0,frozen_confirmed_by_researcher,1,multi_issuer_ready_event_extension_source_verification_pending
USDC_ASSURANCE_2023_05,USDC,USDC,scheduled,2023-06-30,2023-06-22,-8,1,scheduled_monthly_assurance,1,0,0,normal,0,1,0,publication_date,,1.0,0.0,0.0,12.819999999999999,-12.819999999999999,-3.1799999999999997,0.0,0.0,0.0,28272090673.0,RQI_DII_v1.0,frozen_confirmed_by_researcher,1,multi_issuer_ready_event_extension_source_verification_pending
USDC_ASSURANCE_2023_05,USDC,USDC,scheduled,2023-06-30,2023-06-23,-7,1,scheduled_monthly_assurance,1,0,0,normal,0,1,0,publication_date,,0.998508,-14.92,14.92,1.6679999999999997,13.252,-13.252,0.0,0.0,0.0,28246044320.0,RQI_DII_v1.0,frozen_confirmed_by_researcher,1,multi_issuer_ready_event_extension_source_verification_pending
USDC_ASSURANCE_2023_05,USDC,USDC,scheduled,2023-06-30,2023-06-24,-6,1,scheduled_monthly_assurance,1,0,0,normal,0,1,0,publication_date,,0.999729,-2.7099999999999995,2.7099999999999995,5.532,-2.8220000000000005,-1.177999999999999,0.0,0.0,0.0,28251005275.0,RQI_DII_v1.0,frozen_confirmed_by_researcher,1,multi_issuer_ready_event_extension_source_verification_pending
USDC_ASSURANCE_2023_05,USDC,USDC,scheduled,2023-06-30,2023-06-25,-5,1,scheduled_monthly_assurance,1,0,0,normal,0,1,0,publication_date,,1.001,10.0,10.0,9.722,0.27800000000000047,3.7219999999999995,0.0,0.0,0.0,28262272321.0,RQI_DII_v1.0,frozen_confirmed_by_researcher,1,multi_issuer_ready_event_extension_source_verification_pending
USDC_ASSURANCE_2023_05,USDC,USDC,scheduled,2023-06-30,2023-06-26,-4,1,scheduled_monthly_assurance,1,0,0,normal,0,1,0,publication_date,,1.0,0.0,0.0,5.561999999999999,-5.561999999999999,-2.438,0.0,0.0,0.0,28263130726.0,RQI_DII_v1.0,frozen_confirmed_by_researcher,1,multi_issuer_ready_event_extension_source_verification_pending
USDC_ASSURANCE_2023_05,USDC,USDC,scheduled,2023-06-30,2023-06-27,-3,1,scheduled_monthly_assurance,1,0,0,normal,0,1,0,publication_date,,1.001,10.0,10.0,1.0200000000000002,8.98,11.02,0.0,0.0,0.0,28166451378.0,RQI_DII_v1.0,frozen_confirmed_by_researcher,1,multi_issuer_ready_event_extension_source_verification_pending
USDC_ASSURANCE_2023_05,USDC,USDC,scheduled,2023-06-30,2023-06-28,-2,1,scheduled_monthly_assurance,1,0,0,normal,0,1,0,publication_date,,1.0,0.0,0.0,23.106,-23.106,-8.894,0.0,0.0,0.0,28018501696.0,RQI_DII_v1.0,frozen_confirmed_by_researcher,1,multi_issuer_ready_event_extension_source_verification_pending
USDC_ASSURANCE_2023_05,USDC,USDC,scheduled,2023-06-30,2023-06-29,-1,1,scheduled_monthly_assurance,1,0,0,normal,0,1,0,publication_date,,1.001,10.0,10.0,6.106,3.894,16.106,0.0,0.0,0.0,27905459706.0,RQI_DII_v1.0,frozen_confirmed_by_researcher,1,multi_issuer_ready_event_extension_source_verification_pending
USDC_ASSURANCE_2023_05,USDC,USDC,scheduled,2023-06-30,2023-06-30,0,1,scheduled_monthly_assurance,1,0,0,normal,0,1,0,publication_date,,0.999549,-4.51,4.51,3.3239999999999994,1.1860000000000004,-1.1860000000000004,0.0,0.0,0.0,27763697228.0,RQI_DII_v1.0,frozen_confirmed_by_researcher,1,multi_issuer_ready_event_extension_source_verification_pending
USDC_ASSURANCE_2023_05,USDC,USDC,scheduled,2023-06-30,2023-07-01,1,1,scheduled_monthly_assurance,1,0,0,normal,0,1,0,publication_date,,1.001,10.0,10.0,5.109999999999999,4.890000000000001,15.11,0.0,0.0,0.0,27172001888.0,RQI_DII_v1.0,frozen_confirmed_by_researcher,1,multi_issuer_ready_event_extension_source_verification_pending
USDC_ASSURANCE_2023_05,USDC,USDC,scheduled,2023-06-30,2023-07-02,2,1,scheduled_monthly_assurance,1,0,0,normal,0,1,0,publication_date,,0.999841,-1.5899999999999999,1.5899999999999999,7.603999999999999,-6.013999999999999,2.0140000000000002,0.0,0.0,0.0,27191545238.0,RQI_DII_v1.0,frozen_confirmed_by_researcher,1,multi_issuer_ready_event_extension_source_verification_pending
USDC_ASSURANCE_2023_05,USDC,USDC,scheduled,2023-06-30,2023-07-03,3,1,scheduled_monthly_assurance,1,0,0,normal,0,1,0,publication_date,,1.001,10.0,10.0,5.1579999999999995,4.8420000000000005,11.158,0.0,0.0,0.0,27196181304.0,RQI_DII_v1.0,frozen_confirmed_by_researcher,1,multi_issuer_ready_event_extension_source_verification_pending
USDC_ASSURANCE_2023_05,USDC,USDC,scheduled,2023-06-30,2023-07-04,4,1,scheduled_monthly_assurance,1,0,0,normal,0,1,0,publication_date,,0.999503,-4.970000000000001,4.970000000000001,6.0,-1.0299999999999994,-10.97,0.0,0.0,0.0,27477058846.0,RQI_DII_v1.0,frozen_confirmed_by_researcher,1,multi_issuer_ready_event_extension_source_verification_pending
USDC_ASSURANCE_2023_05,USDC,USDC,scheduled,2023-06-30,2023-07-05,5,1,scheduled_monthly_assurance,1,0,0,normal,0,1,0,publication_date,,1.001,10.0,10.0,2.154,7.846,8.154,0.0,0.0,0.0,27507765861.0,RQI_DII_v1.0,frozen_confirmed_by_researcher,1,multi_issuer_ready_event_extension_source_verification_pending
USDC_ASSURANCE_2023_05,USDC,USDC,scheduled,2023-06-30,2023-07-06,6,1,scheduled_monthly_assurance,1,0,0,normal,0,1,0,publication_date,,1.0,0.0,0.0,4.186,-4.186,0.18599999999999994,0.0,0.0,0.0,27454786106.0,RQI_DII_v1.0,frozen_confirmed_by_researcher,1,multi_issuer_ready_event_extension_source_verification_pending
USDC_ASSURANCE_2023_05,USDC,USDC,scheduled,2023-06-30,2023-07-07,7,1,scheduled_monthly_assurance,1,0,0,normal,0,1,0,publication_date,,0.99908,-9.200000000000001,9.200000000000001,5.419999999999999,3.780000000000002,-7.780000000000001,0.0,0.0,0.0,27311518780.0,RQI_DII_v1.0,frozen_confirmed_by_researcher,1,multi_issuer_ready_event_extension_source_verification_pending
USDC_ASSURANCE_2023_05,USDC,USDC,scheduled,2023-06-30,2023-07-08,8,1,scheduled_monthly_assurance,1,0,0,normal,0,1,0,publication_date,,0.99973,-2.7,2.7,4.0,-1.2999999999999998,-6.7,0.0,0.0,0.0,27252572704.0,RQI_DII_v1.0,frozen_confirmed_by_researcher,1,multi_issuer_ready_event_extension_source_verification_pending
USDC_ASSURANCE_2023_05,USDC,USDC,scheduled,2023-06-30,2023-07-09,9,1,scheduled_monthly_assurance,1,0,0,normal,0,1,0,publication_date,,0.999724,-2.76,2.76,2.96,-0.20000000000000018,0.20000000000000018,0.0,0.0,0.0,27250830533.0,RQI_DII_v1.0,frozen_confirmed_by_researcher,1,multi_issuer_ready_event_extension_source_verification_pending
USDC_ASSURANCE_2023_05,USDC,USDC,scheduled,2023-06-30,2023-07-10,10,1,scheduled_monthly_assurance,1,0,0,normal,0,1,0,publication_date,,0.999272,-7.28,7.28,17.724,-10.443999999999999,10.443999999999999,0.0,0.0,0.0,27255469177.0,RQI_DII_v1.0,frozen_confirmed_by_researcher,1,multi_issuer_ready_event_extension_source_verification_pending
USDC_ASSURANCE_2023_05,USDC,USDC,scheduled,2023-06-30,2023-07-11,11,1,scheduled_monthly_assurance,1,0,0,normal,0,1,0,publication_date,,0.999886,-1.1400000000000001,1.1400000000000001,3.912,-2.772,-1.2280000000000002,0.0,0.0,0.0,27148292506.0,RQI_DII_v1.0,frozen_confirmed_by_researcher,1,multi_issuer_ready_event_extension_source_verification_pending
USDC_ASSURANCE_2023_05,USDC,USDC,scheduled,2023-06-30,2023-07-12,12,1,scheduled_monthly_assurance,1,0,0,normal,0,1,0,publication_date,,0.999001,-9.99,9.99,2.6639999999999997,7.3260000000000005,-11.326,0.0,0.0,0.0,27099847012.0,RQI_DII_v1.0,frozen_confirmed_by_researcher,1,multi_issuer_ready_event_extension_source_verification_pending
USDC_ASSURANCE_2023_05,USDC,USDC,scheduled,2023-06-30,2023-07-13,13,1,scheduled_monthly_assurance,1,0,0,normal,0,1,0,publication_date,,0.999804,-1.96,1.96,4.068,-2.1079999999999997,-1.892,0.0,0.0,0.0,27027947193.0,RQI_DII_v1.0,frozen_confirmed_by_researcher,1,multi_issuer_ready_event_extension_source_verification_pending
USDC_ASSURANCE_2023_05,USDC,USDC,scheduled,2023-06-30,2023-07-14,14,1,scheduled_monthly_assurance,1,0,0,normal,0,1,0,publication_date,,1.0,0.0,0.0,6.522,-6.522,-5.478,0.0,0.0,0.0,27194829490.0,RQI_DII_v1.0,frozen_confirmed_by_researcher,1,multi_issuer_ready_event_extension_source_verification_pending
USDC_ASSURANCE_2023_06,USDC,USDC,scheduled,2023-07-28,2023-07-14,-14,1,scheduled_monthly_assurance,1,0,0,normal,0,1,0,publication_date,,1.0,0.0,0.0,6.522,-6.522,-5.478,0.0,0.0,0.0,27194829490.0,RQI_DII_v1.0,frozen_confirmed_by_researcher,1,multi_issuer_ready_event_extension_source_verification_pending
USDC_ASSURANCE_2023_06,USDC,USDC,scheduled,2023-07-28,2023-07-15,-13,1,scheduled_monthly_assurance,1,0,0,normal,0,1,0,publication_date,,0.999965,-0.35,0.35,4.0,-3.65,-4.35,0.0,0.0,0.0,27055369862.0,RQI_DII_v1.0,frozen_confirmed_by_researcher,1,multi_issuer_ready_event_extension_source_verification_pending
USDC_ASSURANCE_2023_06,USDC,USDC,scheduled,2023-07-28,2023-07-16,-12,1,scheduled_monthly_assurance,1,0,0,normal,0,1,0,publication_date,,0.99995,-0.5,0.5,6.0,-5.5,-6.5,0.0,0.0,0.0,27064232983.0,RQI_DII_v1.0,frozen_confirmed_by_researcher,1,multi_issuer_ready_event_extension_source_verification_pending
USDC_ASSURANCE_2023_06,USDC,USDC,scheduled,2023-07-28,2023-07-17,-11,1,scheduled_monthly_assurance,1,0,0,normal,0,1,0,publication_date,,0.99901,-9.9,9.9,4.57,5.33,-13.33,0.0,0.0,0.0,27084978762.0,RQI_DII_v1.0,frozen_confirmed_by_researcher,1,multi_issuer_ready_event_extension_source_verification_pending
USDC_ASSURANCE_2023_06,USDC,USDC,scheduled,2023-07-28,2023-07-18,-10,1,scheduled_monthly_assurance,1,0,0,normal,0,1,0,publication_date,,1.0,0.0,0.0,3.436,-3.436,-0.5640000000000001,0.0,0.0,0.0,26855272500.0,RQI_DII_v1.0,frozen_confirmed_by_researcher,1,multi_issuer_ready_event_extension_source_verification_pending
USDC_ASSURANCE_2023_06,USDC,USDC,scheduled,2023-07-28,2023-07-19,-9,1,scheduled_monthly_assurance,1,0,0,normal,0,1,0,publication_date,,1.001,10.0,10.0,6.0,4.0,4.0,0.0,0.0,0.0,26785782595.0,RQI_DII_v1.0,frozen_confirmed_by_researcher,1,multi_issuer_ready_event_extension_source_verification_pending
USDC_ASSURANCE_2023_06,USDC,USDC,scheduled,2023-07-28,2023-07-20,-8,1,scheduled_monthly_assurance,1,0,0,normal,0,1,0,publication_date,,0.999915,-0.8500000000000001,0.8500000000000001,2.524,-1.674,1.674,0.0,0.0,0.0,26673580203.0,RQI_DII_v1.0,frozen_confirmed_by_researcher,1,multi_issuer_ready_event_extension_source_verification_pending
USDC_ASSURANCE_2023_06,USDC,USDC,scheduled,2023-07-28,2023-07-21,-7,1,scheduled_monthly_assurance,1,0,0,normal,0,1,0,publication_date,,1.0,0.0,0.0,4.9,-4.9,4.9,0.0,0.0,0.0,26624236569.0,RQI_DII_v1.0,frozen_confirmed_by_researcher,1,multi_issuer_ready_event_extension_source_verification_pending
USDC_ASSURANCE_2023_06,USDC,USDC,scheduled,2023-07-28,2023-07-22,-6,1,scheduled_monthly_assurance,1,0,0,normal,0,1,0,publication_date,,0.999841,-1.5899999999999999,1.5899999999999999,2.0,-0.41000000000000014,-3.59,0.0,0.0,0.0,26576077410.0,RQI_DII_v1.0,frozen_confirmed_by_researcher,1,multi_issuer_ready_event_extension_source_verification_pending
USDC_ASSURANCE_2023_06,USDC,USDC,scheduled,2023-07-28,2023-07-23,-5,1,scheduled_monthly_assurance,1,0,0,normal,0,1,0,publication_date,,1.0,0.0,0.0,3.2260000000000004,-3.2260000000000004,-0.7739999999999998,0.0,0.0,0.0,26568933205.0,RQI_DII_v1.0,frozen_confirmed_by_researcher,1,multi_issuer_ready_event_extension_source_verification_pending
USDC_ASSURANCE_2023_06,USDC,USDC,scheduled,2023-07-28,2023-07-24,-4,1,scheduled_monthly_assurance,1,0,0,normal,0,1,0,publication_date,,0.999928,-0.72,0.72,2.6919999999999997,-1.9719999999999998,-2.0279999999999996,0.0,0.0,0.0,26561633547.0,RQI_DII_v1.0,frozen_confirmed_by_researcher,1,multi_issuer_ready_event_extension_source_verification_pending
USDC_ASSURANCE_2023_06,USDC,USDC,scheduled,2023-07-28,2023-07-25,-3,1,scheduled_monthly_assurance,1,0,0,normal,0,1,0,publication_date,,1.0,0.0,0.0,3.9539999999999997,-3.9539999999999997,3.9539999999999997,0.0,0.0,0.0,26439931641.0,RQI_DII_v1.0,frozen_confirmed_by_researcher,1,multi_issuer_ready_event_extension_source_verification_pending
USDC_ASSURANCE_2023_06,USDC,USDC,scheduled,2023-07-28,2023-07-26,-2,1,scheduled_monthly_assurance,1,0,0,normal,0,1,0,publication_date,,1.0,0.0,0.0,4.448,-4.448,4.448,0.0,0.0,0.0,26363998279.0,RQI_DII_v1.0,frozen_confirmed_by_researcher,1,multi_issuer_ready_event_extension_source_verification_pending
USDC_ASSURANCE_2023_06,USDC,USDC,scheduled,2023-07-28,2023-07-27,-1,1,scheduled_monthly_assurance,1,0,0,normal,0,1,0,publication_date,,1.0,0.0,0.0,2.8,-2.8,-1.2,0.0,0.0,0.0,26275274778.0,RQI_DII_v1.0,frozen_confirmed_by_researcher,1,multi_issuer_ready_event_extension_source_verification_pending
USDC_ASSURANCE_2023_06,USDC,USDC,scheduled,2023-07-28,2023-07-28,0,1,scheduled_monthly_assurance,1,0,0,normal,0,1,0,publication_date,,1.0,0.0,0.0,1.122,-1.122,1.122,0.0,0.0,0.0,26293939845.0,RQI_DII_v1.0,frozen_confirmed_by_researcher,1,multi_issuer_ready_event_extension_source_verification_pending
USDC_ASSURANCE_2023_06,USDC,USDC,scheduled,2023-07-28,2023-07-29,1,1,scheduled_monthly_assurance,1,0,0,normal,0,1,0,publication_date,,1.0,0.0,0.0,6.0,-6.0,-6.0,0.0,0.0,0.0,26266161188.0,RQI_DII_v1.0,frozen_confirmed_by_researcher,1,multi_issuer_ready_event_extension_source_verification_pending
USDC_ASSURANCE_2023_06,USDC,USDC,scheduled,2023-07-28,2023-07-30,2,1,scheduled_monthly_assurance,1,0,0,normal,0,1,0,publication_date,,0.999579,-4.21,4.21,4.215999999999999,-0.005999999999999339,0.005999999999999339,0.0,0.0,0.0,26304907736.0,RQI_DII_v1.0,frozen_confirmed_by_researcher,1,multi_issuer_ready_event_extension_source_verification_pending
USDC_ASSURANCE_2023_06,USDC,USDC,scheduled,2023-07-28,2023-07-31,3,1,scheduled_monthly_assurance,1,0,0,normal,0,1,0,publication_date,,1.0,0.0,0.0,6.034000000000001,-6.034000000000001,2.0340000000000003,0.0,0.0,0.0,26303340407.0,RQI_DII_v1.0,frozen_confirmed_by_researcher,1,multi_issuer_ready_event_extension_source_verification_pending
USDC_ASSURANCE_2023_06,USDC,USDC,scheduled,2023-07-28,2023-08-01,4,1,scheduled_monthly_assurance,1,0,0,normal,0,1,0,publication_date,,1.0,0.0,0.0,3.1859999999999995,-3.1859999999999995,3.1859999999999995,0.0,0.0,0.0,26237397660.0,RQI_DII_v1.0,frozen_confirmed_by_researcher,1,multi_issuer_ready_event_extension_source_verification_pending
USDC_ASSURANCE_2023_06,USDC,USDC,scheduled,2023-07-28,2023-08-02,5,1,scheduled_monthly_assurance,1,0,0,normal,0,1,0,publication_date,,1.001,10.0,10.0,8.748000000000001,1.251999999999999,2.748,0.0,0.0,0.0,26030980831.0,RQI_DII_v1.0,frozen_confirmed_by_researcher,1,multi_issuer_ready_event_extension_source_verification_pending
USDC_ASSURANCE_2023_06,USDC,USDC,scheduled,2023-07-28,2023-08-03,6,1,scheduled_monthly_assurance,1,0,0,normal,0,1,0,publication_date,,1.001,10.0,10.0,2.496,7.504,8.496,0.0,0.0,0.0,25906720966.0,RQI_DII_v1.0,frozen_confirmed_by_researcher,1,multi_issuer_ready_event_extension_source_verification_pending
USDC_ASSURANCE_2023_06,USDC,USDC,scheduled,2023-07-28,2023-08-04,7,1,scheduled_monthly_assurance,1,0,0,normal,0,1,0,publication_date,,1.0,0.0,0.0,24.98,-24.98,-23.02,0.0,0.0,0.2,25807197827.0,RQI_DII_v1.0,frozen_confirmed_by_researcher,1,multi_issuer_ready_event_extension_source_verification_pending
USDC_ASSURANCE_2023_06,USDC,USDC,scheduled,2023-07-28,2023-08-05,8,1,scheduled_monthly_assurance,1,0,0,normal,0,1,0,publication_date,,0.999918,-0.8200000000000001,0.8200000000000001,5.428,-4.608,4.608,0.0,0.0,0.0,25732443850.0,RQI_DII_v1.0,frozen_confirmed_by_researcher,1,multi_issuer_ready_event_extension_source_verification_pending
USDC_ASSURANCE_2023_06,USDC,USDC,scheduled,2023-07-28,2023-08-06,9,1,scheduled_monthly_assurance,1,0,0,normal,0,1,0,publication_date,,0.999557,-4.43,4.43,2.152,2.2779999999999996,-2.2779999999999996,0.0,0.0,0.0,25730158772.0,RQI_DII_v1.0,frozen_confirmed_by_researcher,1,multi_issuer_ready_event_extension_source_verification_pending
USDC_ASSURANCE_2023_06,USDC,USDC,scheduled,2023-07-28,2023-08-07,10,1,scheduled_monthly_assurance,1,0,0,normal,0,1,0,publication_date,,0.99952,-4.8,4.8,8.908,-4.108,4.108,0.0,0.0,0.0,25728776185.0,RQI_DII_v1.0,frozen_confirmed_by_researcher,1,multi_issuer_ready_event_extension_source_verification_pending
USDC_ASSURANCE_2023_06,USDC,USDC,scheduled,2023-07-28,2023-08-08,11,1,scheduled_monthly_assurance,1,0,0,normal,0,1,0,publication_date,,0.99979,-2.1,2.1,6.002,-3.9019999999999997,3.9019999999999997,0.0,0.0,0.0,25853556572.0,RQI_DII_v1.0,frozen_confirmed_by_researcher,1,multi_issuer_ready_event_extension_source_verification_pending
USDC_ASSURANCE_2023_06,USDC,USDC,scheduled,2023-07-28,2023-08-09,12,1,scheduled_monthly_assurance,1,0,0,normal,0,1,0,publication_date,,1.0,0.0,0.0,6.942,-6.942,-5.058,0.0,0.0,0.0,25998386655.0,RQI_DII_v1.0,frozen_confirmed_by_researcher,1,multi_issuer_ready_event_extension_source_verification_pending
USDC_ASSURANCE_2023_06,USDC,USDC,scheduled,2023-07-28,2023-08-10,13,1,scheduled_monthly_assurance,1,0,0,normal,0,1,0,publication_date,,1.0,0.0,0.0,2.9379999999999997,-2.9379999999999997,2.9379999999999997,0.0,0.0,0.0,25987157270.0,RQI_DII_v1.0,frozen_confirmed_by_researcher,1,multi_issuer_ready_event_extension_source_verification_pending
USDC_ASSURANCE_2023_06,USDC,USDC,scheduled,2023-07-28,2023-08-11,14,1,scheduled_monthly_assurance,1,0,0,normal,0,1,0,publication_date,,0.999681,-3.19,3.19,6.3519999999999985,-3.1619999999999986,3.1619999999999986,0.0,0.0,0.0,25857443016.0,RQI_DII_v1.0,frozen_confirmed_by_researcher,1,multi_issuer_ready_event_extension_source_verification_pending
USDC_ASSURANCE_2023_07,USDC,USDC,scheduled,2023-08-30,2023-08-16,-14,1,scheduled_monthly_assurance,1,0,0,normal,0,0,0,publication_date,,0.999614,-3.86,3.86,5.016,-1.1560000000000001,1.1560000000000001,0.0,0.0,0.0,25745551300.0,RQI_DII_v1.0,frozen_confirmed_by_researcher,1,multi_issuer_ready_event_extension_source_verification_pending
USDC_ASSURANCE_2023_07,USDC,USDC,scheduled,2023-08-30,2023-08-17,-13,1,scheduled_monthly_assurance,1,0,0,normal,0,0,0,publication_date,,0.998534,-14.66,14.66,36.976,-22.316,22.316,0.0,0.0,0.2,25783742061.0,RQI_DII_v1.0,frozen_confirmed_by_researcher,1,multi_issuer_ready_event_extension_source_verification_pending
USDC_ASSURANCE_2023_07,USDC,USDC,scheduled,2023-08-30,2023-08-18,-12,1,scheduled_monthly_assurance,1,0,0,normal,0,0,0,publication_date,,0.999755,-2.4499999999999997,2.4499999999999997,12.439999999999998,-9.989999999999998,-6.010000000000001,0.0,0.0,0.0,25831907447.0,RQI_DII_v1.0,frozen_confirmed_by_researcher,1,multi_issuer_ready_event_extension_source_verification_pending
USDC_ASSURANCE_2023_07,USDC,USDC,scheduled,2023-08-30,2023-08-19,-11,1,scheduled_monthly_assurance,1,0,0,normal,0,0,0,publication_date,,0.998968,-10.319999999999999,10.319999999999999,5.6,4.719999999999999,-4.719999999999999,0.0,0.0,0.0,25499137260.0,RQI_DII_v1.0,frozen_confirmed_by_researcher,1,multi_issuer_ready_event_extension_source_verification_pending
USDC_ASSURANCE_2023_07,USDC,USDC,scheduled,2023-08-30,2023-08-20,-10,1,scheduled_monthly_assurance,1,0,0,normal,0,0,0,publication_date,,1.001,10.0,10.0,2.6,7.4,12.6,0.0,0.0,0.0,25685962407.0,RQI_DII_v1.0,frozen_confirmed_by_researcher,1,multi_issuer_ready_event_extension_source_verification_pending
USDC_ASSURANCE_2023_07,USDC,USDC,scheduled,2023-08-30,2023-08-21,-9,1,scheduled_monthly_assurance,1,0,0,normal,0,0,0,publication_date,,1.001,10.0,10.0,8.291999999999998,1.708000000000002,18.291999999999998,0.0,0.0,0.0,25690604495.0,RQI_DII_v1.0,frozen_confirmed_by_researcher,1,multi_issuer_ready_event_extension_source_verification_pending
USDC_ASSURANCE_2023_07,USDC,USDC,scheduled,2023-08-30,2023-08-22,-8,1,scheduled_monthly_assurance,1,0,0,normal,0,0,0,publication_date,,1.0,0.0,0.0,7.648000000000001,-7.648000000000001,-0.352,0.0,0.0,0.0,25688031637.0,RQI_DII_v1.0,frozen_confirmed_by_researcher,1,multi_issuer_ready_event_extension_source_verification_pending
USDC_ASSURANCE_2023_07,USDC,USDC,scheduled,2023-08-30,2023-08-23,-7,1,scheduled_monthly_assurance,1,0,0,normal,0,0,0,publication_date,,0.999394,-6.06,6.06,14.998,-8.937999999999999,-11.062000000000001,0.0,0.0,0.0,25633745839.0,RQI_DII_v1.0,frozen_confirmed_by_researcher,1,multi_issuer_ready_event_extension_source_verification_pending
USDC_ASSURANCE_2023_07,USDC,USDC,scheduled,2023-08-30,2023-08-24,-6,1,scheduled_monthly_assurance,1,0,0,normal,0,0,0,publication_date,,1.001,10.0,10.0,9.492,0.5079999999999991,3.492,0.0,0.0,0.0,25722298667.0,RQI_DII_v1.0,frozen_confirmed_by_researcher,1,multi_issuer_ready_event_extension_source_verification_pending
USDC_ASSURANCE_2023_07,USDC,USDC,scheduled,2023-08-30,2023-08-25,-5,1,scheduled_monthly_assurance,1,0,0,normal,0,0,0,publication_date,,0.999498,-5.02,5.02,5.958,-0.9380000000000006,0.9380000000000006,0.0,0.0,0.0,25610899671.0,RQI_DII_v1.0,frozen_confirmed_by_researcher,1,multi_issuer_ready_event_extension_source_verification_pending
USDC_ASSURANCE_2023_07,USDC,USDC,scheduled,2023-08-30,2023-08-26,-4,1,scheduled_monthly_assurance,1,0,0,normal,0,0,0,publication_date,,1.0,0.0,0.0,5.438,-5.438,1.438,0.0,0.0,0.0,25677510840.0,RQI_DII_v1.0,frozen_confirmed_by_researcher,1,multi_issuer_ready_event_extension_source_verification_pending
USDC_ASSURANCE_2023_07,USDC,USDC,scheduled,2023-08-30,2023-08-27,-3,1,scheduled_monthly_assurance,1,0,0,normal,0,0,0,publication_date,,0.999602,-3.9800000000000004,3.9800000000000004,18.38,-14.399999999999999,-9.6,0.0,0.0,0.2,25730263296.0,RQI_DII_v1.0,frozen_confirmed_by_researcher,1,multi_issuer_ready_event_extension_source_verification_pending
USDC_ASSURANCE_2023_07,USDC,USDC,scheduled,2023-08-30,2023-08-28,-2,1,scheduled_monthly_assurance,1,0,0,normal,0,0,0,publication_date,,0.999759,-2.41,2.41,31.772000000000002,-29.362000000000002,-30.637999999999998,0.0,0.0,0.2,25788347236.0,RQI_DII_v1.0,frozen_confirmed_by_researcher,1,multi_issuer_ready_event_extension_source_verification_pending
USDC_ASSURANCE_2023_07,USDC,USDC,scheduled,2023-08-30,2023-08-29,-1,1,scheduled_monthly_assurance,1,0,0,normal,0,0,0,publication_date,,1.0,0.0,0.0,11.462,-11.462,3.4620000000000006,0.0,0.0,0.0,25774768448.0,RQI_DII_v1.0,frozen_confirmed_by_researcher,1,multi_issuer_ready_event_extension_source_verification_pending
USDC_ASSURANCE_2023_07,USDC,USDC,scheduled,2023-08-30,2023-08-30,0,1,scheduled_monthly_assurance,1,0,0,normal,0,0,0,publication_date,,0.998898,-11.02,11.02,4.8999999999999995,6.12,-10.12,0.0,0.0,0.0,25910782964.0,RQI_DII_v1.0,frozen_confirmed_by_researcher,1,multi_issuer_ready_event_extension_source_verification_pending
USDC_ASSURANCE_2023_07,USDC,USDC,scheduled,2023-08-30,2023-08-31,1,1,scheduled_monthly_assurance,1,0,0,normal,0,0,0,publication_date,,0.999851,-1.49,1.49,7.882,-6.3919999999999995,6.3919999999999995,0.0,0.0,0.0,25869060570.0,RQI_DII_v1.0,frozen_confirmed_by_researcher,1,multi_issuer_ready_event_extension_source_verification_pending
USDC_ASSURANCE_2023_07,USDC,USDC,scheduled,2023-08-30,2023-09-01,2,1,scheduled_monthly_assurance,1,0,0,normal,0,0,0,publication_date,,0.999331,-6.69,6.69,8.914000000000001,-2.224000000000001,-1.7760000000000007,0.0,0.0,0.0,25956525330.0,RQI_DII_v1.0,frozen_confirmed_by_researcher,1,multi_issuer_ready_event_extension_source_verification_pending
USDC_ASSURANCE_2023_07,USDC,USDC,scheduled,2023-08-30,2023-09-02,3,1,scheduled_monthly_assurance,1,0,0,normal,0,0,0,publication_date,,1.001,10.0,10.0,7.718000000000001,2.281999999999999,9.718,0.0,0.0,0.0,25899212013.0,RQI_DII_v1.0,frozen_confirmed_by_researcher,1,multi_issuer_ready_event_extension_source_verification_pending
USDC_ASSURANCE_2023_07,USDC,USDC,scheduled,2023-08-30,2023-09-03,4,1,scheduled_monthly_assurance,1,0,0,normal,0,0,0,publication_date,,1.0,0.0,0.0,11.548,-11.548,7.548,0.0,0.0,0.0,25912258851.0,RQI_DII_v1.0,frozen_confirmed_by_researcher,1,multi_issuer_ready_event_extension_source_verification_pending
USDC_ASSURANCE_2023_07,USDC,USDC,scheduled,2023-08-30,2023-09-04,5,1,scheduled_monthly_assurance,1,0,0,normal,0,0,0,publication_date,,1.0,0.0,0.0,13.388,-13.388,13.388,0.0,0.0,0.0,25958177691.0,RQI_DII_v1.0,frozen_confirmed_by_researcher,1,multi_issuer_ready_event_extension_source_verification_pending
USDC_ASSURANCE_2023_07,USDC,USDC,scheduled,2023-08-30,2023-09-05,6,1,scheduled_monthly_assurance,1,0,0,normal,0,0,0,publication_date,,0.999316,-6.840000000000001,6.840000000000001,13.719999999999999,-6.879999999999998,6.879999999999998,0.0,0.0,0.0,25802199213.0,RQI_DII_v1.0,frozen_confirmed_by_researcher,1,multi_issuer_ready_event_extension_source_verification_pending
USDC_ASSURANCE_2023_07,USDC,USDC,scheduled,2023-08-30,2023-09-06,7,1,scheduled_monthly_assurance,1,0,0,normal,0,0,0,publication_date,,0.999805,-1.95,1.95,10.154,-8.204,8.204,0.0,0.0,0.0,25638311131.0,RQI_DII_v1.0,frozen_confirmed_by_researcher,1,multi_issuer_ready_event_extension_source_verification_pending
USDC_ASSURANCE_2023_07,USDC,USDC,scheduled,2023-08-30,2023-09-07,8,1,scheduled_monthly_assurance,1,0,0,normal,0,0,0,publication_date,,1.0,0.0,0.0,10.538,-10.538,-1.4620000000000004,0.0,0.0,0.0,25621537164.0,RQI_DII_v1.0,frozen_confirmed_by_researcher,1,multi_issuer_ready_event_extension_source_verification_pending
USDC_ASSURANCE_2023_07,USDC,USDC,scheduled,2023-08-30,2023-09-08,9,1,scheduled_monthly_assurance,1,0,0,normal,0,0,0,publication_date,,1.001,10.0,10.0,9.394,0.6059999999999999,7.394,0.0,0.0,0.0,25461514715.0,RQI_DII_v1.0,frozen_confirmed_by_researcher,1,multi_issuer_ready_event_extension_source_verification_pending
USDC_ASSURANCE_2023_07,USDC,USDC,scheduled,2023-08-30,2023-09-09,10,1,scheduled_monthly_assurance,1,0,0,normal,0,0,0,publication_date,,0.999984,-0.16,0.16,10.758000000000001,-10.598,10.598,0.0,0.0,0.0,25591739061.0,RQI_DII_v1.0,frozen_confirmed_by_researcher,1,multi_issuer_ready_event_extension_source_verification_pending
USDC_ASSURANCE_2023_07,USDC,USDC,scheduled,2023-08-30,2023-09-10,11,1,scheduled_monthly_assurance,1,0,0,normal,0,0,0,publication_date,,1.0,0.0,0.0,9.613999999999999,-9.613999999999999,9.613999999999999,0.0,0.0,0.0,25621937571.0,RQI_DII_v1.0,frozen_confirmed_by_researcher,1,multi_issuer_ready_event_extension_source_verification_pending
USDC_ASSURANCE_2023_07,USDC,USDC,scheduled,2023-08-30,2023-09-11,12,1,scheduled_monthly_assurance,1,0,0,normal,0,0,0,publication_date,,1.0,0.0,0.0,17.258,-17.258,9.258,0.0,0.0,0.0,25681807093.0,RQI_DII_v1.0,frozen_confirmed_by_researcher,1,multi_issuer_ready_event_extension_source_verification_pending
USDC_ASSURANCE_2023_07,USDC,USDC,scheduled,2023-08-30,2023-09-12,13,1,scheduled_monthly_assurance,1,0,0,normal,0,0,0,publication_date,,0.999689,-3.1100000000000003,3.1100000000000003,5.336,-2.226,2.226,0.0,0.0,0.0,25612842735.0,RQI_DII_v1.0,frozen_confirmed_by_researcher,1,multi_issuer_ready_event_extension_source_verification_pending
USDC_ASSURANCE_2023_07,USDC,USDC,scheduled,2023-08-30,2023-09-13,14,1,scheduled_monthly_assurance,1,0,0,normal,0,0,0,publication_date,,1.001,10.0,10.0,5.996,4.004,11.996,0.0,0.0,0.0,25716629279.0,RQI_DII_v1.0,frozen_confirmed_by_researcher,1,multi_issuer_ready_event_extension_source_verification_pending
USDC_ASSURANCE_2023_08,USDC,USDC,scheduled,2023-09-29,2023-09-15,-14,1,scheduled_monthly_assurance,1,0,0,normal,0,0,0,publication_date,,0.999922,-0.78,0.78,6.5200000000000005,-5.74,5.74,0.0,0.0,0.0,25712054960.0,RQI_DII_v1.0,frozen_confirmed_by_researcher,1,multi_issuer_ready_event_extension_source_verification_pending
USDC_ASSURANCE_2023_08,USDC,USDC,scheduled,2023-09-29,2023-09-16,-13,1,scheduled_monthly_assurance,1,0,0,normal,0,0,0,publication_date,,0.999106,-8.940000000000001,8.940000000000001,5.246,3.694000000000001,-3.694000000000001,0.0,0.0,0.0,25653727787.0,RQI_DII_v1.0,frozen_confirmed_by_researcher,1,multi_issuer_ready_event_extension_source_verification_pending
USDC_ASSURANCE_2023_08,USDC,USDC,scheduled,2023-09-29,2023-09-17,-12,1,scheduled_monthly_assurance,1,0,0,normal,0,0,0,publication_date,,0.999819,-1.81,1.81,5.422000000000001,-3.6120000000000005,3.6120000000000005,0.0,0.0,0.0,25708558751.0,RQI_DII_v1.0,frozen_confirmed_by_researcher,1,multi_issuer_ready_event_extension_source_verification_pending
USDC_ASSURANCE_2023_08,USDC,USDC,scheduled,2023-09-29,2023-09-18,-11,1,scheduled_monthly_assurance,1,0,0,normal,0,0,0,publication_date,,0.9992,-8.0,8.0,6.33,1.67,-9.67,0.0,0.0,0.0,25712747585.0,RQI_DII_v1.0,frozen_confirmed_by_researcher,1,multi_issuer_ready_event_extension_source_verification_pending
USDC_ASSURANCE_2023_08,USDC,USDC,scheduled,2023-09-29,2023-09-19,-10,1,scheduled_monthly_assurance,1,0,0,normal,0,0,0,publication_date,,0.999213,-7.87,7.87,6.3100000000000005,1.5599999999999996,-1.5599999999999996,0.0,0.0,0.0,25676046462.0,RQI_DII_v1.0,frozen_confirmed_by_researcher,1,multi_issuer_ready_event_extension_source_verification_pending
USDC_ASSURANCE_2023_08,USDC,USDC,scheduled,2023-09-29,2023-09-20,-9,1,scheduled_monthly_assurance,1,0,0,normal,0,0,0,publication_date,,1.0,0.0,0.0,6.978,-6.978,2.9779999999999998,0.0,0.0,0.0,25602510291.0,RQI_DII_v1.0,frozen_confirmed_by_researcher,1,multi_issuer_ready_event_extension_source_verification_pending
USDC_ASSURANCE_2023_08,USDC,USDC,scheduled,2023-09-29,2023-09-21,-8,1,scheduled_monthly_assurance,1,0,0,normal,0,0,0,publication_date,,0.999713,-2.8699999999999997,2.8699999999999997,11.25,-8.38,8.38,0.0,0.0,0.0,25521415444.0,RQI_DII_v1.0,frozen_confirmed_by_researcher,1,multi_issuer_ready_event_extension_source_verification_pending
USDC_ASSURANCE_2023_08,USDC,USDC,scheduled,2023-09-29,2023-09-22,-7,1,scheduled_monthly_assurance,1,0,0,normal,0,0,0,publication_date,,0.999138,-8.620000000000001,8.620000000000001,12.818000000000001,-4.198,4.198,0.0,0.0,0.0,25346579516.0,RQI_DII_v1.0,frozen_confirmed_by_researcher,1,multi_issuer_ready_event_extension_source_verification_pending
USDC_ASSURANCE_2023_08,USDC,USDC,scheduled,2023-09-29,2023-09-23,-6,1,scheduled_monthly_assurance,1,0,0,normal,0,0,0,publication_date,,1.0,0.0,0.0,3.368,-3.368,-0.6320000000000002,0.0,0.0,0.0,25300302424.0,RQI_DII_v1.0,frozen_confirmed_by_researcher,1,multi_issuer_ready_event_extension_source_verification_pending
USDC_ASSURANCE_2023_08,USDC,USDC,scheduled,2023-09-29,2023-09-24,-5,1,scheduled_monthly_assurance,1,0,0,normal,0,0,0,publication_date,,0.999627,-3.73,3.73,6.378000000000001,-2.648000000000001,2.648000000000001,0.0,0.0,0.0,25314290517.0,RQI_DII_v1.0,frozen_confirmed_by_researcher,1,multi_issuer_ready_event_extension_source_verification_pending
USDC_ASSURANCE_2023_08,USDC,USDC,scheduled,2023-09-29,2023-09-25,-4,1,scheduled_monthly_assurance,1,0,0,normal,0,0,0,publication_date,,1.001,10.0,10.0,7.632,2.3680000000000003,9.632,0.0,0.0,0.0,25320014073.0,RQI_DII_v1.0,frozen_confirmed_by_researcher,1,multi_issuer_ready_event_extension_source_verification_pending
USDC_ASSURANCE_2023_08,USDC,USDC,scheduled,2023-09-29,2023-09-26,-3,1,scheduled_monthly_assurance,1,0,0,normal,0,0,0,publication_date,,1.001,10.0,10.0,3.1879999999999997,6.812,13.187999999999999,0.0,0.0,0.0,25139657418.0,RQI_DII_v1.0,frozen_confirmed_by_researcher,1,multi_issuer_ready_event_extension_source_verification_pending
USDC_ASSURANCE_2023_08,USDC,USDC,scheduled,2023-09-29,2023-09-27,-2,1,scheduled_monthly_assurance,1,0,0,normal,0,0,0,publication_date,,1.0,0.0,0.0,8.868,-8.868,8.868,0.0,0.0,0.0,25119393428.0,RQI_DII_v1.0,frozen_confirmed_by_researcher,1,multi_issuer_ready_event_extension_source_verification_pending
USDC_ASSURANCE_2023_08,USDC,USDC,scheduled,2023-09-29,2023-09-28,-1,1,scheduled_monthly_assurance,1,0,0,normal,0,0,0,publication_date,,1.001,10.0,10.0,6.884,3.1159999999999997,4.884,0.0,0.0,0.0,24988184597.0,RQI_DII_v1.0,frozen_confirmed_by_researcher,1,multi_issuer_ready_event_extension_source_verification_pending
USDC_ASSURANCE_2023_08,USDC,USDC,scheduled,2023-09-29,2023-09-29,0,1,scheduled_monthly_assurance,1,0,0,normal,0,0,0,publication_date,,1.001,10.0,10.0,4.981999999999999,5.018000000000001,10.982,0.0,0.0,0.0,25152015784.0,RQI_DII_v1.0,frozen_confirmed_by_researcher,1,multi_issuer_ready_event_extension_source_verification_pending
USDC_ASSURANCE_2023_08,USDC,USDC,scheduled,2023-09-29,2023-09-30,1,1,scheduled_monthly_assurance,1,0,0,normal,0,0,0,publication_date,,0.999893,-1.07,1.07,8.066,-6.996,6.996,0.0,0.0,0.0,24767206738.0,RQI_DII_v1.0,frozen_confirmed_by_researcher,1,multi_issuer_ready_event_extension_source_verification_pending
USDC_ASSURANCE_2023_08,USDC,USDC,scheduled,2023-09-29,2023-10-01,2,1,scheduled_monthly_assurance,1,0,0,normal,0,0,0,publication_date,,0.99988,-1.2,1.2,4.268,-3.0679999999999996,3.0679999999999996,0.0,0.0,0.0,24824312655.0,RQI_DII_v1.0,frozen_confirmed_by_researcher,1,multi_issuer_ready_event_extension_source_verification_pending
USDC_ASSURANCE_2023_08,USDC,USDC,scheduled,2023-09-29,2023-10-02,3,1,scheduled_monthly_assurance,1,0,0,normal,0,0,0,publication_date,,1.0,0.0,0.0,2.4,-2.4,2.4,0.0,0.0,0.0,24848852273.0,RQI_DII_v1.0,frozen_confirmed_by_researcher,1,multi_issuer_ready_event_extension_source_verification_pending
USDC_ASSURANCE_2023_08,USDC,USDC,scheduled,2023-09-29,2023-10-03,4,1,scheduled_monthly_assurance,1,0,0,normal,0,0,0,publication_date,,1.0,0.0,0.0,5.956,-5.956,1.9560000000000002,0.0,0.0,0.0,24986265389.0,RQI_DII_v1.0,frozen_confirmed_by_researcher,1,multi_issuer_ready_event_extension_source_verification_pending
USDC_ASSURANCE_2023_08,USDC,USDC,scheduled,2023-09-29,2023-10-04,5,1,scheduled_monthly_assurance,1,0,0,normal,0,0,0,publication_date,,0.999999,-0.01,0.01,11.982000000000001,-11.972000000000001,11.972000000000001,0.0,0.0,0.0,24844320355.0,RQI_DII_v1.0,frozen_confirmed_by_researcher,1,multi_issuer_ready_event_extension_source_verification_pending
USDC_ASSURANCE_2023_08,USDC,USDC,scheduled,2023-09-29,2023-10-05,6,1,scheduled_monthly_assurance,1,0,0,normal,0,0,0,publication_date,,0.999183,-8.17,8.17,6.5,1.67,-1.67,0.0,0.0,0.0,24766183896.0,RQI_DII_v1.0,frozen_confirmed_by_researcher,1,multi_issuer_ready_event_extension_source_verification_pending
USDC_ASSURANCE_2023_08,USDC,USDC,scheduled,2023-09-29,2023-10-06,7,1,scheduled_monthly_assurance,1,0,0,normal,0,0,0,publication_date,,1.001,10.0,10.0,8.448,1.5519999999999996,6.448,0.0,0.0,0.0,24755503610.0,RQI_DII_v1.0,frozen_confirmed_by_researcher,1,multi_issuer_ready_event_extension_source_verification_pending
USDC_ASSURANCE_2023_08,USDC,USDC,scheduled,2023-09-29,2023-10-07,8,1,scheduled_monthly_assurance,1,0,0,normal,0,0,0,publication_date,,1.001,10.0,10.0,8.668,1.3320000000000007,6.668,0.0,0.0,0.0,25028797837.0,RQI_DII_v1.0,frozen_confirmed_by_researcher,1,multi_issuer_ready_event_extension_source_verification_pending
USDC_ASSURANCE_2023_08,USDC,USDC,scheduled,2023-09-29,2023-10-08,9,1,scheduled_monthly_assurance,1,0,0,normal,0,0,0,publication_date,,1.0,0.0,0.0,5.18,-5.18,5.18,0.0,0.0,0.0,25057116775.0,RQI_DII_v1.0,frozen_confirmed_by_researcher,1,multi_issuer_ready_event_extension_source_verification_pending
USDC_ASSURANCE_2023_08,USDC,USDC,scheduled,2023-09-29,2023-10-09,10,1,scheduled_monthly_assurance,1,0,0,normal,0,0,0,publication_date,,0.998983,-10.169999999999998,10.169999999999998,12.739999999999998,-2.5700000000000003,-1.429999999999998,0.0,0.0,0.0,25072343337.0,RQI_DII_v1.0,frozen_confirmed_by_researcher,1,multi_issuer_ready_event_extension_source_verification_pending
USDC_ASSURANCE_2023_08,USDC,USDC,scheduled,2023-09-29,2023-10-10,11,1,scheduled_monthly_assurance,1,0,0,normal,0,0,0,publication_date,,1.001,10.0,10.0,7.9719999999999995,2.0280000000000005,9.972,0.0,0.0,0.0,25040717373.0,RQI_DII_v1.0,frozen_confirmed_by_researcher,1,multi_issuer_ready_event_extension_source_verification_pending
USDC_ASSURANCE_2023_08,USDC,USDC,scheduled,2023-09-29,2023-10-11,12,1,scheduled_monthly_assurance,1,0,0,normal,0,0,0,publication_date,,0.999934,-0.66,0.66,2.0119999999999996,-1.3519999999999994,1.3519999999999994,0.0,0.0,0.0,24920968608.0,RQI_DII_v1.0,frozen_confirmed_by_researcher,1,multi_issuer_ready_event_extension_source_verification_pending
USDC_ASSURANCE_2023_08,USDC,USDC,scheduled,2023-09-29,2023-10-12,13,1,scheduled_monthly_assurance,1,0,0,normal,0,0,0,publication_date,,0.999839,-1.61,1.61,4.2780000000000005,-2.668,-1.3320000000000003,0.0,0.0,0.0,24755093252.0,RQI_DII_v1.0,frozen_confirmed_by_researcher,1,multi_issuer_ready_event_extension_source_verification_pending
USDC_ASSURANCE_2023_08,USDC,USDC,scheduled,2023-09-29,2023-10-13,14,1,scheduled_monthly_assurance,1,0,0,normal,0,0,0,publication_date,,1.0,0.0,0.0,4.746,-4.746,4.746,0.0,0.0,0.0,24646012406.0,RQI_DII_v1.0,frozen_confirmed_by_researcher,1,multi_issuer_ready_event_extension_source_verification_pending
USDC_ASSURANCE_2023_09,USDC,USDC,scheduled,2023-10-30,2023-10-16,-14,1,scheduled_monthly_assurance,1,0,0,normal,0,0,0,publication_date,,0.999965,-0.35,0.35,1.416,-1.0659999999999998,1.0659999999999998,0.0,0.0,0.0,24710678249.0,RQI_DII_v1.0,frozen_confirmed_by_researcher,1,multi_issuer_ready_event_extension_source_verification_pending
USDC_ASSURANCE_2023_09,USDC,USDC,scheduled,2023-10-30,2023-10-17,-13,1,scheduled_monthly_assurance,1,0,0,normal,0,0,0,publication_date,,1.0,0.0,0.0,8.9,-8.9,8.9,0.0,0.0,0.0,24782468968.0,RQI_DII_v1.0,frozen_confirmed_by_researcher,1,multi_issuer_ready_event_extension_source_verification_pending
USDC_ASSURANCE_2023_09,USDC,USDC,scheduled,2023-10-30,2023-10-18,-12,1,scheduled_monthly_assurance,1,0,0,normal,0,0,0,publication_date,,0.999521,-4.79,4.79,4.85,-0.05999999999999961,-3.9400000000000004,0.0,0.0,0.0,24809951650.0,RQI_DII_v1.0,frozen_confirmed_by_researcher,1,multi_issuer_ready_event_extension_source_verification_pending
USDC_ASSURANCE_2023_09,USDC,USDC,scheduled,2023-10-30,2023-10-19,-11,1,scheduled_monthly_assurance,1,0,0,normal,0,0,0,publication_date,,1.0,0.0,0.0,2.0,-2.0,-2.0,0.0,0.0,0.0,24803289767.0,RQI_DII_v1.0,frozen_confirmed_by_researcher,1,multi_issuer_ready_event_extension_source_verification_pending
USDC_ASSURANCE_2023_09,USDC,USDC,scheduled,2023-10-30,2023-10-20,-10,1,scheduled_monthly_assurance,1,0,0,normal,0,0,0,publication_date,,0.999896,-1.04,1.04,9.132000000000001,-8.092000000000002,8.092000000000002,0.0,0.0,0.0,24909222903.0,RQI_DII_v1.0,frozen_confirmed_by_researcher,1,multi_issuer_ready_event_extension_source_verification_pending
USDC_ASSURANCE_2023_09,USDC,USDC,scheduled,2023-10-30,2023-10-21,-9,1,scheduled_monthly_assurance,1,0,0,normal,0,0,0,publication_date,,0.999821,-1.7899999999999998,1.7899999999999998,5.58,-3.79,-4.21,0.0,0.0,0.0,24958038696.0,RQI_DII_v1.0,frozen_confirmed_by_researcher,1,multi_issuer_ready_event_extension_source_verification_pending
USDC_ASSURANCE_2023_09,USDC,USDC,scheduled,2023-10-30,2023-10-22,-8,1,scheduled_monthly_assurance,1,0,0,normal,0,0,0,publication_date,,0.999887,-1.13,1.13,6.672,-5.542,-2.458,0.0,0.0,0.0,24980752696.0,RQI_DII_v1.0,frozen_confirmed_by_researcher,1,multi_issuer_ready_event_extension_source_verification_pending
USDC_ASSURANCE_2023_09,USDC,USDC,scheduled,2023-10-30,2023-10-23,-7,1,scheduled_monthly_assurance,1,0,0,normal,0,0,0,publication_date,,0.99884,-11.6,11.6,10.543999999999999,1.056000000000001,-1.056000000000001,0.0,0.0,0.0,24970529720.0,RQI_DII_v1.0,frozen_confirmed_by_researcher,1,multi_issuer_ready_event_extension_source_verification_pending
USDC_ASSURANCE_2023_09,USDC,USDC,scheduled,2023-10-30,2023-10-24,-6,1,scheduled_monthly_assurance,1,0,0,normal,0,0,0,publication_date,,1.002,20.0,20.0,20.0,0.0,0.0,0.0,0.0,0.2,24880006297.0,RQI_DII_v1.0,frozen_confirmed_by_researcher,1,multi_issuer_ready_event_extension_source_verification_pending
USDC_ASSURANCE_2023_09,USDC,USDC,scheduled,2023-10-30,2023-10-25,-5,1,scheduled_monthly_assurance,1,0,0,normal,0,0,0,publication_date,,1.001,10.0,10.0,16.432,-6.431999999999999,26.432,0.0,0.0,0.0,24479411642.0,RQI_DII_v1.0,frozen_confirmed_by_researcher,1,multi_issuer_ready_event_extension_source_verification_pending
USDC_ASSURANCE_2023_09,USDC,USDC,scheduled,2023-10-30,2023-10-26,-4,1,scheduled_monthly_assurance,1,0,0,normal,0,0,0,publication_date,,1.001,10.0,10.0,6.956,3.0439999999999996,4.956,0.0,0.0,0.0,24597238039.0,RQI_DII_v1.0,frozen_confirmed_by_researcher,1,multi_issuer_ready_event_extension_source_verification_pending
USDC_ASSURANCE_2023_09,USDC,USDC,scheduled,2023-10-30,2023-10-27,-3,1,scheduled_monthly_assurance,1,0,0,normal,0,0,0,publication_date,,1.001,10.0,10.0,5.401999999999999,4.598000000000001,15.402,0.0,0.0,0.0,24566363270.0,RQI_DII_v1.0,frozen_confirmed_by_researcher,1,multi_issuer_ready_event_extension_source_verification_pending
USDC_ASSURANCE_2023_09,USDC,USDC,scheduled,2023-10-30,2023-10-28,-2,1,scheduled_monthly_assurance,1,0,0,normal,0,0,0,publication_date,,1.0,0.0,0.0,2.252,-2.252,-1.748,0.0,0.0,0.0,24422325069.0,RQI_DII_v1.0,frozen_confirmed_by_researcher,1,multi_issuer_ready_event_extension_source_verification_pending
USDC_ASSURANCE_2023_09,USDC,USDC,scheduled,2023-10-30,2023-10-29,-1,1,scheduled_monthly_assurance,1,0,0,normal,0,0,0,publication_date,,1.0,0.0,0.0,6.358,-6.358,-1.6420000000000001,0.0,0.0,0.0,24455521331.0,RQI_DII_v1.0,frozen_confirmed_by_researcher,1,multi_issuer_ready_event_extension_source_verification_pending
USDC_ASSURANCE_2023_09,USDC,USDC,scheduled,2023-10-30,2023-10-30,0,1,scheduled_monthly_assurance,1,0,0,normal,0,0,0,publication_date,,0.999903,-0.97,0.97,7.926,-6.956,-5.044,0.0,0.0,0.0,24500511014.0,RQI_DII_v1.0,frozen_confirmed_by_researcher,1,multi_issuer_ready_event_extension_source_verification_pending
USDC_ASSURANCE_2023_09,USDC,USDC,scheduled,2023-10-30,2023-10-31,1,1,scheduled_monthly_assurance,1,0,0,normal,0,0,0,publication_date,,0.999342,-6.579999999999999,6.579999999999999,6.0,0.5799999999999992,-12.579999999999998,0.0,0.0,0.0,24386271611.0,RQI_DII_v1.0,frozen_confirmed_by_researcher,1,multi_issuer_ready_event_extension_source_verification_pending
USDC_ASSURANCE_2023_09,USDC,USDC,scheduled,2023-10-30,2023-11-01,2,1,scheduled_monthly_assurance,1,0,0,normal,0,0,0,publication_date,,0.999639,-3.61,3.61,4.4079999999999995,-0.7979999999999996,0.7979999999999996,0.0,0.0,0.0,24218462658.0,RQI_DII_v1.0,frozen_confirmed_by_researcher,1,multi_issuer_ready_event_extension_source_verification_pending
USDC_ASSURANCE_2023_09,USDC,USDC,scheduled,2023-10-30,2023-11-02,3,1,scheduled_monthly_assurance,1,0,0,normal,0,0,0,publication_date,,1.001,10.0,10.0,10.95,-0.9499999999999993,0.9499999999999993,0.0,0.0,0.0,24204010271.0,RQI_DII_v1.0,frozen_confirmed_by_researcher,1,multi_issuer_ready_event_extension_source_verification_pending
USDC_ASSURANCE_2023_09,USDC,USDC,scheduled,2023-10-30,2023-11-03,4,1,scheduled_monthly_assurance,1,0,0,normal,0,0,0,publication_date,,0.998994,-10.059999999999999,10.059999999999999,14.466,-4.406000000000001,4.406000000000001,0.0,0.0,0.0,23910236491.0,RQI_DII_v1.0,frozen_confirmed_by_researcher,1,multi_issuer_ready_event_extension_source_verification_pending
USDC_ASSURANCE_2023_09,USDC,USDC,scheduled,2023-10-30,2023-11-04,5,1,scheduled_monthly_assurance,1,0,0,normal,0,0,0,publication_date,,0.999827,-1.73,1.73,4.696,-2.9659999999999997,-1.0339999999999998,0.0,0.0,0.0,23942239665.0,RQI_DII_v1.0,frozen_confirmed_by_researcher,1,multi_issuer_ready_event_extension_source_verification_pending
USDC_ASSURANCE_2023_09,USDC,USDC,scheduled,2023-10-30,2023-11-05,6,1,scheduled_monthly_assurance,1,0,0,normal,0,0,0,publication_date,,1.0,0.0,0.0,6.348,-6.348,-1.6520000000000004,0.0,0.0,0.0,24025423480.0,RQI_DII_v1.0,frozen_confirmed_by_researcher,1,multi_issuer_ready_event_extension_source_verification_pending
USDC_ASSURANCE_2023_09,USDC,USDC,scheduled,2023-10-30,2023-11-06,7,1,scheduled_monthly_assurance,1,0,0,normal,0,0,0,publication_date,,1.0,0.0,0.0,4.01,-4.01,0.010000000000000142,0.0,0.0,0.0,24046051678.0,RQI_DII_v1.0,frozen_confirmed_by_researcher,1,multi_issuer_ready_event_extension_source_verification_pending
USDC_ASSURANCE_2023_09,USDC,USDC,scheduled,2023-10-30,2023-11-07,8,1,scheduled_monthly_assurance,1,0,0,normal,0,0,0,publication_date,,0.999915,-0.8500000000000001,0.8500000000000001,8.196,-7.346,3.3459999999999996,0.0,0.0,0.0,23860245935.0,RQI_DII_v1.0,frozen_confirmed_by_researcher,1,multi_issuer_ready_event_extension_source_verification_pending
USDC_ASSURANCE_2023_09,USDC,USDC,scheduled,2023-10-30,2023-11-08,9,1,scheduled_monthly_assurance,1,0,0,normal,0,0,0,publication_date,,0.999494,-5.0600000000000005,5.0600000000000005,9.882,-4.821999999999999,0.8219999999999992,0.0,0.0,0.0,23795112447.0,RQI_DII_v1.0,frozen_confirmed_by_researcher,1,multi_issuer_ready_event_extension_source_verification_pending
USDC_ASSURANCE_2023_09,USDC,USDC,scheduled,2023-10-30,2023-11-09,10,1,scheduled_monthly_assurance,1,0,0,normal,0,0,0,publication_date,,1.0,0.0,0.0,2.6399999999999997,-2.6399999999999997,2.6399999999999997,0.0,0.0,0.0,23656182879.0,RQI_DII_v1.0,frozen_confirmed_by_researcher,1,multi_issuer_ready_event_extension_source_verification_pending
USDC_ASSURANCE_2023_09,USDC,USDC,scheduled,2023-10-30,2023-11-10,11,1,scheduled_monthly_assurance,1,0,0,normal,0,0,0,publication_date,,0.999435,-5.6499999999999995,5.6499999999999995,7.604000000000001,-1.9540000000000015,1.9540000000000015,0.0,0.0,0.0,23536709489.0,RQI_DII_v1.0,frozen_confirmed_by_researcher,1,multi_issuer_ready_event_extension_source_verification_pending
USDC_ASSURANCE_2023_09,USDC,USDC,scheduled,2023-10-30,2023-11-11,12,1,scheduled_monthly_assurance,1,0,0,normal,0,0,0,publication_date,,1.0,0.0,0.0,7.359999999999999,-7.359999999999999,-4.64,0.0,0.0,0.0,23566976292.0,RQI_DII_v1.0,frozen_confirmed_by_researcher,1,multi_issuer_ready_event_extension_source_verification_pending
USDC_ASSURANCE_2023_09,USDC,USDC,scheduled,2023-10-30,2023-11-12,13,1,scheduled_monthly_assurance,1,0,0,normal,0,0,0,publication_date,,0.999624,-3.76,3.76,18.548,-14.787999999999998,14.787999999999998,0.0,0.0,0.0,23629501734.0,RQI_DII_v1.0,frozen_confirmed_by_researcher,1,multi_issuer_ready_event_extension_source_verification_pending
USDC_ASSURANCE_2023_09,USDC,USDC,scheduled,2023-10-30,2023-11-13,14,1,scheduled_monthly_assurance,1,0,0,normal,0,0,0,publication_date,,0.997795,-22.05,22.05,4.548,17.502000000000002,-17.502000000000002,0.0,0.0,0.0,23670191735.0,RQI_DII_v1.0,frozen_confirmed_by_researcher,1,multi_issuer_ready_event_extension_source_verification_pending
USDC_ASSURANCE_2023_11,USDC,USDC,scheduled,2023-12-22,2023-12-08,-14,1,scheduled_monthly_assurance,1,0,0,normal,0,0,0,publication_date,,1.001,10.0,10.0,5.603999999999999,4.396000000000001,15.604,0.0,0.0,0.0,23640247211.0,RQI_DII_v1.0,frozen_confirmed_by_researcher,1,multi_issuer_ready_event_extension_source_verification_pending
USDC_ASSURANCE_2023_11,USDC,USDC,scheduled,2023-12-22,2023-12-09,-13,1,scheduled_monthly_assurance,1,0,0,normal,0,0,0,publication_date,,0.999385,-6.1499999999999995,6.1499999999999995,2.402,3.7479999999999993,-3.7479999999999993,0.0,0.0,0.0,23803432293.0,RQI_DII_v1.0,frozen_confirmed_by_researcher,1,multi_issuer_ready_event_extension_source_verification_pending
USDC_ASSURANCE_2023_11,USDC,USDC,scheduled,2023-12-22,2023-12-10,-12,1,scheduled_monthly_assurance,1,0,0,normal,0,0,0,publication_date,,1.0,0.0,0.0,3.7159999999999997,-3.7159999999999997,3.7159999999999997,0.0,0.0,0.0,23846995113.0,RQI_DII_v1.0,frozen_confirmed_by_researcher,1,multi_issuer_ready_event_extension_source_verification_pending
USDC_ASSURANCE_2023_11,USDC,USDC,scheduled,2023-12-22,2023-12-11,-11,1,scheduled_monthly_assurance,1,0,0,normal,0,0,0,publication_date,,0.999796,-2.04,2.04,6.286,-4.2459999999999996,4.2459999999999996,0.0,0.0,0.0,23845568064.0,RQI_DII_v1.0,frozen_confirmed_by_researcher,1,multi_issuer_ready_event_extension_source_verification_pending
USDC_ASSURANCE_2023_11,USDC,USDC,scheduled,2023-12-22,2023-12-12,-10,1,scheduled_monthly_assurance,1,0,0,normal,0,0,0,publication_date,,1.002,20.0,20.0,40.0,-20.0,-20.0,0.0,0.0,0.2,23445592820.0,RQI_DII_v1.0,frozen_confirmed_by_researcher,1,multi_issuer_ready_event_extension_source_verification_pending
USDC_ASSURANCE_2023_11,USDC,USDC,scheduled,2023-12-22,2023-12-13,-9,1,scheduled_monthly_assurance,1,0,0,normal,0,0,0,publication_date,,0.998618,-13.82,13.82,15.8,-1.9800000000000004,-10.020000000000001,0.0,0.0,0.0,23337566374.0,RQI_DII_v1.0,frozen_confirmed_by_researcher,1,multi_issuer_ready_event_extension_source_verification_pending
USDC_ASSURANCE_2023_11,USDC,USDC,scheduled,2023-12-22,2023-12-14,-8,1,scheduled_monthly_assurance,1,0,0,normal,0,0,0,publication_date,,1.001,10.0,10.0,8.462,1.5380000000000003,14.462,0.0,0.0,0.0,23581765305.0,RQI_DII_v1.0,frozen_confirmed_by_researcher,1,multi_issuer_ready_event_extension_source_verification_pending
USDC_ASSURANCE_2023_11,USDC,USDC,scheduled,2023-12-22,2023-12-15,-7,1,scheduled_monthly_assurance,1,0,0,normal,0,0,0,publication_date,,1.001,10.0,10.0,6.074,3.926,8.074,0.0,0.0,0.0,23689816599.0,RQI_DII_v1.0,frozen_confirmed_by_researcher,1,multi_issuer_ready_event_extension_source_verification_pending
USDC_ASSURANCE_2023_11,USDC,USDC,scheduled,2023-12-22,2023-12-16,-6,1,scheduled_monthly_assurance,1,0,0,normal,0,0,0,publication_date,,0.998424,-15.76,15.76,55.946000000000005,-40.18600000000001,40.18600000000001,0.0,0.0,0.2,23797094564.0,RQI_DII_v1.0,frozen_confirmed_by_researcher,1,multi_issuer_ready_event_extension_source_verification_pending
USDC_ASSURANCE_2023_11,USDC,USDC,scheduled,2023-12-22,2023-12-17,-5,1,scheduled_monthly_assurance,1,0,0,normal,0,0,0,publication_date,,0.999841,-1.5899999999999999,1.5899999999999999,38.442,-36.852000000000004,36.852000000000004,0.0,0.0,0.2,23806517591.0,RQI_DII_v1.0,frozen_confirmed_by_researcher,1,multi_issuer_ready_event_extension_source_verification_pending
USDC_ASSURANCE_2023_11,USDC,USDC,scheduled,2023-12-22,2023-12-18,-4,1,scheduled_monthly_assurance,1,0,0,normal,0,0,0,publication_date,,1.002,20.0,20.0,11.078,8.922,27.078,0.0,0.0,0.0,23758906656.0,RQI_DII_v1.0,frozen_confirmed_by_researcher,1,multi_issuer_ready_event_extension_source_verification_pending
USDC_ASSURANCE_2023_11,USDC,USDC,scheduled,2023-12-22,2023-12-19,-3,1,scheduled_monthly_assurance,1,0,0,normal,0,0,0,publication_date,,0.999784,-2.1599999999999997,2.1599999999999997,11.25,-9.09,9.09,0.0,0.0,0.0,23909611712.0,RQI_DII_v1.0,frozen_confirmed_by_researcher,1,multi_issuer_ready_event_extension_source_verification_pending
USDC_ASSURANCE_2023_11,USDC,USDC,scheduled,2023-12-22,2023-12-20,-2,1,scheduled_monthly_assurance,1,0,0,normal,0,0,0,publication_date,,1.001,10.0,10.0,7.2219999999999995,2.7780000000000005,9.222,0.0,0.0,0.0,24145378564.0,RQI_DII_v1.0,frozen_confirmed_by_researcher,1,multi_issuer_ready_event_extension_source_verification_pending
USDC_ASSURANCE_2023_11,USDC,USDC,scheduled,2023-12-22,2023-12-21,-1,1,scheduled_monthly_assurance,1,0,0,normal,0,0,0,publication_date,,1.0,0.0,0.0,20.0,-20.0,-20.0,0.0,0.0,0.0,24283238869.0,RQI_DII_v1.0,frozen_confirmed_by_researcher,1,multi_issuer_ready_event_extension_source_verification_pending
USDC_ASSURANCE_2023_11,USDC,USDC,scheduled,2023-12-22,2023-12-22,0,1,scheduled_monthly_assurance,1,0,0,normal,0,0,0,publication_date,,1.001,10.0,10.0,2.7340000000000004,7.266,8.734,0.0,0.0,0.0,24178804101.0,RQI_DII_v1.0,frozen_confirmed_by_researcher,1,multi_issuer_ready_event_extension_source_verification_pending
USDC_ASSURANCE_2023_11,USDC,USDC,scheduled,2023-12-22,2023-12-23,1,1,scheduled_monthly_assurance,1,0,0,normal,0,0,0,publication_date,,1.0,0.0,0.0,4.0,-4.0,-4.0,0.0,0.0,0.0,24449963544.0,RQI_DII_v1.0,frozen_confirmed_by_researcher,1,multi_issuer_ready_event_extension_source_verification_pending
USDC_ASSURANCE_2023_11,USDC,USDC,scheduled,2023-12-22,2023-12-24,2,1,scheduled_monthly_assurance,1,0,0,normal,0,0,0,publication_date,,1.001,10.0,10.0,6.0,4.0,4.0,0.0,0.0,0.0,24466753309.0,RQI_DII_v1.0,frozen_confirmed_by_researcher,1,multi_issuer_ready_event_extension_source_verification_pending
USDC_ASSURANCE_2023_11,USDC,USDC,scheduled,2023-12-22,2023-12-25,3,1,scheduled_monthly_assurance,1,0,0,normal,0,0,0,publication_date,,0.998655,-13.450000000000001,13.450000000000001,12.624,0.8260000000000005,-12.826,0.0,0.0,0.0,24492276241.0,RQI_DII_v1.0,frozen_confirmed_by_researcher,1,multi_issuer_ready_event_extension_source_verification_pending
USDC_ASSURANCE_2023_11,USDC,USDC,scheduled,2023-12-22,2023-12-26,4,1,scheduled_monthly_assurance,1,0,0,normal,0,0,0,publication_date,,0.998891,-11.09,11.09,13.059999999999999,-1.9699999999999989,-2.030000000000001,0.0,0.0,0.0,24441155833.0,RQI_DII_v1.0,frozen_confirmed_by_researcher,1,multi_issuer_ready_event_extension_source_verification_pending
USDC_ASSURANCE_2023_11,USDC,USDC,scheduled,2023-12-22,2023-12-27,5,1,scheduled_monthly_assurance,1,0,0,normal,0,0,0,publication_date,,1.0,0.0,0.0,15.693999999999999,-15.693999999999999,-8.306000000000001,0.0,0.0,0.0,24103905780.0,RQI_DII_v1.0,frozen_confirmed_by_researcher,1,multi_issuer_ready_event_extension_source_verification_pending
USDC_ASSURANCE_2023_11,USDC,USDC,scheduled,2023-12-22,2023-12-28,6,1,scheduled_monthly_assurance,1,0,0,normal,0,0,0,publication_date,,1.002,20.0,20.0,26.0,-6.0,-6.0,0.0,0.0,0.2,24263640681.0,RQI_DII_v1.0,frozen_confirmed_by_researcher,1,multi_issuer_ready_event_extension_source_verification_pending
USDC_ASSURANCE_2023_11,USDC,USDC,scheduled,2023-12-22,2023-12-29,7,1,scheduled_monthly_assurance,1,0,0,normal,0,0,0,publication_date,,1.001,10.0,10.0,6.662000000000001,3.337999999999999,12.662,0.0,0.0,0.0,24213299091.0,RQI_DII_v1.0,frozen_confirmed_by_researcher,1,multi_issuer_ready_event_extension_source_verification_pending
USDC_ASSURANCE_2023_11,USDC,USDC,scheduled,2023-12-22,2023-12-30,8,1,scheduled_monthly_assurance,1,0,0,normal,0,0,0,publication_date,,1.0,0.0,0.0,16.0,-16.0,-16.0,0.0,0.0,0.0,24152768200.0,RQI_DII_v1.0,frozen_confirmed_by_researcher,1,multi_issuer_ready_event_extension_source_verification_pending
USDC_ASSURANCE_2023_11,USDC,USDC,scheduled,2023-12-22,2023-12-31,9,1,scheduled_monthly_assurance,1,0,0,normal,0,0,0,publication_date,,0.999547,-4.53,4.53,10.156,-5.626,1.6260000000000003,0.0,0.0,0.0,24066228282.0,RQI_DII_v1.0,frozen_confirmed_by_researcher,1,multi_issuer_ready_event_extension_source_verification_pending
USDC_ASSURANCE_2023_11,USDC,USDC,scheduled,2023-12-22,2024-01-01,10,1,scheduled_monthly_assurance,1,0,0,normal,0,0,0,publication_date,,1.0,0.0,0.0,13.816000000000003,-13.816000000000003,1.8160000000000012,0.0,0.0,0.0,23904189101.0,RQI_DII_v1.0,frozen_confirmed_by_researcher,1,multi_issuer_ready_event_extension_source_verification_pending
USDC_ASSURANCE_2023_11,USDC,USDC,scheduled,2023-12-22,2024-01-02,11,1,scheduled_monthly_assurance,1,0,0,normal,0,0,0,publication_date,,1.003,30.0,30.0,22.758,7.242000000000001,12.758000000000003,0.0,0.0,0.0,23991071588.0,RQI_DII_v1.0,frozen_confirmed_by_researcher,1,multi_issuer_ready_event_extension_source_verification_pending
USDC_ASSURANCE_2023_11,USDC,USDC,scheduled,2023-12-22,2024-01-03,12,1,scheduled_monthly_assurance,1,0,0,normal,0,0,0,publication_date,,0.999487,-5.13,5.13,19.714000000000002,-14.584000000000003,10.584000000000003,0.0,0.0,0.0,24155447802.0,RQI_DII_v1.0,frozen_confirmed_by_researcher,1,multi_issuer_ready_event_extension_source_verification_pending
USDC_ASSURANCE_2023_11,USDC,USDC,scheduled,2023-12-22,2024-01-04,13,1,scheduled_monthly_assurance,1,0,0,normal,0,0,0,publication_date,,0.997643,-23.57,23.57,14.382,9.188,-9.188,0.0,0.0,0.0,24307455920.0,RQI_DII_v1.0,frozen_confirmed_by_researcher,1,multi_issuer_ready_event_extension_source_verification_pending
USDC_ASSURANCE_2023_11,USDC,USDC,scheduled,2023-12-22,2024-01-05,14,1,scheduled_monthly_assurance,1,0,0,normal,0,0,0,publication_date,,1.0,0.0,0.0,16.216,-16.216,-15.784,0.0,0.0,0.0,24393275821.0,RQI_DII_v1.0,frozen_confirmed_by_researcher,1,multi_issuer_ready_event_extension_source_verification_pending
USDC_ASSURANCE_2024_01,USDC,USDC,scheduled,2024-02-29,2024-02-15,-14,1,scheduled_monthly_assurance,1,0,0,normal,0,0,0,publication_date,,1.005,50.0,50.0,43.652,6.347999999999999,33.652,0.0,0.0,0.4,26919800757.0,RQI_DII_v1.0,frozen_confirmed_by_researcher,1,multi_issuer_ready_event_extension_source_verification_pending
USDC_ASSURANCE_2024_01,USDC,USDC,scheduled,2024-02-29,2024-02-16,-13,1,scheduled_monthly_assurance,1,0,0,normal,0,0,0,publication_date,,0.998611,-13.89,13.89,49.786,-35.896,23.895999999999987,0.0,0.0,0.2,26997612331.0,RQI_DII_v1.0,frozen_confirmed_by_researcher,1,multi_issuer_ready_event_extension_source_verification_pending
USDC_ASSURANCE_2024_01,USDC,USDC,scheduled,2024-02-29,2024-02-17,-12,1,scheduled_monthly_assurance,1,0,0,normal,0,0,0,publication_date,,0.99945,-5.5,5.5,55.864,-50.364,34.364,0.0,0.0,0.2,26995448185.0,RQI_DII_v1.0,frozen_confirmed_by_researcher,1,multi_issuer_ready_event_extension_source_verification_pending
USDC_ASSURANCE_2024_01,USDC,USDC,scheduled,2024-02-29,2024-02-18,-11,1,scheduled_monthly_assurance,1,0,0,normal,0,0,0,publication_date,,1.001,10.0,10.0,64.476,-54.476,54.476000000000006,0.0,0.0,0.2,27000446716.0,RQI_DII_v1.0,frozen_confirmed_by_researcher,1,multi_issuer_ready_event_extension_source_verification_pending
USDC_ASSURANCE_2024_01,USDC,USDC,scheduled,2024-02-29,2024-02-19,-10,1,scheduled_monthly_assurance,1,0,0,normal,0,0,0,publication_date,,1.0,0.0,0.0,46.376000000000005,-46.376000000000005,34.376000000000005,0.0,0.0,0.2,26958111249.0,RQI_DII_v1.0,frozen_confirmed_by_researcher,1,multi_issuer_ready_event_extension_source_verification_pending
USDC_ASSURANCE_2024_01,USDC,USDC,scheduled,2024-02-29,2024-02-20,-9,1,scheduled_monthly_assurance,1,0,0,normal,0,0,0,publication_date,,0.998935,-10.65,10.65,48.55200000000001,-37.90200000000001,37.90200000000001,0.0,0.0,0.2,26919451917.0,RQI_DII_v1.0,frozen_confirmed_by_researcher,1,multi_issuer_ready_event_extension_source_verification_pending
USDC_ASSURANCE_2024_01,USDC,USDC,scheduled,2024-02-29,2024-02-21,-8,1,scheduled_monthly_assurance,1,0,0,normal,0,0,0,publication_date,,0.998879,-11.21,11.21,52.97600000000001,-41.76600000000001,41.76600000000001,0.0,0.0,0.2,26884069263.0,RQI_DII_v1.0,frozen_confirmed_by_researcher,1,multi_issuer_ready_event_extension_source_verification_pending
USDC_ASSURANCE_2024_01,USDC,USDC,scheduled,2024-02-29,2024-02-22,-7,1,scheduled_monthly_assurance,1,0,0,normal,0,0,0,publication_date,,0.997911,-20.89,20.89,65.8,-44.91,40.91,0.0,0.0,0.2,26940446667.0,RQI_DII_v1.0,frozen_confirmed_by_researcher,1,multi_issuer_ready_event_extension_source_verification_pending
USDC_ASSURANCE_2024_01,USDC,USDC,scheduled,2024-02-29,2024-02-23,-6,1,scheduled_monthly_assurance,1,0,0,normal,0,0,0,publication_date,,1.001,10.0,10.0,61.94599999999999,-51.94599999999999,55.94599999999999,0.0,0.0,0.2,26888204967.0,RQI_DII_v1.0,frozen_confirmed_by_researcher,1,multi_issuer_ready_event_extension_source_verification_pending
USDC_ASSURANCE_2024_01,USDC,USDC,scheduled,2024-02-29,2024-02-24,-5,1,scheduled_monthly_assurance,1,0,0,normal,0,0,0,publication_date,,1.001,10.0,10.0,55.80800000000001,-45.80800000000001,45.80800000000001,0.0,0.0,0.2,26976099495.0,RQI_DII_v1.0,frozen_confirmed_by_researcher,1,multi_issuer_ready_event_extension_source_verification_pending
USDC_ASSURANCE_2024_01,USDC,USDC,scheduled,2024-02-29,2024-02-25,-4,1,scheduled_monthly_assurance,1,0,0,normal,0,0,0,publication_date,,0.999291,-7.09,7.09,63.424,-56.334,52.33400000000002,0.0,0.0,0.2,27025735083.0,RQI_DII_v1.0,frozen_confirmed_by_researcher,1,multi_issuer_ready_event_extension_source_verification_pending
USDC_ASSURANCE_2024_01,USDC,USDC,scheduled,2024-02-29,2024-02-26,-3,1,scheduled_monthly_assurance,1,0,0,normal,0,0,0,publication_date,,0.999496,-5.04,5.04,55.254,-50.214,42.214000000000006,0.0,0.0,0.2,27051384993.0,RQI_DII_v1.0,frozen_confirmed_by_researcher,1,multi_issuer_ready_event_extension_source_verification_pending
USDC_ASSURANCE_2024_01,USDC,USDC,scheduled,2024-02-29,2024-02-27,-2,1,scheduled_monthly_assurance,1,0,0,normal,0,0,0,publication_date,,0.998512,-14.879999999999999,14.879999999999999,51.438,-36.55800000000001,32.55800000000001,0.0,0.0,0.2,27283677489.0,RQI_DII_v1.0,frozen_confirmed_by_researcher,1,multi_issuer_ready_event_extension_source_verification_pending
USDC_ASSURANCE_2024_01,USDC,USDC,scheduled,2024-02-29,2024-02-28,-1,1,scheduled_monthly_assurance,1,0,0,normal,0,0,0,publication_date,,1.001,10.0,10.0,71.52799999999999,-61.52799999999999,61.528,0.0,0.0,0.2,27230886842.0,RQI_DII_v1.0,frozen_confirmed_by_researcher,1,multi_issuer_ready_event_extension_source_verification_pending
USDC_ASSURANCE_2024_01,USDC,USDC,scheduled,2024-02-29,2024-02-29,0,1,scheduled_monthly_assurance,1,0,0,normal,0,0,0,publication_date,,0.997833,-21.67,21.67,90.912,-69.242,69.242,0.0,0.0,0.4,27382619880.0,RQI_DII_v1.0,frozen_confirmed_by_researcher,1,multi_issuer_ready_event_extension_source_verification_pending
USDC_ASSURANCE_2024_01,USDC,USDC,scheduled,2024-02-29,2024-03-01,1,1,scheduled_monthly_assurance,1,0,0,normal,0,0,0,publication_date,,1.003,30.0,30.0,16.0,14.0,14.0,0.0,0.0,0.0,27519700895.0,RQI_DII_v1.0,frozen_confirmed_by_researcher,1,multi_issuer_ready_event_extension_source_verification_pending
USDC_ASSURANCE_2024_01,USDC,USDC,scheduled,2024-02-29,2024-03-02,2,1,scheduled_monthly_assurance,1,0,0,normal,0,0,0,publication_date,,1.001,10.0,10.0,13.754,-3.7539999999999996,3.7539999999999996,0.0,0.0,0.0,27708886969.0,RQI_DII_v1.0,frozen_confirmed_by_researcher,1,multi_issuer_ready_event_extension_source_verification_pending
USDC_ASSURANCE_2024_01,USDC,USDC,scheduled,2024-02-29,2024-03-03,3,1,scheduled_monthly_assurance,1,0,0,normal,0,0,0,publication_date,,0.998968,-10.319999999999999,10.319999999999999,4.552,5.767999999999999,-5.767999999999999,0.0,0.0,0.0,27697165348.0,RQI_DII_v1.0,frozen_confirmed_by_researcher,1,multi_issuer_ready_event_extension_source_verification_pending
USDC_ASSURANCE_2024_01,USDC,USDC,scheduled,2024-02-29,2024-03-04,4,1,scheduled_monthly_assurance,1,0,0,normal,0,0,0,publication_date,,1.002,20.0,20.0,22.0,-2.0,-2.0,0.0,0.0,0.0,27639412454.0,RQI_DII_v1.0,frozen_confirmed_by_researcher,1,multi_issuer_ready_event_extension_source_verification_pending
USDC_ASSURANCE_2024_01,USDC,USDC,scheduled,2024-02-29,2024-03-05,5,1,scheduled_monthly_assurance,1,0,0,normal,0,0,0,publication_date,,0.996951,-30.490000000000002,30.490000000000002,31.253999999999998,-0.7639999999999958,-7.236000000000004,0.0,0.0,0.4,27574286941.0,RQI_DII_v1.0,frozen_confirmed_by_researcher,1,multi_issuer_ready_event_extension_source_verification_pending
USDC_ASSURANCE_2024_01,USDC,USDC,scheduled,2024-02-29,2024-03-06,6,1,scheduled_monthly_assurance,1,0,0,normal,0,0,0,publication_date,,0.999888,-1.1199999999999999,1.1199999999999999,16.863999999999997,-15.743999999999998,-16.256,0.0,0.0,0.0,27500266781.0,RQI_DII_v1.0,frozen_confirmed_by_researcher,1,multi_issuer_ready_event_extension_source_verification_pending
USDC_ASSURANCE_2024_01,USDC,USDC,scheduled,2024-02-29,2024-03-07,7,1,scheduled_monthly_assurance,1,0,0,normal,0,0,0,publication_date,,0.996519,-34.81,34.81,5.9,28.910000000000004,-32.910000000000004,0.0,0.0,0.0,27776176197.0,RQI_DII_v1.0,frozen_confirmed_by_researcher,1,multi_issuer_ready_event_extension_source_verification_pending
USDC_ASSURANCE_2024_01,USDC,USDC,scheduled,2024-02-29,2024-03-08,8,1,scheduled_monthly_assurance,1,0,0,normal,0,0,0,publication_date,,1.0,0.0,0.0,23.240000000000002,-23.240000000000002,-12.76,0.0,0.0,0.2,27920945553.0,RQI_DII_v1.0,frozen_confirmed_by_researcher,1,multi_issuer_ready_event_extension_source_verification_pending
USDC_ASSURANCE_2024_01,USDC,USDC,scheduled,2024-02-29,2024-03-09,9,1,scheduled_monthly_assurance,1,0,0,normal,0,0,0,publication_date,,0.999935,-0.6499999999999999,0.6499999999999999,26.047999999999995,-25.397999999999996,-14.602000000000002,0.0,0.0,0.0,28476482173.0,RQI_DII_v1.0,frozen_confirmed_by_researcher,1,multi_issuer_ready_event_extension_source_verification_pending
USDC_ASSURANCE_2024_01,USDC,USDC,scheduled,2024-02-29,2024-03-10,10,1,scheduled_monthly_assurance,1,0,0,normal,0,0,0,publication_date,,0.999727,-2.7300000000000004,2.7300000000000004,27.318,-24.588,-27.412000000000003,0.0,0.0,0.2,28517669609.0,RQI_DII_v1.0,frozen_confirmed_by_researcher,1,multi_issuer_ready_event_extension_source_verification_pending
USDC_ASSURANCE_2024_01,USDC,USDC,scheduled,2024-02-29,2024-03-11,11,1,scheduled_monthly_assurance,1,0,0,normal,0,0,0,publication_date,,0.998084,-19.16,19.16,27.248,-8.088000000000001,-31.912,0.0,0.0,0.2,28640874979.0,RQI_DII_v1.0,frozen_confirmed_by_researcher,1,multi_issuer_ready_event_extension_source_verification_pending
USDC_ASSURANCE_2024_01,USDC,USDC,scheduled,2024-02-29,2024-03-12,12,1,scheduled_monthly_assurance,1,0,0,normal,0,0,0,publication_date,,0.998663,-13.370000000000001,13.370000000000001,51.738,-38.367999999999995,-53.632000000000005,0.0,0.0,0.2,29008554605.0,RQI_DII_v1.0,frozen_confirmed_by_researcher,1,multi_issuer_ready_event_extension_source_verification_pending
USDC_ASSURANCE_2024_01,USDC,USDC,scheduled,2024-02-29,2024-03-13,13,1,scheduled_monthly_assurance,1,0,0,normal,0,0,0,publication_date,,0.99995,-0.5,0.5,44.292,-43.792,-36.208,0.0,0.0,0.2,28970723649.0,RQI_DII_v1.0,frozen_confirmed_by_researcher,1,multi_issuer_ready_event_extension_source_verification_pending
USDC_ASSURANCE_2024_01,USDC,USDC,scheduled,2024-02-29,2024-03-14,14,1,scheduled_monthly_assurance,1,0,0,normal,0,0,0,publication_date,,1.001,10.0,10.0,93.148,-83.148,-76.852,0.0,0.0,0.2,29263949312.0,RQI_DII_v1.0,frozen_confirmed_by_researcher,1,multi_issuer_ready_event_extension_source_verification_pending
USDC_ASSURANCE_2024_07,USDC,USDC,scheduled,2024-08-27,2024-08-13,-14,1,scheduled_monthly_assurance,1,0,0,normal,0,0,0,publication_date,,1.0,0.0,0.0,5.756,-5.756,1.7560000000000002,0.0,0.0,0.0,34148340008.0,RQI_DII_v1.0,frozen_confirmed_by_researcher,1,multi_issuer_ready_event_extension_source_verification_pending
USDC_ASSURANCE_2024_07,USDC,USDC,scheduled,2024-08-27,2024-08-14,-13,1,scheduled_monthly_assurance,1,0,0,normal,0,0,0,publication_date,,1.0,0.0,0.0,6.272,-6.272,-5.728,0.0,0.0,0.0,34118680769.0,RQI_DII_v1.0,frozen_confirmed_by_researcher,1,multi_issuer_ready_event_extension_source_verification_pending
USDC_ASSURANCE_2024_07,USDC,USDC,scheduled,2024-08-27,2024-08-15,-12,1,scheduled_monthly_assurance,1,0,0,normal,0,0,0,publication_date,,1.0,0.0,0.0,6.142,-6.142,-1.858,0.0,0.0,0.0,34121951871.0,RQI_DII_v1.0,frozen_confirmed_by_researcher,1,multi_issuer_ready_event_extension_source_verification_pending
USDC_ASSURANCE_2024_07,USDC,USDC,scheduled,2024-08-27,2024-08-16,-11,1,scheduled_monthly_assurance,1,0,0,normal,0,0,0,publication_date,,0.999441,-5.590000000000001,5.590000000000001,7.33,-1.7399999999999993,1.7399999999999993,0.0,0.0,0.0,34190365754.0,RQI_DII_v1.0,frozen_confirmed_by_researcher,1,multi_issuer_ready_event_extension_source_verification_pending
USDC_ASSURANCE_2024_07,USDC,USDC,scheduled,2024-08-27,2024-08-17,-10,1,scheduled_monthly_assurance,1,0,0,normal,0,0,0,publication_date,,1.0,0.0,0.0,1.888,-1.888,1.888,0.0,0.0,0.0,34444239205.0,RQI_DII_v1.0,frozen_confirmed_by_researcher,1,multi_issuer_ready_event_extension_source_verification_pending
USDC_ASSURANCE_2024_07,USDC,USDC,scheduled,2024-08-27,2024-08-18,-9,1,scheduled_monthly_assurance,1,0,0,normal,0,0,0,publication_date,,1.0,0.0,0.0,6.552,-6.552,6.552,0.0,0.0,0.0,34467820997.0,RQI_DII_v1.0,frozen_confirmed_by_researcher,1,multi_issuer_ready_event_extension_source_verification_pending
USDC_ASSURANCE_2024_07,USDC,USDC,scheduled,2024-08-27,2024-08-19,-8,1,scheduled_monthly_assurance,1,0,0,normal,0,0,0,publication_date,,0.999898,-1.02,1.02,8.474,-7.454000000000001,-4.545999999999999,0.0,0.0,0.0,34437580256.0,RQI_DII_v1.0,frozen_confirmed_by_researcher,1,multi_issuer_ready_event_extension_source_verification_pending
USDC_ASSURANCE_2024_07,USDC,USDC,scheduled,2024-08-27,2024-08-20,-7,1,scheduled_monthly_assurance,1,0,0,normal,0,0,0,publication_date,,0.999893,-1.07,1.07,5.304,-4.234,4.234,0.0,0.0,0.0,34531378958.0,RQI_DII_v1.0,frozen_confirmed_by_researcher,1,multi_issuer_ready_event_extension_source_verification_pending
USDC_ASSURANCE_2024_07,USDC,USDC,scheduled,2024-08-27,2024-08-21,-6,1,scheduled_monthly_assurance,1,0,0,normal,0,0,0,publication_date,,0.999112,-8.88,8.88,9.691999999999998,-0.8119999999999976,0.8119999999999976,0.0,0.0,0.0,34429610360.0,RQI_DII_v1.0,frozen_confirmed_by_researcher,1,multi_issuer_ready_event_extension_source_verification_pending
USDC_ASSURANCE_2024_07,USDC,USDC,scheduled,2024-08-27,2024-08-22,-5,1,scheduled_monthly_assurance,1,0,0,normal,0,0,0,publication_date,,0.999607,-3.93,3.93,8.832,-4.902000000000001,0.9020000000000015,0.0,0.0,0.0,34532300004.0,RQI_DII_v1.0,frozen_confirmed_by_researcher,1,multi_issuer_ready_event_extension_source_verification_pending
USDC_ASSURANCE_2024_07,USDC,USDC,scheduled,2024-08-27,2024-08-23,-4,1,scheduled_monthly_assurance,1,0,0,normal,0,0,0,publication_date,,0.999653,-3.4699999999999998,3.4699999999999998,12.838,-9.367999999999999,5.367999999999999,0.0,0.0,0.0,34315544515.0,RQI_DII_v1.0,frozen_confirmed_by_researcher,1,multi_issuer_ready_event_extension_source_verification_pending
USDC_ASSURANCE_2024_07,USDC,USDC,scheduled,2024-08-27,2024-08-24,-3,1,scheduled_monthly_assurance,1,0,0,normal,0,0,0,publication_date,,0.998772,-12.28,12.28,10.629999999999999,1.6500000000000004,-1.6500000000000004,0.0,0.0,0.0,34556230572.0,RQI_DII_v1.0,frozen_confirmed_by_researcher,1,multi_issuer_ready_event_extension_source_verification_pending
USDC_ASSURANCE_2024_07,USDC,USDC,scheduled,2024-08-27,2024-08-25,-2,1,scheduled_monthly_assurance,1,0,0,normal,0,0,0,publication_date,,1.001,10.0,10.0,10.018,-0.018000000000000682,4.018000000000001,0.0,0.0,0.0,34484472199.0,RQI_DII_v1.0,frozen_confirmed_by_researcher,1,multi_issuer_ready_event_extension_source_verification_pending
USDC_ASSURANCE_2024_07,USDC,USDC,scheduled,2024-08-27,2024-08-26,-1,1,scheduled_monthly_assurance,1,0,0,normal,0,0,0,publication_date,,0.999884,-1.16,1.16,6.843999999999999,-5.683999999999999,-2.316,0.0,0.0,0.0,34433170750.0,RQI_DII_v1.0,frozen_confirmed_by_researcher,1,multi_issuer_ready_event_extension_source_verification_pending
USDC_ASSURANCE_2024_07,USDC,USDC,scheduled,2024-08-27,2024-08-27,0,1,scheduled_monthly_assurance,1,0,0,normal,0,0,0,publication_date,,0.998951,-10.49,10.49,12.442,-1.952,-10.048,0.0,0.0,0.0,34177837212.0,RQI_DII_v1.0,frozen_confirmed_by_researcher,1,multi_issuer_ready_event_extension_source_verification_pending
USDC_ASSURANCE_2024_07,USDC,USDC,scheduled,2024-08-27,2024-08-28,1,1,scheduled_monthly_assurance,1,0,0,normal,0,0,0,publication_date,,1.0,0.0,0.0,22.0,-22.0,-22.0,0.0,0.0,0.2,33910790540.0,RQI_DII_v1.0,frozen_confirmed_by_researcher,1,multi_issuer_ready_event_extension_source_verification_pending
USDC_ASSURANCE_2024_07,USDC,USDC,scheduled,2024-08-27,2024-08-29,2,1,scheduled_monthly_assurance,1,0,0,normal,0,0,0,publication_date,,0.999617,-3.83,3.83,9.366,-5.536,5.536,0.0,0.0,0.0,34034384970.0,RQI_DII_v1.0,frozen_confirmed_by_researcher,1,multi_issuer_ready_event_extension_source_verification_pending
USDC_ASSURANCE_2024_07,USDC,USDC,scheduled,2024-08-27,2024-08-30,3,1,scheduled_monthly_assurance,1,0,0,normal,0,0,0,publication_date,,1.0,0.0,0.0,4.682,-4.682,-3.318,0.0,0.0,0.0,34509015726.0,RQI_DII_v1.0,frozen_confirmed_by_researcher,1,multi_issuer_ready_event_extension_source_verification_pending
USDC_ASSURANCE_2024_07,USDC,USDC,scheduled,2024-08-27,2024-08-31,4,1,scheduled_monthly_assurance,1,0,0,normal,0,0,0,publication_date,,1.0,0.0,0.0,21.833999999999996,-21.833999999999996,13.833999999999998,0.0,0.0,0.2,34599205583.0,RQI_DII_v1.0,frozen_confirmed_by_researcher,1,multi_issuer_ready_event_extension_source_verification_pending
USDC_ASSURANCE_2024_07,USDC,USDC,scheduled,2024-08-27,2024-09-01,5,1,scheduled_monthly_assurance,1,0,0,normal,0,0,0,publication_date,,0.998277,-17.23,17.23,25.223999999999997,-7.993999999999996,3.993999999999996,0.0,0.0,0.2,34583590643.0,RQI_DII_v1.0,frozen_confirmed_by_researcher,1,multi_issuer_ready_event_extension_source_verification_pending
USDC_ASSURANCE_2024_07,USDC,USDC,scheduled,2024-08-27,2024-09-02,6,1,scheduled_monthly_assurance,1,0,0,normal,0,0,0,publication_date,,1.001,10.0,10.0,9.096,0.9039999999999999,7.096,0.0,0.0,0.0,34613215286.0,RQI_DII_v1.0,frozen_confirmed_by_researcher,1,multi_issuer_ready_event_extension_source_verification_pending
USDC_ASSURANCE_2024_07,USDC,USDC,scheduled,2024-08-27,2024-09-03,7,1,scheduled_monthly_assurance,1,0,0,normal,0,0,0,publication_date,,1.0,0.0,0.0,8.186,-8.186,4.186,0.0,0.0,0.0,34657370928.0,RQI_DII_v1.0,frozen_confirmed_by_researcher,1,multi_issuer_ready_event_extension_source_verification_pending
USDC_ASSURANCE_2024_07,USDC,USDC,scheduled,2024-08-27,2024-09-04,8,1,scheduled_monthly_assurance,1,0,0,normal,0,0,0,publication_date,,0.999889,-1.11,1.11,7.938,-6.827999999999999,2.8280000000000003,0.0,0.0,0.0,34522575873.0,RQI_DII_v1.0,frozen_confirmed_by_researcher,1,multi_issuer_ready_event_extension_source_verification_pending
USDC_ASSURANCE_2024_07,USDC,USDC,scheduled,2024-08-27,2024-09-05,9,1,scheduled_monthly_assurance,1,0,0,normal,0,0,0,publication_date,,1.0,0.0,0.0,13.516000000000002,-13.516000000000002,9.516000000000002,0.0,0.0,0.0,34784372978.0,RQI_DII_v1.0,frozen_confirmed_by_researcher,1,multi_issuer_ready_event_extension_source_verification_pending
USDC_ASSURANCE_2024_07,USDC,USDC,scheduled,2024-08-27,2024-09-06,10,1,scheduled_monthly_assurance,1,0,0,normal,0,0,0,publication_date,,1.0,0.0,0.0,14.924000000000001,-14.924000000000001,6.9239999999999995,0.0,0.0,0.0,34794139446.0,RQI_DII_v1.0,frozen_confirmed_by_researcher,1,multi_issuer_ready_event_extension_source_verification_pending
USDC_ASSURANCE_2024_07,USDC,USDC,scheduled,2024-08-27,2024-09-07,11,1,scheduled_monthly_assurance,1,0,0,normal,0,0,0,publication_date,,0.999774,-2.26,2.26,12.282,-10.022,2.022000000000001,0.0,0.0,0.0,34708313467.0,RQI_DII_v1.0,frozen_confirmed_by_researcher,1,multi_issuer_ready_event_extension_source_verification_pending
USDC_ASSURANCE_2024_07,USDC,USDC,scheduled,2024-08-27,2024-09-08,12,1,scheduled_monthly_assurance,1,0,0,normal,0,0,0,publication_date,,0.999381,-6.1899999999999995,6.1899999999999995,23.901999999999997,-17.711999999999996,17.711999999999996,0.0,0.0,0.0,34814134193.0,RQI_DII_v1.0,frozen_confirmed_by_researcher,1,multi_issuer_ready_event_extension_source_verification_pending
USDC_ASSURANCE_2024_07,USDC,USDC,scheduled,2024-08-27,2024-09-09,13,1,scheduled_monthly_assurance,1,0,0,normal,0,0,0,publication_date,,0.999645,-3.5500000000000003,3.5500000000000003,13.290000000000001,-9.74,-10.26,0.0,0.0,0.0,34859598816.0,RQI_DII_v1.0,frozen_confirmed_by_researcher,1,multi_issuer_ready_event_extension_source_verification_pending
USDC_ASSURANCE_2024_07,USDC,USDC,scheduled,2024-08-27,2024-09-10,14,1,scheduled_monthly_assurance,1,0,0,normal,0,0,0,publication_date,,1.001,10.0,10.0,30.466,-20.466,32.466,0.0,0.0,0.2,34978518356.0,RQI_DII_v1.0,frozen_confirmed_by_researcher,1,multi_issuer_ready_event_extension_source_verification_pending
USDC_ASSURANCE_2024_11,USDC,USDC,scheduled,2024-12-20,2024-12-06,-14,1,scheduled_monthly_assurance,1,0,0,normal,0,0,0,publication_date,,0.999493,-5.069999999999999,5.069999999999999,47.769999999999996,-42.699999999999996,-5.300000000000002,0.0,0.0,0.4,40272013232.0,RQI_DII_v1.0,frozen_confirmed_by_researcher,1,multi_issuer_ready_event_extension_source_verification_pending
USDC_ASSURANCE_2024_11,USDC,USDC,scheduled,2024-12-20,2024-12-07,-13,1,scheduled_monthly_assurance,1,0,0,normal,0,0,0,publication_date,,0.999806,-1.94,1.94,57.77,-55.830000000000005,-20.17,0.0,0.0,0.4,42706491106.0,RQI_DII_v1.0,frozen_confirmed_by_researcher,1,multi_issuer_ready_event_extension_source_verification_pending
USDC_ASSURANCE_2024_11,USDC,USDC,scheduled,2024-12-20,2024-12-08,-12,1,scheduled_monthly_assurance,1,0,0,normal,0,0,0,publication_date,,1.0,0.0,0.0,318.216,-318.216,198.21599999999998,0.0,0.0,0.4,42702121865.0,RQI_DII_v1.0,frozen_confirmed_by_researcher,1,multi_issuer_ready_event_extension_source_verification_pending
USDC_ASSURANCE_2024_11,USDC,USDC,scheduled,2024-12-20,2024-12-09,-11,1,scheduled_monthly_assurance,1,0,0,normal,0,0,0,publication_date,,0.999244,-7.5600000000000005,7.5600000000000005,171.898,-164.338,100.338,0.0,0.0,0.4,41009128764.0,RQI_DII_v1.0,frozen_confirmed_by_researcher,1,multi_issuer_ready_event_extension_source_verification_pending
USDC_ASSURANCE_2024_11,USDC,USDC,scheduled,2024-12-20,2024-12-10,-10,1,scheduled_monthly_assurance,1,0,0,normal,0,0,0,publication_date,,1.001,10.0,10.0,90.0,-80.0,-80.0,0.0,0.0,0.4,40610519739.0,RQI_DII_v1.0,frozen_confirmed_by_researcher,1,multi_issuer_ready_event_extension_source_verification_pending
USDC_ASSURANCE_2024_11,USDC,USDC,scheduled,2024-12-20,2024-12-11,-9,1,scheduled_monthly_assurance,1,0,0,normal,0,0,0,publication_date,,0.998887,-11.13,11.13,134.21200000000002,-123.08200000000002,31.082,0.0,0.0,0.4,40787885276.0,RQI_DII_v1.0,frozen_confirmed_by_researcher,1,multi_issuer_ready_event_extension_source_verification_pending
USDC_ASSURANCE_2024_11,USDC,USDC,scheduled,2024-12-20,2024-12-12,-8,1,scheduled_monthly_assurance,1,0,0,normal,0,0,0,publication_date,,1.0,0.0,0.0,58.0,-58.0,-58.0,0.0,0.0,0.2,41638005435.0,RQI_DII_v1.0,frozen_confirmed_by_researcher,1,multi_issuer_ready_event_extension_source_verification_pending
USDC_ASSURANCE_2024_11,USDC,USDC,scheduled,2024-12-20,2024-12-13,-7,1,scheduled_monthly_assurance,1,0,0,normal,0,0,0,publication_date,,0.999922,-0.78,0.78,49.794,-49.013999999999996,25.014,0.0,0.0,0.2,41575706171.0,RQI_DII_v1.0,frozen_confirmed_by_researcher,1,multi_issuer_ready_event_extension_source_verification_pending
USDC_ASSURANCE_2024_11,USDC,USDC,scheduled,2024-12-20,2024-12-14,-6,1,scheduled_monthly_assurance,1,0,0,normal,0,0,0,publication_date,,1.0,0.0,0.0,43.142,-43.142,27.142000000000003,0.0,0.0,0.2,42023579153.0,RQI_DII_v1.0,frozen_confirmed_by_researcher,1,multi_issuer_ready_event_extension_source_verification_pending
USDC_ASSURANCE_2024_11,USDC,USDC,scheduled,2024-12-20,2024-12-15,-5,1,scheduled_monthly_assurance,1,0,0,normal,0,0,0,publication_date,,1.001,10.0,10.0,19.044,-9.044,1.0440000000000005,0.0,0.0,0.2,42035458176.0,RQI_DII_v1.0,frozen_confirmed_by_researcher,1,multi_issuer_ready_event_extension_source_verification_pending
USDC_ASSURANCE_2024_11,USDC,USDC,scheduled,2024-12-20,2024-12-16,-4,1,scheduled_monthly_assurance,1,0,0,normal,0,0,0,publication_date,,0.999371,-6.29,6.29,14.826737599999998,-8.536737599999999,-10.2647376,0.0,0.0,0.0,42164595607.0,RQI_DII_v1.0,frozen_confirmed_by_researcher,1,multi_issuer_ready_event_extension_source_verification_pending
USDC_ASSURANCE_2024_11,USDC,USDC,scheduled,2024-12-20,2024-12-17,-3,1,scheduled_monthly_assurance,1,0,0,normal,0,0,0,publication_date,,1.0,0.0,0.0,83.0623886,-83.0623886,37.01761139999999,0.0,0.0,0.4,42435324498.0,RQI_DII_v1.0,frozen_confirmed_by_researcher,1,multi_issuer_ready_event_extension_source_verification_pending
USDC_ASSURANCE_2024_11,USDC,USDC,scheduled,2024-12-20,2024-12-18,-2,1,scheduled_monthly_assurance,1,0,0,normal,0,0,0,publication_date,,0.999831,-1.69,1.69,61.7942936,-60.104293600000005,37.02770640000001,0.0,0.0,0.2,42579293458.0,RQI_DII_v1.0,frozen_confirmed_by_researcher,1,multi_issuer_ready_event_extension_source_verification_pending
USDC_ASSURANCE_2024_11,USDC,USDC,scheduled,2024-12-20,2024-12-19,-1,1,scheduled_monthly_assurance,1,0,0,normal,0,0,0,publication_date,,0.999902,-0.98,0.98,111.63300379999998,-110.65300379999998,-105.98508299999999,0.0,0.0,0.2,42382237199.0,RQI_DII_v1.0,frozen_confirmed_by_researcher,1,multi_issuer_ready_event_extension_source_verification_pending
USDC_ASSURANCE_2024_11,USDC,USDC,scheduled,2024-12-20,2024-12-20,0,1,scheduled_monthly_assurance,1,0,0,normal,0,0,0,publication_date,,1.001,10.0,10.0,29.5773,-19.5773,-19.5773,0.0,0.0,0.2,42528975398.0,RQI_DII_v1.0,frozen_confirmed_by_researcher,1,multi_issuer_ready_event_extension_source_verification_pending
USDC_ASSURANCE_2024_11,USDC,USDC,scheduled,2024-12-20,2024-12-21,1,1,scheduled_monthly_assurance,1,0,0,normal,0,0,0,publication_date,,0.999859,-1.4100000000000001,1.4100000000000001,18.6247396,-17.2147396,-5.3627395999999985,0.0,0.0,0.0,42802708665.0,RQI_DII_v1.0,frozen_confirmed_by_researcher,1,multi_issuer_ready_event_extension_source_verification_pending
USDC_ASSURANCE_2024_11,USDC,USDC,scheduled,2024-12-20,2024-12-22,2,1,scheduled_monthly_assurance,1,0,0,normal,0,0,0,publication_date,,1.001,10.0,10.0,61.568998199999996,-51.568998199999996,67.5689982,0.0,0.0,0.2,42983041582.0,RQI_DII_v1.0,frozen_confirmed_by_researcher,1,multi_issuer_ready_event_extension_source_verification_pending
USDC_ASSURANCE_2024_11,USDC,USDC,scheduled,2024-12-20,2024-12-23,3,1,scheduled_monthly_assurance,1,0,0,normal,0,0,0,publication_date,,1.002,20.0,20.0,35.4195886,-15.419588599999997,-15.419588599999997,0.0,0.0,0.2,43055972957.0,RQI_DII_v1.0,frozen_confirmed_by_researcher,1,multi_issuer_ready_event_extension_source_verification_pending
USDC_ASSURANCE_2024_11,USDC,USDC,scheduled,2024-12-20,2024-12-24,4,1,scheduled_monthly_assurance,1,0,0,normal,0,0,0,publication_date,,0.999722,-2.78,2.78,15.834046599999997,-13.054046599999998,5.045953399999998,0.0,0.0,0.2,43072799555.0,RQI_DII_v1.0,frozen_confirmed_by_researcher,1,multi_issuer_ready_event_extension_source_verification_pending
USDC_ASSURANCE_2024_11,USDC,USDC,scheduled,2024-12-20,2024-12-25,5,1,scheduled_monthly_assurance,1,0,0,normal,0,0,0,publication_date,,1.0,0.0,0.0,40.8263446,-40.8263446,38.0600222,0.0,0.0,0.2,43092271797.0,RQI_DII_v1.0,frozen_confirmed_by_researcher,1,multi_issuer_ready_event_extension_source_verification_pending
USDC_ASSURANCE_2024_11,USDC,USDC,scheduled,2024-12-20,2024-12-26,6,1,scheduled_monthly_assurance,1,0,0,normal,0,0,0,publication_date,,1.001,10.0,10.0,114.83256720000001,-104.83256720000001,124.83256720000001,0.0,0.0,0.2,43142463542.0,RQI_DII_v1.0,frozen_confirmed_by_researcher,1,multi_issuer_ready_event_extension_source_verification_pending
USDC_ASSURANCE_2024_11,USDC,USDC,scheduled,2024-12-20,2024-12-27,7,1,scheduled_monthly_assurance,1,0,0,normal,0,0,0,publication_date,,0.999762,-2.3800000000000003,2.3800000000000003,10.6500112,-8.270011199999999,6.1054216,0.0,0.0,0.0,43516242445.0,RQI_DII_v1.0,frozen_confirmed_by_researcher,1,multi_issuer_ready_event_extension_source_verification_pending
USDC_ASSURANCE_2024_11,USDC,USDC,scheduled,2024-12-20,2024-12-28,8,1,scheduled_monthly_assurance,1,0,0,normal,0,0,0,publication_date,,0.999991,-0.09,0.09,11.1231344,-11.0331344,5.322865600000001,0.0,0.0,0.0,43570536636.0,RQI_DII_v1.0,frozen_confirmed_by_researcher,1,multi_issuer_ready_event_extension_source_verification_pending
USDC_ASSURANCE_2024_11,USDC,USDC,scheduled,2024-12-20,2024-12-29,9,1,scheduled_monthly_assurance,1,0,0,normal,0,0,0,publication_date,,0.999549,-4.51,4.51,34.0658324,-29.5558324,29.5558324,0.0,0.0,0.2,43678328631.0,RQI_DII_v1.0,frozen_confirmed_by_researcher,1,multi_issuer_ready_event_extension_source_verification_pending
USDC_ASSURANCE_2024_11,USDC,USDC,scheduled,2024-12-20,2024-12-30,10,1,scheduled_monthly_assurance,1,0,0,normal,0,0,0,publication_date,,0.998877,-11.23,11.23,37.2840786,-26.0540786,18.054078600000004,0.0,0.0,0.4,43675880045.0,RQI_DII_v1.0,frozen_confirmed_by_researcher,1,multi_issuer_ready_event_extension_source_verification_pending
USDC_ASSURANCE_2024_11,USDC,USDC,scheduled,2024-12-20,2024-12-31,11,1,scheduled_monthly_assurance,1,0,0,normal,0,0,0,publication_date,,0.99951,-4.8999999999999995,4.8999999999999995,23.8600808,-18.9600808,16.309837599999998,0.0,0.0,0.2,43866282229.0,RQI_DII_v1.0,frozen_confirmed_by_researcher,1,multi_issuer_ready_event_extension_source_verification_pending
USDP_MONTHLY_HOLDINGS_REPORT_JUNE_2024_2024_07_01,USDP,non_USDC,scheduled,2024-07-01,2024-06-17,-14,1,scheduled_monthly_holdings,1,0,0,normal,0,0,0,publication_date,,0.999788,-2.12,2.12,29.144,-27.023999999999997,27.023999999999997,0.0,0.0,0.2,136400340.0,RQI_DII_v1.0,frozen_confirmed_by_researcher,1,multi_issuer_ready_event_extension_source_verification_pending
USDP_MONTHLY_HOLDINGS_REPORT_JUNE_2024_2024_07_01,USDP,non_USDC,scheduled,2024-07-01,2024-06-18,-13,1,scheduled_monthly_holdings,1,0,0,normal,0,0,0,publication_date,,1.001,10.0,10.0,18.626,-8.626000000000001,12.626000000000001,0.0,0.0,0.0,136400340.0,RQI_DII_v1.0,frozen_confirmed_by_researcher,1,multi_issuer_ready_event_extension_source_verification_pending
USDP_MONTHLY_HOLDINGS_REPORT_JUNE_2024_2024_07_01,USDP,non_USDC,scheduled,2024-07-01,2024-06-19,-12,1,scheduled_monthly_holdings,1,0,0,normal,0,0,0,publication_date,,0.999824,-1.76,1.76,72.432,-70.672,70.672,0.0,0.0,0.4,136400340.0,RQI_DII_v1.0,frozen_confirmed_by_researcher,1,multi_issuer_ready_event_extension_source_verification_pending
USDP_MONTHLY_HOLDINGS_REPORT_JUNE_2024_2024_07_01,USDP,non_USDC,scheduled,2024-07-01,2024-06-20,-11,1,scheduled_monthly_holdings,1,0,0,normal,0,0,0,publication_date,,1.0,0.0,0.0,119.362,-119.362,119.362,0.0,0.0,0.2,136400340.0,RQI_DII_v1.0,frozen_confirmed_by_researcher,1,multi_issuer_ready_event_extension_source_verification_pending
USDP_MONTHLY_HOLDINGS_REPORT_JUNE_2024_2024_07_01,USDP,non_USDC,scheduled,2024-07-01,2024-06-21,-10,1,scheduled_monthly_holdings,1,0,0,normal,0,0,0,publication_date,,1.0,0.0,0.0,136.716,-136.716,136.716,0.0,0.0,0.2,136400340.0,RQI_DII_v1.0,frozen_confirmed_by_researcher,1,multi_issuer_ready_event_extension_source_verification_pending
USDP_MONTHLY_HOLDINGS_REPORT_JUNE_2024_2024_07_01,USDP,non_USDC,scheduled,2024-07-01,2024-06-22,-9,1,scheduled_monthly_holdings,1,0,0,normal,0,0,0,publication_date,,1.0,0.0,0.0,69.58200000000001,-69.58200000000001,69.58200000000001,0.0,0.0,0.2,136400340.0,RQI_DII_v1.0,frozen_confirmed_by_researcher,1,multi_issuer_ready_event_extension_source_verification_pending
USDP_MONTHLY_HOLDINGS_REPORT_JUNE_2024_2024_07_01,USDP,non_USDC,scheduled,2024-07-01,2024-06-23,-8,1,scheduled_monthly_holdings,1,0,0,normal,0,0,0,publication_date,,0.999855,-1.45,1.45,127.56599999999999,-126.11599999999999,126.11599999999999,0.0,0.0,0.2,136400340.0,RQI_DII_v1.0,frozen_confirmed_by_researcher,1,multi_issuer_ready_event_extension_source_verification_pending
USDP_MONTHLY_HOLDINGS_REPORT_JUNE_2024_2024_07_01,USDP,non_USDC,scheduled,2024-07-01,2024-06-24,-7,1,scheduled_monthly_holdings,1,0,0,normal,0,0,0,publication_date,,0.998887,-11.13,11.13,17.954,-6.824,6.824,0.0,0.0,0.0,136400340.0,RQI_DII_v1.0,frozen_confirmed_by_researcher,1,multi_issuer_ready_event_extension_source_verification_pending
USDP_MONTHLY_HOLDINGS_REPORT_JUNE_2024_2024_07_01,USDP,non_USDC,scheduled,2024-07-01,2024-06-25,-6,1,scheduled_monthly_holdings,1,0,0,normal,0,0,0,publication_date,,1.0,0.0,0.0,9.284,-9.284,9.284,0.0,0.0,0.0,136400340.0,RQI_DII_v1.0,frozen_confirmed_by_researcher,1,multi_issuer_ready_event_extension_source_verification_pending
USDP_MONTHLY_HOLDINGS_REPORT_JUNE_2024_2024_07_01,USDP,non_USDC,scheduled,2024-07-01,2024-06-26,-5,1,scheduled_monthly_holdings,1,0,0,normal,0,0,0,publication_date,,1.0,0.0,0.0,9.656,-9.656,9.656,0.0,0.0,0.0,136400340.0,RQI_DII_v1.0,frozen_confirmed_by_researcher,1,multi_issuer_ready_event_extension_source_verification_pending
USDP_MONTHLY_HOLDINGS_REPORT_JUNE_2024_2024_07_01,USDP,non_USDC,scheduled,2024-07-01,2024-06-27,-4,1,scheduled_monthly_holdings,1,0,0,normal,0,0,0,publication_date,,1.0,0.0,0.0,8.847999999999999,-8.847999999999999,8.847999999999999,0.0,0.0,0.0,136400340.0,RQI_DII_v1.0,frozen_confirmed_by_researcher,1,multi_issuer_ready_event_extension_source_verification_pending
USDP_MONTHLY_HOLDINGS_REPORT_JUNE_2024_2024_07_01,USDP,non_USDC,scheduled,2024-07-01,2024-06-28,-3,1,scheduled_monthly_holdings,1,0,0,normal,0,0,0,publication_date,,1.0,0.0,0.0,14.422,-14.422,14.422,0.0,0.0,0.0,131400340.0,RQI_DII_v1.0,frozen_confirmed_by_researcher,1,multi_issuer_ready_event_extension_source_verification_pending
USDP_MONTHLY_HOLDINGS_REPORT_JUNE_2024_2024_07_01,USDP,non_USDC,scheduled,2024-07-01,2024-06-29,-2,1,scheduled_monthly_holdings,1,0,0,normal,0,0,0,publication_date,,0.999715,-2.85,2.85,15.066000000000003,-12.216000000000003,12.216000000000003,0.0,0.0,0.0,121400340.0,RQI_DII_v1.0,frozen_confirmed_by_researcher,1,multi_issuer_ready_event_extension_source_verification_pending
USDP_MONTHLY_HOLDINGS_REPORT_JUNE_2024_2024_07_01,USDP,non_USDC,scheduled,2024-07-01,2024-06-30,-1,1,scheduled_monthly_holdings,1,0,0,normal,0,0,0,publication_date,,1.0,0.0,0.0,8.03,-8.03,4.029999999999999,0.0,0.0,0.0,121400340.0,RQI_DII_v1.0,frozen_confirmed_by_researcher,1,multi_issuer_ready_event_extension_source_verification_pending
USDP_MONTHLY_HOLDINGS_REPORT_JUNE_2024_2024_07_01,USDP,non_USDC,scheduled,2024-07-01,2024-07-01,0,1,scheduled_monthly_holdings,1,0,0,normal,0,0,0,publication_date,,1.003,30.0,30.0,14.219999999999999,15.780000000000001,44.22,0.0,0.0,0.0,121400340.0,RQI_DII_v1.0,frozen_confirmed_by_researcher,1,multi_issuer_ready_event_extension_source_verification_pending
USDP_MONTHLY_HOLDINGS_REPORT_JUNE_2024_2024_07_01,USDP,non_USDC,scheduled,2024-07-01,2024-07-02,1,1,scheduled_monthly_holdings,1,0,0,normal,0,0,0,publication_date,,1.002,20.0,20.0,13.8,6.199999999999999,21.8,0.0,0.0,0.0,121400341.0,RQI_DII_v1.0,frozen_confirmed_by_researcher,1,multi_issuer_ready_event_extension_source_verification_pending
USDP_MONTHLY_HOLDINGS_REPORT_JUNE_2024_2024_07_01,USDP,non_USDC,scheduled,2024-07-01,2024-07-03,2,1,scheduled_monthly_holdings,1,0,0,normal,0,0,0,publication_date,,1.001,10.0,10.0,10.442,-0.44200000000000017,20.442,0.0,0.0,0.0,122399806.0,RQI_DII_v1.0,frozen_confirmed_by_researcher,1,multi_issuer_ready_event_extension_source_verification_pending
USDP_MONTHLY_HOLDINGS_REPORT_JUNE_2024_2024_07_01,USDP,non_USDC,scheduled,2024-07-01,2024-07-04,3,1,scheduled_monthly_holdings,1,0,0,normal,0,0,0,publication_date,,1.002,20.0,20.0,41.010000000000005,-21.010000000000005,61.010000000000005,0.0,0.0,0.4,122399806.0,RQI_DII_v1.0,frozen_confirmed_by_researcher,1,multi_issuer_ready_event_extension_source_verification_pending
USDP_MONTHLY_HOLDINGS_REPORT_JUNE_2024_2024_07_01,USDP,non_USDC,scheduled,2024-07-01,2024-07-05,4,1,scheduled_monthly_holdings,1,0,0,normal,0,0,0,publication_date,,1.001,10.0,10.0,34.916,-24.915999999999997,36.916,0.0,0.0,0.2,122399806.0,RQI_DII_v1.0,frozen_confirmed_by_researcher,1,multi_issuer_ready_event_extension_source_verification_pending
USDP_MONTHLY_HOLDINGS_REPORT_JUNE_2024_2024_07_01,USDP,non_USDC,scheduled,2024-07-01,2024-07-06,5,1,scheduled_monthly_holdings,1,0,0,normal,0,0,0,publication_date,,1.002,20.0,20.0,24.0,-4.0,-4.0,0.0,0.0,0.2,119399806.0,RQI_DII_v1.0,frozen_confirmed_by_researcher,1,multi_issuer_ready_event_extension_source_verification_pending
USDP_MONTHLY_HOLDINGS_REPORT_JUNE_2024_2024_07_01,USDP,non_USDC,scheduled,2024-07-01,2024-07-07,6,1,scheduled_monthly_holdings,1,0,0,normal,0,0,0,publication_date,,1.0,0.0,0.0,60.19,-60.19,60.19,0.0,0.0,0.4,119399806.0,RQI_DII_v1.0,frozen_confirmed_by_researcher,1,multi_issuer_ready_event_extension_source_verification_pending
USDP_MONTHLY_HOLDINGS_REPORT_JUNE_2024_2024_07_01,USDP,non_USDC,scheduled,2024-07-01,2024-07-08,7,1,scheduled_monthly_holdings,1,0,0,normal,0,0,0,publication_date,,1.0,0.0,0.0,9.462,-9.462,-2.538,0.0,0.0,0.0,119399806.0,RQI_DII_v1.0,frozen_confirmed_by_researcher,1,multi_issuer_ready_event_extension_source_verification_pending
USDP_MONTHLY_HOLDINGS_REPORT_JUNE_2024_2024_07_01,USDP,non_USDC,scheduled,2024-07-01,2024-07-09,8,1,scheduled_monthly_holdings,1,0,0,normal,0,0,0,publication_date,,0.998495,-15.05,15.05,25.976,-10.925999999999998,10.925999999999998,0.0,0.0,0.2,119399806.0,RQI_DII_v1.0,frozen_confirmed_by_researcher,1,multi_issuer_ready_event_extension_source_verification_pending
USDP_MONTHLY_HOLDINGS_REPORT_JUNE_2024_2024_07_01,USDP,non_USDC,scheduled,2024-07-01,2024-07-10,9,1,scheduled_monthly_holdings,1,0,0,normal,0,0,0,publication_date,,1.0,0.0,0.0,10.294,-10.294,-1.7060000000000002,0.0,0.0,0.0,119399806.0,RQI_DII_v1.0,frozen_confirmed_by_researcher,1,multi_issuer_ready_event_extension_source_verification_pending
USDP_MONTHLY_HOLDINGS_REPORT_JUNE_2024_2024_07_01,USDP,non_USDC,scheduled,2024-07-01,2024-07-11,10,1,scheduled_monthly_holdings,1,0,0,normal,0,0,0,publication_date,,1.0,0.0,0.0,7.5280000000000005,-7.5280000000000005,3.528,0.0,0.0,0.0,119399806.0,RQI_DII_v1.0,frozen_confirmed_by_researcher,1,multi_issuer_ready_event_extension_source_verification_pending
USDP_MONTHLY_HOLDINGS_REPORT_JUNE_2024_2024_07_01,USDP,non_USDC,scheduled,2024-07-01,2024-07-12,11,1,scheduled_monthly_holdings,1,0,0,normal,0,0,0,publication_date,,0.999811,-1.8900000000000001,1.8900000000000001,19.734,-17.844,-18.156,0.0,0.0,0.2,119399806.0,RQI_DII_v1.0,frozen_confirmed_by_researcher,1,multi_issuer_ready_event_extension_source_verification_pending
USDP_MONTHLY_HOLDINGS_REPORT_JUNE_2024_2024_07_01,USDP,non_USDC,scheduled,2024-07-01,2024-07-13,12,1,scheduled_monthly_holdings,1,0,0,normal,0,0,0,publication_date,,1.004,40.0,40.0,64.0,-24.0,-24.0,0.0,0.0,0.2,117399806.0,RQI_DII_v1.0,frozen_confirmed_by_researcher,1,multi_issuer_ready_event_extension_source_verification_pending
USDP_MONTHLY_HOLDINGS_REPORT_JUNE_2024_2024_07_01,USDP,non_USDC,scheduled,2024-07-01,2024-07-14,13,1,scheduled_monthly_holdings,1,0,0,normal,0,0,0,publication_date,,0.999318,-6.82,6.82,4.702,2.1180000000000003,-6.118,0.0,0.0,0.0,117399806.0,RQI_DII_v1.0,frozen_confirmed_by_researcher,1,multi_issuer_ready_event_extension_source_verification_pending
USDP_MONTHLY_HOLDINGS_REPORT_JUNE_2024_2024_07_01,USDP,non_USDC,scheduled,2024-07-01,2024-07-15,14,1,scheduled_monthly_holdings,1,0,0,normal,0,0,0,publication_date,,1.001,10.0,10.0,54.37199999999999,-44.37199999999999,-39.62800000000001,0.0,0.0,0.2,117399806.0,RQI_DII_v1.0,frozen_confirmed_by_researcher,1,multi_issuer_ready_event_extension_source_verification_pending
USDT_BDO_ALIGNMENT_2022_08_18,USDT,non_USDC,ad_hoc,2022-08-18,2022-08-04,-14,1,ad_hoc_disclosure_process_change,0,0,0,normal,0,0,0,publication_date,,1.0001711,1.711,1.711,4.70058,-2.98958,-2.98958,0.0,0.0,0.0,66852730907.0,RQI_DII_v1.0,frozen_confirmed_by_researcher,1,multi_issuer_ready_event_extension_source_verification_pending
USDT_BDO_ALIGNMENT_2022_08_18,USDT,non_USDC,ad_hoc,2022-08-18,2022-08-05,-13,1,ad_hoc_disclosure_process_change,0,0,0,normal,0,0,0,publication_date,,1.00040814,4.0813999999999995,4.0813999999999995,2.6605800000000004,1.420819999999999,1.5997399999999993,0.0,0.0,0.0,66902732096.0,RQI_DII_v1.0,frozen_confirmed_by_researcher,1,multi_issuer_ready_event_extension_source_verification_pending
USDT_BDO_ALIGNMENT_2022_08_18,USDT,non_USDC,ad_hoc,2022-08-18,2022-08-06,-12,1,ad_hoc_disclosure_process_change,0,0,0,normal,0,0,0,publication_date,,1.00030547,3.0547,3.0547,0.7878799999999999,2.26682,2.26682,0.0,0.0,0.0,66902741499.0,RQI_DII_v1.0,frozen_confirmed_by_researcher,1,multi_issuer_ready_event_extension_source_verification_pending
USDT_BDO_ALIGNMENT_2022_08_18,USDT,non_USDC,ad_hoc,2022-08-18,2022-08-07,-11,1,ad_hoc_disclosure_process_change,0,0,0,normal,0,0,0,publication_date,,1.00030547,3.0547,3.0547,0.20479999999999993,2.8499,2.8499,0.0,0.0,0.0,66902738135.0,RQI_DII_v1.0,frozen_confirmed_by_researcher,1,multi_issuer_ready_event_extension_source_verification_pending
USDT_BDO_ALIGNMENT_2022_08_18,USDT,non_USDC,ad_hoc,2022-08-18,2022-08-08,-10,1,ad_hoc_disclosure_process_change,0,0,0,normal,0,0,0,publication_date,,1.00012869,1.2869,1.2869,3.2367800000000004,-1.9498800000000005,-1.3047200000000003,0.0,0.0,0.0,66902709578.0,RQI_DII_v1.0,frozen_confirmed_by_researcher,1,multi_issuer_ready_event_extension_source_verification_pending
USDT_BDO_ALIGNMENT_2022_08_18,USDT,non_USDC,ad_hoc,2022-08-18,2022-08-09,-9,1,ad_hoc_disclosure_process_change,0,0,0,normal,0,0,0,publication_date,,1.00011741,1.1741,1.1741,2.16602,-0.9919200000000001,0.27384,0.0,0.0,0.0,66902615656.0,RQI_DII_v1.0,frozen_confirmed_by_researcher,1,multi_issuer_ready_event_extension_source_verification_pending
USDT_BDO_ALIGNMENT_2022_08_18,USDT,non_USDC,ad_hoc,2022-08-18,2022-08-10,-8,1,ad_hoc_disclosure_process_change,0,0,0,normal,0,0,0,publication_date,,1.00018589,1.8589,1.8589,1.1323999999999999,0.7265000000000001,1.3265,0.0,0.0,0.0,66944058548.0,RQI_DII_v1.0,frozen_confirmed_by_researcher,1,multi_issuer_ready_event_extension_source_verification_pending
USDT_BDO_ALIGNMENT_2022_08_18,USDT,non_USDC,ad_hoc,2022-08-18,2022-08-11,-7,1,ad_hoc_disclosure_process_change,0,0,0,normal,0,0,0,publication_date,,1.00026502,2.6502,2.6502,0.75724,1.89296,3.40744,0.0,0.0,0.0,67184055683.0,RQI_DII_v1.0,frozen_confirmed_by_researcher,1,multi_issuer_ready_event_extension_source_verification_pending
USDT_BDO_ALIGNMENT_2022_08_18,USDT,non_USDC,ad_hoc,2022-08-18,2022-08-12,-6,1,ad_hoc_disclosure_process_change,0,0,0,normal,0,0,0,publication_date,,1.00039424,3.9424,3.9424,0.47186000000000006,3.47054,4.4142600000000005,0.0,0.0,0.0,67326061403.0,RQI_DII_v1.0,frozen_confirmed_by_researcher,1,multi_issuer_ready_event_extension_source_verification_pending
USDT_BDO_ALIGNMENT_2022_08_18,USDT,non_USDC,ad_hoc,2022-08-18,2022-08-13,-5,1,ad_hoc_disclosure_process_change,0,0,0,normal,0,0,0,publication_date,,1.00050594,5.0594,5.0594,4.126479999999999,0.9329200000000011,0.9466400000000004,0.0,0.0,0.0,67464076192.0,RQI_DII_v1.0,frozen_confirmed_by_researcher,1,multi_issuer_ready_event_extension_source_verification_pending
USDT_BDO_ALIGNMENT_2022_08_18,USDT,non_USDC,ad_hoc,2022-08-18,2022-08-14,-4,1,ad_hoc_disclosure_process_change,0,0,0,normal,0,0,0,publication_date,,1.0003972,3.972,3.972,0.37971999999999995,3.59228,3.59228,0.0,0.0,0.0,67711086109.0,RQI_DII_v1.0,frozen_confirmed_by_researcher,1,multi_issuer_ready_event_extension_source_verification_pending
USDT_BDO_ALIGNMENT_2022_08_18,USDT,non_USDC,ad_hoc,2022-08-18,2022-08-15,-3,1,ad_hoc_disclosure_process_change,0,0,0,normal,0,0,0,publication_date,,1.0002956,2.956,2.956,1.4162200000000003,1.5397799999999997,2.47934,0.0,0.0,0.0,67402388454.0,RQI_DII_v1.0,frozen_confirmed_by_researcher,1,multi_issuer_ready_event_extension_source_verification_pending
USDT_BDO_ALIGNMENT_2022_08_18,USDT,non_USDC,ad_hoc,2022-08-18,2022-08-16,-2,1,ad_hoc_disclosure_process_change,0,0,0,normal,0,0,0,publication_date,,1.00031088,3.1087999999999996,3.1087999999999996,4.539820000000001,-1.431020000000001,-0.7118200000000008,0.0,0.0,0.0,67553237611.0,RQI_DII_v1.0,frozen_confirmed_by_researcher,1,multi_issuer_ready_event_extension_source_verification_pending
USDT_BDO_ALIGNMENT_2022_08_18,USDT,non_USDC,ad_hoc,2022-08-18,2022-08-17,-1,1,ad_hoc_disclosure_process_change,0,0,0,normal,0,0,0,publication_date,,1.00014254,1.4254,1.4254,1.24478,0.18062,0.44774,0.0,0.0,0.0,67553235154.0,RQI_DII_v1.0,frozen_confirmed_by_researcher,1,multi_issuer_ready_event_extension_source_verification_pending
USDT_BDO_ALIGNMENT_2022_08_18,USDT,non_USDC,ad_hoc,2022-08-18,2022-08-18,0,1,ad_hoc_disclosure_process_change,0,0,0,normal,0,0,0,publication_date,,1.00011067,1.1067,1.1067,1.19296,-0.08626,-0.08626,0.0,0.0,0.0,67536737343.0,RQI_DII_v1.0,frozen_confirmed_by_researcher,1,multi_issuer_ready_event_extension_source_verification_pending
USDT_BDO_ALIGNMENT_2022_08_18,USDT,non_USDC,ad_hoc,2022-08-18,2022-08-19,1,1,ad_hoc_disclosure_process_change,0,0,0,normal,0,0,0,publication_date,,1.00009992,0.9992000000000001,0.9992000000000001,4.525540000000001,-3.526340000000001,4.1789000000000005,0.0,0.0,0.0,67536740398.0,RQI_DII_v1.0,frozen_confirmed_by_researcher,1,multi_issuer_ready_event_extension_source_verification_pending
USDT_BDO_ALIGNMENT_2022_08_18,USDT,non_USDC,ad_hoc,2022-08-18,2022-08-20,2,1,ad_hoc_disclosure_process_change,0,0,0,normal,0,0,0,publication_date,,1.00006792,0.6792,0.6792,1.2767600000000001,-0.5975600000000001,-0.5975600000000001,0.0,0.0,0.0,67536852541.0,RQI_DII_v1.0,frozen_confirmed_by_researcher,1,multi_issuer_ready_event_extension_source_verification_pending
USDT_BDO_ALIGNMENT_2022_08_18,USDT,non_USDC,ad_hoc,2022-08-18,2022-08-21,3,1,ad_hoc_disclosure_process_change,0,0,0,normal,0,0,0,publication_date,,1.00015656,1.5656,1.5656,6.592139999999999,-5.026539999999999,4.48106,0.0,0.0,0.0,67536841566.0,RQI_DII_v1.0,frozen_confirmed_by_researcher,1,multi_issuer_ready_event_extension_source_verification_pending
USDT_BDO_ALIGNMENT_2022_08_18,USDT,non_USDC,ad_hoc,2022-08-18,2022-08-22,4,1,ad_hoc_disclosure_process_change,0,0,0,normal,0,0,0,publication_date,,1.00004148,0.4148,0.4148,0.78838,-0.37357999999999997,-0.0049799999999999844,0.0,0.0,0.0,67536774937.0,RQI_DII_v1.0,frozen_confirmed_by_researcher,1,multi_issuer_ready_event_extension_source_verification_pending
USDT_BDO_ALIGNMENT_2022_08_18,USDT,non_USDC,ad_hoc,2022-08-18,2022-08-23,5,1,ad_hoc_disclosure_process_change,0,0,0,normal,0,0,0,publication_date,,0.99991746,-0.8254,0.8254,1.49998,-0.6745800000000001,-2.32538,0.0,0.0,0.0,67536853431.0,RQI_DII_v1.0,frozen_confirmed_by_researcher,1,multi_issuer_ready_event_extension_source_verification_pending
USDT_BDO_ALIGNMENT_2022_08_18,USDT,non_USDC,ad_hoc,2022-08-18,2022-08-24,6,1,ad_hoc_disclosure_process_change,0,0,0,normal,0,0,0,publication_date,,0.99992387,-0.7613000000000001,0.7613000000000001,1.56374,-0.8024399999999998,-2.0643200000000004,0.0,0.0,0.0,67536876315.0,RQI_DII_v1.0,frozen_confirmed_by_researcher,1,multi_issuer_ready_event_extension_source_verification_pending
USDT_BDO_ALIGNMENT_2022_08_18,USDT,non_USDC,ad_hoc,2022-08-18,2022-08-25,7,1,ad_hoc_disclosure_process_change,0,0,0,normal,0,0,0,publication_date,,1.00011341,1.1341,1.1341,1.52532,-0.3912199999999999,-0.15549999999999997,0.0,0.0,0.0,67536889130.0,RQI_DII_v1.0,frozen_confirmed_by_researcher,1,multi_issuer_ready_event_extension_source_verification_pending
USDT_BDO_ALIGNMENT_2022_08_18,USDT,non_USDC,ad_hoc,2022-08-18,2022-08-26,8,1,ad_hoc_disclosure_process_change,0,0,0,normal,0,0,0,publication_date,,1.0,0.0,0.0,1.3607200000000002,-1.3607200000000002,-0.70848,0.0,0.0,0.0,67630851896.0,RQI_DII_v1.0,frozen_confirmed_by_researcher,1,multi_issuer_ready_event_extension_source_verification_pending
USDT_BDO_ALIGNMENT_2022_08_18,USDT,non_USDC,ad_hoc,2022-08-18,2022-08-27,9,1,ad_hoc_disclosure_process_change,0,0,0,normal,0,0,0,publication_date,,1.0000646,0.646,0.646,0.68086,-0.03486,1.25414,0.0,0.0,0.0,67532102325.0,RQI_DII_v1.0,frozen_confirmed_by_researcher,1,multi_issuer_ready_event_extension_source_verification_pending
USDT_BDO_ALIGNMENT_2022_08_18,USDT,non_USDC,ad_hoc,2022-08-18,2022-08-28,10,1,ad_hoc_disclosure_process_change,0,0,0,normal,0,0,0,publication_date,,1.00015677,1.5677,1.5677,4.47264,-2.90494,-2.90494,0.0,0.0,0.0,67532102328.0,RQI_DII_v1.0,frozen_confirmed_by_researcher,1,multi_issuer_ready_event_extension_source_verification_pending
USDT_BDO_ALIGNMENT_2022_08_18,USDT,non_USDC,ad_hoc,2022-08-18,2022-08-29,11,1,ad_hoc_disclosure_process_change,0,0,0,normal,0,0,0,publication_date,,1.00003216,0.3216,0.3216,4.459740000000001,-4.138140000000001,-4.138140000000001,0.0,0.0,0.0,67532102328.0,RQI_DII_v1.0,frozen_confirmed_by_researcher,1,multi_issuer_ready_event_extension_source_verification_pending
USDT_BDO_ALIGNMENT_2022_08_18,USDT,non_USDC,ad_hoc,2022-08-18,2022-08-30,12,1,ad_hoc_disclosure_process_change,0,0,0,normal,0,0,0,publication_date,,1.0,0.0,0.0,0.50928,-0.50928,-0.17339999999999997,0.0,0.0,0.0,67537203327.0,RQI_DII_v1.0,frozen_confirmed_by_researcher,1,multi_issuer_ready_event_extension_source_verification_pending
USDT_BDO_ALIGNMENT_2022_08_18,USDT,non_USDC,ad_hoc,2022-08-18,2022-08-31,13,1,ad_hoc_disclosure_process_change,0,0,0,normal,0,0,0,publication_date,,1.00005776,0.5776,0.5776,1.6528800000000001,-1.0752800000000002,-1.0752800000000002,0.0,0.0,0.0,67537203327.0,RQI_DII_v1.0,frozen_confirmed_by_researcher,1,multi_issuer_ready_event_extension_source_verification_pending
USDT_BDO_ALIGNMENT_2022_08_18,USDT,non_USDC,ad_hoc,2022-08-18,2022-09-01,14,1,ad_hoc_disclosure_process_change,0,0,0,normal,0,0,0,publication_date,,1.00003007,0.30069999999999997,0.30069999999999997,1.04154,-0.7408399999999999,0.31543999999999994,0.0,0.0,0.0,67537843331.0,RQI_DII_v1.0,frozen_confirmed_by_researcher,1,multi_issuer_ready_event_extension_source_verification_pending
USDT_Q1_2024_ATTESTATION_EPISODE,USDT,non_USDC,scheduled,2024-05-01,2024-04-17,-14,2,scheduled_assurance_or_reporting; scheduled_attestation_news_release,0,0,0,normal,0,0,1,official_news_release_publication_date,merge_pdf_report_and_news_release,1.001,10.0,10.0,9.66,0.33999999999999986,7.66,0.0,0.0,0.0,108700979866.0,RQI_DII_v1.0,frozen_confirmed_by_researcher,1,multi_issuer_ready_event_extension_source_verification_pending
USDT_Q1_2024_ATTESTATION_EPISODE,USDT,non_USDC,scheduled,2024-05-01,2024-04-18,-13,2,scheduled_assurance_or_reporting; scheduled_attestation_news_release,0,0,0,normal,0,0,1,official_news_release_publication_date,merge_pdf_report_and_news_release,0.999491,-5.09,5.09,14.351999999999999,-9.261999999999999,-6.7379999999999995,0.0,0.0,0.0,109227357362.0,RQI_DII_v1.0,frozen_confirmed_by_researcher,1,multi_issuer_ready_event_extension_source_verification_pending
USDT_Q1_2024_ATTESTATION_EPISODE,USDT,non_USDC,scheduled,2024-05-01,2024-04-19,-12,2,scheduled_assurance_or_reporting; scheduled_attestation_news_release,0,0,0,normal,0,0,1,official_news_release_publication_date,merge_pdf_report_and_news_release,1.001,10.0,10.0,10.0,0.0,0.0,0.0,0.0,0.0,109645622705.0,RQI_DII_v1.0,frozen_confirmed_by_researcher,1,multi_issuer_ready_event_extension_source_verification_pending
USDT_Q1_2024_ATTESTATION_EPISODE,USDT,non_USDC,scheduled,2024-05-01,2024-04-20,-11,2,scheduled_assurance_or_reporting; scheduled_attestation_news_release,0,0,0,normal,0,0,1,official_news_release_publication_date,merge_pdf_report_and_news_release,1.0,0.0,0.0,12.032,-12.032,-7.968000000000001,0.0,0.0,0.0,109962749423.0,RQI_DII_v1.0,frozen_confirmed_by_researcher,1,multi_issuer_ready_event_extension_source_verification_pending
USDT_Q1_2024_ATTESTATION_EPISODE,USDT,non_USDC,scheduled,2024-05-01,2024-04-21,-10,2,scheduled_assurance_or_reporting; scheduled_attestation_news_release,0,0,0,normal,0,0,1,official_news_release_publication_date,merge_pdf_report_and_news_release,1.0,0.0,0.0,14.084,-14.084,-5.9159999999999995,0.0,0.0,0.0,109889101081.0,RQI_DII_v1.0,frozen_confirmed_by_researcher,1,multi_issuer_ready_event_extension_source_verification_pending
USDT_Q1_2024_ATTESTATION_EPISODE,USDT,non_USDC,scheduled,2024-05-01,2024-04-22,-9,2,scheduled_assurance_or_reporting; scheduled_attestation_news_release,0,0,0,normal,0,0,1,official_news_release_publication_date,merge_pdf_report_and_news_release,0.999437,-5.63,5.63,21.778,-16.148,-7.852,0.0,0.0,0.0,109969931834.0,RQI_DII_v1.0,frozen_confirmed_by_researcher,1,multi_issuer_ready_event_extension_source_verification_pending
USDT_Q1_2024_ATTESTATION_EPISODE,USDT,non_USDC,scheduled,2024-05-01,2024-04-23,-8,2,scheduled_assurance_or_reporting; scheduled_attestation_news_release,0,0,0,normal,0,0,1,official_news_release_publication_date,merge_pdf_report_and_news_release,1.0,0.0,0.0,28.0,-28.0,-28.0,0.0,0.0,0.0,110243448096.0,RQI_DII_v1.0,frozen_confirmed_by_researcher,1,multi_issuer_ready_event_extension_source_verification_pending
USDT_Q1_2024_ATTESTATION_EPISODE,USDT,non_USDC,scheduled,2024-05-01,2024-04-24,-7,2,scheduled_assurance_or_reporting; scheduled_attestation_news_release,0,0,0,normal,0,0,1,official_news_release_publication_date,merge_pdf_report_and_news_release,0.999579,-4.21,4.21,20.124000000000002,-15.914000000000001,-20.086,0.0,0.0,0.0,110518461531.0,RQI_DII_v1.0,frozen_confirmed_by_researcher,1,multi_issuer_ready_event_extension_source_verification_pending
USDT_Q1_2024_ATTESTATION_EPISODE,USDT,non_USDC,scheduled,2024-05-01,2024-04-25,-6,2,scheduled_assurance_or_reporting; scheduled_attestation_news_release,0,0,0,normal,0,0,1,official_news_release_publication_date,merge_pdf_report_and_news_release,0.999884,-1.16,1.16,16.0,-14.84,-17.16,0.0,0.0,0.0,110518461531.0,RQI_DII_v1.0,frozen_confirmed_by_researcher,1,multi_issuer_ready_event_extension_source_verification_pending
USDT_Q1_2024_ATTESTATION_EPISODE,USDT,non_USDC,scheduled,2024-05-01,2024-04-26,-5,2,scheduled_assurance_or_reporting; scheduled_attestation_news_release,0,0,0,normal,0,0,1,official_news_release_publication_date,merge_pdf_report_and_news_release,0.999723,-2.77,2.77,19.264000000000003,-16.494000000000003,-7.506,0.0,0.0,0.0,110518461531.0,RQI_DII_v1.0,frozen_confirmed_by_researcher,1,multi_issuer_ready_event_extension_source_verification_pending
USDT_Q1_2024_ATTESTATION_EPISODE,USDT,non_USDC,scheduled,2024-05-01,2024-04-27,-4,2,scheduled_assurance_or_reporting; scheduled_attestation_news_release,0,0,0,normal,0,0,1,official_news_release_publication_date,merge_pdf_report_and_news_release,0.998791,-12.09,12.09,31.156,-19.066,-4.934000000000003,0.0,0.0,0.2,110518461531.0,RQI_DII_v1.0,frozen_confirmed_by_researcher,1,multi_issuer_ready_event_extension_source_verification_pending
USDT_Q1_2024_ATTESTATION_EPISODE,USDT,non_USDC,scheduled,2024-05-01,2024-04-28,-3,2,scheduled_assurance_or_reporting; scheduled_attestation_news_release,0,0,0,normal,0,0,1,official_news_release_publication_date,merge_pdf_report_and_news_release,0.999072,-9.28,9.28,10.99,-1.7100000000000009,-6.29,0.0,0.0,0.0,110497375201.0,RQI_DII_v1.0,frozen_confirmed_by_researcher,1,multi_issuer_ready_event_extension_source_verification_pending
USDT_Q1_2024_ATTESTATION_EPISODE,USDT,non_USDC,scheduled,2024-05-01,2024-04-29,-2,2,scheduled_assurance_or_reporting; scheduled_attestation_news_release,0,0,0,normal,0,0,1,official_news_release_publication_date,merge_pdf_report_and_news_release,0.999258,-7.420000000000001,7.420000000000001,8.69,-1.2699999999999987,1.2699999999999987,0.0,0.0,0.0,110506297470.0,RQI_DII_v1.0,frozen_confirmed_by_researcher,1,multi_issuer_ready_event_extension_source_verification_pending
USDT_Q1_2024_ATTESTATION_EPISODE,USDT,non_USDC,scheduled,2024-05-01,2024-04-30,-1,2,scheduled_assurance_or_reporting; scheduled_attestation_news_release,0,0,0,normal,0,0,1,official_news_release_publication_date,merge_pdf_report_and_news_release,0.999209,-7.91,7.91,15.734,-7.824,7.824,0.0,0.0,0.0,110570602058.0,RQI_DII_v1.0,frozen_confirmed_by_researcher,1,multi_issuer_ready_event_extension_source_verification_pending
USDT_Q1_2024_ATTESTATION_EPISODE,USDT,non_USDC,scheduled,2024-05-01,2024-05-01,0,2,scheduled_assurance_or_reporting; scheduled_attestation_news_release,0,0,0,normal,0,0,1,official_news_release_publication_date,merge_pdf_report_and_news_release,0.999767,-2.33,2.33,6.692,-4.362,0.36200000000000054,0.0,0.0,0.0,110560753877.0,RQI_DII_v1.0,frozen_confirmed_by_researcher,1,multi_issuer_ready_event_extension_source_verification_pending
USDT_Q1_2024_ATTESTATION_EPISODE,USDT,non_USDC,scheduled,2024-05-01,2024-05-02,1,2,scheduled_assurance_or_reporting; scheduled_attestation_news_release,0,0,0,normal,0,0,1,official_news_release_publication_date,merge_pdf_report_and_news_release,0.998724,-12.76,12.76,22.29,-9.53,9.53,0.0,0.0,0.0,110508516740.0,RQI_DII_v1.0,frozen_confirmed_by_researcher,1,multi_issuer_ready_event_extension_source_verification_pending
USDT_Q1_2024_ATTESTATION_EPISODE,USDT,non_USDC,scheduled,2024-05-01,2024-05-03,2,2,scheduled_assurance_or_reporting; scheduled_attestation_news_release,0,0,0,normal,0,0,1,official_news_release_publication_date,merge_pdf_report_and_news_release,0.999777,-2.23,2.23,19.023999999999997,-16.793999999999997,12.793999999999997,0.0,0.0,0.2,110497706710.0,RQI_DII_v1.0,frozen_confirmed_by_researcher,1,multi_issuer_ready_event_extension_source_verification_pending
USDT_Q1_2024_ATTESTATION_EPISODE,USDT,non_USDC,scheduled,2024-05-01,2024-05-04,3,2,scheduled_assurance_or_reporting; scheduled_attestation_news_release,0,0,0,normal,0,0,1,official_news_release_publication_date,merge_pdf_report_and_news_release,1.001,10.0,10.0,18.058,-8.058,-7.942,0.0,0.0,0.0,110661501510.0,RQI_DII_v1.0,frozen_confirmed_by_researcher,1,multi_issuer_ready_event_extension_source_verification_pending
USDT_Q1_2024_ATTESTATION_EPISODE,USDT,non_USDC,scheduled,2024-05-01,2024-05-05,4,2,scheduled_assurance_or_reporting; scheduled_attestation_news_release,0,0,0,normal,0,0,1,official_news_release_publication_date,merge_pdf_report_and_news_release,1.001,10.0,10.0,9.796,0.20400000000000063,19.796,0.0,0.0,0.0,110793315948.0,RQI_DII_v1.0,frozen_confirmed_by_researcher,1,multi_issuer_ready_event_extension_source_verification_pending
USDT_Q1_2024_ATTESTATION_EPISODE,USDT,non_USDC,scheduled,2024-05-01,2024-05-06,5,2,scheduled_assurance_or_reporting; scheduled_attestation_news_release,0,0,0,normal,0,0,1,official_news_release_publication_date,merge_pdf_report_and_news_release,1.0,0.0,0.0,10.57,-10.57,6.57,0.0,0.0,0.0,110804643188.0,RQI_DII_v1.0,frozen_confirmed_by_researcher,1,multi_issuer_ready_event_extension_source_verification_pending
USDT_Q1_2024_ATTESTATION_EPISODE,USDT,non_USDC,scheduled,2024-05-01,2024-05-07,6,2,scheduled_assurance_or_reporting; scheduled_attestation_news_release,0,0,0,normal,0,0,1,official_news_release_publication_date,merge_pdf_report_and_news_release,1.001,10.0,10.0,16.0,-6.0,-6.0,0.0,0.0,0.0,110790018015.0,RQI_DII_v1.0,frozen_confirmed_by_researcher,1,multi_issuer_ready_event_extension_source_verification_pending
USDT_Q1_2024_ATTESTATION_EPISODE,USDT,non_USDC,scheduled,2024-05-01,2024-05-08,7,2,scheduled_assurance_or_reporting; scheduled_attestation_news_release,0,0,0,normal,0,0,1,official_news_release_publication_date,merge_pdf_report_and_news_release,0.999956,-0.44,0.44,19.14,-18.7,14.700000000000001,0.0,0.0,0.0,110756075597.0,RQI_DII_v1.0,frozen_confirmed_by_researcher,1,multi_issuer_ready_event_extension_source_verification_pending
USDT_Q1_2024_ATTESTATION_EPISODE,USDT,non_USDC,scheduled,2024-05-01,2024-05-09,8,2,scheduled_assurance_or_reporting; scheduled_attestation_news_release,0,0,0,normal,0,0,1,official_news_release_publication_date,merge_pdf_report_and_news_release,0.99957,-4.3,4.3,8.018,-3.718000000000001,-4.282,0.0,0.0,0.0,110757993770.0,RQI_DII_v1.0,frozen_confirmed_by_researcher,1,multi_issuer_ready_event_extension_source_verification_pending
USDT_Q1_2024_ATTESTATION_EPISODE,USDT,non_USDC,scheduled,2024-05-01,2024-05-10,9,2,scheduled_assurance_or_reporting; scheduled_attestation_news_release,0,0,0,normal,0,0,1,official_news_release_publication_date,merge_pdf_report_and_news_release,0.999972,-0.27999999999999997,0.27999999999999997,9.104,-8.824,8.824,0.0,0.0,0.0,110707838925.0,RQI_DII_v1.0,frozen_confirmed_by_researcher,1,multi_issuer_ready_event_extension_source_verification_pending
USDT_Q1_2024_ATTESTATION_EPISODE,USDT,non_USDC,scheduled,2024-05-01,2024-05-11,10,2,scheduled_assurance_or_reporting; scheduled_attestation_news_release,0,0,0,normal,0,0,1,official_news_release_publication_date,merge_pdf_report_and_news_release,0.99924,-7.6000000000000005,7.6000000000000005,8.622,-1.0219999999999994,-2.9780000000000006,0.0,0.0,0.0,110572028654.0,RQI_DII_v1.0,frozen_confirmed_by_researcher,1,multi_issuer_ready_event_extension_source_verification_pending
USDT_Q1_2024_ATTESTATION_EPISODE,USDT,non_USDC,scheduled,2024-05-01,2024-05-12,11,2,scheduled_assurance_or_reporting; scheduled_attestation_news_release,0,0,0,normal,0,0,1,official_news_release_publication_date,merge_pdf_report_and_news_release,1.0,0.0,0.0,7.264,-7.264,7.264,0.0,0.0,0.0,110572028641.0,RQI_DII_v1.0,frozen_confirmed_by_researcher,1,multi_issuer_ready_event_extension_source_verification_pending
USDT_Q1_2024_ATTESTATION_EPISODE,USDT,non_USDC,scheduled,2024-05-01,2024-05-13,12,2,scheduled_assurance_or_reporting; scheduled_attestation_news_release,0,0,0,normal,0,0,1,official_news_release_publication_date,merge_pdf_report_and_news_release,0.999866,-1.34,1.34,16.564,-15.224,15.224,0.0,0.0,0.0,110557028641.0,RQI_DII_v1.0,frozen_confirmed_by_researcher,1,multi_issuer_ready_event_extension_source_verification_pending
USDT_Q1_2024_ATTESTATION_EPISODE,USDT,non_USDC,scheduled,2024-05-01,2024-05-14,13,2,scheduled_assurance_or_reporting; scheduled_attestation_news_release,0,0,0,normal,0,0,1,official_news_release_publication_date,merge_pdf_report_and_news_release,1.0,0.0,0.0,6.048,-6.048,2.048,0.0,0.0,0.0,110563950906.0,RQI_DII_v1.0,frozen_confirmed_by_researcher,1,multi_issuer_ready_event_extension_source_verification_pending
USDT_Q1_2024_ATTESTATION_EPISODE,USDT,non_USDC,scheduled,2024-05-01,2024-05-15,14,2,scheduled_assurance_or_reporting; scheduled_attestation_news_release,0,0,0,normal,0,0,1,official_news_release_publication_date,merge_pdf_report_and_news_release,0.999813,-1.8699999999999999,1.8699999999999999,20.407999999999998,-18.537999999999997,-17.462000000000003,0.0,0.0,0.2,110651591321.0,RQI_DII_v1.0,frozen_confirmed_by_researcher,1,multi_issuer_ready_event_extension_source_verification_pending
