model_run_id,model_family,sample_id,rqi_profile,outcome,n,k,rule_version,rule_status,provisional_flag,provisional_reason,term,coef,hac_se_lag7,t_stat,p_value,r2,adj_r2,status
absdev_rqi_dii__primary_path_b__all_rows_with_variant,absdev_rqi_dii,all_rows_with_variant,primary_path_b,abs_peg_dev_bps,826,8,RQI_DII_v1.0,frozen_confirmed_by_researcher,1,robustness_pilot_pending_multi_issuer_source_expansion,Intercept,560.8911164458191,167.9839272649072,3.3389570393916634,0.0008789739839856203,0.0932846836579051,0.08552550613419518,estimated
absdev_rqi_dii__primary_path_b__all_rows_with_variant,absdev_rqi_dii,all_rows_with_variant,primary_path_b,abs_peg_dev_bps,826,8,RQI_DII_v1.0,frozen_confirmed_by_researcher,1,robustness_pilot_pending_multi_issuer_source_expansion,rqi_primary_path_b_10pp,-22.899583200444876,9.490945632912206,-2.4127820436601066,0.016050281962445068,0.0932846836579051,0.08552550613419518,estimated
absdev_rqi_dii__primary_path_b__all_rows_with_variant,absdev_rqi_dii,all_rows_with_variant,primary_path_b,abs_peg_dev_bps,826,8,RQI_DII_v1.0,frozen_confirmed_by_researcher,1,robustness_pilot_pending_multi_issuer_source_expansion,dii_10pp,2.533549799902918,0.8820869147218249,2.872222405319207,0.004181362368252284,0.0932846836579051,0.08552550613419518,estimated
absdev_rqi_dii__primary_path_b__all_rows_with_variant,absdev_rqi_dii,all_rows_with_variant,primary_path_b,abs_peg_dev_bps,826,8,RQI_DII_v1.0,frozen_confirmed_by_researcher,1,robustness_pilot_pending_multi_issuer_source_expansion,days_since_disclosure_30d,-0.7259588866793907,0.4932978657553226,-1.471644085805692,0.14150161233879155,0.0932846836579051,0.08552550613419518,estimated
absdev_rqi_dii__primary_path_b__all_rows_with_variant,absdev_rqi_dii,all_rows_with_variant,primary_path_b,abs_peg_dev_bps,826,8,RQI_DII_v1.0,frozen_confirmed_by_researcher,1,robustness_pilot_pending_multi_issuer_source_expansion,stale_disclosure_45d,0.40038396909335283,1.4820147293471992,0.2701619364267147,0.787103818331264,0.0932846836579051,0.08552550613419518,estimated
absdev_rqi_dii__primary_path_b__all_rows_with_variant,absdev_rqi_dii,all_rows_with_variant,primary_path_b,abs_peg_dev_bps,826,8,RQI_DII_v1.0,frozen_confirmed_by_researcher,1,robustness_pilot_pending_multi_issuer_source_expansion,market_stress_flag,26.960765150259636,16.777169622617052,1.6069912718718795,0.10844219061642013,0.0932846836579051,0.08552550613419518,estimated
absdev_rqi_dii__primary_path_b__all_rows_with_variant,absdev_rqi_dii,all_rows_with_variant,primary_path_b,abs_peg_dev_bps,826,8,RQI_DII_v1.0,frozen_confirmed_by_researcher,1,robustness_pilot_pending_multi_issuer_source_expansion,log_supply,-15.27924817522532,3.6396300685149594,-4.198022295562459,2.987755419625593e-05,0.0932846836579051,0.08552550613419518,estimated
absdev_rqi_dii__primary_path_b__all_rows_with_variant,absdev_rqi_dii,all_rows_with_variant,primary_path_b,abs_peg_dev_bps,826,8,RQI_DII_v1.0,frozen_confirmed_by_researcher,1,robustness_pilot_pending_multi_issuer_source_expansion,trend_years,4.481564635601586,1.1051971125982034,4.054991263111332,5.492843435339623e-05,0.0932846836579051,0.08552550613419518,estimated
tail50_rqi_dii_lpm__primary_path_b__all_rows_with_variant,tail50_rqi_dii_lpm,all_rows_with_variant,primary_path_b,tail_depeg_50bp_pct,826,8,RQI_DII_v1.0,frozen_confirmed_by_researcher,1,robustness_pilot_pending_multi_issuer_source_expansion,Intercept,327.41417655909993,203.12202932950999,1.6119087508128422,0.10736753369275087,0.025454696365405316,0.017115066627700903,estimated
tail50_rqi_dii_lpm__primary_path_b__all_rows_with_variant,tail50_rqi_dii_lpm,all_rows_with_variant,primary_path_b,tail_depeg_50bp_pct,826,8,RQI_DII_v1.0,frozen_confirmed_by_researcher,1,robustness_pilot_pending_multi_issuer_source_expansion,rqi_primary_path_b_10pp,-19.395476790956156,11.432866260483518,-1.696466690771548,0.09017799212978517,0.025454696365405316,0.017115066627700903,estimated
tail50_rqi_dii_lpm__primary_path_b__all_rows_with_variant,tail50_rqi_dii_lpm,all_rows_with_variant,primary_path_b,tail_depeg_50bp_pct,826,8,RQI_DII_v1.0,frozen_confirmed_by_researcher,1,robustness_pilot_pending_multi_issuer_source_expansion,dii_10pp,0.8438926919166636,0.5337879014271564,1.5809513285340466,0.11427573122618107,0.025454696365405316,0.017115066627700903,estimated
tail50_rqi_dii_lpm__primary_path_b__all_rows_with_variant,tail50_rqi_dii_lpm,all_rows_with_variant,primary_path_b,tail_depeg_50bp_pct,826,8,RQI_DII_v1.0,frozen_confirmed_by_researcher,1,robustness_pilot_pending_multi_issuer_source_expansion,days_since_disclosure_30d,-0.02237135881807474,0.277463142540269,-0.0806282182680459,0.9357573462633899,0.025454696365405316,0.017115066627700903,estimated
tail50_rqi_dii_lpm__primary_path_b__all_rows_with_variant,tail50_rqi_dii_lpm,all_rows_with_variant,primary_path_b,tail_depeg_50bp_pct,826,8,RQI_DII_v1.0,frozen_confirmed_by_researcher,1,robustness_pilot_pending_multi_issuer_source_expansion,stale_disclosure_45d,-0.08069942194549355,0.8209849404885742,-0.0982958614289182,0.9217214452883458,0.025454696365405316,0.017115066627700903,estimated
tail50_rqi_dii_lpm__primary_path_b__all_rows_with_variant,tail50_rqi_dii_lpm,all_rows_with_variant,primary_path_b,tail_depeg_50bp_pct,826,8,RQI_DII_v1.0,frozen_confirmed_by_researcher,1,robustness_pilot_pending_multi_issuer_source_expansion,market_stress_flag,6.95594631103596,6.401217198790242,1.0866599421670233,0.2775072258755469,0.025454696365405316,0.017115066627700903,estimated
tail50_rqi_dii_lpm__primary_path_b__all_rows_with_variant,tail50_rqi_dii_lpm,all_rows_with_variant,primary_path_b,tail_depeg_50bp_pct,826,8,RQI_DII_v1.0,frozen_confirmed_by_researcher,1,robustness_pilot_pending_multi_issuer_source_expansion,log_supply,-6.407544463332824,4.196195015028803,-1.5269891986392443,0.12715025033119187,0.025454696365405316,0.017115066627700903,estimated
tail50_rqi_dii_lpm__primary_path_b__all_rows_with_variant,tail50_rqi_dii_lpm,all_rows_with_variant,primary_path_b,tail_depeg_50bp_pct,826,8,RQI_DII_v1.0,frozen_confirmed_by_researcher,1,robustness_pilot_pending_multi_issuer_source_expansion,trend_years,1.551442292780009,0.7308669388874964,2.122742472304969,0.034075227923239915,0.025454696365405316,0.017115066627700903,estimated
absdev_stress_interaction__primary_path_b__all_rows_with_variant,absdev_stress_interaction,all_rows_with_variant,primary_path_b,abs_peg_dev_bps,826,10,RQI_DII_v1.0,frozen_confirmed_by_researcher,1,robustness_pilot_pending_multi_issuer_source_expansion,Intercept,386.27947200811934,148.52982097571893,2.6006863097967834,0.009472121880478301,0.1940863480264604,0.18519759451204632,estimated
absdev_stress_interaction__primary_path_b__all_rows_with_variant,absdev_stress_interaction,all_rows_with_variant,primary_path_b,abs_peg_dev_bps,826,10,RQI_DII_v1.0,frozen_confirmed_by_researcher,1,robustness_pilot_pending_multi_issuer_source_expansion,rqi_primary_path_b_10pp,-13.268032222882082,8.230688802294347,-1.6120196670761686,0.10734433734297211,0.1940863480264604,0.18519759451204632,estimated
absdev_stress_interaction__primary_path_b__all_rows_with_variant,absdev_stress_interaction,all_rows_with_variant,primary_path_b,abs_peg_dev_bps,826,10,RQI_DII_v1.0,frozen_confirmed_by_researcher,1,robustness_pilot_pending_multi_issuer_source_expansion,dii_10pp,2.3809683422152643,0.8784963411962726,2.7102769022043214,0.006863837899643066,0.1940863480264604,0.18519759451204632,estimated
absdev_stress_interaction__primary_path_b__all_rows_with_variant,absdev_stress_interaction,all_rows_with_variant,primary_path_b,abs_peg_dev_bps,826,10,RQI_DII_v1.0,frozen_confirmed_by_researcher,1,robustness_pilot_pending_multi_issuer_source_expansion,market_stress_flag,-587.10042962641,201.74068230000051,-2.910173708807807,0.0037105324364101744,0.1940863480264604,0.18519759451204632,estimated
absdev_stress_interaction__primary_path_b__all_rows_with_variant,absdev_stress_interaction,all_rows_with_variant,primary_path_b,abs_peg_dev_bps,826,10,RQI_DII_v1.0,frozen_confirmed_by_researcher,1,robustness_pilot_pending_multi_issuer_source_expansion,stress_x_primary_path_b_10pp,4562.332334890883,1567.6726749451202,2.9102582495740688,0.00370953929277662,0.1940863480264604,0.18519759451204632,estimated
absdev_stress_interaction__primary_path_b__all_rows_with_variant,absdev_stress_interaction,all_rows_with_variant,primary_path_b,abs_peg_dev_bps,826,10,RQI_DII_v1.0,frozen_confirmed_by_researcher,1,robustness_pilot_pending_multi_issuer_source_expansion,stress_x_dii_10pp,-4931.643601917412,1694.6217294530677,-2.9101737079159724,0.0037105324468884593,0.1940863480264604,0.18519759451204632,estimated
absdev_stress_interaction__primary_path_b__all_rows_with_variant,absdev_stress_interaction,all_rows_with_variant,primary_path_b,abs_peg_dev_bps,826,10,RQI_DII_v1.0,frozen_confirmed_by_researcher,1,robustness_pilot_pending_multi_issuer_source_expansion,days_since_disclosure_30d,-0.49442898987572637,0.4252864759521692,-1.1625786800973503,0.24534037393898966,0.1940863480264604,0.18519759451204632,estimated
absdev_stress_interaction__primary_path_b__all_rows_with_variant,absdev_stress_interaction,all_rows_with_variant,primary_path_b,abs_peg_dev_bps,826,10,RQI_DII_v1.0,frozen_confirmed_by_researcher,1,robustness_pilot_pending_multi_issuer_source_expansion,stale_disclosure_45d,0.12662013814168555,1.43760972668501,0.0880768513118365,0.9298372049140387,0.1940863480264604,0.18519759451204632,estimated
absdev_stress_interaction__primary_path_b__all_rows_with_variant,absdev_stress_interaction,all_rows_with_variant,primary_path_b,abs_peg_dev_bps,826,10,RQI_DII_v1.0,frozen_confirmed_by_researcher,1,robustness_pilot_pending_multi_issuer_source_expansion,log_supply,-11.64426965827819,3.317975886328165,-3.5094497540680774,0.000473627047408387,0.1940863480264604,0.18519759451204632,estimated
absdev_stress_interaction__primary_path_b__all_rows_with_variant,absdev_stress_interaction,all_rows_with_variant,primary_path_b,abs_peg_dev_bps,826,10,RQI_DII_v1.0,frozen_confirmed_by_researcher,1,robustness_pilot_pending_multi_issuer_source_expansion,trend_years,3.1784834000140396,0.7957847247273424,3.9941498011325547,7.078957122796936e-05,0.1940863480264604,0.18519759451204632,estimated
absdev_rqi_dii__primary_path_b__rqi_available,absdev_rqi_dii,rqi_available,primary_path_b,abs_peg_dev_bps,826,8,RQI_DII_v1.0,frozen_confirmed_by_researcher,1,robustness_pilot_pending_multi_issuer_source_expansion,Intercept,560.8911164458191,167.9839272649072,3.3389570393916634,0.0008789739839856203,0.0932846836579051,0.08552550613419518,estimated
absdev_rqi_dii__primary_path_b__rqi_available,absdev_rqi_dii,rqi_available,primary_path_b,abs_peg_dev_bps,826,8,RQI_DII_v1.0,frozen_confirmed_by_researcher,1,robustness_pilot_pending_multi_issuer_source_expansion,rqi_primary_path_b_10pp,-22.899583200444876,9.490945632912206,-2.4127820436601066,0.016050281962445068,0.0932846836579051,0.08552550613419518,estimated
absdev_rqi_dii__primary_path_b__rqi_available,absdev_rqi_dii,rqi_available,primary_path_b,abs_peg_dev_bps,826,8,RQI_DII_v1.0,frozen_confirmed_by_researcher,1,robustness_pilot_pending_multi_issuer_source_expansion,dii_10pp,2.533549799902918,0.8820869147218249,2.872222405319207,0.004181362368252284,0.0932846836579051,0.08552550613419518,estimated
absdev_rqi_dii__primary_path_b__rqi_available,absdev_rqi_dii,rqi_available,primary_path_b,abs_peg_dev_bps,826,8,RQI_DII_v1.0,frozen_confirmed_by_researcher,1,robustness_pilot_pending_multi_issuer_source_expansion,days_since_disclosure_30d,-0.7259588866793907,0.4932978657553226,-1.471644085805692,0.14150161233879155,0.0932846836579051,0.08552550613419518,estimated
absdev_rqi_dii__primary_path_b__rqi_available,absdev_rqi_dii,rqi_available,primary_path_b,abs_peg_dev_bps,826,8,RQI_DII_v1.0,frozen_confirmed_by_researcher,1,robustness_pilot_pending_multi_issuer_source_expansion,stale_disclosure_45d,0.40038396909335283,1.4820147293471992,0.2701619364267147,0.787103818331264,0.0932846836579051,0.08552550613419518,estimated
absdev_rqi_dii__primary_path_b__rqi_available,absdev_rqi_dii,rqi_available,primary_path_b,abs_peg_dev_bps,826,8,RQI_DII_v1.0,frozen_confirmed_by_researcher,1,robustness_pilot_pending_multi_issuer_source_expansion,market_stress_flag,26.960765150259636,16.777169622617052,1.6069912718718795,0.10844219061642013,0.0932846836579051,0.08552550613419518,estimated
absdev_rqi_dii__primary_path_b__rqi_available,absdev_rqi_dii,rqi_available,primary_path_b,abs_peg_dev_bps,826,8,RQI_DII_v1.0,frozen_confirmed_by_researcher,1,robustness_pilot_pending_multi_issuer_source_expansion,log_supply,-15.27924817522532,3.6396300685149594,-4.198022295562459,2.987755419625593e-05,0.0932846836579051,0.08552550613419518,estimated
absdev_rqi_dii__primary_path_b__rqi_available,absdev_rqi_dii,rqi_available,primary_path_b,abs_peg_dev_bps,826,8,RQI_DII_v1.0,frozen_confirmed_by_researcher,1,robustness_pilot_pending_multi_issuer_source_expansion,trend_years,4.481564635601586,1.1051971125982034,4.054991263111332,5.492843435339623e-05,0.0932846836579051,0.08552550613419518,estimated
tail50_rqi_dii_lpm__primary_path_b__rqi_available,tail50_rqi_dii_lpm,rqi_available,primary_path_b,tail_depeg_50bp_pct,826,8,RQI_DII_v1.0,frozen_confirmed_by_researcher,1,robustness_pilot_pending_multi_issuer_source_expansion,Intercept,327.41417655909993,203.12202932950999,1.6119087508128422,0.10736753369275087,0.025454696365405316,0.017115066627700903,estimated
tail50_rqi_dii_lpm__primary_path_b__rqi_available,tail50_rqi_dii_lpm,rqi_available,primary_path_b,tail_depeg_50bp_pct,826,8,RQI_DII_v1.0,frozen_confirmed_by_researcher,1,robustness_pilot_pending_multi_issuer_source_expansion,rqi_primary_path_b_10pp,-19.395476790956156,11.432866260483518,-1.696466690771548,0.09017799212978517,0.025454696365405316,0.017115066627700903,estimated
tail50_rqi_dii_lpm__primary_path_b__rqi_available,tail50_rqi_dii_lpm,rqi_available,primary_path_b,tail_depeg_50bp_pct,826,8,RQI_DII_v1.0,frozen_confirmed_by_researcher,1,robustness_pilot_pending_multi_issuer_source_expansion,dii_10pp,0.8438926919166636,0.5337879014271564,1.5809513285340466,0.11427573122618107,0.025454696365405316,0.017115066627700903,estimated
tail50_rqi_dii_lpm__primary_path_b__rqi_available,tail50_rqi_dii_lpm,rqi_available,primary_path_b,tail_depeg_50bp_pct,826,8,RQI_DII_v1.0,frozen_confirmed_by_researcher,1,robustness_pilot_pending_multi_issuer_source_expansion,days_since_disclosure_30d,-0.02237135881807474,0.277463142540269,-0.0806282182680459,0.9357573462633899,0.025454696365405316,0.017115066627700903,estimated
tail50_rqi_dii_lpm__primary_path_b__rqi_available,tail50_rqi_dii_lpm,rqi_available,primary_path_b,tail_depeg_50bp_pct,826,8,RQI_DII_v1.0,frozen_confirmed_by_researcher,1,robustness_pilot_pending_multi_issuer_source_expansion,stale_disclosure_45d,-0.08069942194549355,0.8209849404885742,-0.0982958614289182,0.9217214452883458,0.025454696365405316,0.017115066627700903,estimated
tail50_rqi_dii_lpm__primary_path_b__rqi_available,tail50_rqi_dii_lpm,rqi_available,primary_path_b,tail_depeg_50bp_pct,826,8,RQI_DII_v1.0,frozen_confirmed_by_researcher,1,robustness_pilot_pending_multi_issuer_source_expansion,market_stress_flag,6.95594631103596,6.401217198790242,1.0866599421670233,0.2775072258755469,0.025454696365405316,0.017115066627700903,estimated
tail50_rqi_dii_lpm__primary_path_b__rqi_available,tail50_rqi_dii_lpm,rqi_available,primary_path_b,tail_depeg_50bp_pct,826,8,RQI_DII_v1.0,frozen_confirmed_by_researcher,1,robustness_pilot_pending_multi_issuer_source_expansion,log_supply,-6.407544463332824,4.196195015028803,-1.5269891986392443,0.12715025033119187,0.025454696365405316,0.017115066627700903,estimated
tail50_rqi_dii_lpm__primary_path_b__rqi_available,tail50_rqi_dii_lpm,rqi_available,primary_path_b,tail_depeg_50bp_pct,826,8,RQI_DII_v1.0,frozen_confirmed_by_researcher,1,robustness_pilot_pending_multi_issuer_source_expansion,trend_years,1.551442292780009,0.7308669388874964,2.122742472304969,0.034075227923239915,0.025454696365405316,0.017115066627700903,estimated
absdev_stress_interaction__primary_path_b__rqi_available,absdev_stress_interaction,rqi_available,primary_path_b,abs_peg_dev_bps,826,10,RQI_DII_v1.0,frozen_confirmed_by_researcher,1,robustness_pilot_pending_multi_issuer_source_expansion,Intercept,386.27947200811934,148.52982097571893,2.6006863097967834,0.009472121880478301,0.1940863480264604,0.18519759451204632,estimated
absdev_stress_interaction__primary_path_b__rqi_available,absdev_stress_interaction,rqi_available,primary_path_b,abs_peg_dev_bps,826,10,RQI_DII_v1.0,frozen_confirmed_by_researcher,1,robustness_pilot_pending_multi_issuer_source_expansion,rqi_primary_path_b_10pp,-13.268032222882082,8.230688802294347,-1.6120196670761686,0.10734433734297211,0.1940863480264604,0.18519759451204632,estimated
absdev_stress_interaction__primary_path_b__rqi_available,absdev_stress_interaction,rqi_available,primary_path_b,abs_peg_dev_bps,826,10,RQI_DII_v1.0,frozen_confirmed_by_researcher,1,robustness_pilot_pending_multi_issuer_source_expansion,dii_10pp,2.3809683422152643,0.8784963411962726,2.7102769022043214,0.006863837899643066,0.1940863480264604,0.18519759451204632,estimated
absdev_stress_interaction__primary_path_b__rqi_available,absdev_stress_interaction,rqi_available,primary_path_b,abs_peg_dev_bps,826,10,RQI_DII_v1.0,frozen_confirmed_by_researcher,1,robustness_pilot_pending_multi_issuer_source_expansion,market_stress_flag,-587.10042962641,201.74068230000051,-2.910173708807807,0.0037105324364101744,0.1940863480264604,0.18519759451204632,estimated
absdev_stress_interaction__primary_path_b__rqi_available,absdev_stress_interaction,rqi_available,primary_path_b,abs_peg_dev_bps,826,10,RQI_DII_v1.0,frozen_confirmed_by_researcher,1,robustness_pilot_pending_multi_issuer_source_expansion,stress_x_primary_path_b_10pp,4562.332334890883,1567.6726749451202,2.9102582495740688,0.00370953929277662,0.1940863480264604,0.18519759451204632,estimated
absdev_stress_interaction__primary_path_b__rqi_available,absdev_stress_interaction,rqi_available,primary_path_b,abs_peg_dev_bps,826,10,RQI_DII_v1.0,frozen_confirmed_by_researcher,1,robustness_pilot_pending_multi_issuer_source_expansion,stress_x_dii_10pp,-4931.643601917412,1694.6217294530677,-2.9101737079159724,0.0037105324468884593,0.1940863480264604,0.18519759451204632,estimated
absdev_stress_interaction__primary_path_b__rqi_available,absdev_stress_interaction,rqi_available,primary_path_b,abs_peg_dev_bps,826,10,RQI_DII_v1.0,frozen_confirmed_by_researcher,1,robustness_pilot_pending_multi_issuer_source_expansion,days_since_disclosure_30d,-0.49442898987572637,0.4252864759521692,-1.1625786800973503,0.24534037393898966,0.1940863480264604,0.18519759451204632,estimated
absdev_stress_interaction__primary_path_b__rqi_available,absdev_stress_interaction,rqi_available,primary_path_b,abs_peg_dev_bps,826,10,RQI_DII_v1.0,frozen_confirmed_by_researcher,1,robustness_pilot_pending_multi_issuer_source_expansion,stale_disclosure_45d,0.12662013814168555,1.43760972668501,0.0880768513118365,0.9298372049140387,0.1940863480264604,0.18519759451204632,estimated
absdev_stress_interaction__primary_path_b__rqi_available,absdev_stress_interaction,rqi_available,primary_path_b,abs_peg_dev_bps,826,10,RQI_DII_v1.0,frozen_confirmed_by_researcher,1,robustness_pilot_pending_multi_issuer_source_expansion,log_supply,-11.64426965827819,3.317975886328165,-3.5094497540680774,0.000473627047408387,0.1940863480264604,0.18519759451204632,estimated
absdev_stress_interaction__primary_path_b__rqi_available,absdev_stress_interaction,rqi_available,primary_path_b,abs_peg_dev_bps,826,10,RQI_DII_v1.0,frozen_confirmed_by_researcher,1,robustness_pilot_pending_multi_issuer_source_expansion,trend_years,3.1784834000140396,0.7957847247273424,3.9941498011325547,7.078957122796936e-05,0.1940863480264604,0.18519759451204632,estimated
absdev_rqi_dii__primary_path_b__manual_review_free,absdev_rqi_dii,manual_review_free,primary_path_b,abs_peg_dev_bps,190,6,RQI_DII_v1.0,frozen_confirmed_by_researcher,1,robustness_pilot_pending_multi_issuer_source_expansion,Intercept,-42.55995187189764,75.26911200498861,-0.5654371459713367,0.5724652939993871,0.19298614571954187,0.17105642141844246,estimated
absdev_rqi_dii__primary_path_b__manual_review_free,absdev_rqi_dii,manual_review_free,primary_path_b,abs_peg_dev_bps,190,6,RQI_DII_v1.0,frozen_confirmed_by_researcher,1,robustness_pilot_pending_multi_issuer_source_expansion,rqi_primary_path_b_10pp,-0.6948185611298046,1.8961040678730585,-0.3664453723308618,0.7144537887088394,0.19298614571954187,0.17105642141844246,estimated
absdev_rqi_dii__primary_path_b__manual_review_free,absdev_rqi_dii,manual_review_free,primary_path_b,abs_peg_dev_bps,190,6,RQI_DII_v1.0,frozen_confirmed_by_researcher,1,robustness_pilot_pending_multi_issuer_source_expansion,days_since_disclosure_30d,-0.45889255380140453,0.19951188490046148,-2.300076278815925,0.02256605912796328,0.19298614571954187,0.17105642141844246,estimated
absdev_rqi_dii__primary_path_b__manual_review_free,absdev_rqi_dii,manual_review_free,primary_path_b,abs_peg_dev_bps,190,6,RQI_DII_v1.0,frozen_confirmed_by_researcher,1,robustness_pilot_pending_multi_issuer_source_expansion,market_stress_flag,2.381734948987083,0.9311340321307203,2.5578862621280662,0.011336786568828305,0.19298614571954187,0.17105642141844246,estimated
absdev_rqi_dii__primary_path_b__manual_review_free,absdev_rqi_dii,manual_review_free,primary_path_b,abs_peg_dev_bps,190,6,RQI_DII_v1.0,frozen_confirmed_by_researcher,1,robustness_pilot_pending_multi_issuer_source_expansion,log_supply,1.9749840878942504,2.4851399053448633,0.7947174658644345,0.42780173370098007,0.19298614571954187,0.17105642141844246,estimated
absdev_rqi_dii__primary_path_b__manual_review_free,absdev_rqi_dii,manual_review_free,primary_path_b,abs_peg_dev_bps,190,6,RQI_DII_v1.0,frozen_confirmed_by_researcher,1,robustness_pilot_pending_multi_issuer_source_expansion,trend_years,1.4721146113196513,1.2299648931644669,1.1968753088002202,0.23289495931904636,0.19298614571954187,0.17105642141844246,estimated
tail50_rqi_dii_lpm__primary_path_b__manual_review_free,tail50_rqi_dii_lpm,manual_review_free,primary_path_b,tail_depeg_50bp_pct,190,6,RQI_DII_v1.0,frozen_confirmed_by_researcher,1,robustness_pilot_pending_multi_issuer_source_expansion,Intercept,0.0,0.0,,,,,estimated
tail50_rqi_dii_lpm__primary_path_b__manual_review_free,tail50_rqi_dii_lpm,manual_review_free,primary_path_b,tail_depeg_50bp_pct,190,6,RQI_DII_v1.0,frozen_confirmed_by_researcher,1,robustness_pilot_pending_multi_issuer_source_expansion,rqi_primary_path_b_10pp,0.0,0.0,,,,,estimated
tail50_rqi_dii_lpm__primary_path_b__manual_review_free,tail50_rqi_dii_lpm,manual_review_free,primary_path_b,tail_depeg_50bp_pct,190,6,RQI_DII_v1.0,frozen_confirmed_by_researcher,1,robustness_pilot_pending_multi_issuer_source_expansion,days_since_disclosure_30d,0.0,0.0,,,,,estimated
tail50_rqi_dii_lpm__primary_path_b__manual_review_free,tail50_rqi_dii_lpm,manual_review_free,primary_path_b,tail_depeg_50bp_pct,190,6,RQI_DII_v1.0,frozen_confirmed_by_researcher,1,robustness_pilot_pending_multi_issuer_source_expansion,market_stress_flag,0.0,0.0,,,,,estimated
tail50_rqi_dii_lpm__primary_path_b__manual_review_free,tail50_rqi_dii_lpm,manual_review_free,primary_path_b,tail_depeg_50bp_pct,190,6,RQI_DII_v1.0,frozen_confirmed_by_researcher,1,robustness_pilot_pending_multi_issuer_source_expansion,log_supply,0.0,0.0,,,,,estimated
tail50_rqi_dii_lpm__primary_path_b__manual_review_free,tail50_rqi_dii_lpm,manual_review_free,primary_path_b,tail_depeg_50bp_pct,190,6,RQI_DII_v1.0,frozen_confirmed_by_researcher,1,robustness_pilot_pending_multi_issuer_source_expansion,trend_years,0.0,0.0,,,,,estimated
absdev_stress_interaction__primary_path_b__manual_review_free,absdev_stress_interaction,manual_review_free,primary_path_b,abs_peg_dev_bps,190,8,RQI_DII_v1.0,frozen_confirmed_by_researcher,1,robustness_pilot_pending_multi_issuer_source_expansion,Intercept,-42.559951724518584,75.26911285684736,-0.5654371376139693,0.5724728623133495,0.1929861457195422,0.16194715132413995,estimated
absdev_stress_interaction__primary_path_b__manual_review_free,absdev_stress_interaction,manual_review_free,primary_path_b,abs_peg_dev_bps,190,8,RQI_DII_v1.0,frozen_confirmed_by_researcher,1,robustness_pilot_pending_multi_issuer_source_expansion,rqi_primary_path_b_10pp,-0.6948185644630249,1.8961040851349285,-0.3664453707527248,0.7144584128999183,0.1929861457195422,0.16194715132413995,estimated
absdev_stress_interaction__primary_path_b__manual_review_free,absdev_stress_interaction,manual_review_free,primary_path_b,abs_peg_dev_bps,190,8,RQI_DII_v1.0,frozen_confirmed_by_researcher,1,robustness_pilot_pending_multi_issuer_source_expansion,market_stress_flag,0.015231932457591623,0.005954889929433772,2.5578864828891925,0.011345764623197585,0.1929861457195422,0.16194715132413995,estimated
absdev_stress_interaction__primary_path_b__manual_review_free,absdev_stress_interaction,manual_review_free,primary_path_b,abs_peg_dev_bps,190,8,RQI_DII_v1.0,frozen_confirmed_by_researcher,1,robustness_pilot_pending_multi_issuer_source_expansion,stress_x_primary_path_b_10pp,0.14027010657717076,0.05483825331542258,2.5578879358238336,0.011345718902411761,0.1929861457195422,0.16194715132413995,estimated
absdev_stress_interaction__primary_path_b__manual_review_free,absdev_stress_interaction,manual_review_free,primary_path_b,abs_peg_dev_bps,190,8,RQI_DII_v1.0,frozen_confirmed_by_researcher,1,robustness_pilot_pending_multi_issuer_source_expansion,stress_x_dii_10pp,0.12794806141651377,0.05002105219531282,2.55788424675527,0.011345834989933579,0.1929861457195422,0.16194715132413995,estimated
absdev_stress_interaction__primary_path_b__manual_review_free,absdev_stress_interaction,manual_review_free,primary_path_b,abs_peg_dev_bps,190,8,RQI_DII_v1.0,frozen_confirmed_by_researcher,1,robustness_pilot_pending_multi_issuer_source_expansion,days_since_disclosure_30d,-0.4588925537219013,0.1995118850139622,-2.300076277108941,0.0225784853970028,0.1929861457195422,0.16194715132413995,estimated
absdev_stress_interaction__primary_path_b__manual_review_free,absdev_stress_interaction,manual_review_free,primary_path_b,abs_peg_dev_bps,190,8,RQI_DII_v1.0,frozen_confirmed_by_researcher,1,robustness_pilot_pending_multi_issuer_source_expansion,log_supply,1.974984083219637,2.485139931264234,0.7947174556947094,0.42781297784487426,0.1929861457195422,0.16194715132413995,estimated
absdev_stress_interaction__primary_path_b__manual_review_free,absdev_stress_interaction,manual_review_free,primary_path_b,abs_peg_dev_bps,190,8,RQI_DII_v1.0,frozen_confirmed_by_researcher,1,robustness_pilot_pending_multi_issuer_source_expansion,trend_years,1.4721146088813857,1.2299649068817662,1.1968752934695694,0.23291186107984996,0.1929861457195422,0.16194715132413995,estimated
absdev_rqi_dii__primary_path_b__non_stress_rows,absdev_rqi_dii,non_stress_rows,primary_path_b,abs_peg_dev_bps,800,7,RQI_DII_v1.0,frozen_confirmed_by_researcher,1,robustness_pilot_pending_multi_issuer_source_expansion,Intercept,444.2628127306467,147.1463945765447,3.0191892503322175,0.002615760689836266,0.08156803723086414,0.0746189933763689,estimated
absdev_rqi_dii__primary_path_b__non_stress_rows,absdev_rqi_dii,non_stress_rows,primary_path_b,abs_peg_dev_bps,800,7,RQI_DII_v1.0,frozen_confirmed_by_researcher,1,robustness_pilot_pending_multi_issuer_source_expansion,rqi_primary_path_b_10pp,-15.957246718044452,8.268819615586674,-1.9298095084775027,0.05398683727165876,0.08156803723086414,0.0746189933763689,estimated
absdev_rqi_dii__primary_path_b__non_stress_rows,absdev_rqi_dii,non_stress_rows,primary_path_b,abs_peg_dev_bps,800,7,RQI_DII_v1.0,frozen_confirmed_by_researcher,1,robustness_pilot_pending_multi_issuer_source_expansion,dii_10pp,2.495709600665257,0.8861715248083606,2.8162827746072834,0.004978928534034699,0.08156803723086414,0.0746189933763689,estimated
absdev_rqi_dii__primary_path_b__non_stress_rows,absdev_rqi_dii,non_stress_rows,primary_path_b,abs_peg_dev_bps,800,7,RQI_DII_v1.0,frozen_confirmed_by_researcher,1,robustness_pilot_pending_multi_issuer_source_expansion,days_since_disclosure_30d,-0.41287414859398675,0.42000943780601574,-0.9830115979076535,0.3259015436640418,0.08156803723086414,0.0746189933763689,estimated
absdev_rqi_dii__primary_path_b__non_stress_rows,absdev_rqi_dii,non_stress_rows,primary_path_b,abs_peg_dev_bps,800,7,RQI_DII_v1.0,frozen_confirmed_by_researcher,1,robustness_pilot_pending_multi_issuer_source_expansion,stale_disclosure_45d,0.05857294605773966,1.4281069271819302,0.04101439811185644,0.9672947412793584,0.08156803723086414,0.0746189933763689,estimated
absdev_rqi_dii__primary_path_b__non_stress_rows,absdev_rqi_dii,non_stress_rows,primary_path_b,abs_peg_dev_bps,800,7,RQI_DII_v1.0,frozen_confirmed_by_researcher,1,robustness_pilot_pending_multi_issuer_source_expansion,log_supply,-13.052596537459685,3.2385281397332757,-4.030410104305807,6.104514755045365e-05,0.08156803723086414,0.0746189933763689,estimated
absdev_rqi_dii__primary_path_b__non_stress_rows,absdev_rqi_dii,non_stress_rows,primary_path_b,abs_peg_dev_bps,800,7,RQI_DII_v1.0,frozen_confirmed_by_researcher,1,robustness_pilot_pending_multi_issuer_source_expansion,trend_years,3.298356695201834,0.7887052598621259,4.181988967308804,3.211948680426069e-05,0.08156803723086414,0.0746189933763689,estimated
tail50_rqi_dii_lpm__primary_path_b__non_stress_rows,tail50_rqi_dii_lpm,non_stress_rows,primary_path_b,tail_depeg_50bp_pct,800,7,RQI_DII_v1.0,frozen_confirmed_by_researcher,1,robustness_pilot_pending_multi_issuer_source_expansion,Intercept,314.74510698618485,207.47882100724098,1.5169987252588075,0.1296655289530506,0.012332159179760938,0.004859262527905361,estimated
tail50_rqi_dii_lpm__primary_path_b__non_stress_rows,tail50_rqi_dii_lpm,non_stress_rows,primary_path_b,tail_depeg_50bp_pct,800,7,RQI_DII_v1.0,frozen_confirmed_by_researcher,1,robustness_pilot_pending_multi_issuer_source_expansion,rqi_primary_path_b_10pp,-18.35618511860504,11.645734953116936,-1.5762152575602004,0.11537502799209487,0.012332159179760938,0.004859262527905361,estimated
tail50_rqi_dii_lpm__primary_path_b__non_stress_rows,tail50_rqi_dii_lpm,non_stress_rows,primary_path_b,tail_depeg_50bp_pct,800,7,RQI_DII_v1.0,frozen_confirmed_by_researcher,1,robustness_pilot_pending_multi_issuer_source_expansion,dii_10pp,0.8763678831384333,0.5420801320464688,1.6166758959232772,0.10634596774868288,0.012332159179760938,0.004859262527905361,estimated
tail50_rqi_dii_lpm__primary_path_b__non_stress_rows,tail50_rqi_dii_lpm,non_stress_rows,primary_path_b,tail_depeg_50bp_pct,800,7,RQI_DII_v1.0,frozen_confirmed_by_researcher,1,robustness_pilot_pending_multi_issuer_source_expansion,days_since_disclosure_30d,0.0934654373920219,0.2650132781976376,0.3526820921113193,0.724420503474565,0.012332159179760938,0.004859262527905361,estimated
tail50_rqi_dii_lpm__primary_path_b__non_stress_rows,tail50_rqi_dii_lpm,non_stress_rows,primary_path_b,tail_depeg_50bp_pct,800,7,RQI_DII_v1.0,frozen_confirmed_by_researcher,1,robustness_pilot_pending_multi_issuer_source_expansion,stale_disclosure_45d,-0.19003188794934645,0.8154951940502192,-0.23302637383494385,0.8158010592337899,0.012332159179760938,0.004859262527905361,estimated
tail50_rqi_dii_lpm__primary_path_b__non_stress_rows,tail50_rqi_dii_lpm,non_stress_rows,primary_path_b,tail_depeg_50bp_pct,800,7,RQI_DII_v1.0,frozen_confirmed_by_researcher,1,robustness_pilot_pending_multi_issuer_source_expansion,log_supply,-6.278528744952325,4.293526695765479,-1.462324375703677,0.14404852203660123,0.012332159179760938,0.004859262527905361,estimated
tail50_rqi_dii_lpm__primary_path_b__non_stress_rows,tail50_rqi_dii_lpm,non_stress_rows,primary_path_b,tail_depeg_50bp_pct,800,7,RQI_DII_v1.0,frozen_confirmed_by_researcher,1,robustness_pilot_pending_multi_issuer_source_expansion,trend_years,1.2486493799004097,0.683953339518715,1.8256353288355325,0.06828116527771577,0.012332159179760938,0.004859262527905361,estimated
absdev_stress_interaction__primary_path_b__non_stress_rows,absdev_stress_interaction,non_stress_rows,primary_path_b,abs_peg_dev_bps,800,7,RQI_DII_v1.0,frozen_confirmed_by_researcher,1,robustness_pilot_pending_multi_issuer_source_expansion,Intercept,444.2628127306467,147.1463945765447,3.0191892503322175,0.002615760689836266,0.08156803723086414,0.0746189933763689,estimated
absdev_stress_interaction__primary_path_b__non_stress_rows,absdev_stress_interaction,non_stress_rows,primary_path_b,abs_peg_dev_bps,800,7,RQI_DII_v1.0,frozen_confirmed_by_researcher,1,robustness_pilot_pending_multi_issuer_source_expansion,rqi_primary_path_b_10pp,-15.957246718044452,8.268819615586674,-1.9298095084775027,0.05398683727165876,0.08156803723086414,0.0746189933763689,estimated
absdev_stress_interaction__primary_path_b__non_stress_rows,absdev_stress_interaction,non_stress_rows,primary_path_b,abs_peg_dev_bps,800,7,RQI_DII_v1.0,frozen_confirmed_by_researcher,1,robustness_pilot_pending_multi_issuer_source_expansion,dii_10pp,2.495709600665257,0.8861715248083606,2.8162827746072834,0.004978928534034699,0.08156803723086414,0.0746189933763689,estimated
absdev_stress_interaction__primary_path_b__non_stress_rows,absdev_stress_interaction,non_stress_rows,primary_path_b,abs_peg_dev_bps,800,7,RQI_DII_v1.0,frozen_confirmed_by_researcher,1,robustness_pilot_pending_multi_issuer_source_expansion,days_since_disclosure_30d,-0.41287414859398675,0.42000943780601574,-0.9830115979076535,0.3259015436640418,0.08156803723086414,0.0746189933763689,estimated
absdev_stress_interaction__primary_path_b__non_stress_rows,absdev_stress_interaction,non_stress_rows,primary_path_b,abs_peg_dev_bps,800,7,RQI_DII_v1.0,frozen_confirmed_by_researcher,1,robustness_pilot_pending_multi_issuer_source_expansion,stale_disclosure_45d,0.05857294605773966,1.4281069271819302,0.04101439811185644,0.9672947412793584,0.08156803723086414,0.0746189933763689,estimated
absdev_stress_interaction__primary_path_b__non_stress_rows,absdev_stress_interaction,non_stress_rows,primary_path_b,abs_peg_dev_bps,800,7,RQI_DII_v1.0,frozen_confirmed_by_researcher,1,robustness_pilot_pending_multi_issuer_source_expansion,log_supply,-13.052596537459685,3.2385281397332757,-4.030410104305807,6.104514755045365e-05,0.08156803723086414,0.0746189933763689,estimated
absdev_stress_interaction__primary_path_b__non_stress_rows,absdev_stress_interaction,non_stress_rows,primary_path_b,abs_peg_dev_bps,800,7,RQI_DII_v1.0,frozen_confirmed_by_researcher,1,robustness_pilot_pending_multi_issuer_source_expansion,trend_years,3.298356695201834,0.7887052598621259,4.181988967308804,3.211948680426069e-05,0.08156803723086414,0.0746189933763689,estimated
absdev_rqi_dii__primary_path_b__stress_rows_diagnostic,absdev_rqi_dii,stress_rows_diagnostic,primary_path_b,abs_peg_dev_bps,26,5,RQI_DII_v1.0,frozen_confirmed_by_researcher,1,robustness_pilot_pending_multi_issuer_source_expansion,Intercept,-77.09394009215721,55.79571472609013,-1.3817179414337353,0.18158229598707476,0.20156478536207278,0.049481887335800834,estimated
absdev_rqi_dii__primary_path_b__stress_rows_diagnostic,absdev_rqi_dii,stress_rows_diagnostic,primary_path_b,abs_peg_dev_bps,26,5,RQI_DII_v1.0,frozen_confirmed_by_researcher,1,robustness_pilot_pending_multi_issuer_source_expansion,rqi_primary_path_b_10pp,-697.9459838105777,508.84677466053523,-1.3716230868834638,0.18465904809763778,0.20156478536207278,0.049481887335800834,estimated
absdev_rqi_dii__primary_path_b__stress_rows_diagnostic,absdev_rqi_dii,stress_rows_diagnostic,primary_path_b,abs_peg_dev_bps,26,5,RQI_DII_v1.0,frozen_confirmed_by_researcher,1,robustness_pilot_pending_multi_issuer_source_expansion,days_since_disclosure_30d,-67.2752965595901,33.8451545505458,-1.9877379037852612,0.060035821773610776,0.20156478536207278,0.049481887335800834,estimated
absdev_rqi_dii__primary_path_b__stress_rows_diagnostic,absdev_rqi_dii,stress_rows_diagnostic,primary_path_b,abs_peg_dev_bps,26,5,RQI_DII_v1.0,frozen_confirmed_by_researcher,1,robustness_pilot_pending_multi_issuer_source_expansion,log_supply,258.4761612246,191.3924360272876,1.3505035339418952,0.191229672567782,0.20156478536207278,0.049481887335800834,estimated
absdev_rqi_dii__primary_path_b__stress_rows_diagnostic,absdev_rqi_dii,stress_rows_diagnostic,primary_path_b,abs_peg_dev_bps,26,5,RQI_DII_v1.0,frozen_confirmed_by_researcher,1,robustness_pilot_pending_multi_issuer_source_expansion,trend_years,255.3339663623039,89.8569581995059,2.8415603140648926,0.00977303637877558,0.20156478536207278,0.049481887335800834,estimated
tail50_rqi_dii_lpm__primary_path_b__stress_rows_diagnostic,tail50_rqi_dii_lpm,stress_rows_diagnostic,primary_path_b,tail_depeg_50bp_pct,26,5,RQI_DII_v1.0,frozen_confirmed_by_researcher,1,robustness_pilot_pending_multi_issuer_source_expansion,Intercept,-53.07212029873908,28.162926992881868,-1.8844674884877188,0.07341949342789422,0.2333497037919593,0.08732107594280858,estimated
tail50_rqi_dii_lpm__primary_path_b__stress_rows_diagnostic,tail50_rqi_dii_lpm,stress_rows_diagnostic,primary_path_b,tail_depeg_50bp_pct,26,5,RQI_DII_v1.0,frozen_confirmed_by_researcher,1,robustness_pilot_pending_multi_issuer_source_expansion,rqi_primary_path_b_10pp,-482.8664939683098,256.8665686592184,-1.8798339405892972,0.074077141406512,0.2333497037919593,0.08732107594280858,estimated
tail50_rqi_dii_lpm__primary_path_b__stress_rows_diagnostic,tail50_rqi_dii_lpm,stress_rows_diagnostic,primary_path_b,tail_depeg_50bp_pct,26,5,RQI_DII_v1.0,frozen_confirmed_by_researcher,1,robustness_pilot_pending_multi_issuer_source_expansion,days_since_disclosure_30d,-32.754092369687804,14.448093076736889,-2.2670183667646566,0.03406993029727712,0.2333497037919593,0.08732107594280858,estimated
tail50_rqi_dii_lpm__primary_path_b__stress_rows_diagnostic,tail50_rqi_dii_lpm,stress_rows_diagnostic,primary_path_b,tail_depeg_50bp_pct,26,5,RQI_DII_v1.0,frozen_confirmed_by_researcher,1,robustness_pilot_pending_multi_issuer_source_expansion,log_supply,180.64979454267763,96.60381034153839,1.8700069273044042,0.07548901211285997,0.2333497037919593,0.08732107594280858,estimated
tail50_rqi_dii_lpm__primary_path_b__stress_rows_diagnostic,tail50_rqi_dii_lpm,stress_rows_diagnostic,primary_path_b,tail_depeg_50bp_pct,26,5,RQI_DII_v1.0,frozen_confirmed_by_researcher,1,robustness_pilot_pending_multi_issuer_source_expansion,trend_years,112.36550511130244,44.50104880875258,2.5250080193436273,0.019683556676302283,0.2333497037919593,0.08732107594280858,estimated
absdev_stress_interaction__primary_path_b__stress_rows_diagnostic,absdev_stress_interaction,stress_rows_diagnostic,primary_path_b,abs_peg_dev_bps,26,6,RQI_DII_v1.0,frozen_confirmed_by_researcher,1,robustness_pilot_pending_multi_issuer_source_expansion,Intercept,-39.29925965873003,28.241101972319278,-1.3915625423274731,0.1793403190634626,0.2015647853620749,0.00195598170259359,estimated
absdev_stress_interaction__primary_path_b__stress_rows_diagnostic,absdev_stress_interaction,stress_rows_diagnostic,primary_path_b,abs_peg_dev_bps,26,6,RQI_DII_v1.0,frozen_confirmed_by_researcher,1,robustness_pilot_pending_multi_issuer_source_expansion,rqi_primary_path_b_10pp,-351.03180279658704,255.9243905060551,-1.3716230879849716,0.18537360415569193,0.2015647853620749,0.00195598170259359,estimated
absdev_stress_interaction__primary_path_b__stress_rows_diagnostic,absdev_stress_interaction,stress_rows_diagnostic,primary_path_b,abs_peg_dev_bps,26,6,RQI_DII_v1.0,frozen_confirmed_by_researcher,1,robustness_pilot_pending_multi_issuer_source_expansion,stress_x_primary_path_b_10pp,-351.03180279661535,255.9243905049812,-1.3716230879908378,0.18537360415389337,0.2015647853620749,0.00195598170259359,estimated
absdev_stress_interaction__primary_path_b__stress_rows_diagnostic,absdev_stress_interaction,stress_rows_diagnostic,primary_path_b,abs_peg_dev_bps,26,6,RQI_DII_v1.0,frozen_confirmed_by_researcher,1,robustness_pilot_pending_multi_issuer_source_expansion,days_since_disclosure_30d,-67.28784809708031,33.853392294265745,-1.9876249774968007,0.06071885503399255,0.2015647853620749,0.00195598170259359,estimated
absdev_stress_interaction__primary_path_b__stress_rows_diagnostic,absdev_stress_interaction,stress_rows_diagnostic,primary_path_b,abs_peg_dev_bps,26,6,RQI_DII_v1.0,frozen_confirmed_by_researcher,1,robustness_pilot_pending_multi_issuer_source_expansion,log_supply,258.47616123411535,191.39243588564048,1.350503534991102,0.19193898940774412,0.2015647853620749,0.00195598170259359,estimated
absdev_stress_interaction__primary_path_b__stress_rows_diagnostic,absdev_stress_interaction,stress_rows_diagnostic,primary_path_b,abs_peg_dev_bps,26,6,RQI_DII_v1.0,frozen_confirmed_by_researcher,1,robustness_pilot_pending_multi_issuer_source_expansion,trend_years,255.4867813415093,89.96370930086933,2.839887142570727,0.010121811709299822,0.2015647853620749,0.00195598170259359,estimated
absdev_rqi_dii__primary_path_b__exclude_100bp_tail_days,absdev_rqi_dii,exclude_100bp_tail_days,primary_path_b,abs_peg_dev_bps,825,8,RQI_DII_v1.0,frozen_confirmed_by_researcher,1,robustness_pilot_pending_multi_issuer_source_expansion,Intercept,533.9255747726562,170.89314062812014,3.1243241993810007,0.001845070953171879,0.10935576828422588,0.10172478955471498,estimated
absdev_rqi_dii__primary_path_b__exclude_100bp_tail_days,absdev_rqi_dii,exclude_100bp_tail_days,primary_path_b,abs_peg_dev_bps,825,8,RQI_DII_v1.0,frozen_confirmed_by_researcher,1,robustness_pilot_pending_multi_issuer_source_expansion,rqi_primary_path_b_10pp,-20.76537413503634,9.509985824043492,-2.1835336581192966,0.029280353117142388,0.10935576828422588,0.10172478955471498,estimated
absdev_rqi_dii__primary_path_b__exclude_100bp_tail_days,absdev_rqi_dii,exclude_100bp_tail_days,primary_path_b,abs_peg_dev_bps,825,8,RQI_DII_v1.0,frozen_confirmed_by_researcher,1,robustness_pilot_pending_multi_issuer_source_expansion,dii_10pp,2.591470289482446,0.898524078829214,2.8841411716636,0.004027997987446685,0.10935576828422588,0.10172478955471498,estimated
absdev_rqi_dii__primary_path_b__exclude_100bp_tail_days,absdev_rqi_dii,exclude_100bp_tail_days,primary_path_b,abs_peg_dev_bps,825,8,RQI_DII_v1.0,frozen_confirmed_by_researcher,1,robustness_pilot_pending_multi_issuer_source_expansion,days_since_disclosure_30d,-0.4897844312654405,0.4236327533492883,-1.1561533601761187,0.24795639957265636,0.10935576828422588,0.10172478955471498,estimated
absdev_rqi_dii__primary_path_b__exclude_100bp_tail_days,absdev_rqi_dii,exclude_100bp_tail_days,primary_path_b,abs_peg_dev_bps,825,8,RQI_DII_v1.0,frozen_confirmed_by_researcher,1,robustness_pilot_pending_multi_issuer_source_expansion,stale_disclosure_45d,0.1582604807457332,1.430196051741996,0.11065649394918273,0.9119159233847061,0.10935576828422588,0.10172478955471498,estimated
absdev_rqi_dii__primary_path_b__exclude_100bp_tail_days,absdev_rqi_dii,exclude_100bp_tail_days,primary_path_b,abs_peg_dev_bps,825,8,RQI_DII_v1.0,frozen_confirmed_by_researcher,1,robustness_pilot_pending_multi_issuer_source_expansion,market_stress_flag,12.38823991440632,6.462235338861072,1.9170208549832337,0.05558378771207173,0.10935576828422588,0.10172478955471498,estimated
absdev_rqi_dii__primary_path_b__exclude_100bp_tail_days,absdev_rqi_dii,exclude_100bp_tail_days,primary_path_b,abs_peg_dev_bps,825,8,RQI_DII_v1.0,frozen_confirmed_by_researcher,1,robustness_pilot_pending_multi_issuer_source_expansion,log_supply,-14.973583188708574,3.7350482136056753,-4.008939733137645,6.657286781930338e-05,0.10935576828422588,0.10172478955471498,estimated
absdev_rqi_dii__primary_path_b__exclude_100bp_tail_days,absdev_rqi_dii,exclude_100bp_tail_days,primary_path_b,abs_peg_dev_bps,825,8,RQI_DII_v1.0,frozen_confirmed_by_researcher,1,robustness_pilot_pending_multi_issuer_source_expansion,trend_years,3.8830214665822544,0.8846784539333697,4.389189596873247,1.2869750332988872e-05,0.10935576828422588,0.10172478955471498,estimated
tail50_rqi_dii_lpm__primary_path_b__exclude_100bp_tail_days,tail50_rqi_dii_lpm,exclude_100bp_tail_days,primary_path_b,tail_depeg_50bp_pct,825,8,RQI_DII_v1.0,frozen_confirmed_by_researcher,1,robustness_pilot_pending_multi_issuer_source_expansion,Intercept,320.5072654053846,203.45647486062305,1.5753112090679182,0.11557175128199271,0.014732790385265204,0.006291088466901518,estimated
tail50_rqi_dii_lpm__primary_path_b__exclude_100bp_tail_days,tail50_rqi_dii_lpm,exclude_100bp_tail_days,primary_path_b,tail_depeg_50bp_pct,825,8,RQI_DII_v1.0,frozen_confirmed_by_researcher,1,robustness_pilot_pending_multi_issuer_source_expansion,rqi_primary_path_b_10pp,-18.84882385858075,11.443660940954247,-1.6470973717095303,0.099922571687727,0.014732790385265204,0.006291088466901518,estimated
tail50_rqi_dii_lpm__primary_path_b__exclude_100bp_tail_days,tail50_rqi_dii_lpm,exclude_100bp_tail_days,primary_path_b,tail_depeg_50bp_pct,825,8,RQI_DII_v1.0,frozen_confirmed_by_researcher,1,robustness_pilot_pending_multi_issuer_source_expansion,dii_10pp,0.8587283545172489,0.5358035640750348,1.6026925016814393,0.10938907789685359,0.014732790385265204,0.006291088466901518,estimated
tail50_rqi_dii_lpm__primary_path_b__exclude_100bp_tail_days,tail50_rqi_dii_lpm,exclude_100bp_tail_days,primary_path_b,tail_depeg_50bp_pct,825,8,RQI_DII_v1.0,frozen_confirmed_by_researcher,1,robustness_pilot_pending_multi_issuer_source_expansion,days_since_disclosure_30d,0.03812199267025593,0.2671305677806873,0.14270921140538986,0.8865550280357077,0.014732790385265204,0.006291088466901518,estimated
tail50_rqi_dii_lpm__primary_path_b__exclude_100bp_tail_days,tail50_rqi_dii_lpm,exclude_100bp_tail_days,primary_path_b,tail_depeg_50bp_pct,825,8,RQI_DII_v1.0,frozen_confirmed_by_researcher,1,robustness_pilot_pending_multi_issuer_source_expansion,stale_disclosure_45d,-0.14271654925132476,0.8159669830920804,-0.1749048089059989,0.8611977662334684,0.014732790385265204,0.006291088466901518,estimated
tail50_rqi_dii_lpm__primary_path_b__exclude_100bp_tail_days,tail50_rqi_dii_lpm,exclude_100bp_tail_days,primary_path_b,tail_depeg_50bp_pct,825,8,RQI_DII_v1.0,frozen_confirmed_by_researcher,1,robustness_pilot_pending_multi_issuer_source_expansion,market_stress_flag,3.2233627446621527,3.5315664490317213,0.9127288955715186,0.361654392751799,0.014732790385265204,0.006291088466901518,estimated
tail50_rqi_dii_lpm__primary_path_b__exclude_100bp_tail_days,tail50_rqi_dii_lpm,exclude_100bp_tail_days,primary_path_b,tail_depeg_50bp_pct,825,8,RQI_DII_v1.0,frozen_confirmed_by_researcher,1,robustness_pilot_pending_multi_issuer_source_expansion,log_supply,-6.329251918025067,4.2035694439263285,-1.5056851093943753,0.13253453488569233,0.014732790385265204,0.006291088466901518,estimated
tail50_rqi_dii_lpm__primary_path_b__exclude_100bp_tail_days,tail50_rqi_dii_lpm,exclude_100bp_tail_days,primary_path_b,tail_depeg_50bp_pct,825,8,RQI_DII_v1.0,frozen_confirmed_by_researcher,1,robustness_pilot_pending_multi_issuer_source_expansion,trend_years,1.3981323922523234,0.6915658924140069,2.0216907854896484,0.043533844861148197,0.014732790385265204,0.006291088466901518,estimated
absdev_stress_interaction__primary_path_b__exclude_100bp_tail_days,absdev_stress_interaction,exclude_100bp_tail_days,primary_path_b,abs_peg_dev_bps,825,10,RQI_DII_v1.0,frozen_confirmed_by_researcher,1,robustness_pilot_pending_multi_issuer_source_expansion,Intercept,456.80400013955045,148.69837728665055,3.072017384957436,0.002196864633532414,0.16774052348999313,0.15854992804387036,estimated
absdev_stress_interaction__primary_path_b__exclude_100bp_tail_days,absdev_stress_interaction,exclude_100bp_tail_days,primary_path_b,abs_peg_dev_bps,825,10,RQI_DII_v1.0,frozen_confirmed_by_researcher,1,robustness_pilot_pending_multi_issuer_source_expansion,rqi_primary_path_b_10pp,-16.538755883278945,8.356013097110203,-1.9792639972044341,0.04812243400981675,0.16774052348999313,0.15854992804387036,estimated
absdev_stress_interaction__primary_path_b__exclude_100bp_tail_days,absdev_stress_interaction,exclude_100bp_tail_days,primary_path_b,abs_peg_dev_bps,825,10,RQI_DII_v1.0,frozen_confirmed_by_researcher,1,robustness_pilot_pending_multi_issuer_source_expansion,dii_10pp,2.5206275480809675,0.8895915761416442,2.833466071040699,0.00471834964193607,0.16774052348999313,0.15854992804387036,estimated
absdev_stress_interaction__primary_path_b__exclude_100bp_tail_days,absdev_stress_interaction,exclude_100bp_tail_days,primary_path_b,abs_peg_dev_bps,825,10,RQI_DII_v1.0,frozen_confirmed_by_researcher,1,robustness_pilot_pending_multi_issuer_source_expansion,market_stress_flag,-263.1349289601156,34.72085553827579,-7.578584250898981,9.50350909079134e-14,0.16774052348999313,0.15854992804387036,estimated
absdev_stress_interaction__primary_path_b__exclude_100bp_tail_days,absdev_stress_interaction,exclude_100bp_tail_days,primary_path_b,abs_peg_dev_bps,825,10,RQI_DII_v1.0,frozen_confirmed_by_researcher,1,robustness_pilot_pending_multi_issuer_source_expansion,stress_x_primary_path_b_10pp,2044.9103231187617,269.7658804114753,7.58031490120118,9.370282327836321e-14,0.16774052348999313,0.15854992804387036,estimated
absdev_stress_interaction__primary_path_b__exclude_100bp_tail_days,absdev_stress_interaction,exclude_100bp_tail_days,primary_path_b,abs_peg_dev_bps,825,10,RQI_DII_v1.0,frozen_confirmed_by_researcher,1,robustness_pilot_pending_multi_issuer_source_expansion,stress_x_dii_10pp,-2210.3334021162195,291.65518634365225,-7.5785842515820105,9.50350909079134e-14,0.16774052348999313,0.15854992804387036,estimated
absdev_stress_interaction__primary_path_b__exclude_100bp_tail_days,absdev_stress_interaction,exclude_100bp_tail_days,primary_path_b,abs_peg_dev_bps,825,10,RQI_DII_v1.0,frozen_confirmed_by_researcher,1,robustness_pilot_pending_multi_issuer_source_expansion,days_since_disclosure_30d,-0.39601247960013586,0.41976401285201526,-0.9434169377920141,0.3457472586402357,0.16774052348999313,0.15854992804387036,estimated
absdev_stress_interaction__primary_path_b__exclude_100bp_tail_days,absdev_stress_interaction,exclude_100bp_tail_days,primary_path_b,abs_peg_dev_bps,825,10,RQI_DII_v1.0,frozen_confirmed_by_researcher,1,robustness_pilot_pending_multi_issuer_source_expansion,stale_disclosure_45d,0.04581058178076212,1.4257946859038826,0.03212985869120455,0.974376358530215,0.16774052348999313,0.15854992804387036,estimated
absdev_stress_interaction__primary_path_b__exclude_100bp_tail_days,absdev_stress_interaction,exclude_100bp_tail_days,primary_path_b,abs_peg_dev_bps,825,10,RQI_DII_v1.0,frozen_confirmed_by_researcher,1,robustness_pilot_pending_multi_issuer_source_expansion,log_supply,-13.357274472704342,3.2693605000397072,-4.085592418621964,4.830971410152429e-05,0.16774052348999313,0.15854992804387036,estimated
absdev_stress_interaction__primary_path_b__exclude_100bp_tail_days,absdev_stress_interaction,exclude_100bp_tail_days,primary_path_b,abs_peg_dev_bps,825,10,RQI_DII_v1.0,frozen_confirmed_by_researcher,1,robustness_pilot_pending_multi_issuer_source_expansion,trend_years,3.3243116240241863,0.7899989556573125,4.20799496026956,2.86269974791864e-05,0.16774052348999313,0.15854992804387036,estimated
absdev_rqi_dii__bank_cash_070__all_rows_with_variant,absdev_rqi_dii,all_rows_with_variant,bank_cash_070,abs_peg_dev_bps,826,8,RQI_DII_v1.0,frozen_confirmed_by_researcher,1,robustness_pilot_pending_multi_issuer_source_expansion,Intercept,501.2599145474963,140.14196546021807,3.576800945394107,0.00036825697818065883,0.09442503360088161,0.0866756145730162,estimated
absdev_rqi_dii__bank_cash_070__all_rows_with_variant,absdev_rqi_dii,all_rows_with_variant,bank_cash_070,abs_peg_dev_bps,826,8,RQI_DII_v1.0,frozen_confirmed_by_researcher,1,robustness_pilot_pending_multi_issuer_source_expansion,rqi_bank_cash_070_10pp,-15.743866550720174,6.312366815724803,-2.494130491830808,0.012822989325243617,0.09442503360088161,0.0866756145730162,estimated
absdev_rqi_dii__bank_cash_070__all_rows_with_variant,absdev_rqi_dii,all_rows_with_variant,bank_cash_070,abs_peg_dev_bps,826,8,RQI_DII_v1.0,frozen_confirmed_by_researcher,1,robustness_pilot_pending_multi_issuer_source_expansion,dii_10pp,2.613013327775266,0.8898408653742224,2.936495085192973,0.0034125324719820327,0.09442503360088161,0.0866756145730162,estimated
absdev_rqi_dii__bank_cash_070__all_rows_with_variant,absdev_rqi_dii,all_rows_with_variant,bank_cash_070,abs_peg_dev_bps,826,8,RQI_DII_v1.0,frozen_confirmed_by_researcher,1,robustness_pilot_pending_multi_issuer_source_expansion,days_since_disclosure_30d,-0.7652798758403608,0.49535342154811257,-1.5449169068998363,0.122753126916884,0.09442503360088161,0.0866756145730162,estimated
absdev_rqi_dii__bank_cash_070__all_rows_with_variant,absdev_rqi_dii,all_rows_with_variant,bank_cash_070,abs_peg_dev_bps,826,8,RQI_DII_v1.0,frozen_confirmed_by_researcher,1,robustness_pilot_pending_multi_issuer_source_expansion,stale_disclosure_45d,0.4359573449646056,1.4966632886872855,0.291286188590208,0.7709062944302867,0.09442503360088161,0.0866756145730162,estimated
absdev_rqi_dii__bank_cash_070__all_rows_with_variant,absdev_rqi_dii,all_rows_with_variant,bank_cash_070,abs_peg_dev_bps,826,8,RQI_DII_v1.0,frozen_confirmed_by_researcher,1,robustness_pilot_pending_multi_issuer_source_expansion,market_stress_flag,26.947214932563597,16.7181819419169,1.611850799697293,0.10738014883386549,0.09442503360088161,0.0866756145730162,estimated
absdev_rqi_dii__bank_cash_070__all_rows_with_variant,absdev_rqi_dii,all_rows_with_variant,bank_cash_070,abs_peg_dev_bps,826,8,RQI_DII_v1.0,frozen_confirmed_by_researcher,1,robustness_pilot_pending_multi_issuer_source_expansion,log_supply,-15.689172129075502,3.7165062839491374,-4.2214840848874555,2.6990330600717982e-05,0.09442503360088161,0.0866756145730162,estimated
absdev_rqi_dii__bank_cash_070__all_rows_with_variant,absdev_rqi_dii,all_rows_with_variant,bank_cash_070,abs_peg_dev_bps,826,8,RQI_DII_v1.0,frozen_confirmed_by_researcher,1,robustness_pilot_pending_multi_issuer_source_expansion,trend_years,4.423178667654417,1.1141462063611163,3.970016360869589,7.818887468680202e-05,0.09442503360088161,0.0866756145730162,estimated
tail50_rqi_dii_lpm__bank_cash_070__all_rows_with_variant,tail50_rqi_dii_lpm,all_rows_with_variant,bank_cash_070,tail_depeg_50bp_pct,826,8,RQI_DII_v1.0,frozen_confirmed_by_researcher,1,robustness_pilot_pending_multi_issuer_source_expansion,Intercept,266.9052374394919,161.68929896944388,1.650729140027577,0.09917774773498311,0.026911091391677466,0.018583924692095244,estimated
tail50_rqi_dii_lpm__bank_cash_070__all_rows_with_variant,tail50_rqi_dii_lpm,all_rows_with_variant,bank_cash_070,tail_depeg_50bp_pct,826,8,RQI_DII_v1.0,frozen_confirmed_by_researcher,1,robustness_pilot_pending_multi_issuer_source_expansion,rqi_bank_cash_070_10pp,-12.850962488220066,7.270515983555855,-1.7675447681135463,0.07750981432528237,0.026911091391677466,0.018583924692095244,estimated
tail50_rqi_dii_lpm__bank_cash_070__all_rows_with_variant,tail50_rqi_dii_lpm,all_rows_with_variant,bank_cash_070,tail_depeg_50bp_pct,826,8,RQI_DII_v1.0,frozen_confirmed_by_researcher,1,robustness_pilot_pending_multi_issuer_source_expansion,dii_10pp,0.9120552685532001,0.5684704491877596,1.6044022514386815,0.10901140729529857,0.026911091391677466,0.018583924692095244,estimated
tail50_rqi_dii_lpm__bank_cash_070__all_rows_with_variant,tail50_rqi_dii_lpm,all_rows_with_variant,bank_cash_070,tail_depeg_50bp_pct,826,8,RQI_DII_v1.0,frozen_confirmed_by_researcher,1,robustness_pilot_pending_multi_issuer_source_expansion,days_since_disclosure_30d,-0.05448221428318582,0.2694533833524395,-0.20219532449486521,0.839814303345694,0.026911091391677466,0.018583924692095244,estimated
tail50_rqi_dii_lpm__bank_cash_070__all_rows_with_variant,tail50_rqi_dii_lpm,all_rows_with_variant,bank_cash_070,tail_depeg_50bp_pct,826,8,RQI_DII_v1.0,frozen_confirmed_by_researcher,1,robustness_pilot_pending_multi_issuer_source_expansion,stale_disclosure_45d,-0.06415727118127153,0.8149743878862693,-0.07872305207979709,0.93727216251387,0.026911091391677466,0.018583924692095244,estimated
tail50_rqi_dii_lpm__bank_cash_070__all_rows_with_variant,tail50_rqi_dii_lpm,all_rows_with_variant,bank_cash_070,tail_depeg_50bp_pct,826,8,RQI_DII_v1.0,frozen_confirmed_by_researcher,1,robustness_pilot_pending_multi_issuer_source_expansion,market_stress_flag,6.937406941807281,6.368117261386703,1.0893968589228853,0.27629974410525704,0.026911091391677466,0.018583924692095244,estimated
tail50_rqi_dii_lpm__bank_cash_070__all_rows_with_variant,tail50_rqi_dii_lpm,all_rows_with_variant,bank_cash_070,tail_depeg_50bp_pct,826,8,RQI_DII_v1.0,frozen_confirmed_by_researcher,1,robustness_pilot_pending_multi_issuer_source_expansion,log_supply,-6.521628919520661,4.1321961466467005,-1.5782476649403485,0.11489533193299017,0.026911091391677466,0.018583924692095244,estimated
tail50_rqi_dii_lpm__bank_cash_070__all_rows_with_variant,tail50_rqi_dii_lpm,all_rows_with_variant,bank_cash_070,tail_depeg_50bp_pct,826,8,RQI_DII_v1.0,frozen_confirmed_by_researcher,1,robustness_pilot_pending_multi_issuer_source_expansion,trend_years,1.4457467069527716,0.6799091362193472,2.126382232472834,0.033770277880309285,0.026911091391677466,0.018583924692095244,estimated
absdev_stress_interaction__bank_cash_070__all_rows_with_variant,absdev_stress_interaction,all_rows_with_variant,bank_cash_070,abs_peg_dev_bps,826,10,RQI_DII_v1.0,frozen_confirmed_by_researcher,1,robustness_pilot_pending_multi_issuer_source_expansion,Intercept,347.42557425116127,119.33364180427094,2.91137996794737,0.003696384790437879,0.19437501867856377,0.1854894490316361,estimated
absdev_stress_interaction__bank_cash_070__all_rows_with_variant,absdev_stress_interaction,all_rows_with_variant,bank_cash_070,abs_peg_dev_bps,826,10,RQI_DII_v1.0,frozen_confirmed_by_researcher,1,robustness_pilot_pending_multi_issuer_source_expansion,rqi_bank_cash_070_10pp,-8.9121070749277,5.199320046313858,-1.7140908802577142,0.08689178626360317,0.19437501867856377,0.1854894490316361,estimated
absdev_stress_interaction__bank_cash_070__all_rows_with_variant,absdev_stress_interaction,all_rows_with_variant,bank_cash_070,abs_peg_dev_bps,826,10,RQI_DII_v1.0,frozen_confirmed_by_researcher,1,robustness_pilot_pending_multi_issuer_source_expansion,dii_10pp,2.4279522627812304,0.8842382275772456,2.745812369403729,0.006168959952614905,0.19437501867856377,0.1854894490316361,estimated
absdev_stress_interaction__bank_cash_070__all_rows_with_variant,absdev_stress_interaction,all_rows_with_variant,bank_cash_070,abs_peg_dev_bps,826,10,RQI_DII_v1.0,frozen_confirmed_by_researcher,1,robustness_pilot_pending_multi_issuer_source_expansion,market_stress_flag,-31674.78712961719,10926.388775970208,-2.898925507691779,0.0038448509030268863,0.19437501867856377,0.1854894490316361,estimated
absdev_stress_interaction__bank_cash_070__all_rows_with_variant,absdev_stress_interaction,all_rows_with_variant,bank_cash_070,abs_peg_dev_bps,826,10,RQI_DII_v1.0,frozen_confirmed_by_researcher,1,robustness_pilot_pending_multi_issuer_source_expansion,stress_x_bank_cash_070_10pp,251432.47268066296,86733.02113297199,2.8989244165170636,0.0038448641450585797,0.19437501867856377,0.1854894490316361,estimated
absdev_stress_interaction__bank_cash_070__all_rows_with_variant,absdev_stress_interaction,all_rows_with_variant,bank_cash_070,abs_peg_dev_bps,826,10,RQI_DII_v1.0,frozen_confirmed_by_researcher,1,robustness_pilot_pending_multi_issuer_source_expansion,stress_x_dii_10pp,-266067.0609540044,91781.36423368935,-2.898922490153416,0.003844887522689522,0.19437501867856377,0.1854894490316361,estimated
absdev_stress_interaction__bank_cash_070__all_rows_with_variant,absdev_stress_interaction,all_rows_with_variant,bank_cash_070,abs_peg_dev_bps,826,10,RQI_DII_v1.0,frozen_confirmed_by_researcher,1,robustness_pilot_pending_multi_issuer_source_expansion,days_since_disclosure_30d,-0.5173620215228355,0.42343134622376727,-1.2218321249401065,0.2221239634216683,0.19437501867856377,0.1854894490316361,estimated
absdev_stress_interaction__bank_cash_070__all_rows_with_variant,absdev_stress_interaction,all_rows_with_variant,bank_cash_070,abs_peg_dev_bps,826,10,RQI_DII_v1.0,frozen_confirmed_by_researcher,1,robustness_pilot_pending_multi_issuer_source_expansion,stale_disclosure_45d,0.14163210172152463,1.441932564516775,0.09822380408544891,0.9217787029986773,0.19437501867856377,0.1854894490316361,estimated
absdev_stress_interaction__bank_cash_070__all_rows_with_variant,absdev_stress_interaction,all_rows_with_variant,bank_cash_070,abs_peg_dev_bps,826,10,RQI_DII_v1.0,frozen_confirmed_by_researcher,1,robustness_pilot_pending_multi_issuer_source_expansion,log_supply,-11.78241411093039,3.276854981777443,-3.595647099567199,0.0003430291856172385,0.19437501867856377,0.1854894490316361,estimated
absdev_stress_interaction__bank_cash_070__all_rows_with_variant,absdev_stress_interaction,all_rows_with_variant,bank_cash_070,abs_peg_dev_bps,826,10,RQI_DII_v1.0,frozen_confirmed_by_researcher,1,robustness_pilot_pending_multi_issuer_source_expansion,trend_years,3.121717899376652,0.775725909768849,4.024253747443942,6.247182193375167e-05,0.19437501867856377,0.1854894490316361,estimated
absdev_rqi_dii__bank_cash_070__rqi_available,absdev_rqi_dii,rqi_available,bank_cash_070,abs_peg_dev_bps,826,8,RQI_DII_v1.0,frozen_confirmed_by_researcher,1,robustness_pilot_pending_multi_issuer_source_expansion,Intercept,501.2599145474963,140.14196546021807,3.576800945394107,0.00036825697818065883,0.09442503360088161,0.0866756145730162,estimated
absdev_rqi_dii__bank_cash_070__rqi_available,absdev_rqi_dii,rqi_available,bank_cash_070,abs_peg_dev_bps,826,8,RQI_DII_v1.0,frozen_confirmed_by_researcher,1,robustness_pilot_pending_multi_issuer_source_expansion,rqi_bank_cash_070_10pp,-15.743866550720174,6.312366815724803,-2.494130491830808,0.012822989325243617,0.09442503360088161,0.0866756145730162,estimated
absdev_rqi_dii__bank_cash_070__rqi_available,absdev_rqi_dii,rqi_available,bank_cash_070,abs_peg_dev_bps,826,8,RQI_DII_v1.0,frozen_confirmed_by_researcher,1,robustness_pilot_pending_multi_issuer_source_expansion,dii_10pp,2.613013327775266,0.8898408653742224,2.936495085192973,0.0034125324719820327,0.09442503360088161,0.0866756145730162,estimated
absdev_rqi_dii__bank_cash_070__rqi_available,absdev_rqi_dii,rqi_available,bank_cash_070,abs_peg_dev_bps,826,8,RQI_DII_v1.0,frozen_confirmed_by_researcher,1,robustness_pilot_pending_multi_issuer_source_expansion,days_since_disclosure_30d,-0.7652798758403608,0.49535342154811257,-1.5449169068998363,0.122753126916884,0.09442503360088161,0.0866756145730162,estimated
absdev_rqi_dii__bank_cash_070__rqi_available,absdev_rqi_dii,rqi_available,bank_cash_070,abs_peg_dev_bps,826,8,RQI_DII_v1.0,frozen_confirmed_by_researcher,1,robustness_pilot_pending_multi_issuer_source_expansion,stale_disclosure_45d,0.4359573449646056,1.4966632886872855,0.291286188590208,0.7709062944302867,0.09442503360088161,0.0866756145730162,estimated
absdev_rqi_dii__bank_cash_070__rqi_available,absdev_rqi_dii,rqi_available,bank_cash_070,abs_peg_dev_bps,826,8,RQI_DII_v1.0,frozen_confirmed_by_researcher,1,robustness_pilot_pending_multi_issuer_source_expansion,market_stress_flag,26.947214932563597,16.7181819419169,1.611850799697293,0.10738014883386549,0.09442503360088161,0.0866756145730162,estimated
absdev_rqi_dii__bank_cash_070__rqi_available,absdev_rqi_dii,rqi_available,bank_cash_070,abs_peg_dev_bps,826,8,RQI_DII_v1.0,frozen_confirmed_by_researcher,1,robustness_pilot_pending_multi_issuer_source_expansion,log_supply,-15.689172129075502,3.7165062839491374,-4.2214840848874555,2.6990330600717982e-05,0.09442503360088161,0.0866756145730162,estimated
absdev_rqi_dii__bank_cash_070__rqi_available,absdev_rqi_dii,rqi_available,bank_cash_070,abs_peg_dev_bps,826,8,RQI_DII_v1.0,frozen_confirmed_by_researcher,1,robustness_pilot_pending_multi_issuer_source_expansion,trend_years,4.423178667654417,1.1141462063611163,3.970016360869589,7.818887468680202e-05,0.09442503360088161,0.0866756145730162,estimated
tail50_rqi_dii_lpm__bank_cash_070__rqi_available,tail50_rqi_dii_lpm,rqi_available,bank_cash_070,tail_depeg_50bp_pct,826,8,RQI_DII_v1.0,frozen_confirmed_by_researcher,1,robustness_pilot_pending_multi_issuer_source_expansion,Intercept,266.9052374394919,161.68929896944388,1.650729140027577,0.09917774773498311,0.026911091391677466,0.018583924692095244,estimated
tail50_rqi_dii_lpm__bank_cash_070__rqi_available,tail50_rqi_dii_lpm,rqi_available,bank_cash_070,tail_depeg_50bp_pct,826,8,RQI_DII_v1.0,frozen_confirmed_by_researcher,1,robustness_pilot_pending_multi_issuer_source_expansion,rqi_bank_cash_070_10pp,-12.850962488220066,7.270515983555855,-1.7675447681135463,0.07750981432528237,0.026911091391677466,0.018583924692095244,estimated
tail50_rqi_dii_lpm__bank_cash_070__rqi_available,tail50_rqi_dii_lpm,rqi_available,bank_cash_070,tail_depeg_50bp_pct,826,8,RQI_DII_v1.0,frozen_confirmed_by_researcher,1,robustness_pilot_pending_multi_issuer_source_expansion,dii_10pp,0.9120552685532001,0.5684704491877596,1.6044022514386815,0.10901140729529857,0.026911091391677466,0.018583924692095244,estimated
tail50_rqi_dii_lpm__bank_cash_070__rqi_available,tail50_rqi_dii_lpm,rqi_available,bank_cash_070,tail_depeg_50bp_pct,826,8,RQI_DII_v1.0,frozen_confirmed_by_researcher,1,robustness_pilot_pending_multi_issuer_source_expansion,days_since_disclosure_30d,-0.05448221428318582,0.2694533833524395,-0.20219532449486521,0.839814303345694,0.026911091391677466,0.018583924692095244,estimated
tail50_rqi_dii_lpm__bank_cash_070__rqi_available,tail50_rqi_dii_lpm,rqi_available,bank_cash_070,tail_depeg_50bp_pct,826,8,RQI_DII_v1.0,frozen_confirmed_by_researcher,1,robustness_pilot_pending_multi_issuer_source_expansion,stale_disclosure_45d,-0.06415727118127153,0.8149743878862693,-0.07872305207979709,0.93727216251387,0.026911091391677466,0.018583924692095244,estimated
tail50_rqi_dii_lpm__bank_cash_070__rqi_available,tail50_rqi_dii_lpm,rqi_available,bank_cash_070,tail_depeg_50bp_pct,826,8,RQI_DII_v1.0,frozen_confirmed_by_researcher,1,robustness_pilot_pending_multi_issuer_source_expansion,market_stress_flag,6.937406941807281,6.368117261386703,1.0893968589228853,0.27629974410525704,0.026911091391677466,0.018583924692095244,estimated
tail50_rqi_dii_lpm__bank_cash_070__rqi_available,tail50_rqi_dii_lpm,rqi_available,bank_cash_070,tail_depeg_50bp_pct,826,8,RQI_DII_v1.0,frozen_confirmed_by_researcher,1,robustness_pilot_pending_multi_issuer_source_expansion,log_supply,-6.521628919520661,4.1321961466467005,-1.5782476649403485,0.11489533193299017,0.026911091391677466,0.018583924692095244,estimated
tail50_rqi_dii_lpm__bank_cash_070__rqi_available,tail50_rqi_dii_lpm,rqi_available,bank_cash_070,tail_depeg_50bp_pct,826,8,RQI_DII_v1.0,frozen_confirmed_by_researcher,1,robustness_pilot_pending_multi_issuer_source_expansion,trend_years,1.4457467069527716,0.6799091362193472,2.126382232472834,0.033770277880309285,0.026911091391677466,0.018583924692095244,estimated
absdev_stress_interaction__bank_cash_070__rqi_available,absdev_stress_interaction,rqi_available,bank_cash_070,abs_peg_dev_bps,826,10,RQI_DII_v1.0,frozen_confirmed_by_researcher,1,robustness_pilot_pending_multi_issuer_source_expansion,Intercept,347.42557425116127,119.33364180427094,2.91137996794737,0.003696384790437879,0.19437501867856377,0.1854894490316361,estimated
absdev_stress_interaction__bank_cash_070__rqi_available,absdev_stress_interaction,rqi_available,bank_cash_070,abs_peg_dev_bps,826,10,RQI_DII_v1.0,frozen_confirmed_by_researcher,1,robustness_pilot_pending_multi_issuer_source_expansion,rqi_bank_cash_070_10pp,-8.9121070749277,5.199320046313858,-1.7140908802577142,0.08689178626360317,0.19437501867856377,0.1854894490316361,estimated
absdev_stress_interaction__bank_cash_070__rqi_available,absdev_stress_interaction,rqi_available,bank_cash_070,abs_peg_dev_bps,826,10,RQI_DII_v1.0,frozen_confirmed_by_researcher,1,robustness_pilot_pending_multi_issuer_source_expansion,dii_10pp,2.4279522627812304,0.8842382275772456,2.745812369403729,0.006168959952614905,0.19437501867856377,0.1854894490316361,estimated
absdev_stress_interaction__bank_cash_070__rqi_available,absdev_stress_interaction,rqi_available,bank_cash_070,abs_peg_dev_bps,826,10,RQI_DII_v1.0,frozen_confirmed_by_researcher,1,robustness_pilot_pending_multi_issuer_source_expansion,market_stress_flag,-31674.78712961719,10926.388775970208,-2.898925507691779,0.0038448509030268863,0.19437501867856377,0.1854894490316361,estimated
absdev_stress_interaction__bank_cash_070__rqi_available,absdev_stress_interaction,rqi_available,bank_cash_070,abs_peg_dev_bps,826,10,RQI_DII_v1.0,frozen_confirmed_by_researcher,1,robustness_pilot_pending_multi_issuer_source_expansion,stress_x_bank_cash_070_10pp,251432.47268066296,86733.02113297199,2.8989244165170636,0.0038448641450585797,0.19437501867856377,0.1854894490316361,estimated
absdev_stress_interaction__bank_cash_070__rqi_available,absdev_stress_interaction,rqi_available,bank_cash_070,abs_peg_dev_bps,826,10,RQI_DII_v1.0,frozen_confirmed_by_researcher,1,robustness_pilot_pending_multi_issuer_source_expansion,stress_x_dii_10pp,-266067.0609540044,91781.36423368935,-2.898922490153416,0.003844887522689522,0.19437501867856377,0.1854894490316361,estimated
absdev_stress_interaction__bank_cash_070__rqi_available,absdev_stress_interaction,rqi_available,bank_cash_070,abs_peg_dev_bps,826,10,RQI_DII_v1.0,frozen_confirmed_by_researcher,1,robustness_pilot_pending_multi_issuer_source_expansion,days_since_disclosure_30d,-0.5173620215228355,0.42343134622376727,-1.2218321249401065,0.2221239634216683,0.19437501867856377,0.1854894490316361,estimated
absdev_stress_interaction__bank_cash_070__rqi_available,absdev_stress_interaction,rqi_available,bank_cash_070,abs_peg_dev_bps,826,10,RQI_DII_v1.0,frozen_confirmed_by_researcher,1,robustness_pilot_pending_multi_issuer_source_expansion,stale_disclosure_45d,0.14163210172152463,1.441932564516775,0.09822380408544891,0.9217787029986773,0.19437501867856377,0.1854894490316361,estimated
absdev_stress_interaction__bank_cash_070__rqi_available,absdev_stress_interaction,rqi_available,bank_cash_070,abs_peg_dev_bps,826,10,RQI_DII_v1.0,frozen_confirmed_by_researcher,1,robustness_pilot_pending_multi_issuer_source_expansion,log_supply,-11.78241411093039,3.276854981777443,-3.595647099567199,0.0003430291856172385,0.19437501867856377,0.1854894490316361,estimated
absdev_stress_interaction__bank_cash_070__rqi_available,absdev_stress_interaction,rqi_available,bank_cash_070,abs_peg_dev_bps,826,10,RQI_DII_v1.0,frozen_confirmed_by_researcher,1,robustness_pilot_pending_multi_issuer_source_expansion,trend_years,3.121717899376652,0.775725909768849,4.024253747443942,6.247182193375167e-05,0.19437501867856377,0.1854894490316361,estimated
absdev_rqi_dii__bank_cash_070__manual_review_free,absdev_rqi_dii,manual_review_free,bank_cash_070,abs_peg_dev_bps,190,6,RQI_DII_v1.0,frozen_confirmed_by_researcher,1,robustness_pilot_pending_multi_issuer_source_expansion,Intercept,-45.77827118739629,69.78445299609783,-0.6559952714676448,0.512646622864461,0.19296862728285058,0.1710384269372759,estimated
absdev_rqi_dii__bank_cash_070__manual_review_free,absdev_rqi_dii,manual_review_free,bank_cash_070,abs_peg_dev_bps,190,6,RQI_DII_v1.0,frozen_confirmed_by_researcher,1,robustness_pilot_pending_multi_issuer_source_expansion,rqi_bank_cash_070_10pp,-0.41041932630744593,1.1612242043074574,-0.35343676508380734,0.7241656418666791,0.19296862728285058,0.1710384269372759,estimated
absdev_rqi_dii__bank_cash_070__manual_review_free,absdev_rqi_dii,manual_review_free,bank_cash_070,abs_peg_dev_bps,190,6,RQI_DII_v1.0,frozen_confirmed_by_researcher,1,robustness_pilot_pending_multi_issuer_source_expansion,days_since_disclosure_30d,-0.4595936653923227,0.1994844344502118,-2.303907403397081,0.022345222505762763,0.19296862728285058,0.1710384269372759,estimated
absdev_rqi_dii__bank_cash_070__manual_review_free,absdev_rqi_dii,manual_review_free,bank_cash_070,abs_peg_dev_bps,190,6,RQI_DII_v1.0,frozen_confirmed_by_researcher,1,robustness_pilot_pending_multi_issuer_source_expansion,market_stress_flag,2.3817511585588584,0.9313507601320082,2.5573084390045193,0.011354975145567048,0.19296862728285058,0.1710384269372759,estimated
absdev_rqi_dii__bank_cash_070__manual_review_free,absdev_rqi_dii,manual_review_free,bank_cash_070,abs_peg_dev_bps,190,6,RQI_DII_v1.0,frozen_confirmed_by_researcher,1,robustness_pilot_pending_multi_issuer_source_expansion,log_supply,1.995592406883929,2.487065805655375,0.8023882610368098,0.42336354022969513,0.19296862728285058,0.1710384269372759,estimated
absdev_rqi_dii__bank_cash_070__manual_review_free,absdev_rqi_dii,manual_review_free,bank_cash_070,abs_peg_dev_bps,190,6,RQI_DII_v1.0,frozen_confirmed_by_researcher,1,robustness_pilot_pending_multi_issuer_source_expansion,trend_years,1.490018647548462,1.220281771034577,1.2210447479562012,0.22363138958879336,0.19296862728285058,0.1710384269372759,estimated
tail50_rqi_dii_lpm__bank_cash_070__manual_review_free,tail50_rqi_dii_lpm,manual_review_free,bank_cash_070,tail_depeg_50bp_pct,190,6,RQI_DII_v1.0,frozen_confirmed_by_researcher,1,robustness_pilot_pending_multi_issuer_source_expansion,Intercept,0.0,0.0,,,,,estimated
tail50_rqi_dii_lpm__bank_cash_070__manual_review_free,tail50_rqi_dii_lpm,manual_review_free,bank_cash_070,tail_depeg_50bp_pct,190,6,RQI_DII_v1.0,frozen_confirmed_by_researcher,1,robustness_pilot_pending_multi_issuer_source_expansion,rqi_bank_cash_070_10pp,0.0,0.0,,,,,estimated
tail50_rqi_dii_lpm__bank_cash_070__manual_review_free,tail50_rqi_dii_lpm,manual_review_free,bank_cash_070,tail_depeg_50bp_pct,190,6,RQI_DII_v1.0,frozen_confirmed_by_researcher,1,robustness_pilot_pending_multi_issuer_source_expansion,days_since_disclosure_30d,0.0,0.0,,,,,estimated
tail50_rqi_dii_lpm__bank_cash_070__manual_review_free,tail50_rqi_dii_lpm,manual_review_free,bank_cash_070,tail_depeg_50bp_pct,190,6,RQI_DII_v1.0,frozen_confirmed_by_researcher,1,robustness_pilot_pending_multi_issuer_source_expansion,market_stress_flag,0.0,0.0,,,,,estimated
tail50_rqi_dii_lpm__bank_cash_070__manual_review_free,tail50_rqi_dii_lpm,manual_review_free,bank_cash_070,tail_depeg_50bp_pct,190,6,RQI_DII_v1.0,frozen_confirmed_by_researcher,1,robustness_pilot_pending_multi_issuer_source_expansion,log_supply,0.0,0.0,,,,,estimated
tail50_rqi_dii_lpm__bank_cash_070__manual_review_free,tail50_rqi_dii_lpm,manual_review_free,bank_cash_070,tail_depeg_50bp_pct,190,6,RQI_DII_v1.0,frozen_confirmed_by_researcher,1,robustness_pilot_pending_multi_issuer_source_expansion,trend_years,0.0,0.0,,,,,estimated
absdev_stress_interaction__bank_cash_070__manual_review_free,absdev_stress_interaction,manual_review_free,bank_cash_070,abs_peg_dev_bps,190,8,RQI_DII_v1.0,frozen_confirmed_by_researcher,1,robustness_pilot_pending_multi_issuer_source_expansion,Intercept,-45.77827169630363,69.78445389147903,-0.655995270343347,0.5126556195849199,0.19296862728285047,0.16192895910142158,estimated
absdev_stress_interaction__bank_cash_070__manual_review_free,absdev_stress_interaction,manual_review_free,bank_cash_070,abs_peg_dev_bps,190,8,RQI_DII_v1.0,frozen_confirmed_by_researcher,1,robustness_pilot_pending_multi_issuer_source_expansion,rqi_bank_cash_070_10pp,-0.4104193190229436,1.1612242134779518,-0.3534367560195008,0.7241700915477685,0.19296862728285047,0.16192895910142158,estimated
absdev_stress_interaction__bank_cash_070__manual_review_free,absdev_stress_interaction,manual_review_free,bank_cash_070,abs_peg_dev_bps,190,8,RQI_DII_v1.0,frozen_confirmed_by_researcher,1,robustness_pilot_pending_multi_issuer_source_expansion,market_stress_flag,0.015584466877847359,0.006094090922662342,2.557307902954446,0.01136398442687403,0.19296862728285047,0.16192895910142158,estimated
absdev_stress_interaction__bank_cash_070__manual_review_free,absdev_stress_interaction,manual_review_free,bank_cash_070,abs_peg_dev_bps,190,8,RQI_DII_v1.0,frozen_confirmed_by_researcher,1,robustness_pilot_pending_multi_issuer_source_expansion,stress_x_bank_cash_070_10pp,0.1404924832893836,0.054937643933866104,2.557308126619124,0.011363977378491708,0.19296862728285047,0.16192895910142158,estimated
absdev_stress_interaction__bank_cash_070__manual_review_free,absdev_stress_interaction,manual_review_free,bank_cash_070,abs_peg_dev_bps,190,8,RQI_DII_v1.0,frozen_confirmed_by_researcher,1,robustness_pilot_pending_multi_issuer_source_expansion,stress_x_dii_10pp,0.1309095827677005,0.05119036951968743,2.5573088062463327,0.011363955961310568,0.19296862728285047,0.16192895910142158,estimated
absdev_stress_interaction__bank_cash_070__manual_review_free,absdev_stress_interaction,manual_review_free,bank_cash_070,abs_peg_dev_bps,190,8,RQI_DII_v1.0,frozen_confirmed_by_researcher,1,robustness_pilot_pending_multi_issuer_source_expansion,days_since_disclosure_30d,-0.4595936656840065,0.19948443448463046,-2.3039074044617576,0.022357596739455365,0.19296862728285047,0.16192895910142158,estimated
absdev_stress_interaction__bank_cash_070__manual_review_free,absdev_stress_interaction,manual_review_free,bank_cash_070,abs_peg_dev_bps,190,8,RQI_DII_v1.0,frozen_confirmed_by_researcher,1,robustness_pilot_pending_multi_issuer_source_expansion,log_supply,1.9955924246475805,2.4870658386660853,0.8023882575291605,0.4233749041546149,0.19296862728285047,0.16192895910142158,estimated
absdev_stress_interaction__bank_cash_070__manual_review_free,absdev_stress_interaction,manual_review_free,bank_cash_070,abs_peg_dev_bps,190,8,RQI_DII_v1.0,frozen_confirmed_by_researcher,1,robustness_pilot_pending_multi_issuer_source_expansion,trend_years,1.4900186565699904,1.2202817865247504,1.2210447398493307,0.2236485354875044,0.19296862728285047,0.16192895910142158,estimated
absdev_rqi_dii__bank_cash_070__non_stress_rows,absdev_rqi_dii,non_stress_rows,bank_cash_070,abs_peg_dev_bps,800,7,RQI_DII_v1.0,frozen_confirmed_by_researcher,1,robustness_pilot_pending_multi_issuer_source_expansion,Intercept,392.17242919031594,118.78985554495605,3.301396633502077,0.001005081004632924,0.0826407865169112,0.07569985930266343,estimated
absdev_rqi_dii__bank_cash_070__non_stress_rows,absdev_rqi_dii,non_stress_rows,bank_cash_070,abs_peg_dev_bps,800,7,RQI_DII_v1.0,frozen_confirmed_by_researcher,1,robustness_pilot_pending_multi_issuer_source_expansion,rqi_bank_cash_070_10pp,-10.459359601790561,5.251526224262833,-1.9916799717131302,0.046748771250048726,0.0826407865169112,0.07569985930266343,estimated
absdev_rqi_dii__bank_cash_070__non_stress_rows,absdev_rqi_dii,non_stress_rows,bank_cash_070,abs_peg_dev_bps,800,7,RQI_DII_v1.0,frozen_confirmed_by_researcher,1,robustness_pilot_pending_multi_issuer_source_expansion,dii_10pp,2.5526059862280226,0.8915401728429655,2.863141857184303,0.004305251993521386,0.0826407865169112,0.07569985930266343,estimated
absdev_rqi_dii__bank_cash_070__non_stress_rows,absdev_rqi_dii,non_stress_rows,bank_cash_070,abs_peg_dev_bps,800,7,RQI_DII_v1.0,frozen_confirmed_by_researcher,1,robustness_pilot_pending_multi_issuer_source_expansion,days_since_disclosure_30d,-0.4397545017427217,0.4185611384884051,-1.0506338532307478,0.2937468486164758,0.0826407865169112,0.07569985930266343,estimated
absdev_rqi_dii__bank_cash_070__non_stress_rows,absdev_rqi_dii,non_stress_rows,bank_cash_070,abs_peg_dev_bps,800,7,RQI_DII_v1.0,frozen_confirmed_by_researcher,1,robustness_pilot_pending_multi_issuer_source_expansion,stale_disclosure_45d,0.06939093995016155,1.4337766834657613,0.048397313717243616,0.9614117863017533,0.0826407865169112,0.07569985930266343,estimated
absdev_rqi_dii__bank_cash_070__non_stress_rows,absdev_rqi_dii,non_stress_rows,bank_cash_070,abs_peg_dev_bps,800,7,RQI_DII_v1.0,frozen_confirmed_by_researcher,1,robustness_pilot_pending_multi_issuer_source_expansion,log_supply,-13.093673663383925,3.227406575972589,-4.057026394153053,5.461674116569171e-05,0.0826407865169112,0.07569985930266343,estimated
absdev_rqi_dii__bank_cash_070__non_stress_rows,absdev_rqi_dii,non_stress_rows,bank_cash_070,abs_peg_dev_bps,800,7,RQI_DII_v1.0,frozen_confirmed_by_researcher,1,robustness_pilot_pending_multi_issuer_source_expansion,trend_years,3.1997579306870985,0.7701392415042663,4.154778458551476,3.609836254336862e-05,0.0826407865169112,0.07569985930266343,estimated
tail50_rqi_dii_lpm__bank_cash_070__non_stress_rows,tail50_rqi_dii_lpm,non_stress_rows,bank_cash_070,tail_depeg_50bp_pct,800,7,RQI_DII_v1.0,frozen_confirmed_by_researcher,1,robustness_pilot_pending_multi_issuer_source_expansion,Intercept,251.91850829406172,165.2019980780509,1.5249119939520401,0.1276797475637026,0.01347708983754714,0.006012855964943387,estimated
tail50_rqi_dii_lpm__bank_cash_070__non_stress_rows,tail50_rqi_dii_lpm,non_stress_rows,bank_cash_070,tail_depeg_50bp_pct,800,7,RQI_DII_v1.0,frozen_confirmed_by_researcher,1,robustness_pilot_pending_multi_issuer_source_expansion,rqi_bank_cash_070_10pp,-11.891532410856335,7.39428647145187,-1.6082055323076265,0.10818820158809994,0.01347708983754714,0.006012855964943387,estimated
tail50_rqi_dii_lpm__bank_cash_070__non_stress_rows,tail50_rqi_dii_lpm,non_stress_rows,bank_cash_070,tail_depeg_50bp_pct,800,7,RQI_DII_v1.0,frozen_confirmed_by_researcher,1,robustness_pilot_pending_multi_issuer_source_expansion,dii_10pp,0.9419946232131431,0.5768170074351023,1.6330909301753327,0.1028468279076058,0.01347708983754714,0.006012855964943387,estimated
tail50_rqi_dii_lpm__bank_cash_070__non_stress_rows,tail50_rqi_dii_lpm,non_stress_rows,bank_cash_070,tail_depeg_50bp_pct,800,7,RQI_DII_v1.0,frozen_confirmed_by_researcher,1,robustness_pilot_pending_multi_issuer_source_expansion,days_since_disclosure_30d,0.06293070125806104,0.25548996427690757,0.24631378941309368,0.8055030789402873,0.01347708983754714,0.006012855964943387,estimated
tail50_rqi_dii_lpm__bank_cash_070__non_stress_rows,tail50_rqi_dii_lpm,non_stress_rows,bank_cash_070,tail_depeg_50bp_pct,800,7,RQI_DII_v1.0,frozen_confirmed_by_researcher,1,robustness_pilot_pending_multi_issuer_source_expansion,stale_disclosure_45d,-0.18154479078711067,0.8078068400641454,-0.22473787269824896,0.8222410953288215,0.01347708983754714,0.006012855964943387,estimated
tail50_rqi_dii_lpm__bank_cash_070__non_stress_rows,tail50_rqi_dii_lpm,non_stress_rows,bank_cash_070,tail_depeg_50bp_pct,800,7,RQI_DII_v1.0,frozen_confirmed_by_researcher,1,robustness_pilot_pending_multi_issuer_source_expansion,log_supply,-6.257944913711601,4.2308843597302515,-1.4791103659733655,0.13950793085197066,0.01347708983754714,0.006012855964943387,estimated
tail50_rqi_dii_lpm__bank_cash_070__non_stress_rows,tail50_rqi_dii_lpm,non_stress_rows,bank_cash_070,tail_depeg_50bp_pct,800,7,RQI_DII_v1.0,frozen_confirmed_by_researcher,1,robustness_pilot_pending_multi_issuer_source_expansion,trend_years,1.1188352245607356,0.6185797859441569,1.8087161106517955,0.07087375548608521,0.01347708983754714,0.006012855964943387,estimated
absdev_stress_interaction__bank_cash_070__non_stress_rows,absdev_stress_interaction,non_stress_rows,bank_cash_070,abs_peg_dev_bps,800,7,RQI_DII_v1.0,frozen_confirmed_by_researcher,1,robustness_pilot_pending_multi_issuer_source_expansion,Intercept,392.17242919031594,118.78985554495605,3.301396633502077,0.001005081004632924,0.0826407865169112,0.07569985930266343,estimated
absdev_stress_interaction__bank_cash_070__non_stress_rows,absdev_stress_interaction,non_stress_rows,bank_cash_070,abs_peg_dev_bps,800,7,RQI_DII_v1.0,frozen_confirmed_by_researcher,1,robustness_pilot_pending_multi_issuer_source_expansion,rqi_bank_cash_070_10pp,-10.459359601790561,5.251526224262833,-1.9916799717131302,0.046748771250048726,0.0826407865169112,0.07569985930266343,estimated
absdev_stress_interaction__bank_cash_070__non_stress_rows,absdev_stress_interaction,non_stress_rows,bank_cash_070,abs_peg_dev_bps,800,7,RQI_DII_v1.0,frozen_confirmed_by_researcher,1,robustness_pilot_pending_multi_issuer_source_expansion,dii_10pp,2.5526059862280226,0.8915401728429655,2.863141857184303,0.004305251993521386,0.0826407865169112,0.07569985930266343,estimated
absdev_stress_interaction__bank_cash_070__non_stress_rows,absdev_stress_interaction,non_stress_rows,bank_cash_070,abs_peg_dev_bps,800,7,RQI_DII_v1.0,frozen_confirmed_by_researcher,1,robustness_pilot_pending_multi_issuer_source_expansion,days_since_disclosure_30d,-0.4397545017427217,0.4185611384884051,-1.0506338532307478,0.2937468486164758,0.0826407865169112,0.07569985930266343,estimated
absdev_stress_interaction__bank_cash_070__non_stress_rows,absdev_stress_interaction,non_stress_rows,bank_cash_070,abs_peg_dev_bps,800,7,RQI_DII_v1.0,frozen_confirmed_by_researcher,1,robustness_pilot_pending_multi_issuer_source_expansion,stale_disclosure_45d,0.06939093995016155,1.4337766834657613,0.048397313717243616,0.9614117863017533,0.0826407865169112,0.07569985930266343,estimated
absdev_stress_interaction__bank_cash_070__non_stress_rows,absdev_stress_interaction,non_stress_rows,bank_cash_070,abs_peg_dev_bps,800,7,RQI_DII_v1.0,frozen_confirmed_by_researcher,1,robustness_pilot_pending_multi_issuer_source_expansion,log_supply,-13.093673663383925,3.227406575972589,-4.057026394153053,5.461674116569171e-05,0.0826407865169112,0.07569985930266343,estimated
absdev_stress_interaction__bank_cash_070__non_stress_rows,absdev_stress_interaction,non_stress_rows,bank_cash_070,abs_peg_dev_bps,800,7,RQI_DII_v1.0,frozen_confirmed_by_researcher,1,robustness_pilot_pending_multi_issuer_source_expansion,trend_years,3.1997579306870985,0.7701392415042663,4.154778458551476,3.609836254336862e-05,0.0826407865169112,0.07569985930266343,estimated
absdev_rqi_dii__bank_cash_070__stress_rows_diagnostic,absdev_rqi_dii,stress_rows_diagnostic,bank_cash_070,abs_peg_dev_bps,26,5,RQI_DII_v1.0,frozen_confirmed_by_researcher,1,robustness_pilot_pending_multi_issuer_source_expansion,Intercept,-78.83426632131551,57.46269870878305,-1.3719207084380438,0.18456774927784414,0.20156478536207234,0.04948188733580039,estimated
absdev_rqi_dii__bank_cash_070__stress_rows_diagnostic,absdev_rqi_dii,stress_rows_diagnostic,bank_cash_070,abs_peg_dev_bps,26,5,RQI_DII_v1.0,frozen_confirmed_by_researcher,1,robustness_pilot_pending_multi_issuer_source_expansion,rqi_bank_cash_070_10pp,-710.4822958846961,517.9423561448798,-1.3717400931889778,0.1846231507984708,0.20156478536207234,0.04948188733580039,estimated
absdev_rqi_dii__bank_cash_070__stress_rows_diagnostic,absdev_rqi_dii,stress_rows_diagnostic,bank_cash_070,abs_peg_dev_bps,26,5,RQI_DII_v1.0,frozen_confirmed_by_researcher,1,robustness_pilot_pending_multi_issuer_source_expansion,days_since_disclosure_30d,-65.18696773808016,32.48136125092529,-2.0069038127588694,0.05780514387042768,0.20156478536207234,0.04948188733580039,estimated
absdev_rqi_dii__bank_cash_070__stress_rows_diagnostic,absdev_rqi_dii,stress_rows_diagnostic,bank_cash_070,abs_peg_dev_bps,26,5,RQI_DII_v1.0,frozen_confirmed_by_researcher,1,robustness_pilot_pending_multi_issuer_source_expansion,log_supply,258.4761612422958,191.39243586235352,1.3505035351981614,0.19122967217151698,0.20156478536207234,0.04948188733580039,estimated
absdev_rqi_dii__bank_cash_070__stress_rows_diagnostic,absdev_rqi_dii,stress_rows_diagnostic,bank_cash_070,abs_peg_dev_bps,26,5,RQI_DII_v1.0,frozen_confirmed_by_researcher,1,robustness_pilot_pending_multi_issuer_source_expansion,trend_years,229.90856297935724,72.29175187277839,3.180287612672031,0.004504785954474677,0.20156478536207234,0.04948188733580039,estimated
tail50_rqi_dii_lpm__bank_cash_070__stress_rows_diagnostic,tail50_rqi_dii_lpm,stress_rows_diagnostic,bank_cash_070,tail_depeg_50bp_pct,26,5,RQI_DII_v1.0,frozen_confirmed_by_researcher,1,robustness_pilot_pending_multi_issuer_source_expansion,Intercept,-54.5326182164938,29.00716571486726,-1.8799705821842425,0.07405767397290841,0.23334970379196218,0.08732107594281213,estimated
tail50_rqi_dii_lpm__bank_cash_070__stress_rows_diagnostic,tail50_rqi_dii_lpm,stress_rows_diagnostic,bank_cash_070,tail_depeg_50bp_pct,26,5,RQI_DII_v1.0,frozen_confirmed_by_researcher,1,robustness_pilot_pending_multi_issuer_source_expansion,rqi_bank_cash_070_10pp,-491.51115645843674,261.4577281328385,-1.8798876589668647,0.07406948757283893,0.23334970379196218,0.08732107594281213,estimated
tail50_rqi_dii_lpm__bank_cash_070__stress_rows_diagnostic,tail50_rqi_dii_lpm,stress_rows_diagnostic,bank_cash_070,tail_depeg_50bp_pct,26,5,RQI_DII_v1.0,frozen_confirmed_by_researcher,1,robustness_pilot_pending_multi_issuer_source_expansion,days_since_disclosure_30d,-31.30930275149226,13.6978576403467,-2.285707997086456,0.0327673489826843,0.23334970379196218,0.08732107594281213,estimated
tail50_rqi_dii_lpm__bank_cash_070__stress_rows_diagnostic,tail50_rqi_dii_lpm,stress_rows_diagnostic,bank_cash_070,tail_depeg_50bp_pct,26,5,RQI_DII_v1.0,frozen_confirmed_by_researcher,1,robustness_pilot_pending_multi_issuer_source_expansion,log_supply,180.64979455458317,96.60381039242245,1.8700069264426575,0.075489012237695,0.23334970379196218,0.08732107594281213,estimated
tail50_rqi_dii_lpm__bank_cash_070__stress_rows_diagnostic,tail50_rqi_dii_lpm,stress_rows_diagnostic,bank_cash_070,tail_depeg_50bp_pct,26,5,RQI_DII_v1.0,frozen_confirmed_by_researcher,1,robustness_pilot_pending_multi_issuer_source_expansion,trend_years,94.77519152254837,35.57629071395629,2.663998680597942,0.014521670135810183,0.23334970379196218,0.08732107594281213,estimated
absdev_stress_interaction__bank_cash_070__stress_rows_diagnostic,absdev_stress_interaction,stress_rows_diagnostic,bank_cash_070,abs_peg_dev_bps,26,6,RQI_DII_v1.0,frozen_confirmed_by_researcher,1,robustness_pilot_pending_multi_issuer_source_expansion,Intercept,-39.66690001092492,28.909646652141642,-1.372099095095179,0.18522771339282795,0.20156478536206968,0.0019559817025870396,estimated
absdev_stress_interaction__bank_cash_070__stress_rows_diagnostic,absdev_stress_interaction,stress_rows_diagnostic,bank_cash_070,abs_peg_dev_bps,26,6,RQI_DII_v1.0,frozen_confirmed_by_researcher,1,robustness_pilot_pending_multi_issuer_source_expansion,rqi_bank_cash_070_10pp,-357.413646953088,260.5549322251272,-1.3717400929653945,0.1853377349855576,0.20156478536206968,0.0019559817025870396,estimated
absdev_stress_interaction__bank_cash_070__stress_rows_diagnostic,absdev_stress_interaction,stress_rows_diagnostic,bank_cash_070,abs_peg_dev_bps,26,6,RQI_DII_v1.0,frozen_confirmed_by_researcher,1,robustness_pilot_pending_multi_issuer_source_expansion,stress_x_bank_cash_070_10pp,-357.4136469530473,260.55493222642787,-1.3717400929583905,0.18533773498770478,0.20156478536206968,0.0019559817025870396,estimated
absdev_stress_interaction__bank_cash_070__stress_rows_diagnostic,absdev_stress_interaction,stress_rows_diagnostic,bank_cash_070,abs_peg_dev_bps,26,6,RQI_DII_v1.0,frozen_confirmed_by_researcher,1,robustness_pilot_pending_multi_issuer_source_expansion,days_since_disclosure_30d,-65.18720737446222,32.48151692613144,-2.0069015718295775,0.05846857539798478,0.20156478536206968,0.0019559817025870396,estimated
absdev_stress_interaction__bank_cash_070__stress_rows_diagnostic,absdev_stress_interaction,stress_rows_diagnostic,bank_cash_070,abs_peg_dev_bps,26,6,RQI_DII_v1.0,frozen_confirmed_by_researcher,1,robustness_pilot_pending_multi_issuer_source_expansion,log_supply,258.4761612308323,191.3924358801101,1.3505035350129722,0.1919389894008512,0.20156478536206968,0.0019559817025870396,estimated
absdev_stress_interaction__bank_cash_070__stress_rows_diagnostic,absdev_stress_interaction,stress_rows_diagnostic,bank_cash_070,abs_peg_dev_bps,26,6,RQI_DII_v1.0,frozen_confirmed_by_researcher,1,robustness_pilot_pending_multi_issuer_source_expansion,trend_years,229.91148054089064,72.2937394986664,3.180240531687143,0.004703496057852918,0.20156478536206968,0.0019559817025870396,estimated
absdev_rqi_dii__bank_cash_070__exclude_100bp_tail_days,absdev_rqi_dii,exclude_100bp_tail_days,bank_cash_070,abs_peg_dev_bps,825,8,RQI_DII_v1.0,frozen_confirmed_by_researcher,1,robustness_pilot_pending_multi_issuer_source_expansion,Intercept,469.17824235344654,139.22469844911978,3.3699354179237786,0.000787117097779122,0.11120077172644238,0.10358560085996149,estimated
absdev_rqi_dii__bank_cash_070__exclude_100bp_tail_days,absdev_rqi_dii,exclude_100bp_tail_days,bank_cash_070,abs_peg_dev_bps,825,8,RQI_DII_v1.0,frozen_confirmed_by_researcher,1,robustness_pilot_pending_multi_issuer_source_expansion,rqi_bank_cash_070_10pp,-13.760501839399804,6.111084220072988,-2.251728391207715,0.02460432146933944,0.11120077172644238,0.10358560085996149,estimated
absdev_rqi_dii__bank_cash_070__exclude_100bp_tail_days,absdev_rqi_dii,exclude_100bp_tail_days,bank_cash_070,abs_peg_dev_bps,825,8,RQI_DII_v1.0,frozen_confirmed_by_researcher,1,robustness_pilot_pending_multi_issuer_source_expansion,dii_10pp,2.6644249505794155,0.906233231851887,2.940109518092451,0.0033735058476656032,0.11120077172644238,0.10358560085996149,estimated
absdev_rqi_dii__bank_cash_070__exclude_100bp_tail_days,absdev_rqi_dii,exclude_100bp_tail_days,bank_cash_070,abs_peg_dev_bps,825,8,RQI_DII_v1.0,frozen_confirmed_by_researcher,1,robustness_pilot_pending_multi_issuer_source_expansion,days_since_disclosure_30d,-0.5242610141591141,0.4228516421332723,-1.2398225805964354,0.2153970101623921,0.11120077172644238,0.10358560085996149,estimated
absdev_rqi_dii__bank_cash_070__exclude_100bp_tail_days,absdev_rqi_dii,exclude_100bp_tail_days,bank_cash_070,abs_peg_dev_bps,825,8,RQI_DII_v1.0,frozen_confirmed_by_researcher,1,robustness_pilot_pending_multi_issuer_source_expansion,stale_disclosure_45d,0.17610428399007325,1.4395691152730128,0.12233124628870302,0.9026667704563218,0.11120077172644238,0.10358560085996149,estimated
absdev_rqi_dii__bank_cash_070__exclude_100bp_tail_days,absdev_rqi_dii,exclude_100bp_tail_days,bank_cash_070,abs_peg_dev_bps,825,8,RQI_DII_v1.0,frozen_confirmed_by_researcher,1,robustness_pilot_pending_multi_issuer_source_expansion,market_stress_flag,12.374153673706768,6.4025969066297295,1.932677295503898,0.053621293784788415,0.11120077172644238,0.10358560085996149,estimated
absdev_rqi_dii__bank_cash_070__exclude_100bp_tail_days,absdev_rqi_dii,exclude_100bp_tail_days,bank_cash_070,abs_peg_dev_bps,825,8,RQI_DII_v1.0,frozen_confirmed_by_researcher,1,robustness_pilot_pending_multi_issuer_source_expansion,log_supply,-15.0964878228658,3.7428872064722425,-4.033380379927235,6.013258380721531e-05,0.11120077172644238,0.10358560085996149,estimated
absdev_rqi_dii__bank_cash_070__exclude_100bp_tail_days,absdev_rqi_dii,exclude_100bp_tail_days,bank_cash_070,abs_peg_dev_bps,825,8,RQI_DII_v1.0,frozen_confirmed_by_researcher,1,robustness_pilot_pending_multi_issuer_source_expansion,trend_years,3.770245661762958,0.8567448973768669,4.400663106726965,1.222260372268913e-05,0.11120077172644238,0.10358560085996149,estimated
tail50_rqi_dii_lpm__bank_cash_070__exclude_100bp_tail_days,tail50_rqi_dii_lpm,exclude_100bp_tail_days,bank_cash_070,tail_depeg_50bp_pct,825,8,RQI_DII_v1.0,frozen_confirmed_by_researcher,1,robustness_pilot_pending_multi_issuer_source_expansion,Intercept,258.6957818103243,161.6448240670501,1.6003963214004153,0.10989727769704682,0.016040561783734364,0.0076100647610736205,estimated
tail50_rqi_dii_lpm__bank_cash_070__exclude_100bp_tail_days,tail50_rqi_dii_lpm,exclude_100bp_tail_days,bank_cash_070,tail_depeg_50bp_pct,825,8,RQI_DII_v1.0,frozen_confirmed_by_researcher,1,robustness_pilot_pending_multi_issuer_source_expansion,rqi_bank_cash_070_10pp,-12.343434557114518,7.256545462815315,-1.701006990222266,0.08932219415142106,0.016040561783734364,0.0076100647610736205,estimated
tail50_rqi_dii_lpm__bank_cash_070__exclude_100bp_tail_days,tail50_rqi_dii_lpm,exclude_100bp_tail_days,bank_cash_070,tail_depeg_50bp_pct,825,8,RQI_DII_v1.0,frozen_confirmed_by_researcher,1,robustness_pilot_pending_multi_issuer_source_expansion,dii_10pp,0.9252111117373797,0.5699095268949205,1.6234350683314152,0.10488217891792773,0.016040561783734364,0.0076100647610736205,estimated
tail50_rqi_dii_lpm__bank_cash_070__exclude_100bp_tail_days,tail50_rqi_dii_lpm,exclude_100bp_tail_days,bank_cash_070,tail_depeg_50bp_pct,825,8,RQI_DII_v1.0,frozen_confirmed_by_researcher,1,robustness_pilot_pending_multi_issuer_source_expansion,days_since_disclosure_30d,0.007192678472921876,0.25819981176482243,0.027857024463957485,0.9777829875456883,0.016040561783734364,0.0076100647610736205,estimated
tail50_rqi_dii_lpm__bank_cash_070__exclude_100bp_tail_days,tail50_rqi_dii_lpm,exclude_100bp_tail_days,bank_cash_070,tail_depeg_50bp_pct,825,8,RQI_DII_v1.0,frozen_confirmed_by_researcher,1,robustness_pilot_pending_multi_issuer_source_expansion,stale_disclosure_45d,-0.1306516918656171,0.8089785644269819,-0.16150204419589373,0.8717379303142634,0.016040561783734364,0.0076100647610736205,estimated
tail50_rqi_dii_lpm__bank_cash_070__exclude_100bp_tail_days,tail50_rqi_dii_lpm,exclude_100bp_tail_days,bank_cash_070,tail_depeg_50bp_pct,825,8,RQI_DII_v1.0,frozen_confirmed_by_researcher,1,robustness_pilot_pending_multi_issuer_source_expansion,market_stress_flag,3.2082714554918623,3.5036058545791287,0.915705586945155,0.3600915275828207,0.016040561783734364,0.0076100647610736205,estimated
tail50_rqi_dii_lpm__bank_cash_070__exclude_100bp_tail_days,tail50_rqi_dii_lpm,exclude_100bp_tail_days,bank_cash_070,tail_depeg_50bp_pct,825,8,RQI_DII_v1.0,frozen_confirmed_by_researcher,1,robustness_pilot_pending_multi_issuer_source_expansion,log_supply,-6.369965519945642,4.133757435694115,-1.5409625792124004,0.12371310178947503,0.016040561783734364,0.0076100647610736205,estimated
tail50_rqi_dii_lpm__bank_cash_070__exclude_100bp_tail_days,tail50_rqi_dii_lpm,exclude_100bp_tail_days,bank_cash_070,tail_depeg_50bp_pct,825,8,RQI_DII_v1.0,frozen_confirmed_by_researcher,1,robustness_pilot_pending_multi_issuer_source_expansion,trend_years,1.2786661195872546,0.631152100367993,2.025923891945743,0.04309711531988247,0.016040561783734364,0.0076100647610736205,estimated
absdev_stress_interaction__bank_cash_070__exclude_100bp_tail_days,absdev_stress_interaction,exclude_100bp_tail_days,bank_cash_070,abs_peg_dev_bps,825,10,RQI_DII_v1.0,frozen_confirmed_by_researcher,1,robustness_pilot_pending_multi_issuer_source_expansion,Intercept,401.85356026437745,120.00476489178642,3.3486467027100675,0.0008493477556017481,0.16863032267029698,0.15944955322739218,estimated
absdev_stress_interaction__bank_cash_070__exclude_100bp_tail_days,absdev_stress_interaction,exclude_100bp_tail_days,bank_cash_070,abs_peg_dev_bps,825,10,RQI_DII_v1.0,frozen_confirmed_by_researcher,1,robustness_pilot_pending_multi_issuer_source_expansion,rqi_bank_cash_070_10pp,-10.79407741431648,5.307697675251174,-2.03366470261622,0.042308880003597116,0.16863032267029698,0.15944955322739218,estimated
absdev_stress_interaction__bank_cash_070__exclude_100bp_tail_days,absdev_stress_interaction,exclude_100bp_tail_days,bank_cash_070,abs_peg_dev_bps,825,10,RQI_DII_v1.0,frozen_confirmed_by_researcher,1,robustness_pilot_pending_multi_issuer_source_expansion,dii_10pp,2.5796550944467476,0.8950802876841202,2.882037656220986,0.00405496563497687,0.16863032267029698,0.15944955322739218,estimated
absdev_stress_interaction__bank_cash_070__exclude_100bp_tail_days,absdev_stress_interaction,exclude_100bp_tail_days,bank_cash_070,abs_peg_dev_bps,825,10,RQI_DII_v1.0,frozen_confirmed_by_researcher,1,robustness_pilot_pending_multi_issuer_source_expansion,market_stress_flag,-14139.535337649217,1873.4059370942225,-7.5475021497906525,1.1879386363489175e-13,0.16863032267029698,0.15944955322739218,estimated
absdev_stress_interaction__bank_cash_070__exclude_100bp_tail_days,absdev_stress_interaction,exclude_100bp_tail_days,bank_cash_070,abs_peg_dev_bps,825,10,RQI_DII_v1.0,frozen_confirmed_by_researcher,1,robustness_pilot_pending_multi_issuer_source_expansion,stress_x_bank_cash_070_10pp,112239.48907312073,14871.01925276956,7.547531690016297,1.1879386363489175e-13,0.16863032267029698,0.15944955322739218,estimated
absdev_stress_interaction__bank_cash_070__exclude_100bp_tail_days,absdev_stress_interaction,exclude_100bp_tail_days,bank_cash_070,abs_peg_dev_bps,825,10,RQI_DII_v1.0,frozen_confirmed_by_researcher,1,robustness_pilot_pending_multi_issuer_source_expansion,stress_x_dii_10pp,-118772.26848101421,15736.635621036186,-7.54750070734583,1.1879386363489175e-13,0.16863032267029698,0.15944955322739218,estimated
absdev_stress_interaction__bank_cash_070__exclude_100bp_tail_days,absdev_stress_interaction,exclude_100bp_tail_days,bank_cash_070,abs_peg_dev_bps,825,10,RQI_DII_v1.0,frozen_confirmed_by_researcher,1,robustness_pilot_pending_multi_issuer_source_expansion,days_since_disclosure_30d,-0.4237099011929873,0.41827372391255496,-1.0129966980224865,0.3113623748346037,0.16863032267029698,0.15944955322739218,estimated
absdev_stress_interaction__bank_cash_070__exclude_100bp_tail_days,absdev_stress_interaction,exclude_100bp_tail_days,bank_cash_070,abs_peg_dev_bps,825,10,RQI_DII_v1.0,frozen_confirmed_by_researcher,1,robustness_pilot_pending_multi_issuer_source_expansion,stale_disclosure_45d,0.05562768676109324,1.4317330352396,0.03885339332956298,0.9690167902907447,0.16863032267029698,0.15944955322739218,estimated
absdev_stress_interaction__bank_cash_070__exclude_100bp_tail_days,absdev_stress_interaction,exclude_100bp_tail_days,bank_cash_070,abs_peg_dev_bps,825,10,RQI_DII_v1.0,frozen_confirmed_by_researcher,1,robustness_pilot_pending_multi_issuer_source_expansion,log_supply,-13.377395114427129,3.2570050310678775,-4.107268790444905,4.4077073098724995e-05,0.16863032267029698,0.15944955322739218,estimated
absdev_stress_interaction__bank_cash_070__exclude_100bp_tail_days,absdev_stress_interaction,exclude_100bp_tail_days,bank_cash_070,abs_peg_dev_bps,825,10,RQI_DII_v1.0,frozen_confirmed_by_researcher,1,robustness_pilot_pending_multi_issuer_source_expansion,trend_years,3.2166875423999164,0.770583300215781,4.1743540789155045,3.3098967390010614e-05,0.16863032267029698,0.15944955322739218,estimated
absdev_rqi_dii__bank_cash_090__all_rows_with_variant,absdev_rqi_dii,all_rows_with_variant,bank_cash_090,abs_peg_dev_bps,826,8,RQI_DII_v1.0,frozen_confirmed_by_researcher,1,robustness_pilot_pending_multi_issuer_source_expansion,Intercept,483.15455140227647,245.8595720108198,1.9651646972728554,0.04973319892078365,0.08958707642222985,0.08179625678281122,estimated
absdev_rqi_dii__bank_cash_090__all_rows_with_variant,absdev_rqi_dii,all_rows_with_variant,bank_cash_090,abs_peg_dev_bps,826,8,RQI_DII_v1.0,frozen_confirmed_by_researcher,1,robustness_pilot_pending_multi_issuer_source_expansion,rqi_bank_cash_090_10pp,-23.716227058490894,18.466167161376067,-1.284306962632499,0.19939818304223378,0.08958707642222985,0.08179625678281122,estimated
absdev_rqi_dii__bank_cash_090__all_rows_with_variant,absdev_rqi_dii,all_rows_with_variant,bank_cash_090,abs_peg_dev_bps,826,8,RQI_DII_v1.0,frozen_confirmed_by_researcher,1,robustness_pilot_pending_multi_issuer_source_expansion,dii_10pp,2.4605751094486426,0.9138156808764563,2.6926383087327443,0.007233909015576856,0.08958707642222985,0.08179625678281122,estimated
absdev_rqi_dii__bank_cash_090__all_rows_with_variant,absdev_rqi_dii,all_rows_with_variant,bank_cash_090,abs_peg_dev_bps,826,8,RQI_DII_v1.0,frozen_confirmed_by_researcher,1,robustness_pilot_pending_multi_issuer_source_expansion,days_since_disclosure_30d,-0.6669392372619787,0.5043453288526544,-1.3223860698367378,0.18640923958479738,0.08958707642222985,0.08179625678281122,estimated
absdev_rqi_dii__bank_cash_090__all_rows_with_variant,absdev_rqi_dii,all_rows_with_variant,bank_cash_090,abs_peg_dev_bps,826,8,RQI_DII_v1.0,frozen_confirmed_by_researcher,1,robustness_pilot_pending_multi_issuer_source_expansion,stale_disclosure_45d,0.16989094456272352,1.4707507971981835,0.11551307324556272,0.9080668086858554,0.08958707642222985,0.08179625678281122,estimated
absdev_rqi_dii__bank_cash_090__all_rows_with_variant,absdev_rqi_dii,all_rows_with_variant,bank_cash_090,abs_peg_dev_bps,826,8,RQI_DII_v1.0,frozen_confirmed_by_researcher,1,robustness_pilot_pending_multi_issuer_source_expansion,market_stress_flag,26.87528581384461,16.91764404225366,1.5885950636341948,0.11253825943233675,0.08958707642222985,0.08179625678281122,estimated
absdev_rqi_dii__bank_cash_090__all_rows_with_variant,absdev_rqi_dii,all_rows_with_variant,bank_cash_090,abs_peg_dev_bps,826,8,RQI_DII_v1.0,frozen_confirmed_by_researcher,1,robustness_pilot_pending_multi_issuer_source_expansion,log_supply,-11.539560472319643,3.3213506205065007,-3.474357811268922,0.000539002941864597,0.08958707642222985,0.08179625678281122,estimated
absdev_rqi_dii__bank_cash_090__all_rows_with_variant,absdev_rqi_dii,all_rows_with_variant,bank_cash_090,abs_peg_dev_bps,826,8,RQI_DII_v1.0,frozen_confirmed_by_researcher,1,robustness_pilot_pending_multi_issuer_source_expansion,trend_years,3.747786104987429,0.9603016709596713,3.902717467149779,0.00010294405598121337,0.08958707642222985,0.08179625678281122,estimated
tail50_rqi_dii_lpm__bank_cash_090__all_rows_with_variant,tail50_rqi_dii_lpm,all_rows_with_variant,bank_cash_090,tail_depeg_50bp_pct,826,8,RQI_DII_v1.0,frozen_confirmed_by_researcher,1,robustness_pilot_pending_multi_issuer_source_expansion,Intercept,356.4985972108327,300.26555936043,1.1872776816967616,0.23546276724740656,0.01958442426986784,0.011194559929878944,estimated
tail50_rqi_dii_lpm__bank_cash_090__all_rows_with_variant,tail50_rqi_dii_lpm,all_rows_with_variant,bank_cash_090,tail_depeg_50bp_pct,826,8,RQI_DII_v1.0,frozen_confirmed_by_researcher,1,robustness_pilot_pending_multi_issuer_source_expansion,rqi_bank_cash_090_10pp,-27.410324165433394,22.419953219492424,-1.2225861444528898,0.22183818551422463,0.01958442426986784,0.011194559929878944,estimated
tail50_rqi_dii_lpm__bank_cash_090__all_rows_with_variant,tail50_rqi_dii_lpm,all_rows_with_variant,bank_cash_090,tail_depeg_50bp_pct,826,8,RQI_DII_v1.0,frozen_confirmed_by_researcher,1,robustness_pilot_pending_multi_issuer_source_expansion,dii_10pp,0.7263861598752814,0.5025552704666533,1.4453856173884865,0.14873258255995525,0.01958442426986784,0.011194559929878944,estimated
tail50_rqi_dii_lpm__bank_cash_090__all_rows_with_variant,tail50_rqi_dii_lpm,all_rows_with_variant,bank_cash_090,tail_depeg_50bp_pct,826,8,RQI_DII_v1.0,frozen_confirmed_by_researcher,1,robustness_pilot_pending_multi_issuer_source_expansion,days_since_disclosure_30d,0.04599226808478382,0.31069452918283863,0.14803050509369647,0.8823551748105343,0.01958442426986784,0.011194559929878944,estimated
tail50_rqi_dii_lpm__bank_cash_090__all_rows_with_variant,tail50_rqi_dii_lpm,all_rows_with_variant,bank_cash_090,tail_depeg_50bp_pct,826,8,RQI_DII_v1.0,frozen_confirmed_by_researcher,1,robustness_pilot_pending_multi_issuer_source_expansion,stale_disclosure_45d,-0.22153442177604574,0.8655757034667725,-0.25593881723893597,0.798062427172971,0.01958442426986784,0.011194559929878944,estimated
tail50_rqi_dii_lpm__bank_cash_090__all_rows_with_variant,tail50_rqi_dii_lpm,all_rows_with_variant,bank_cash_090,tail_depeg_50bp_pct,826,8,RQI_DII_v1.0,frozen_confirmed_by_researcher,1,robustness_pilot_pending_multi_issuer_source_expansion,market_stress_flag,6.932309377750078,6.494743932259212,1.0673722397764585,0.28611868467500123,0.01958442426986784,0.011194559929878944,estimated
tail50_rqi_dii_lpm__bank_cash_090__all_rows_with_variant,tail50_rqi_dii_lpm,all_rows_with_variant,bank_cash_090,tail_depeg_50bp_pct,826,8,RQI_DII_v1.0,frozen_confirmed_by_researcher,1,robustness_pilot_pending_multi_issuer_source_expansion,log_supply,-4.301345747569633,3.816806869703464,-1.1269487543926513,0.26009462290401686,0.01958442426986784,0.011194559929878944,estimated
tail50_rqi_dii_lpm__bank_cash_090__all_rows_with_variant,tail50_rqi_dii_lpm,all_rows_with_variant,bank_cash_090,tail_depeg_50bp_pct,826,8,RQI_DII_v1.0,frozen_confirmed_by_researcher,1,robustness_pilot_pending_multi_issuer_source_expansion,trend_years,1.2865966158267468,0.8103706874773664,1.587664306851772,0.1127487043633002,0.01958442426986784,0.011194559929878944,estimated
absdev_stress_interaction__bank_cash_090__all_rows_with_variant,absdev_stress_interaction,all_rows_with_variant,bank_cash_090,abs_peg_dev_bps,826,10,RQI_DII_v1.0,frozen_confirmed_by_researcher,1,robustness_pilot_pending_multi_issuer_source_expansion,Intercept,385.40574194117397,242.47664135869454,1.5894551317668786,0.11234502005574565,0.19301697119330163,0.18411642308146314,estimated
absdev_stress_interaction__bank_cash_090__all_rows_with_variant,absdev_stress_interaction,all_rows_with_variant,bank_cash_090,abs_peg_dev_bps,826,10,RQI_DII_v1.0,frozen_confirmed_by_researcher,1,robustness_pilot_pending_multi_issuer_source_expansion,rqi_bank_cash_090_10pp,-17.157510569011002,18.218700349800002,-0.9417527177891891,0.3465979726662065,0.19301697119330163,0.18411642308146314,estimated
absdev_stress_interaction__bank_cash_090__all_rows_with_variant,absdev_stress_interaction,all_rows_with_variant,bank_cash_090,abs_peg_dev_bps,826,10,RQI_DII_v1.0,frozen_confirmed_by_researcher,1,robustness_pilot_pending_multi_issuer_source_expansion,dii_10pp,2.3108737290217922,0.899389689869628,2.5693798306235505,0.01036463622220718,0.19301697119330163,0.18411642308146314,estimated
absdev_stress_interaction__bank_cash_090__all_rows_with_variant,absdev_stress_interaction,all_rows_with_variant,bank_cash_090,abs_peg_dev_bps,826,10,RQI_DII_v1.0,frozen_confirmed_by_researcher,1,robustness_pilot_pending_multi_issuer_source_expansion,market_stress_flag,-305.2643536122616,103.35733608004765,-2.9534851147463983,0.0032323059429879564,0.19301697119330163,0.18411642308146314,estimated
absdev_stress_interaction__bank_cash_090__all_rows_with_variant,absdev_stress_interaction,all_rows_with_variant,bank_cash_090,abs_peg_dev_bps,826,10,RQI_DII_v1.0,frozen_confirmed_by_researcher,1,robustness_pilot_pending_multi_issuer_source_expansion,stress_x_bank_cash_090_10pp,2323.2848176705565,786.5929538522469,2.9536049189006097,0.0032310649904654376,0.19301697119330163,0.18411642308146314,estimated
absdev_stress_interaction__bank_cash_090__all_rows_with_variant,absdev_stress_interaction,all_rows_with_variant,bank_cash_090,abs_peg_dev_bps,826,10,RQI_DII_v1.0,frozen_confirmed_by_researcher,1,robustness_pilot_pending_multi_issuer_source_expansion,stress_x_dii_10pp,-2564.2205697230565,868.201622824422,-2.95348511487593,0.003232305941646141,0.19301697119330163,0.18411642308146314,estimated
absdev_stress_interaction__bank_cash_090__all_rows_with_variant,absdev_stress_interaction,all_rows_with_variant,bank_cash_090,abs_peg_dev_bps,826,10,RQI_DII_v1.0,frozen_confirmed_by_researcher,1,robustness_pilot_pending_multi_issuer_source_expansion,days_since_disclosure_30d,-0.44951722197960253,0.4346643020771954,-1.0341710138868714,0.30136261104660766,0.19301697119330163,0.18411642308146314,estimated
absdev_stress_interaction__bank_cash_090__all_rows_with_variant,absdev_stress_interaction,all_rows_with_variant,bank_cash_090,abs_peg_dev_bps,826,10,RQI_DII_v1.0,frozen_confirmed_by_researcher,1,robustness_pilot_pending_multi_issuer_source_expansion,stale_disclosure_45d,0.017494386653456817,1.4461653951307363,0.012097085653107673,0.9903511144291401,0.19301697119330163,0.18411642308146314,estimated
absdev_stress_interaction__bank_cash_090__all_rows_with_variant,absdev_stress_interaction,all_rows_with_variant,bank_cash_090,abs_peg_dev_bps,826,10,RQI_DII_v1.0,frozen_confirmed_by_researcher,1,robustness_pilot_pending_multi_issuer_source_expansion,log_supply,-9.96686611559746,3.269873127334364,-3.048089551940065,0.002377305423549414,0.19301697119330163,0.18411642308146314,estimated
absdev_stress_interaction__bank_cash_090__all_rows_with_variant,absdev_stress_interaction,all_rows_with_variant,bank_cash_090,abs_peg_dev_bps,826,10,RQI_DII_v1.0,frozen_confirmed_by_researcher,1,robustness_pilot_pending_multi_issuer_source_expansion,trend_years,2.9150064256129076,0.9035927454486159,3.2260179602987678,0.0013052712009908873,0.19301697119330163,0.18411642308146314,estimated
absdev_rqi_dii__bank_cash_090__rqi_available,absdev_rqi_dii,rqi_available,bank_cash_090,abs_peg_dev_bps,826,8,RQI_DII_v1.0,frozen_confirmed_by_researcher,1,robustness_pilot_pending_multi_issuer_source_expansion,Intercept,483.15455140227647,245.8595720108198,1.9651646972728554,0.04973319892078365,0.08958707642222985,0.08179625678281122,estimated
absdev_rqi_dii__bank_cash_090__rqi_available,absdev_rqi_dii,rqi_available,bank_cash_090,abs_peg_dev_bps,826,8,RQI_DII_v1.0,frozen_confirmed_by_researcher,1,robustness_pilot_pending_multi_issuer_source_expansion,rqi_bank_cash_090_10pp,-23.716227058490894,18.466167161376067,-1.284306962632499,0.19939818304223378,0.08958707642222985,0.08179625678281122,estimated
absdev_rqi_dii__bank_cash_090__rqi_available,absdev_rqi_dii,rqi_available,bank_cash_090,abs_peg_dev_bps,826,8,RQI_DII_v1.0,frozen_confirmed_by_researcher,1,robustness_pilot_pending_multi_issuer_source_expansion,dii_10pp,2.4605751094486426,0.9138156808764563,2.6926383087327443,0.007233909015576856,0.08958707642222985,0.08179625678281122,estimated
absdev_rqi_dii__bank_cash_090__rqi_available,absdev_rqi_dii,rqi_available,bank_cash_090,abs_peg_dev_bps,826,8,RQI_DII_v1.0,frozen_confirmed_by_researcher,1,robustness_pilot_pending_multi_issuer_source_expansion,days_since_disclosure_30d,-0.6669392372619787,0.5043453288526544,-1.3223860698367378,0.18640923958479738,0.08958707642222985,0.08179625678281122,estimated
absdev_rqi_dii__bank_cash_090__rqi_available,absdev_rqi_dii,rqi_available,bank_cash_090,abs_peg_dev_bps,826,8,RQI_DII_v1.0,frozen_confirmed_by_researcher,1,robustness_pilot_pending_multi_issuer_source_expansion,stale_disclosure_45d,0.16989094456272352,1.4707507971981835,0.11551307324556272,0.9080668086858554,0.08958707642222985,0.08179625678281122,estimated
absdev_rqi_dii__bank_cash_090__rqi_available,absdev_rqi_dii,rqi_available,bank_cash_090,abs_peg_dev_bps,826,8,RQI_DII_v1.0,frozen_confirmed_by_researcher,1,robustness_pilot_pending_multi_issuer_source_expansion,market_stress_flag,26.87528581384461,16.91764404225366,1.5885950636341948,0.11253825943233675,0.08958707642222985,0.08179625678281122,estimated
absdev_rqi_dii__bank_cash_090__rqi_available,absdev_rqi_dii,rqi_available,bank_cash_090,abs_peg_dev_bps,826,8,RQI_DII_v1.0,frozen_confirmed_by_researcher,1,robustness_pilot_pending_multi_issuer_source_expansion,log_supply,-11.539560472319643,3.3213506205065007,-3.474357811268922,0.000539002941864597,0.08958707642222985,0.08179625678281122,estimated
absdev_rqi_dii__bank_cash_090__rqi_available,absdev_rqi_dii,rqi_available,bank_cash_090,abs_peg_dev_bps,826,8,RQI_DII_v1.0,frozen_confirmed_by_researcher,1,robustness_pilot_pending_multi_issuer_source_expansion,trend_years,3.747786104987429,0.9603016709596713,3.902717467149779,0.00010294405598121337,0.08958707642222985,0.08179625678281122,estimated
tail50_rqi_dii_lpm__bank_cash_090__rqi_available,tail50_rqi_dii_lpm,rqi_available,bank_cash_090,tail_depeg_50bp_pct,826,8,RQI_DII_v1.0,frozen_confirmed_by_researcher,1,robustness_pilot_pending_multi_issuer_source_expansion,Intercept,356.4985972108327,300.26555936043,1.1872776816967616,0.23546276724740656,0.01958442426986784,0.011194559929878944,estimated
tail50_rqi_dii_lpm__bank_cash_090__rqi_available,tail50_rqi_dii_lpm,rqi_available,bank_cash_090,tail_depeg_50bp_pct,826,8,RQI_DII_v1.0,frozen_confirmed_by_researcher,1,robustness_pilot_pending_multi_issuer_source_expansion,rqi_bank_cash_090_10pp,-27.410324165433394,22.419953219492424,-1.2225861444528898,0.22183818551422463,0.01958442426986784,0.011194559929878944,estimated
tail50_rqi_dii_lpm__bank_cash_090__rqi_available,tail50_rqi_dii_lpm,rqi_available,bank_cash_090,tail_depeg_50bp_pct,826,8,RQI_DII_v1.0,frozen_confirmed_by_researcher,1,robustness_pilot_pending_multi_issuer_source_expansion,dii_10pp,0.7263861598752814,0.5025552704666533,1.4453856173884865,0.14873258255995525,0.01958442426986784,0.011194559929878944,estimated
tail50_rqi_dii_lpm__bank_cash_090__rqi_available,tail50_rqi_dii_lpm,rqi_available,bank_cash_090,tail_depeg_50bp_pct,826,8,RQI_DII_v1.0,frozen_confirmed_by_researcher,1,robustness_pilot_pending_multi_issuer_source_expansion,days_since_disclosure_30d,0.04599226808478382,0.31069452918283863,0.14803050509369647,0.8823551748105343,0.01958442426986784,0.011194559929878944,estimated
tail50_rqi_dii_lpm__bank_cash_090__rqi_available,tail50_rqi_dii_lpm,rqi_available,bank_cash_090,tail_depeg_50bp_pct,826,8,RQI_DII_v1.0,frozen_confirmed_by_researcher,1,robustness_pilot_pending_multi_issuer_source_expansion,stale_disclosure_45d,-0.22153442177604574,0.8655757034667725,-0.25593881723893597,0.798062427172971,0.01958442426986784,0.011194559929878944,estimated
tail50_rqi_dii_lpm__bank_cash_090__rqi_available,tail50_rqi_dii_lpm,rqi_available,bank_cash_090,tail_depeg_50bp_pct,826,8,RQI_DII_v1.0,frozen_confirmed_by_researcher,1,robustness_pilot_pending_multi_issuer_source_expansion,market_stress_flag,6.932309377750078,6.494743932259212,1.0673722397764585,0.28611868467500123,0.01958442426986784,0.011194559929878944,estimated
tail50_rqi_dii_lpm__bank_cash_090__rqi_available,tail50_rqi_dii_lpm,rqi_available,bank_cash_090,tail_depeg_50bp_pct,826,8,RQI_DII_v1.0,frozen_confirmed_by_researcher,1,robustness_pilot_pending_multi_issuer_source_expansion,log_supply,-4.301345747569633,3.816806869703464,-1.1269487543926513,0.26009462290401686,0.01958442426986784,0.011194559929878944,estimated
tail50_rqi_dii_lpm__bank_cash_090__rqi_available,tail50_rqi_dii_lpm,rqi_available,bank_cash_090,tail_depeg_50bp_pct,826,8,RQI_DII_v1.0,frozen_confirmed_by_researcher,1,robustness_pilot_pending_multi_issuer_source_expansion,trend_years,1.2865966158267468,0.8103706874773664,1.587664306851772,0.1127487043633002,0.01958442426986784,0.011194559929878944,estimated
absdev_stress_interaction__bank_cash_090__rqi_available,absdev_stress_interaction,rqi_available,bank_cash_090,abs_peg_dev_bps,826,10,RQI_DII_v1.0,frozen_confirmed_by_researcher,1,robustness_pilot_pending_multi_issuer_source_expansion,Intercept,385.40574194117397,242.47664135869454,1.5894551317668786,0.11234502005574565,0.19301697119330163,0.18411642308146314,estimated
absdev_stress_interaction__bank_cash_090__rqi_available,absdev_stress_interaction,rqi_available,bank_cash_090,abs_peg_dev_bps,826,10,RQI_DII_v1.0,frozen_confirmed_by_researcher,1,robustness_pilot_pending_multi_issuer_source_expansion,rqi_bank_cash_090_10pp,-17.157510569011002,18.218700349800002,-0.9417527177891891,0.3465979726662065,0.19301697119330163,0.18411642308146314,estimated
absdev_stress_interaction__bank_cash_090__rqi_available,absdev_stress_interaction,rqi_available,bank_cash_090,abs_peg_dev_bps,826,10,RQI_DII_v1.0,frozen_confirmed_by_researcher,1,robustness_pilot_pending_multi_issuer_source_expansion,dii_10pp,2.3108737290217922,0.899389689869628,2.5693798306235505,0.01036463622220718,0.19301697119330163,0.18411642308146314,estimated
absdev_stress_interaction__bank_cash_090__rqi_available,absdev_stress_interaction,rqi_available,bank_cash_090,abs_peg_dev_bps,826,10,RQI_DII_v1.0,frozen_confirmed_by_researcher,1,robustness_pilot_pending_multi_issuer_source_expansion,market_stress_flag,-305.2643536122616,103.35733608004765,-2.9534851147463983,0.0032323059429879564,0.19301697119330163,0.18411642308146314,estimated
absdev_stress_interaction__bank_cash_090__rqi_available,absdev_stress_interaction,rqi_available,bank_cash_090,abs_peg_dev_bps,826,10,RQI_DII_v1.0,frozen_confirmed_by_researcher,1,robustness_pilot_pending_multi_issuer_source_expansion,stress_x_bank_cash_090_10pp,2323.2848176705565,786.5929538522469,2.9536049189006097,0.0032310649904654376,0.19301697119330163,0.18411642308146314,estimated
absdev_stress_interaction__bank_cash_090__rqi_available,absdev_stress_interaction,rqi_available,bank_cash_090,abs_peg_dev_bps,826,10,RQI_DII_v1.0,frozen_confirmed_by_researcher,1,robustness_pilot_pending_multi_issuer_source_expansion,stress_x_dii_10pp,-2564.2205697230565,868.201622824422,-2.95348511487593,0.003232305941646141,0.19301697119330163,0.18411642308146314,estimated
absdev_stress_interaction__bank_cash_090__rqi_available,absdev_stress_interaction,rqi_available,bank_cash_090,abs_peg_dev_bps,826,10,RQI_DII_v1.0,frozen_confirmed_by_researcher,1,robustness_pilot_pending_multi_issuer_source_expansion,days_since_disclosure_30d,-0.44951722197960253,0.4346643020771954,-1.0341710138868714,0.30136261104660766,0.19301697119330163,0.18411642308146314,estimated
absdev_stress_interaction__bank_cash_090__rqi_available,absdev_stress_interaction,rqi_available,bank_cash_090,abs_peg_dev_bps,826,10,RQI_DII_v1.0,frozen_confirmed_by_researcher,1,robustness_pilot_pending_multi_issuer_source_expansion,stale_disclosure_45d,0.017494386653456817,1.4461653951307363,0.012097085653107673,0.9903511144291401,0.19301697119330163,0.18411642308146314,estimated
absdev_stress_interaction__bank_cash_090__rqi_available,absdev_stress_interaction,rqi_available,bank_cash_090,abs_peg_dev_bps,826,10,RQI_DII_v1.0,frozen_confirmed_by_researcher,1,robustness_pilot_pending_multi_issuer_source_expansion,log_supply,-9.96686611559746,3.269873127334364,-3.048089551940065,0.002377305423549414,0.19301697119330163,0.18411642308146314,estimated
absdev_stress_interaction__bank_cash_090__rqi_available,absdev_stress_interaction,rqi_available,bank_cash_090,abs_peg_dev_bps,826,10,RQI_DII_v1.0,frozen_confirmed_by_researcher,1,robustness_pilot_pending_multi_issuer_source_expansion,trend_years,2.9150064256129076,0.9035927454486159,3.2260179602987678,0.0013052712009908873,0.19301697119330163,0.18411642308146314,estimated
absdev_rqi_dii__bank_cash_090__manual_review_free,absdev_rqi_dii,manual_review_free,bank_cash_090,abs_peg_dev_bps,190,6,RQI_DII_v1.0,frozen_confirmed_by_researcher,1,robustness_pilot_pending_multi_issuer_source_expansion,Intercept,-26.44595707368071,101.26995010874992,-0.2611431826053178,0.7942741508975004,0.19306853756166897,0.17114105216932296,estimated
absdev_rqi_dii__bank_cash_090__manual_review_free,absdev_rqi_dii,manual_review_free,bank_cash_090,abs_peg_dev_bps,190,6,RQI_DII_v1.0,frozen_confirmed_by_researcher,1,robustness_pilot_pending_multi_issuer_source_expansion,rqi_bank_cash_090_10pp,-2.1652096525352755,5.133942837805152,-0.4217440125338325,0.6737041876430898,0.19306853756166897,0.17114105216932296,estimated
absdev_rqi_dii__bank_cash_090__manual_review_free,absdev_rqi_dii,manual_review_free,bank_cash_090,abs_peg_dev_bps,190,6,RQI_DII_v1.0,frozen_confirmed_by_researcher,1,robustness_pilot_pending_multi_issuer_source_expansion,days_since_disclosure_30d,-0.45569052826170686,0.19981985143912703,-2.280506791391185,0.02372418486264838,0.19306853756166897,0.17114105216932296,estimated
absdev_rqi_dii__bank_cash_090__manual_review_free,absdev_rqi_dii,manual_review_free,bank_cash_090,abs_peg_dev_bps,190,6,RQI_DII_v1.0,frozen_confirmed_by_researcher,1,robustness_pilot_pending_multi_issuer_source_expansion,market_stress_flag,2.382137397295822,0.9303023235889033,2.560605662152983,0.01125153564485215,0.19306853756166897,0.17114105216932296,estimated
absdev_rqi_dii__bank_cash_090__manual_review_free,absdev_rqi_dii,manual_review_free,bank_cash_090,abs_peg_dev_bps,190,6,RQI_DII_v1.0,frozen_confirmed_by_researcher,1,robustness_pilot_pending_multi_issuer_source_expansion,log_supply,1.8897672492540525,2.468993811723163,0.7653997512189566,0.4450141945216406,0.19306853756166897,0.17114105216932296,estimated
absdev_rqi_dii__bank_cash_090__manual_review_free,absdev_rqi_dii,manual_review_free,bank_cash_090,abs_peg_dev_bps,190,6,RQI_DII_v1.0,frozen_confirmed_by_researcher,1,robustness_pilot_pending_multi_issuer_source_expansion,trend_years,1.3923932991324235,1.2687828774925518,1.0974244087248075,0.2738899896938176,0.19306853756166897,0.17114105216932296,estimated
tail50_rqi_dii_lpm__bank_cash_090__manual_review_free,tail50_rqi_dii_lpm,manual_review_free,bank_cash_090,tail_depeg_50bp_pct,190,6,RQI_DII_v1.0,frozen_confirmed_by_researcher,1,robustness_pilot_pending_multi_issuer_source_expansion,Intercept,0.0,0.0,,,,,estimated
tail50_rqi_dii_lpm__bank_cash_090__manual_review_free,tail50_rqi_dii_lpm,manual_review_free,bank_cash_090,tail_depeg_50bp_pct,190,6,RQI_DII_v1.0,frozen_confirmed_by_researcher,1,robustness_pilot_pending_multi_issuer_source_expansion,rqi_bank_cash_090_10pp,0.0,0.0,,,,,estimated
tail50_rqi_dii_lpm__bank_cash_090__manual_review_free,tail50_rqi_dii_lpm,manual_review_free,bank_cash_090,tail_depeg_50bp_pct,190,6,RQI_DII_v1.0,frozen_confirmed_by_researcher,1,robustness_pilot_pending_multi_issuer_source_expansion,days_since_disclosure_30d,0.0,0.0,,,,,estimated
tail50_rqi_dii_lpm__bank_cash_090__manual_review_free,tail50_rqi_dii_lpm,manual_review_free,bank_cash_090,tail_depeg_50bp_pct,190,6,RQI_DII_v1.0,frozen_confirmed_by_researcher,1,robustness_pilot_pending_multi_issuer_source_expansion,market_stress_flag,0.0,0.0,,,,,estimated
tail50_rqi_dii_lpm__bank_cash_090__manual_review_free,tail50_rqi_dii_lpm,manual_review_free,bank_cash_090,tail_depeg_50bp_pct,190,6,RQI_DII_v1.0,frozen_confirmed_by_researcher,1,robustness_pilot_pending_multi_issuer_source_expansion,log_supply,0.0,0.0,,,,,estimated
tail50_rqi_dii_lpm__bank_cash_090__manual_review_free,tail50_rqi_dii_lpm,manual_review_free,bank_cash_090,tail_depeg_50bp_pct,190,6,RQI_DII_v1.0,frozen_confirmed_by_researcher,1,robustness_pilot_pending_multi_issuer_source_expansion,trend_years,0.0,0.0,,,,,estimated
absdev_stress_interaction__bank_cash_090__manual_review_free,absdev_stress_interaction,manual_review_free,bank_cash_090,abs_peg_dev_bps,190,8,RQI_DII_v1.0,frozen_confirmed_by_researcher,1,robustness_pilot_pending_multi_issuer_source_expansion,Intercept,-26.445955769679706,101.26994899694802,-0.26114317259581826,0.7942773656949951,0.19306853756166975,0.1620327120832724,estimated
absdev_stress_interaction__bank_cash_090__manual_review_free,absdev_stress_interaction,manual_review_free,bank_cash_090,abs_peg_dev_bps,190,8,RQI_DII_v1.0,frozen_confirmed_by_researcher,1,robustness_pilot_pending_multi_issuer_source_expansion,rqi_bank_cash_090_10pp,-2.1652097162511694,5.133942791734827,-0.4217440287291391,0.673709581513865,0.19306853756166975,0.1620327120832724,estimated
absdev_stress_interaction__bank_cash_090__manual_review_free,absdev_stress_interaction,manual_review_free,bank_cash_090,abs_peg_dev_bps,190,8,RQI_DII_v1.0,frozen_confirmed_by_researcher,1,robustness_pilot_pending_multi_issuer_source_expansion,market_stress_flag,0.01489060632607626,0.0058152636469904935,2.5606072621973768,0.01126043589884973,0.19306853756166975,0.1620327120832724,estimated
absdev_stress_interaction__bank_cash_090__manual_review_free,absdev_stress_interaction,manual_review_free,bank_cash_090,abs_peg_dev_bps,190,8,RQI_DII_v1.0,frozen_confirmed_by_researcher,1,robustness_pilot_pending_multi_issuer_source_expansion,stress_x_bank_cash_090_10pp,0.1400159402090051,0.05468078644715489,2.5606058234791593,0.011260480867501421,0.19306853756166975,0.1620327120832724,estimated
absdev_stress_interaction__bank_cash_090__manual_review_free,absdev_stress_interaction,manual_review_free,bank_cash_090,abs_peg_dev_bps,190,8,RQI_DII_v1.0,frozen_confirmed_by_researcher,1,robustness_pilot_pending_multi_issuer_source_expansion,stress_x_dii_10pp,0.12508090513279263,0.04884817603411856,2.5606054368422773,0.011260492952271273,0.19306853756166975,0.1620327120832724,estimated
absdev_stress_interaction__bank_cash_090__manual_review_free,absdev_stress_interaction,manual_review_free,bank_cash_090,abs_peg_dev_bps,190,8,RQI_DII_v1.0,frozen_confirmed_by_researcher,1,robustness_pilot_pending_multi_issuer_source_expansion,days_since_disclosure_30d,-0.45569052771483265,0.19981985172695388,-2.2805067853694347,0.023736875913956235,0.19306853756166975,0.1620327120832724,estimated
absdev_stress_interaction__bank_cash_090__manual_review_free,absdev_stress_interaction,manual_review_free,bank_cash_090,abs_peg_dev_bps,190,8,RQI_DII_v1.0,frozen_confirmed_by_researcher,1,robustness_pilot_pending_multi_issuer_source_expansion,log_supply,1.8897672210501821,2.468993787375959,0.7653997473434806,0.44502496114221257,0.19306853756166975,0.1620327120832724,estimated
absdev_stress_interaction__bank_cash_090__manual_review_free,absdev_stress_interaction,manual_review_free,bank_cash_090,abs_peg_dev_bps,190,8,RQI_DII_v1.0,frozen_confirmed_by_researcher,1,robustness_pilot_pending_multi_issuer_source_expansion,trend_years,1.3923932829970747,1.26878286542112,1.0974244064487169,0.27390572695718696,0.19306853756166975,0.1620327120832724,estimated
absdev_rqi_dii__bank_cash_090__non_stress_rows,absdev_rqi_dii,non_stress_rows,bank_cash_090,abs_peg_dev_bps,800,7,RQI_DII_v1.0,frozen_confirmed_by_researcher,1,robustness_pilot_pending_multi_issuer_source_expansion,Intercept,493.0819362473021,232.1041293992576,2.1243996714902016,0.03394553859911453,0.07687780881870687,0.06989327773789011,estimated
absdev_rqi_dii__bank_cash_090__non_stress_rows,absdev_rqi_dii,non_stress_rows,bank_cash_090,abs_peg_dev_bps,800,7,RQI_DII_v1.0,frozen_confirmed_by_researcher,1,robustness_pilot_pending_multi_issuer_source_expansion,rqi_bank_cash_090_10pp,-24.48651027119732,17.716993799426287,-1.382091710840371,0.1673327126813391,0.07687780881870687,0.06989327773789011,estimated
absdev_rqi_dii__bank_cash_090__non_stress_rows,absdev_rqi_dii,non_stress_rows,bank_cash_090,abs_peg_dev_bps,800,7,RQI_DII_v1.0,frozen_confirmed_by_researcher,1,robustness_pilot_pending_multi_issuer_source_expansion,dii_10pp,2.3815783826094306,0.912442687290059,2.6101128495891426,0.009222007664631882,0.07687780881870687,0.06989327773789011,estimated
absdev_rqi_dii__bank_cash_090__non_stress_rows,absdev_rqi_dii,non_stress_rows,bank_cash_090,abs_peg_dev_bps,800,7,RQI_DII_v1.0,frozen_confirmed_by_researcher,1,robustness_pilot_pending_multi_issuer_source_expansion,days_since_disclosure_30d,-0.3494111032074391,0.42691108086974305,-0.8184634198193831,0.4133384947206258,0.07687780881870687,0.06989327773789011,estimated
absdev_rqi_dii__bank_cash_090__non_stress_rows,absdev_rqi_dii,non_stress_rows,bank_cash_090,abs_peg_dev_bps,800,7,RQI_DII_v1.0,frozen_confirmed_by_researcher,1,robustness_pilot_pending_multi_issuer_source_expansion,stale_disclosure_45d,-0.04411581326274577,1.431983184295835,-0.030807493933275015,0.9754308157276033,0.07687780881870687,0.06989327773789011,estimated
absdev_rqi_dii__bank_cash_090__non_stress_rows,absdev_rqi_dii,non_stress_rows,bank_cash_090,abs_peg_dev_bps,800,7,RQI_DII_v1.0,frozen_confirmed_by_researcher,1,robustness_pilot_pending_multi_issuer_source_expansion,log_supply,-11.590967045451086,3.037848490326983,-3.815518477092805,0.00014646758072589527,0.07687780881870687,0.06989327773789011,estimated
absdev_rqi_dii__bank_cash_090__non_stress_rows,absdev_rqi_dii,non_stress_rows,bank_cash_090,abs_peg_dev_bps,800,7,RQI_DII_v1.0,frozen_confirmed_by_researcher,1,robustness_pilot_pending_multi_issuer_source_expansion,trend_years,3.1696965158580546,0.8682993109700529,3.650465312838853,0.00027892768084192276,0.07687780881870687,0.06989327773789011,estimated
tail50_rqi_dii_lpm__bank_cash_090__non_stress_rows,tail50_rqi_dii_lpm,non_stress_rows,bank_cash_090,tail_depeg_50bp_pct,800,7,RQI_DII_v1.0,frozen_confirmed_by_researcher,1,robustness_pilot_pending_multi_issuer_source_expansion,Intercept,398.1908979417756,302.65908075252753,1.3156416683474985,0.1886745713562139,0.0067872521277989595,-0.0007275984235670663,estimated
tail50_rqi_dii_lpm__bank_cash_090__non_stress_rows,tail50_rqi_dii_lpm,non_stress_rows,bank_cash_090,tail_depeg_50bp_pct,800,7,RQI_DII_v1.0,frozen_confirmed_by_researcher,1,robustness_pilot_pending_multi_issuer_source_expansion,rqi_bank_cash_090_10pp,-30.27161469907503,22.629770934961172,-1.3376898416725829,0.18138106647976815,0.0067872521277989595,-0.0007275984235670663,estimated
tail50_rqi_dii_lpm__bank_cash_090__non_stress_rows,tail50_rqi_dii_lpm,non_stress_rows,bank_cash_090,tail_depeg_50bp_pct,800,7,RQI_DII_v1.0,frozen_confirmed_by_researcher,1,robustness_pilot_pending_multi_issuer_source_expansion,dii_10pp,0.7292506919097319,0.5081180452015622,1.4351993573077098,0.1516245789740147,0.0067872521277989595,-0.0007275984235670663,estimated
tail50_rqi_dii_lpm__bank_cash_090__non_stress_rows,tail50_rqi_dii_lpm,non_stress_rows,bank_cash_090,tail_depeg_50bp_pct,800,7,RQI_DII_v1.0,frozen_confirmed_by_researcher,1,robustness_pilot_pending_multi_issuer_source_expansion,days_since_disclosure_30d,0.17175369112080527,0.298841492107699,0.5747317412633827,0.5656357449124876,0.0067872521277989595,-0.0007275984235670663,estimated
tail50_rqi_dii_lpm__bank_cash_090__non_stress_rows,tail50_rqi_dii_lpm,non_stress_rows,bank_cash_090,tail_depeg_50bp_pct,800,7,RQI_DII_v1.0,frozen_confirmed_by_researcher,1,robustness_pilot_pending_multi_issuer_source_expansion,stale_disclosure_45d,-0.29255223453483126,0.8674368897502436,-0.3372605407859288,0.7360097477674987,0.0067872521277989595,-0.0007275984235670663,estimated
tail50_rqi_dii_lpm__bank_cash_090__non_stress_rows,tail50_rqi_dii_lpm,non_stress_rows,bank_cash_090,tail_depeg_50bp_pct,800,7,RQI_DII_v1.0,frozen_confirmed_by_researcher,1,robustness_pilot_pending_multi_issuer_source_expansion,log_supply,-4.902761039872495,3.8343656922115277,-1.278636789868823,0.2013990628971103,0.0067872521277989595,-0.0007275984235670663,estimated
tail50_rqi_dii_lpm__bank_cash_090__non_stress_rows,tail50_rqi_dii_lpm,non_stress_rows,bank_cash_090,tail_depeg_50bp_pct,800,7,RQI_DII_v1.0,frozen_confirmed_by_researcher,1,robustness_pilot_pending_multi_issuer_source_expansion,trend_years,1.20311119281541,0.8003442607537524,1.5032421069432516,0.13317474355616254,0.0067872521277989595,-0.0007275984235670663,estimated
absdev_stress_interaction__bank_cash_090__non_stress_rows,absdev_stress_interaction,non_stress_rows,bank_cash_090,abs_peg_dev_bps,800,7,RQI_DII_v1.0,frozen_confirmed_by_researcher,1,robustness_pilot_pending_multi_issuer_source_expansion,Intercept,493.0819362473021,232.1041293992576,2.1243996714902016,0.03394553859911453,0.07687780881870687,0.06989327773789011,estimated
absdev_stress_interaction__bank_cash_090__non_stress_rows,absdev_stress_interaction,non_stress_rows,bank_cash_090,abs_peg_dev_bps,800,7,RQI_DII_v1.0,frozen_confirmed_by_researcher,1,robustness_pilot_pending_multi_issuer_source_expansion,rqi_bank_cash_090_10pp,-24.48651027119732,17.716993799426287,-1.382091710840371,0.1673327126813391,0.07687780881870687,0.06989327773789011,estimated
absdev_stress_interaction__bank_cash_090__non_stress_rows,absdev_stress_interaction,non_stress_rows,bank_cash_090,abs_peg_dev_bps,800,7,RQI_DII_v1.0,frozen_confirmed_by_researcher,1,robustness_pilot_pending_multi_issuer_source_expansion,dii_10pp,2.3815783826094306,0.912442687290059,2.6101128495891426,0.009222007664631882,0.07687780881870687,0.06989327773789011,estimated
absdev_stress_interaction__bank_cash_090__non_stress_rows,absdev_stress_interaction,non_stress_rows,bank_cash_090,abs_peg_dev_bps,800,7,RQI_DII_v1.0,frozen_confirmed_by_researcher,1,robustness_pilot_pending_multi_issuer_source_expansion,days_since_disclosure_30d,-0.3494111032074391,0.42691108086974305,-0.8184634198193831,0.4133384947206258,0.07687780881870687,0.06989327773789011,estimated
absdev_stress_interaction__bank_cash_090__non_stress_rows,absdev_stress_interaction,non_stress_rows,bank_cash_090,abs_peg_dev_bps,800,7,RQI_DII_v1.0,frozen_confirmed_by_researcher,1,robustness_pilot_pending_multi_issuer_source_expansion,stale_disclosure_45d,-0.04411581326274577,1.431983184295835,-0.030807493933275015,0.9754308157276033,0.07687780881870687,0.06989327773789011,estimated
absdev_stress_interaction__bank_cash_090__non_stress_rows,absdev_stress_interaction,non_stress_rows,bank_cash_090,abs_peg_dev_bps,800,7,RQI_DII_v1.0,frozen_confirmed_by_researcher,1,robustness_pilot_pending_multi_issuer_source_expansion,log_supply,-11.590967045451086,3.037848490326983,-3.815518477092805,0.00014646758072589527,0.07687780881870687,0.06989327773789011,estimated
absdev_stress_interaction__bank_cash_090__non_stress_rows,absdev_stress_interaction,non_stress_rows,bank_cash_090,abs_peg_dev_bps,800,7,RQI_DII_v1.0,frozen_confirmed_by_researcher,1,robustness_pilot_pending_multi_issuer_source_expansion,trend_years,3.1696965158580546,0.8682993109700529,3.650465312838853,0.00027892768084192276,0.07687780881870687,0.06989327773789011,estimated
absdev_rqi_dii__bank_cash_090__stress_rows_diagnostic,absdev_rqi_dii,stress_rows_diagnostic,bank_cash_090,abs_peg_dev_bps,26,5,RQI_DII_v1.0,frozen_confirmed_by_researcher,1,robustness_pilot_pending_multi_issuer_source_expansion,Intercept,-75.65133865628523,54.35969787694355,-1.3916806312562757,0.17858596350611444,0.201564785362073,0.04948188733580117,estimated
absdev_rqi_dii__bank_cash_090__stress_rows_diagnostic,absdev_rqi_dii,stress_rows_diagnostic,bank_cash_090,abs_peg_dev_bps,26,5,RQI_DII_v1.0,frozen_confirmed_by_researcher,1,robustness_pilot_pending_multi_issuer_source_expansion,rqi_bank_cash_090_10pp,-685.8189960256677,500.04659301530734,-1.3715101864611114,0.18469369097155264,0.201564785362073,0.04948188733580117,estimated
absdev_rqi_dii__bank_cash_090__stress_rows_diagnostic,absdev_rqi_dii,stress_rows_diagnostic,bank_cash_090,abs_peg_dev_bps,26,5,RQI_DII_v1.0,frozen_confirmed_by_researcher,1,robustness_pilot_pending_multi_issuer_source_expansion,days_since_disclosure_30d,-69.29105344852093,35.1741176658701,-1.9699443240264967,0.062174945494267275,0.201564785362073,0.04948188733580117,estimated
absdev_rqi_dii__bank_cash_090__stress_rows_diagnostic,absdev_rqi_dii,stress_rows_diagnostic,bank_cash_090,abs_peg_dev_bps,26,5,RQI_DII_v1.0,frozen_confirmed_by_researcher,1,robustness_pilot_pending_multi_issuer_source_expansion,log_supply,258.4761611953398,191.39243595934752,1.3505035342684133,0.19122967246478795,0.201564785362073,0.04948188733580117,estimated
absdev_rqi_dii__bank_cash_090__stress_rows_diagnostic,absdev_rqi_dii,stress_rows_diagnostic,bank_cash_090,abs_peg_dev_bps,26,5,RQI_DII_v1.0,frozen_confirmed_by_researcher,1,robustness_pilot_pending_multi_issuer_source_expansion,trend_years,279.8758064548083,107.12548438525776,2.6125978151779896,0.01626078091543115,0.201564785362073,0.04948188733580117,estimated
tail50_rqi_dii_lpm__bank_cash_090__stress_rows_diagnostic,tail50_rqi_dii_lpm,stress_rows_diagnostic,bank_cash_090,tail_depeg_50bp_pct,26,5,RQI_DII_v1.0,frozen_confirmed_by_researcher,1,robustness_pilot_pending_multi_issuer_source_expansion,Intercept,-51.82643319936234,27.43535770283892,-1.8890379983636776,0.07277581419080259,0.23334970379196673,0.08732107594281757,estimated
tail50_rqi_dii_lpm__bank_cash_090__stress_rows_diagnostic,tail50_rqi_dii_lpm,stress_rows_diagnostic,bank_cash_090,tail_depeg_50bp_pct,26,5,RQI_DII_v1.0,frozen_confirmed_by_researcher,1,robustness_pilot_pending_multi_issuer_source_expansion,rqi_bank_cash_090_10pp,-474.5030714286087,252.42450714368795,-1.879782105144437,0.07408452761564632,0.23334970379196673,0.08732107594281757,estimated
tail50_rqi_dii_lpm__bank_cash_090__stress_rows_diagnostic,tail50_rqi_dii_lpm,stress_rows_diagnostic,bank_cash_090,tail_depeg_50bp_pct,26,5,RQI_DII_v1.0,frozen_confirmed_by_researcher,1,robustness_pilot_pending_multi_issuer_source_expansion,days_since_disclosure_30d,-34.148832424812895,15.174117967059445,-2.250465727164141,0.0352630130440037,0.23334970379196673,0.08732107594281757,estimated
tail50_rqi_dii_lpm__bank_cash_090__stress_rows_diagnostic,tail50_rqi_dii_lpm,stress_rows_diagnostic,bank_cash_090,tail_depeg_50bp_pct,26,5,RQI_DII_v1.0,frozen_confirmed_by_researcher,1,robustness_pilot_pending_multi_issuer_source_expansion,log_supply,180.64979452231444,96.60381034089252,1.8700069271061157,0.07548901214158477,0.23334970379196673,0.08732107594281757,estimated
tail50_rqi_dii_lpm__bank_cash_090__stress_rows_diagnostic,tail50_rqi_dii_lpm,stress_rows_diagnostic,bank_cash_090,tail_depeg_50bp_pct,26,5,RQI_DII_v1.0,frozen_confirmed_by_researcher,1,robustness_pilot_pending_multi_issuer_source_expansion,trend_years,129.34646526137948,53.258123315718414,2.428671106088423,0.024220860073173478,0.23334970379196673,0.08732107594281757,estimated
absdev_stress_interaction__bank_cash_090__stress_rows_diagnostic,absdev_stress_interaction,stress_rows_diagnostic,bank_cash_090,abs_peg_dev_bps,26,6,RQI_DII_v1.0,frozen_confirmed_by_researcher,1,robustness_pilot_pending_multi_issuer_source_expansion,Intercept,-39.1610046243845,27.754128977288584,-1.4109974287584472,0.1736119173042161,0.20156478536206757,0.001955981702584486,estimated
absdev_stress_interaction__bank_cash_090__stress_rows_diagnostic,absdev_stress_interaction,stress_rows_diagnostic,bank_cash_090,abs_peg_dev_bps,26,6,RQI_DII_v1.0,frozen_confirmed_by_researcher,1,robustness_pilot_pending_multi_issuer_source_expansion,rqi_bank_cash_090_10pp,-344.8622789433018,251.44711447657008,-1.3715101867889448,0.18540822050315886,0.20156478536206757,0.001955981702584486,estimated
absdev_stress_interaction__bank_cash_090__stress_rows_diagnostic,absdev_stress_interaction,stress_rows_diagnostic,bank_cash_090,abs_peg_dev_bps,26,6,RQI_DII_v1.0,frozen_confirmed_by_researcher,1,robustness_pilot_pending_multi_issuer_source_expansion,stress_x_bank_cash_090_10pp,-344.8622789433052,251.44711447285445,-1.3715101868092252,0.18540822049694028,0.20156478536206757,0.001955981702584486,estimated
absdev_stress_interaction__bank_cash_090__stress_rows_diagnostic,absdev_stress_interaction,stress_rows_diagnostic,bank_cash_090,abs_peg_dev_bps,26,6,RQI_DII_v1.0,frozen_confirmed_by_researcher,1,robustness_pilot_pending_multi_issuer_source_expansion,days_since_disclosure_30d,-69.31464830200085,35.18973855529365,-1.969740360335065,0.06287534753767843,0.20156478536206757,0.001955981702584486,estimated
absdev_stress_interaction__bank_cash_090__stress_rows_diagnostic,absdev_stress_interaction,stress_rows_diagnostic,bank_cash_090,abs_peg_dev_bps,26,6,RQI_DII_v1.0,frozen_confirmed_by_researcher,1,robustness_pilot_pending_multi_issuer_source_expansion,log_supply,258.47616118817706,191.39243590012418,1.3505035346488807,0.1919389895156025,0.20156478536206757,0.001955981702584486,estimated
absdev_stress_interaction__bank_cash_090__stress_rows_diagnostic,absdev_stress_interaction,stress_rows_diagnostic,bank_cash_090,abs_peg_dev_bps,26,6,RQI_DII_v1.0,frozen_confirmed_by_researcher,1,robustness_pilot_pending_multi_issuer_source_expansion,trend_years,280.1630737887072,107.32881596337134,2.6103248347053407,0.01674847257420642,0.20156478536206757,0.001955981702584486,estimated
absdev_rqi_dii__bank_cash_090__exclude_100bp_tail_days,absdev_rqi_dii,exclude_100bp_tail_days,bank_cash_090,abs_peg_dev_bps,825,8,RQI_DII_v1.0,frozen_confirmed_by_researcher,1,robustness_pilot_pending_multi_issuer_source_expansion,Intercept,564.9332365956883,248.37922200911692,2.2744786461041095,0.023195692264996737,0.10192631981070754,0.09423168607591559,estimated
absdev_rqi_dii__bank_cash_090__exclude_100bp_tail_days,absdev_rqi_dii,exclude_100bp_tail_days,bank_cash_090,abs_peg_dev_bps,825,8,RQI_DII_v1.0,frozen_confirmed_by_researcher,1,robustness_pilot_pending_multi_issuer_source_expansion,rqi_bank_cash_090_10pp,-29.335492105215412,18.762350795281833,-1.5635296677531692,0.11831530052962269,0.10192631981070754,0.09423168607591559,estimated
absdev_rqi_dii__bank_cash_090__exclude_100bp_tail_days,absdev_rqi_dii,exclude_100bp_tail_days,bank_cash_090,abs_peg_dev_bps,825,8,RQI_DII_v1.0,frozen_confirmed_by_researcher,1,robustness_pilot_pending_multi_issuer_source_expansion,dii_10pp,2.465796012061609,0.9286893065919426,2.6551355707006725,0.008082007442816286,0.10192631981070754,0.09423168607591559,estimated
absdev_rqi_dii__bank_cash_090__exclude_100bp_tail_days,absdev_rqi_dii,exclude_100bp_tail_days,bank_cash_090,abs_peg_dev_bps,825,8,RQI_DII_v1.0,frozen_confirmed_by_researcher,1,robustness_pilot_pending_multi_issuer_source_expansion,days_since_disclosure_30d,-0.41637564629742363,0.4302819075225523,-0.9676810458864116,0.33349005128400755,0.10192631981070754,0.09423168607591559,estimated
absdev_rqi_dii__bank_cash_090__exclude_100bp_tail_days,absdev_rqi_dii,exclude_100bp_tail_days,bank_cash_090,abs_peg_dev_bps,825,8,RQI_DII_v1.0,frozen_confirmed_by_researcher,1,robustness_pilot_pending_multi_issuer_source_expansion,stale_disclosure_45d,0.0071872407302999855,1.4294016990865426,0.0050281462061315466,0.9959893641304289,0.10192631981070754,0.09423168607591559,estimated
absdev_rqi_dii__bank_cash_090__exclude_100bp_tail_days,absdev_rqi_dii,exclude_100bp_tail_days,bank_cash_090,abs_peg_dev_bps,825,8,RQI_DII_v1.0,frozen_confirmed_by_researcher,1,robustness_pilot_pending_multi_issuer_source_expansion,market_stress_flag,12.347845215962819,6.659702656414135,1.8541135923043477,0.06408311967897462,0.10192631981070754,0.09423168607591559,estimated
absdev_rqi_dii__bank_cash_090__exclude_100bp_tail_days,absdev_rqi_dii,exclude_100bp_tail_days,bank_cash_090,abs_peg_dev_bps,825,8,RQI_DII_v1.0,frozen_confirmed_by_researcher,1,robustness_pilot_pending_multi_issuer_source_expansion,log_supply,-12.717431640757523,3.3090345519593716,-3.8432453457541498,0.00013083894304344312,0.10192631981070754,0.09423168607591559,estimated
absdev_rqi_dii__bank_cash_090__exclude_100bp_tail_days,absdev_rqi_dii,exclude_100bp_tail_days,bank_cash_090,abs_peg_dev_bps,825,8,RQI_DII_v1.0,frozen_confirmed_by_researcher,1,robustness_pilot_pending_multi_issuer_source_expansion,trend_years,3.5985070034700986,0.9234955072397817,3.8966156037137725,0.00010553251615630366,0.10192631981070754,0.09423168607591559,estimated
tail50_rqi_dii_lpm__bank_cash_090__exclude_100bp_tail_days,tail50_rqi_dii_lpm,exclude_100bp_tail_days,bank_cash_090,tail_depeg_50bp_pct,825,8,RQI_DII_v1.0,frozen_confirmed_by_researcher,1,robustness_pilot_pending_multi_issuer_source_expansion,Intercept,377.5027135435534,299.78602345205434,1.2592405382898997,0.20830310760130133,0.008992812603278999,0.0005019309487171997,estimated
tail50_rqi_dii_lpm__bank_cash_090__exclude_100bp_tail_days,tail50_rqi_dii_lpm,exclude_100bp_tail_days,bank_cash_090,tail_depeg_50bp_pct,825,8,RQI_DII_v1.0,frozen_confirmed_by_researcher,1,robustness_pilot_pending_multi_issuer_source_expansion,rqi_bank_cash_090_10pp,-28.853581610843058,22.415274926964585,-1.287228539683601,0.19837918990669756,0.008992812603278999,0.0005019309487171997,estimated
tail50_rqi_dii_lpm__bank_cash_090__exclude_100bp_tail_days,tail50_rqi_dii_lpm,exclude_100bp_tail_days,bank_cash_090,tail_depeg_50bp_pct,825,8,RQI_DII_v1.0,frozen_confirmed_by_researcher,1,robustness_pilot_pending_multi_issuer_source_expansion,dii_10pp,0.7277271020131189,0.504767375626685,1.4417078780292052,0.14976798838185612,0.008992812603278999,0.0005019309487171997,estimated
tail50_rqi_dii_lpm__bank_cash_090__exclude_100bp_tail_days,tail50_rqi_dii_lpm,exclude_100bp_tail_days,bank_cash_090,tail_depeg_50bp_pct,825,8,RQI_DII_v1.0,frozen_confirmed_by_researcher,1,robustness_pilot_pending_multi_issuer_source_expansion,days_since_disclosure_30d,0.11034726518240262,0.30020160199634366,0.36757720294825946,0.7132837148801099,0.008992812603278999,0.0005019309487171997,estimated
tail50_rqi_dii_lpm__bank_cash_090__exclude_100bp_tail_days,tail50_rqi_dii_lpm,exclude_100bp_tail_days,bank_cash_090,tail_depeg_50bp_pct,825,8,RQI_DII_v1.0,frozen_confirmed_by_researcher,1,robustness_pilot_pending_multi_issuer_source_expansion,stale_disclosure_45d,-0.2633234006553411,0.8648260155571658,-0.304481359161813,0.760838731244633,0.008992812603278999,0.0005019309487171997,estimated
tail50_rqi_dii_lpm__bank_cash_090__exclude_100bp_tail_days,tail50_rqi_dii_lpm,exclude_100bp_tail_days,bank_cash_090,tail_depeg_50bp_pct,825,8,RQI_DII_v1.0,frozen_confirmed_by_researcher,1,robustness_pilot_pending_multi_issuer_source_expansion,market_stress_flag,3.2010673509273335,3.6256808187468943,0.8828872454453077,0.3775568964695821,0.008992812603278999,0.0005019309487171997,estimated
tail50_rqi_dii_lpm__bank_cash_090__exclude_100bp_tail_days,tail50_rqi_dii_lpm,exclude_100bp_tail_days,bank_cash_090,tail_depeg_50bp_pct,825,8,RQI_DII_v1.0,frozen_confirmed_by_researcher,1,robustness_pilot_pending_multi_issuer_source_expansion,log_supply,-4.603871315948947,3.7984060681777274,-1.2120534859396006,0.22584230844663766,0.008992812603278999,0.0005019309487171997,estimated
tail50_rqi_dii_lpm__bank_cash_090__exclude_100bp_tail_days,tail50_rqi_dii_lpm,exclude_100bp_tail_days,bank_cash_090,tail_depeg_50bp_pct,825,8,RQI_DII_v1.0,frozen_confirmed_by_researcher,1,robustness_pilot_pending_multi_issuer_source_expansion,trend_years,1.2482556222797658,0.801220581752714,1.5579425325659235,0.11963413203536,0.008992812603278999,0.0005019309487171997,estimated
absdev_stress_interaction__bank_cash_090__exclude_100bp_tail_days,absdev_stress_interaction,exclude_100bp_tail_days,bank_cash_090,abs_peg_dev_bps,825,10,RQI_DII_v1.0,frozen_confirmed_by_researcher,1,robustness_pilot_pending_multi_issuer_source_expansion,Intercept,516.877715167555,234.25291683288515,2.206494254824127,0.027627595041035624,0.16371034829210107,0.15447524784379307,estimated
absdev_stress_interaction__bank_cash_090__exclude_100bp_tail_days,absdev_stress_interaction,exclude_100bp_tail_days,bank_cash_090,abs_peg_dev_bps,825,10,RQI_DII_v1.0,frozen_confirmed_by_researcher,1,robustness_pilot_pending_multi_issuer_source_expansion,rqi_bank_cash_090_10pp,-26.105326614068893,17.87439244382352,-1.460487493273628,0.1445415207962677,0.16371034829210107,0.15447524784379307,estimated
absdev_stress_interaction__bank_cash_090__exclude_100bp_tail_days,absdev_stress_interaction,exclude_100bp_tail_days,bank_cash_090,abs_peg_dev_bps,825,10,RQI_DII_v1.0,frozen_confirmed_by_researcher,1,robustness_pilot_pending_multi_issuer_source_expansion,dii_10pp,2.397425655284498,0.9167781705098015,2.6150553453419803,0.009086173186612312,0.16371034829210107,0.15447524784379307,estimated
absdev_stress_interaction__bank_cash_090__exclude_100bp_tail_days,absdev_stress_interaction,exclude_100bp_tail_days,bank_cash_090,abs_peg_dev_bps,825,10,RQI_DII_v1.0,frozen_confirmed_by_researcher,1,robustness_pilot_pending_multi_issuer_source_expansion,market_stress_flag,-138.94375386198914,18.279379427631778,-7.601119852677093,8.08242361927114e-14,0.16371034829210107,0.15447524784379307,estimated
absdev_stress_interaction__bank_cash_090__exclude_100bp_tail_days,absdev_stress_interaction,exclude_100bp_tail_days,bank_cash_090,abs_peg_dev_bps,825,10,RQI_DII_v1.0,frozen_confirmed_by_researcher,1,robustness_pilot_pending_multi_issuer_source_expansion,stress_x_bank_cash_090_10pp,1057.54295183908,139.06835933467656,7.604482837782229,7.882583474838611e-14,0.16371034829210107,0.15447524784379307,estimated
absdev_stress_interaction__bank_cash_090__exclude_100bp_tail_days,absdev_stress_interaction,exclude_100bp_tail_days,bank_cash_090,abs_peg_dev_bps,825,10,RQI_DII_v1.0,frozen_confirmed_by_researcher,1,robustness_pilot_pending_multi_issuer_source_expansion,stress_x_dii_10pp,-1167.1275322247227,153.54678717364973,-7.601119852184144,8.08242361927114e-14,0.16371034829210107,0.15447524784379307,estimated
absdev_stress_interaction__bank_cash_090__exclude_100bp_tail_days,absdev_stress_interaction,exclude_100bp_tail_days,bank_cash_090,abs_peg_dev_bps,825,10,RQI_DII_v1.0,frozen_confirmed_by_researcher,1,robustness_pilot_pending_multi_issuer_source_expansion,days_since_disclosure_30d,-0.32831714913526583,0.42685263622495373,-0.7691580683180808,0.4420223227020148,0.16371034829210107,0.15447524784379307,estimated
absdev_stress_interaction__bank_cash_090__exclude_100bp_tail_days,absdev_stress_interaction,exclude_100bp_tail_days,bank_cash_090,abs_peg_dev_bps,825,10,RQI_DII_v1.0,frozen_confirmed_by_researcher,1,robustness_pilot_pending_multi_issuer_source_expansion,stale_disclosure_45d,-0.05509787186432238,1.428817513128506,-0.03856186766893789,0.9692491484260575,0.16371034829210107,0.15447524784379307,estimated
absdev_stress_interaction__bank_cash_090__exclude_100bp_tail_days,absdev_stress_interaction,exclude_100bp_tail_days,bank_cash_090,abs_peg_dev_bps,825,10,RQI_DII_v1.0,frozen_confirmed_by_researcher,1,robustness_pilot_pending_multi_issuer_source_expansion,log_supply,-11.950263292551298,3.0647789243076,-3.8992252256012634,0.00010444229478712153,0.16371034829210107,0.15447524784379307,estimated
absdev_stress_interaction__bank_cash_090__exclude_100bp_tail_days,absdev_stress_interaction,exclude_100bp_tail_days,bank_cash_090,abs_peg_dev_bps,825,10,RQI_DII_v1.0,frozen_confirmed_by_researcher,1,robustness_pilot_pending_multi_issuer_source_expansion,trend_years,3.225931714174769,0.8710699261312587,3.7034130296545955,0.0002270531903758588,0.16371034829210107,0.15447524784379307,estimated
absdev_rqi_dii__repo_090__all_rows_with_variant,absdev_rqi_dii,all_rows_with_variant,repo_090,abs_peg_dev_bps,826,8,RQI_DII_v1.0,frozen_confirmed_by_researcher,1,robustness_pilot_pending_multi_issuer_source_expansion,Intercept,2.751509985006079,73.94313723245125,0.0372111610081717,0.9703257184890894,0.09206724358319085,0.08429764786813254,estimated
absdev_rqi_dii__repo_090__all_rows_with_variant,absdev_rqi_dii,all_rows_with_variant,repo_090,abs_peg_dev_bps,826,8,RQI_DII_v1.0,frozen_confirmed_by_researcher,1,robustness_pilot_pending_multi_issuer_source_expansion,rqi_repo_090_10pp,17.00771392765933,6.369052396666897,2.670368034114454,0.007727220763503517,0.09206724358319085,0.08429764786813254,estimated
absdev_rqi_dii__repo_090__all_rows_with_variant,absdev_rqi_dii,all_rows_with_variant,repo_090,abs_peg_dev_bps,826,8,RQI_DII_v1.0,frozen_confirmed_by_researcher,1,robustness_pilot_pending_multi_issuer_source_expansion,dii_10pp,0.9736210495882257,1.1728691864024705,0.8301190455643255,0.4067136782343659,0.09206724358319085,0.08429764786813254,estimated
absdev_rqi_dii__repo_090__all_rows_with_variant,absdev_rqi_dii,all_rows_with_variant,repo_090,abs_peg_dev_bps,826,8,RQI_DII_v1.0,frozen_confirmed_by_researcher,1,robustness_pilot_pending_multi_issuer_source_expansion,days_since_disclosure_30d,-0.7708152578219667,0.4970643463783899,-1.5507353593918483,0.12135190457430789,0.09206724358319085,0.08429764786813254,estimated
absdev_rqi_dii__repo_090__all_rows_with_variant,absdev_rqi_dii,all_rows_with_variant,repo_090,abs_peg_dev_bps,826,8,RQI_DII_v1.0,frozen_confirmed_by_researcher,1,robustness_pilot_pending_multi_issuer_source_expansion,stale_disclosure_45d,-0.08533296686141519,1.4923818860080518,-0.05717904221530788,0.9544165365649893,0.09206724358319085,0.08429764786813254,estimated
absdev_rqi_dii__repo_090__all_rows_with_variant,absdev_rqi_dii,all_rows_with_variant,repo_090,abs_peg_dev_bps,826,8,RQI_DII_v1.0,frozen_confirmed_by_researcher,1,robustness_pilot_pending_multi_issuer_source_expansion,market_stress_flag,26.15469456253192,16.826497549187348,1.55437544183371,0.12048167912336871,0.09206724358319085,0.08429764786813254,estimated
absdev_rqi_dii__repo_090__all_rows_with_variant,absdev_rqi_dii,all_rows_with_variant,repo_090,abs_peg_dev_bps,826,8,RQI_DII_v1.0,frozen_confirmed_by_researcher,1,robustness_pilot_pending_multi_issuer_source_expansion,log_supply,-6.877759656941865,1.7290490675055021,-3.9777700854171845,7.573014945161383e-05,0.09206724358319085,0.08429764786813254,estimated
absdev_rqi_dii__repo_090__all_rows_with_variant,absdev_rqi_dii,all_rows_with_variant,repo_090,abs_peg_dev_bps,826,8,RQI_DII_v1.0,frozen_confirmed_by_researcher,1,robustness_pilot_pending_multi_issuer_source_expansion,trend_years,3.5097939528360733,1.0126992057173598,3.4657812833474684,0.000556232152248759,0.09206724358319085,0.08429764786813254,estimated
tail50_rqi_dii_lpm__repo_090__all_rows_with_variant,tail50_rqi_dii_lpm,all_rows_with_variant,repo_090,tail_depeg_50bp_pct,826,8,RQI_DII_v1.0,frozen_confirmed_by_researcher,1,robustness_pilot_pending_multi_issuer_source_expansion,Intercept,-39.84282146826794,52.59437857448923,-0.7575490489318872,0.4489391573420418,0.01695465033415744,0.00854228181623462,estimated
tail50_rqi_dii_lpm__repo_090__all_rows_with_variant,tail50_rqi_dii_lpm,all_rows_with_variant,repo_090,tail_depeg_50bp_pct,826,8,RQI_DII_v1.0,frozen_confirmed_by_researcher,1,robustness_pilot_pending_multi_issuer_source_expansion,rqi_repo_090_10pp,4.034862322278217,4.7839154615033275,0.8434225802581964,0.3992387102017765,0.01695465033415744,0.00854228181623462,estimated
tail50_rqi_dii_lpm__repo_090__all_rows_with_variant,tail50_rqi_dii_lpm,all_rows_with_variant,repo_090,tail_depeg_50bp_pct,826,8,RQI_DII_v1.0,frozen_confirmed_by_researcher,1,robustness_pilot_pending_multi_issuer_source_expansion,dii_10pp,0.5393095199658103,0.6106727267815648,0.8831400131591585,0.3774200924338347,0.01695465033415744,0.00854228181623462,estimated
tail50_rqi_dii_lpm__repo_090__all_rows_with_variant,tail50_rqi_dii_lpm,all_rows_with_variant,repo_090,tail_depeg_50bp_pct,826,8,RQI_DII_v1.0,frozen_confirmed_by_researcher,1,robustness_pilot_pending_multi_issuer_source_expansion,days_since_disclosure_30d,-0.03331100143377509,0.27809567652058376,-0.1197825217944714,0.9046848398228149,0.01695465033415744,0.00854228181623462,estimated
tail50_rqi_dii_lpm__repo_090__all_rows_with_variant,tail50_rqi_dii_lpm,all_rows_with_variant,repo_090,tail_depeg_50bp_pct,826,8,RQI_DII_v1.0,frozen_confirmed_by_researcher,1,robustness_pilot_pending_multi_issuer_source_expansion,stale_disclosure_45d,-0.44386857723878814,0.8938457457968564,-0.49658297231485155,0.6196165812774002,0.01695465033415744,0.00854228181623462,estimated
tail50_rqi_dii_lpm__repo_090__all_rows_with_variant,tail50_rqi_dii_lpm,all_rows_with_variant,repo_090,tail_depeg_50bp_pct,826,8,RQI_DII_v1.0,frozen_confirmed_by_researcher,1,robustness_pilot_pending_multi_issuer_source_expansion,market_stress_flag,6.616306895291145,6.5007083361653555,1.0177824558721826,0.30908227830060553,0.01695465033415744,0.00854228181623462,estimated
tail50_rqi_dii_lpm__repo_090__all_rows_with_variant,tail50_rqi_dii_lpm,all_rows_with_variant,repo_090,tail_depeg_50bp_pct,826,8,RQI_DII_v1.0,frozen_confirmed_by_researcher,1,robustness_pilot_pending_multi_issuer_source_expansion,log_supply,-0.0385619304271837,1.0375178868051729,-0.037167484934575334,0.970360532192778,0.01695465033415744,0.00854228181623462,estimated
tail50_rqi_dii_lpm__repo_090__all_rows_with_variant,tail50_rqi_dii_lpm,all_rows_with_variant,repo_090,tail_depeg_50bp_pct,826,8,RQI_DII_v1.0,frozen_confirmed_by_researcher,1,robustness_pilot_pending_multi_issuer_source_expansion,trend_years,0.16922345555584573,0.6425606950132459,0.2633579315839686,0.7923410352686191,0.01695465033415744,0.00854228181623462,estimated
absdev_stress_interaction__repo_090__all_rows_with_variant,absdev_stress_interaction,all_rows_with_variant,repo_090,abs_peg_dev_bps,826,10,RQI_DII_v1.0,frozen_confirmed_by_researcher,1,robustness_pilot_pending_multi_issuer_source_expansion,Intercept,26.278963734480307,70.20977528500276,0.3742920929144984,0.7082842543779382,0.19465156289528807,0.18576904336839783,estimated
absdev_stress_interaction__repo_090__all_rows_with_variant,absdev_stress_interaction,all_rows_with_variant,repo_090,abs_peg_dev_bps,826,10,RQI_DII_v1.0,frozen_confirmed_by_researcher,1,robustness_pilot_pending_multi_issuer_source_expansion,rqi_repo_090_10pp,13.447316860495492,5.800254745515198,2.3184010790031357,0.02067385622973239,0.19465156289528807,0.18576904336839783,estimated
absdev_stress_interaction__repo_090__all_rows_with_variant,absdev_stress_interaction,all_rows_with_variant,repo_090,abs_peg_dev_bps,826,10,RQI_DII_v1.0,frozen_confirmed_by_researcher,1,robustness_pilot_pending_multi_issuer_source_expansion,dii_10pp,1.1238142703708884,1.0856416121104615,1.0351613809148492,0.30090022224809365,0.19465156289528807,0.18576904336839783,estimated
absdev_stress_interaction__repo_090__all_rows_with_variant,absdev_stress_interaction,all_rows_with_variant,repo_090,abs_peg_dev_bps,826,10,RQI_DII_v1.0,frozen_confirmed_by_researcher,1,robustness_pilot_pending_multi_issuer_source_expansion,market_stress_flag,-590.3481988551788,199.66822692303973,-2.956645671435361,0.00319971358197102,0.19465156289528807,0.18576904336839783,estimated
absdev_stress_interaction__repo_090__all_rows_with_variant,absdev_stress_interaction,all_rows_with_variant,repo_090,abs_peg_dev_bps,826,10,RQI_DII_v1.0,frozen_confirmed_by_researcher,1,robustness_pilot_pending_multi_issuer_source_expansion,stress_x_repo_090_10pp,4587.490903692997,1551.5761920999664,2.956664923740612,0.0031995159706743603,0.19465156289528807,0.18576904336839783,estimated
absdev_stress_interaction__repo_090__all_rows_with_variant,absdev_stress_interaction,all_rows_with_variant,repo_090,abs_peg_dev_bps,826,10,RQI_DII_v1.0,frozen_confirmed_by_researcher,1,robustness_pilot_pending_multi_issuer_source_expansion,stress_x_dii_10pp,-4958.924866054686,1677.2131052773796,-2.9566456703989163,0.003199713592609843,0.19465156289528807,0.18576904336839783,estimated
absdev_stress_interaction__repo_090__all_rows_with_variant,absdev_stress_interaction,all_rows_with_variant,repo_090,abs_peg_dev_bps,826,10,RQI_DII_v1.0,frozen_confirmed_by_researcher,1,robustness_pilot_pending_multi_issuer_source_expansion,days_since_disclosure_30d,-0.5285139740032913,0.42699023915006473,-1.2377659382924353,0.21615888363948277,0.19465156289528807,0.18576904336839783,estimated
absdev_stress_interaction__repo_090__all_rows_with_variant,absdev_stress_interaction,all_rows_with_variant,repo_090,abs_peg_dev_bps,826,10,RQI_DII_v1.0,frozen_confirmed_by_researcher,1,robustness_pilot_pending_multi_issuer_source_expansion,stale_disclosure_45d,-0.17207908282576967,1.4556327200114505,-0.11821600357019732,0.9059256030597207,0.19465156289528807,0.18576904336839783,estimated
absdev_stress_interaction__repo_090__all_rows_with_variant,absdev_stress_interaction,all_rows_with_variant,repo_090,abs_peg_dev_bps,826,10,RQI_DII_v1.0,frozen_confirmed_by_researcher,1,robustness_pilot_pending_multi_issuer_source_expansion,log_supply,-6.514259658718842,1.7204532431868822,-3.7863625091328554,0.0001640770518471779,0.19465156289528807,0.18576904336839783,estimated
absdev_stress_interaction__repo_090__all_rows_with_variant,absdev_stress_interaction,all_rows_with_variant,repo_090,abs_peg_dev_bps,826,10,RQI_DII_v1.0,frozen_confirmed_by_researcher,1,robustness_pilot_pending_multi_issuer_source_expansion,trend_years,2.8063640230777964,0.8053541007196967,3.4846336792349066,0.0005190814091982077,0.19465156289528807,0.18576904336839783,estimated
absdev_rqi_dii__repo_090__rqi_available,absdev_rqi_dii,rqi_available,repo_090,abs_peg_dev_bps,826,8,RQI_DII_v1.0,frozen_confirmed_by_researcher,1,robustness_pilot_pending_multi_issuer_source_expansion,Intercept,2.751509985006079,73.94313723245125,0.0372111610081717,0.9703257184890894,0.09206724358319085,0.08429764786813254,estimated
absdev_rqi_dii__repo_090__rqi_available,absdev_rqi_dii,rqi_available,repo_090,abs_peg_dev_bps,826,8,RQI_DII_v1.0,frozen_confirmed_by_researcher,1,robustness_pilot_pending_multi_issuer_source_expansion,rqi_repo_090_10pp,17.00771392765933,6.369052396666897,2.670368034114454,0.007727220763503517,0.09206724358319085,0.08429764786813254,estimated
absdev_rqi_dii__repo_090__rqi_available,absdev_rqi_dii,rqi_available,repo_090,abs_peg_dev_bps,826,8,RQI_DII_v1.0,frozen_confirmed_by_researcher,1,robustness_pilot_pending_multi_issuer_source_expansion,dii_10pp,0.9736210495882257,1.1728691864024705,0.8301190455643255,0.4067136782343659,0.09206724358319085,0.08429764786813254,estimated
absdev_rqi_dii__repo_090__rqi_available,absdev_rqi_dii,rqi_available,repo_090,abs_peg_dev_bps,826,8,RQI_DII_v1.0,frozen_confirmed_by_researcher,1,robustness_pilot_pending_multi_issuer_source_expansion,days_since_disclosure_30d,-0.7708152578219667,0.4970643463783899,-1.5507353593918483,0.12135190457430789,0.09206724358319085,0.08429764786813254,estimated
absdev_rqi_dii__repo_090__rqi_available,absdev_rqi_dii,rqi_available,repo_090,abs_peg_dev_bps,826,8,RQI_DII_v1.0,frozen_confirmed_by_researcher,1,robustness_pilot_pending_multi_issuer_source_expansion,stale_disclosure_45d,-0.08533296686141519,1.4923818860080518,-0.05717904221530788,0.9544165365649893,0.09206724358319085,0.08429764786813254,estimated
absdev_rqi_dii__repo_090__rqi_available,absdev_rqi_dii,rqi_available,repo_090,abs_peg_dev_bps,826,8,RQI_DII_v1.0,frozen_confirmed_by_researcher,1,robustness_pilot_pending_multi_issuer_source_expansion,market_stress_flag,26.15469456253192,16.826497549187348,1.55437544183371,0.12048167912336871,0.09206724358319085,0.08429764786813254,estimated
absdev_rqi_dii__repo_090__rqi_available,absdev_rqi_dii,rqi_available,repo_090,abs_peg_dev_bps,826,8,RQI_DII_v1.0,frozen_confirmed_by_researcher,1,robustness_pilot_pending_multi_issuer_source_expansion,log_supply,-6.877759656941865,1.7290490675055021,-3.9777700854171845,7.573014945161383e-05,0.09206724358319085,0.08429764786813254,estimated
absdev_rqi_dii__repo_090__rqi_available,absdev_rqi_dii,rqi_available,repo_090,abs_peg_dev_bps,826,8,RQI_DII_v1.0,frozen_confirmed_by_researcher,1,robustness_pilot_pending_multi_issuer_source_expansion,trend_years,3.5097939528360733,1.0126992057173598,3.4657812833474684,0.000556232152248759,0.09206724358319085,0.08429764786813254,estimated
tail50_rqi_dii_lpm__repo_090__rqi_available,tail50_rqi_dii_lpm,rqi_available,repo_090,tail_depeg_50bp_pct,826,8,RQI_DII_v1.0,frozen_confirmed_by_researcher,1,robustness_pilot_pending_multi_issuer_source_expansion,Intercept,-39.84282146826794,52.59437857448923,-0.7575490489318872,0.4489391573420418,0.01695465033415744,0.00854228181623462,estimated
tail50_rqi_dii_lpm__repo_090__rqi_available,tail50_rqi_dii_lpm,rqi_available,repo_090,tail_depeg_50bp_pct,826,8,RQI_DII_v1.0,frozen_confirmed_by_researcher,1,robustness_pilot_pending_multi_issuer_source_expansion,rqi_repo_090_10pp,4.034862322278217,4.7839154615033275,0.8434225802581964,0.3992387102017765,0.01695465033415744,0.00854228181623462,estimated
tail50_rqi_dii_lpm__repo_090__rqi_available,tail50_rqi_dii_lpm,rqi_available,repo_090,tail_depeg_50bp_pct,826,8,RQI_DII_v1.0,frozen_confirmed_by_researcher,1,robustness_pilot_pending_multi_issuer_source_expansion,dii_10pp,0.5393095199658103,0.6106727267815648,0.8831400131591585,0.3774200924338347,0.01695465033415744,0.00854228181623462,estimated
tail50_rqi_dii_lpm__repo_090__rqi_available,tail50_rqi_dii_lpm,rqi_available,repo_090,tail_depeg_50bp_pct,826,8,RQI_DII_v1.0,frozen_confirmed_by_researcher,1,robustness_pilot_pending_multi_issuer_source_expansion,days_since_disclosure_30d,-0.03331100143377509,0.27809567652058376,-0.1197825217944714,0.9046848398228149,0.01695465033415744,0.00854228181623462,estimated
tail50_rqi_dii_lpm__repo_090__rqi_available,tail50_rqi_dii_lpm,rqi_available,repo_090,tail_depeg_50bp_pct,826,8,RQI_DII_v1.0,frozen_confirmed_by_researcher,1,robustness_pilot_pending_multi_issuer_source_expansion,stale_disclosure_45d,-0.44386857723878814,0.8938457457968564,-0.49658297231485155,0.6196165812774002,0.01695465033415744,0.00854228181623462,estimated
tail50_rqi_dii_lpm__repo_090__rqi_available,tail50_rqi_dii_lpm,rqi_available,repo_090,tail_depeg_50bp_pct,826,8,RQI_DII_v1.0,frozen_confirmed_by_researcher,1,robustness_pilot_pending_multi_issuer_source_expansion,market_stress_flag,6.616306895291145,6.5007083361653555,1.0177824558721826,0.30908227830060553,0.01695465033415744,0.00854228181623462,estimated
tail50_rqi_dii_lpm__repo_090__rqi_available,tail50_rqi_dii_lpm,rqi_available,repo_090,tail_depeg_50bp_pct,826,8,RQI_DII_v1.0,frozen_confirmed_by_researcher,1,robustness_pilot_pending_multi_issuer_source_expansion,log_supply,-0.0385619304271837,1.0375178868051729,-0.037167484934575334,0.970360532192778,0.01695465033415744,0.00854228181623462,estimated
tail50_rqi_dii_lpm__repo_090__rqi_available,tail50_rqi_dii_lpm,rqi_available,repo_090,tail_depeg_50bp_pct,826,8,RQI_DII_v1.0,frozen_confirmed_by_researcher,1,robustness_pilot_pending_multi_issuer_source_expansion,trend_years,0.16922345555584573,0.6425606950132459,0.2633579315839686,0.7923410352686191,0.01695465033415744,0.00854228181623462,estimated
absdev_stress_interaction__repo_090__rqi_available,absdev_stress_interaction,rqi_available,repo_090,abs_peg_dev_bps,826,10,RQI_DII_v1.0,frozen_confirmed_by_researcher,1,robustness_pilot_pending_multi_issuer_source_expansion,Intercept,26.278963734480307,70.20977528500276,0.3742920929144984,0.7082842543779382,0.19465156289528807,0.18576904336839783,estimated
absdev_stress_interaction__repo_090__rqi_available,absdev_stress_interaction,rqi_available,repo_090,abs_peg_dev_bps,826,10,RQI_DII_v1.0,frozen_confirmed_by_researcher,1,robustness_pilot_pending_multi_issuer_source_expansion,rqi_repo_090_10pp,13.447316860495492,5.800254745515198,2.3184010790031357,0.02067385622973239,0.19465156289528807,0.18576904336839783,estimated
absdev_stress_interaction__repo_090__rqi_available,absdev_stress_interaction,rqi_available,repo_090,abs_peg_dev_bps,826,10,RQI_DII_v1.0,frozen_confirmed_by_researcher,1,robustness_pilot_pending_multi_issuer_source_expansion,dii_10pp,1.1238142703708884,1.0856416121104615,1.0351613809148492,0.30090022224809365,0.19465156289528807,0.18576904336839783,estimated
absdev_stress_interaction__repo_090__rqi_available,absdev_stress_interaction,rqi_available,repo_090,abs_peg_dev_bps,826,10,RQI_DII_v1.0,frozen_confirmed_by_researcher,1,robustness_pilot_pending_multi_issuer_source_expansion,market_stress_flag,-590.3481988551788,199.66822692303973,-2.956645671435361,0.00319971358197102,0.19465156289528807,0.18576904336839783,estimated
absdev_stress_interaction__repo_090__rqi_available,absdev_stress_interaction,rqi_available,repo_090,abs_peg_dev_bps,826,10,RQI_DII_v1.0,frozen_confirmed_by_researcher,1,robustness_pilot_pending_multi_issuer_source_expansion,stress_x_repo_090_10pp,4587.490903692997,1551.5761920999664,2.956664923740612,0.0031995159706743603,0.19465156289528807,0.18576904336839783,estimated
absdev_stress_interaction__repo_090__rqi_available,absdev_stress_interaction,rqi_available,repo_090,abs_peg_dev_bps,826,10,RQI_DII_v1.0,frozen_confirmed_by_researcher,1,robustness_pilot_pending_multi_issuer_source_expansion,stress_x_dii_10pp,-4958.924866054686,1677.2131052773796,-2.9566456703989163,0.003199713592609843,0.19465156289528807,0.18576904336839783,estimated
absdev_stress_interaction__repo_090__rqi_available,absdev_stress_interaction,rqi_available,repo_090,abs_peg_dev_bps,826,10,RQI_DII_v1.0,frozen_confirmed_by_researcher,1,robustness_pilot_pending_multi_issuer_source_expansion,days_since_disclosure_30d,-0.5285139740032913,0.42699023915006473,-1.2377659382924353,0.21615888363948277,0.19465156289528807,0.18576904336839783,estimated
absdev_stress_interaction__repo_090__rqi_available,absdev_stress_interaction,rqi_available,repo_090,abs_peg_dev_bps,826,10,RQI_DII_v1.0,frozen_confirmed_by_researcher,1,robustness_pilot_pending_multi_issuer_source_expansion,stale_disclosure_45d,-0.17207908282576967,1.4556327200114505,-0.11821600357019732,0.9059256030597207,0.19465156289528807,0.18576904336839783,estimated
absdev_stress_interaction__repo_090__rqi_available,absdev_stress_interaction,rqi_available,repo_090,abs_peg_dev_bps,826,10,RQI_DII_v1.0,frozen_confirmed_by_researcher,1,robustness_pilot_pending_multi_issuer_source_expansion,log_supply,-6.514259658718842,1.7204532431868822,-3.7863625091328554,0.0001640770518471779,0.19465156289528807,0.18576904336839783,estimated
absdev_stress_interaction__repo_090__rqi_available,absdev_stress_interaction,rqi_available,repo_090,abs_peg_dev_bps,826,10,RQI_DII_v1.0,frozen_confirmed_by_researcher,1,robustness_pilot_pending_multi_issuer_source_expansion,trend_years,2.8063640230777964,0.8053541007196967,3.4846336792349066,0.0005190814091982077,0.19465156289528807,0.18576904336839783,estimated
absdev_rqi_dii__repo_090__manual_review_free,absdev_rqi_dii,manual_review_free,repo_090,abs_peg_dev_bps,190,6,RQI_DII_v1.0,frozen_confirmed_by_researcher,1,robustness_pilot_pending_multi_issuer_source_expansion,Intercept,-42.55995187189764,75.26911200498861,-0.5654371459713367,0.5724652939993871,0.19298614571954187,0.17105642141844246,estimated
absdev_rqi_dii__repo_090__manual_review_free,absdev_rqi_dii,manual_review_free,repo_090,abs_peg_dev_bps,190,6,RQI_DII_v1.0,frozen_confirmed_by_researcher,1,robustness_pilot_pending_multi_issuer_source_expansion,rqi_repo_090_10pp,-0.6948185611298046,1.8961040678730585,-0.3664453723308618,0.7144537887088394,0.19298614571954187,0.17105642141844246,estimated
absdev_rqi_dii__repo_090__manual_review_free,absdev_rqi_dii,manual_review_free,repo_090,abs_peg_dev_bps,190,6,RQI_DII_v1.0,frozen_confirmed_by_researcher,1,robustness_pilot_pending_multi_issuer_source_expansion,days_since_disclosure_30d,-0.45889255380140453,0.19951188490046148,-2.300076278815925,0.02256605912796328,0.19298614571954187,0.17105642141844246,estimated
absdev_rqi_dii__repo_090__manual_review_free,absdev_rqi_dii,manual_review_free,repo_090,abs_peg_dev_bps,190,6,RQI_DII_v1.0,frozen_confirmed_by_researcher,1,robustness_pilot_pending_multi_issuer_source_expansion,market_stress_flag,2.381734948987083,0.9311340321307203,2.5578862621280662,0.011336786568828305,0.19298614571954187,0.17105642141844246,estimated
absdev_rqi_dii__repo_090__manual_review_free,absdev_rqi_dii,manual_review_free,repo_090,abs_peg_dev_bps,190,6,RQI_DII_v1.0,frozen_confirmed_by_researcher,1,robustness_pilot_pending_multi_issuer_source_expansion,log_supply,1.9749840878942504,2.4851399053448633,0.7947174658644345,0.42780173370098007,0.19298614571954187,0.17105642141844246,estimated
absdev_rqi_dii__repo_090__manual_review_free,absdev_rqi_dii,manual_review_free,repo_090,abs_peg_dev_bps,190,6,RQI_DII_v1.0,frozen_confirmed_by_researcher,1,robustness_pilot_pending_multi_issuer_source_expansion,trend_years,1.4721146113196513,1.2299648931644669,1.1968753088002202,0.23289495931904636,0.19298614571954187,0.17105642141844246,estimated
tail50_rqi_dii_lpm__repo_090__manual_review_free,tail50_rqi_dii_lpm,manual_review_free,repo_090,tail_depeg_50bp_pct,190,6,RQI_DII_v1.0,frozen_confirmed_by_researcher,1,robustness_pilot_pending_multi_issuer_source_expansion,Intercept,0.0,0.0,,,,,estimated
tail50_rqi_dii_lpm__repo_090__manual_review_free,tail50_rqi_dii_lpm,manual_review_free,repo_090,tail_depeg_50bp_pct,190,6,RQI_DII_v1.0,frozen_confirmed_by_researcher,1,robustness_pilot_pending_multi_issuer_source_expansion,rqi_repo_090_10pp,0.0,0.0,,,,,estimated
tail50_rqi_dii_lpm__repo_090__manual_review_free,tail50_rqi_dii_lpm,manual_review_free,repo_090,tail_depeg_50bp_pct,190,6,RQI_DII_v1.0,frozen_confirmed_by_researcher,1,robustness_pilot_pending_multi_issuer_source_expansion,days_since_disclosure_30d,0.0,0.0,,,,,estimated
tail50_rqi_dii_lpm__repo_090__manual_review_free,tail50_rqi_dii_lpm,manual_review_free,repo_090,tail_depeg_50bp_pct,190,6,RQI_DII_v1.0,frozen_confirmed_by_researcher,1,robustness_pilot_pending_multi_issuer_source_expansion,market_stress_flag,0.0,0.0,,,,,estimated
tail50_rqi_dii_lpm__repo_090__manual_review_free,tail50_rqi_dii_lpm,manual_review_free,repo_090,tail_depeg_50bp_pct,190,6,RQI_DII_v1.0,frozen_confirmed_by_researcher,1,robustness_pilot_pending_multi_issuer_source_expansion,log_supply,0.0,0.0,,,,,estimated
tail50_rqi_dii_lpm__repo_090__manual_review_free,tail50_rqi_dii_lpm,manual_review_free,repo_090,tail_depeg_50bp_pct,190,6,RQI_DII_v1.0,frozen_confirmed_by_researcher,1,robustness_pilot_pending_multi_issuer_source_expansion,trend_years,0.0,0.0,,,,,estimated
absdev_stress_interaction__repo_090__manual_review_free,absdev_stress_interaction,manual_review_free,repo_090,abs_peg_dev_bps,190,8,RQI_DII_v1.0,frozen_confirmed_by_researcher,1,robustness_pilot_pending_multi_issuer_source_expansion,Intercept,-42.559951724518584,75.26911285684736,-0.5654371376139693,0.5724728623133495,0.1929861457195422,0.16194715132413995,estimated
absdev_stress_interaction__repo_090__manual_review_free,absdev_stress_interaction,manual_review_free,repo_090,abs_peg_dev_bps,190,8,RQI_DII_v1.0,frozen_confirmed_by_researcher,1,robustness_pilot_pending_multi_issuer_source_expansion,rqi_repo_090_10pp,-0.6948185644630249,1.8961040851349285,-0.3664453707527248,0.7144584128999183,0.1929861457195422,0.16194715132413995,estimated
absdev_stress_interaction__repo_090__manual_review_free,absdev_stress_interaction,manual_review_free,repo_090,abs_peg_dev_bps,190,8,RQI_DII_v1.0,frozen_confirmed_by_researcher,1,robustness_pilot_pending_multi_issuer_source_expansion,market_stress_flag,0.015231932457591623,0.005954889929433772,2.5578864828891925,0.011345764623197585,0.1929861457195422,0.16194715132413995,estimated
absdev_stress_interaction__repo_090__manual_review_free,absdev_stress_interaction,manual_review_free,repo_090,abs_peg_dev_bps,190,8,RQI_DII_v1.0,frozen_confirmed_by_researcher,1,robustness_pilot_pending_multi_issuer_source_expansion,stress_x_repo_090_10pp,0.14027010657717076,0.05483825331542258,2.5578879358238336,0.011345718902411761,0.1929861457195422,0.16194715132413995,estimated
absdev_stress_interaction__repo_090__manual_review_free,absdev_stress_interaction,manual_review_free,repo_090,abs_peg_dev_bps,190,8,RQI_DII_v1.0,frozen_confirmed_by_researcher,1,robustness_pilot_pending_multi_issuer_source_expansion,stress_x_dii_10pp,0.12794806141651377,0.05002105219531282,2.55788424675527,0.011345834989933579,0.1929861457195422,0.16194715132413995,estimated
absdev_stress_interaction__repo_090__manual_review_free,absdev_stress_interaction,manual_review_free,repo_090,abs_peg_dev_bps,190,8,RQI_DII_v1.0,frozen_confirmed_by_researcher,1,robustness_pilot_pending_multi_issuer_source_expansion,days_since_disclosure_30d,-0.4588925537219013,0.1995118850139622,-2.300076277108941,0.0225784853970028,0.1929861457195422,0.16194715132413995,estimated
absdev_stress_interaction__repo_090__manual_review_free,absdev_stress_interaction,manual_review_free,repo_090,abs_peg_dev_bps,190,8,RQI_DII_v1.0,frozen_confirmed_by_researcher,1,robustness_pilot_pending_multi_issuer_source_expansion,log_supply,1.974984083219637,2.485139931264234,0.7947174556947094,0.42781297784487426,0.1929861457195422,0.16194715132413995,estimated
absdev_stress_interaction__repo_090__manual_review_free,absdev_stress_interaction,manual_review_free,repo_090,abs_peg_dev_bps,190,8,RQI_DII_v1.0,frozen_confirmed_by_researcher,1,robustness_pilot_pending_multi_issuer_source_expansion,trend_years,1.4721146088813857,1.2299649068817662,1.1968752934695694,0.23291186107984996,0.1929861457195422,0.16194715132413995,estimated
absdev_rqi_dii__repo_090__non_stress_rows,absdev_rqi_dii,non_stress_rows,repo_090,abs_peg_dev_bps,800,7,RQI_DII_v1.0,frozen_confirmed_by_researcher,1,robustness_pilot_pending_multi_issuer_source_expansion,Intercept,42.95288232756195,66.4339994868312,0.646549698337464,0.5181104999004396,0.08072045257346994,0.07376499572030581,estimated
absdev_rqi_dii__repo_090__non_stress_rows,absdev_rqi_dii,non_stress_rows,repo_090,abs_peg_dev_bps,800,7,RQI_DII_v1.0,frozen_confirmed_by_researcher,1,robustness_pilot_pending_multi_issuer_source_expansion,rqi_repo_090_10pp,13.034334261414816,5.71236694536988,2.2817746804553067,0.022766825865263796,0.08072045257346994,0.07376499572030581,estimated
absdev_rqi_dii__repo_090__non_stress_rows,absdev_rqi_dii,non_stress_rows,repo_090,abs_peg_dev_bps,800,7,RQI_DII_v1.0,frozen_confirmed_by_researcher,1,robustness_pilot_pending_multi_issuer_source_expansion,dii_10pp,1.2886262278372125,1.0896148208580587,1.182643814281486,0.23730480060260728,0.08072045257346994,0.07376499572030581,estimated
absdev_rqi_dii__repo_090__non_stress_rows,absdev_rqi_dii,non_stress_rows,repo_090,abs_peg_dev_bps,800,7,RQI_DII_v1.0,frozen_confirmed_by_researcher,1,robustness_pilot_pending_multi_issuer_source_expansion,days_since_disclosure_30d,-0.44622429743987096,0.4217031453279507,-1.0581478994965774,0.2903102352252205,0.08072045257346994,0.07376499572030581,estimated
absdev_rqi_dii__repo_090__non_stress_rows,absdev_rqi_dii,non_stress_rows,repo_090,abs_peg_dev_bps,800,7,RQI_DII_v1.0,frozen_confirmed_by_researcher,1,robustness_pilot_pending_multi_issuer_source_expansion,stale_disclosure_45d,-0.2858515286082321,1.4467373354587654,-0.19758357070227098,0.8434215240298029,0.08072045257346994,0.07376499572030581,estimated
absdev_rqi_dii__repo_090__non_stress_rows,absdev_rqi_dii,non_stress_rows,repo_090,abs_peg_dev_bps,800,7,RQI_DII_v1.0,frozen_confirmed_by_researcher,1,robustness_pilot_pending_multi_issuer_source_expansion,log_supply,-7.097033092278522,1.6294298005122743,-4.3555316651550715,1.501604997145023e-05,0.08072045257346994,0.07376499572030581,estimated
absdev_rqi_dii__repo_090__non_stress_rows,absdev_rqi_dii,non_stress_rows,repo_090,abs_peg_dev_bps,800,7,RQI_DII_v1.0,frozen_confirmed_by_researcher,1,robustness_pilot_pending_multi_issuer_source_expansion,trend_years,2.682910499319256,0.7962011255318939,3.369639169408314,0.0007890353361845737,0.08072045257346994,0.07376499572030581,estimated
tail50_rqi_dii_lpm__repo_090__non_stress_rows,tail50_rqi_dii_lpm,non_stress_rows,repo_090,tail_depeg_50bp_pct,800,7,RQI_DII_v1.0,frozen_confirmed_by_researcher,1,robustness_pilot_pending_multi_issuer_source_expansion,Intercept,-21.6234550857091,49.42078065433045,-0.43753770781065887,0.6618405718040532,0.0020026858713915185,-0.005548365685697609,estimated
tail50_rqi_dii_lpm__repo_090__non_stress_rows,tail50_rqi_dii_lpm,non_stress_rows,repo_090,tail_depeg_50bp_pct,800,7,RQI_DII_v1.0,frozen_confirmed_by_researcher,1,robustness_pilot_pending_multi_issuer_source_expansion,rqi_repo_090_10pp,2.6745360522504544,4.615182875503845,0.5795081418000088,0.5624109437879667,0.0020026858713915185,-0.005548365685697609,estimated
tail50_rqi_dii_lpm__repo_090__non_stress_rows,tail50_rqi_dii_lpm,non_stress_rows,repo_090,tail_depeg_50bp_pct,800,7,RQI_DII_v1.0,frozen_confirmed_by_researcher,1,robustness_pilot_pending_multi_issuer_source_expansion,dii_10pp,0.6949237316501742,0.5896432641898316,1.1785494278561761,0.23893115352020433,0.0020026858713915185,-0.005548365685697609,estimated
tail50_rqi_dii_lpm__repo_090__non_stress_rows,tail50_rqi_dii_lpm,non_stress_rows,repo_090,tail_depeg_50bp_pct,800,7,RQI_DII_v1.0,frozen_confirmed_by_researcher,1,robustness_pilot_pending_multi_issuer_source_expansion,days_since_disclosure_30d,0.08847432352711622,0.266132574538461,0.33244454828783115,0.7396414622208436,0.0020026858713915185,-0.005548365685697609,estimated
tail50_rqi_dii_lpm__repo_090__non_stress_rows,tail50_rqi_dii_lpm,non_stress_rows,repo_090,tail_depeg_50bp_pct,800,7,RQI_DII_v1.0,frozen_confirmed_by_researcher,1,robustness_pilot_pending_multi_issuer_source_expansion,stale_disclosure_45d,-0.5294297854964907,0.893478228364682,-0.5925491732076079,0.553651825246648,0.0020026858713915185,-0.005548365685697609,estimated
tail50_rqi_dii_lpm__repo_090__non_stress_rows,tail50_rqi_dii_lpm,non_stress_rows,repo_090,tail_depeg_50bp_pct,800,7,RQI_DII_v1.0,frozen_confirmed_by_researcher,1,robustness_pilot_pending_multi_issuer_source_expansion,log_supply,-0.313458693963546,1.003466603492499,-0.3123758108865544,0.7548370529135642,0.0020026858713915185,-0.005548365685697609,estimated
tail50_rqi_dii_lpm__repo_090__non_stress_rows,tail50_rqi_dii_lpm,non_stress_rows,repo_090,tail_depeg_50bp_pct,800,7,RQI_DII_v1.0,frozen_confirmed_by_researcher,1,robustness_pilot_pending_multi_issuer_source_expansion,trend_years,-0.12635269133800442,0.5920392402600619,-0.2134194538904248,0.8310546639144505,0.0020026858713915185,-0.005548365685697609,estimated
absdev_stress_interaction__repo_090__non_stress_rows,absdev_stress_interaction,non_stress_rows,repo_090,abs_peg_dev_bps,800,7,RQI_DII_v1.0,frozen_confirmed_by_researcher,1,robustness_pilot_pending_multi_issuer_source_expansion,Intercept,42.95288232756195,66.4339994868312,0.646549698337464,0.5181104999004396,0.08072045257346994,0.07376499572030581,estimated
absdev_stress_interaction__repo_090__non_stress_rows,absdev_stress_interaction,non_stress_rows,repo_090,abs_peg_dev_bps,800,7,RQI_DII_v1.0,frozen_confirmed_by_researcher,1,robustness_pilot_pending_multi_issuer_source_expansion,rqi_repo_090_10pp,13.034334261414816,5.71236694536988,2.2817746804553067,0.022766825865263796,0.08072045257346994,0.07376499572030581,estimated
absdev_stress_interaction__repo_090__non_stress_rows,absdev_stress_interaction,non_stress_rows,repo_090,abs_peg_dev_bps,800,7,RQI_DII_v1.0,frozen_confirmed_by_researcher,1,robustness_pilot_pending_multi_issuer_source_expansion,dii_10pp,1.2886262278372125,1.0896148208580587,1.182643814281486,0.23730480060260728,0.08072045257346994,0.07376499572030581,estimated
absdev_stress_interaction__repo_090__non_stress_rows,absdev_stress_interaction,non_stress_rows,repo_090,abs_peg_dev_bps,800,7,RQI_DII_v1.0,frozen_confirmed_by_researcher,1,robustness_pilot_pending_multi_issuer_source_expansion,days_since_disclosure_30d,-0.44622429743987096,0.4217031453279507,-1.0581478994965774,0.2903102352252205,0.08072045257346994,0.07376499572030581,estimated
absdev_stress_interaction__repo_090__non_stress_rows,absdev_stress_interaction,non_stress_rows,repo_090,abs_peg_dev_bps,800,7,RQI_DII_v1.0,frozen_confirmed_by_researcher,1,robustness_pilot_pending_multi_issuer_source_expansion,stale_disclosure_45d,-0.2858515286082321,1.4467373354587654,-0.19758357070227098,0.8434215240298029,0.08072045257346994,0.07376499572030581,estimated
absdev_stress_interaction__repo_090__non_stress_rows,absdev_stress_interaction,non_stress_rows,repo_090,abs_peg_dev_bps,800,7,RQI_DII_v1.0,frozen_confirmed_by_researcher,1,robustness_pilot_pending_multi_issuer_source_expansion,log_supply,-7.097033092278522,1.6294298005122743,-4.3555316651550715,1.501604997145023e-05,0.08072045257346994,0.07376499572030581,estimated
absdev_stress_interaction__repo_090__non_stress_rows,absdev_stress_interaction,non_stress_rows,repo_090,abs_peg_dev_bps,800,7,RQI_DII_v1.0,frozen_confirmed_by_researcher,1,robustness_pilot_pending_multi_issuer_source_expansion,trend_years,2.682910499319256,0.7962011255318939,3.369639169408314,0.0007890353361845737,0.08072045257346994,0.07376499572030581,estimated
absdev_rqi_dii__repo_090__stress_rows_diagnostic,absdev_rqi_dii,stress_rows_diagnostic,repo_090,abs_peg_dev_bps,26,5,RQI_DII_v1.0,frozen_confirmed_by_researcher,1,robustness_pilot_pending_multi_issuer_source_expansion,Intercept,-77.09394009215721,55.79571472609013,-1.3817179414337353,0.18158229598707476,0.20156478536207278,0.049481887335800834,estimated
absdev_rqi_dii__repo_090__stress_rows_diagnostic,absdev_rqi_dii,stress_rows_diagnostic,repo_090,abs_peg_dev_bps,26,5,RQI_DII_v1.0,frozen_confirmed_by_researcher,1,robustness_pilot_pending_multi_issuer_source_expansion,rqi_repo_090_10pp,-697.9459838105777,508.84677466053523,-1.3716230868834638,0.18465904809763778,0.20156478536207278,0.049481887335800834,estimated
absdev_rqi_dii__repo_090__stress_rows_diagnostic,absdev_rqi_dii,stress_rows_diagnostic,repo_090,abs_peg_dev_bps,26,5,RQI_DII_v1.0,frozen_confirmed_by_researcher,1,robustness_pilot_pending_multi_issuer_source_expansion,days_since_disclosure_30d,-67.2752965595901,33.8451545505458,-1.9877379037852612,0.060035821773610776,0.20156478536207278,0.049481887335800834,estimated
absdev_rqi_dii__repo_090__stress_rows_diagnostic,absdev_rqi_dii,stress_rows_diagnostic,repo_090,abs_peg_dev_bps,26,5,RQI_DII_v1.0,frozen_confirmed_by_researcher,1,robustness_pilot_pending_multi_issuer_source_expansion,log_supply,258.4761612246,191.3924360272876,1.3505035339418952,0.191229672567782,0.20156478536207278,0.049481887335800834,estimated
absdev_rqi_dii__repo_090__stress_rows_diagnostic,absdev_rqi_dii,stress_rows_diagnostic,repo_090,abs_peg_dev_bps,26,5,RQI_DII_v1.0,frozen_confirmed_by_researcher,1,robustness_pilot_pending_multi_issuer_source_expansion,trend_years,255.3339663623039,89.8569581995059,2.8415603140648926,0.00977303637877558,0.20156478536207278,0.049481887335800834,estimated
tail50_rqi_dii_lpm__repo_090__stress_rows_diagnostic,tail50_rqi_dii_lpm,stress_rows_diagnostic,repo_090,tail_depeg_50bp_pct,26,5,RQI_DII_v1.0,frozen_confirmed_by_researcher,1,robustness_pilot_pending_multi_issuer_source_expansion,Intercept,-53.07212029873908,28.162926992881868,-1.8844674884877188,0.07341949342789422,0.2333497037919593,0.08732107594280858,estimated
tail50_rqi_dii_lpm__repo_090__stress_rows_diagnostic,tail50_rqi_dii_lpm,stress_rows_diagnostic,repo_090,tail_depeg_50bp_pct,26,5,RQI_DII_v1.0,frozen_confirmed_by_researcher,1,robustness_pilot_pending_multi_issuer_source_expansion,rqi_repo_090_10pp,-482.8664939683098,256.8665686592184,-1.8798339405892972,0.074077141406512,0.2333497037919593,0.08732107594280858,estimated
tail50_rqi_dii_lpm__repo_090__stress_rows_diagnostic,tail50_rqi_dii_lpm,stress_rows_diagnostic,repo_090,tail_depeg_50bp_pct,26,5,RQI_DII_v1.0,frozen_confirmed_by_researcher,1,robustness_pilot_pending_multi_issuer_source_expansion,days_since_disclosure_30d,-32.754092369687804,14.448093076736889,-2.2670183667646566,0.03406993029727712,0.2333497037919593,0.08732107594280858,estimated
tail50_rqi_dii_lpm__repo_090__stress_rows_diagnostic,tail50_rqi_dii_lpm,stress_rows_diagnostic,repo_090,tail_depeg_50bp_pct,26,5,RQI_DII_v1.0,frozen_confirmed_by_researcher,1,robustness_pilot_pending_multi_issuer_source_expansion,log_supply,180.64979454267763,96.60381034153839,1.8700069273044042,0.07548901211285997,0.2333497037919593,0.08732107594280858,estimated
tail50_rqi_dii_lpm__repo_090__stress_rows_diagnostic,tail50_rqi_dii_lpm,stress_rows_diagnostic,repo_090,tail_depeg_50bp_pct,26,5,RQI_DII_v1.0,frozen_confirmed_by_researcher,1,robustness_pilot_pending_multi_issuer_source_expansion,trend_years,112.36550511130244,44.50104880875258,2.5250080193436273,0.019683556676302283,0.2333497037919593,0.08732107594280858,estimated
absdev_stress_interaction__repo_090__stress_rows_diagnostic,absdev_stress_interaction,stress_rows_diagnostic,repo_090,abs_peg_dev_bps,26,6,RQI_DII_v1.0,frozen_confirmed_by_researcher,1,robustness_pilot_pending_multi_issuer_source_expansion,Intercept,-39.29925965873003,28.241101972319278,-1.3915625423274731,0.1793403190634626,0.2015647853620749,0.00195598170259359,estimated
absdev_stress_interaction__repo_090__stress_rows_diagnostic,absdev_stress_interaction,stress_rows_diagnostic,repo_090,abs_peg_dev_bps,26,6,RQI_DII_v1.0,frozen_confirmed_by_researcher,1,robustness_pilot_pending_multi_issuer_source_expansion,rqi_repo_090_10pp,-351.03180279658704,255.9243905060551,-1.3716230879849716,0.18537360415569193,0.2015647853620749,0.00195598170259359,estimated
absdev_stress_interaction__repo_090__stress_rows_diagnostic,absdev_stress_interaction,stress_rows_diagnostic,repo_090,abs_peg_dev_bps,26,6,RQI_DII_v1.0,frozen_confirmed_by_researcher,1,robustness_pilot_pending_multi_issuer_source_expansion,stress_x_repo_090_10pp,-351.03180279661535,255.9243905049812,-1.3716230879908378,0.18537360415389337,0.2015647853620749,0.00195598170259359,estimated
absdev_stress_interaction__repo_090__stress_rows_diagnostic,absdev_stress_interaction,stress_rows_diagnostic,repo_090,abs_peg_dev_bps,26,6,RQI_DII_v1.0,frozen_confirmed_by_researcher,1,robustness_pilot_pending_multi_issuer_source_expansion,days_since_disclosure_30d,-67.28784809708031,33.853392294265745,-1.9876249774968007,0.06071885503399255,0.2015647853620749,0.00195598170259359,estimated
absdev_stress_interaction__repo_090__stress_rows_diagnostic,absdev_stress_interaction,stress_rows_diagnostic,repo_090,abs_peg_dev_bps,26,6,RQI_DII_v1.0,frozen_confirmed_by_researcher,1,robustness_pilot_pending_multi_issuer_source_expansion,log_supply,258.47616123411535,191.39243588564048,1.350503534991102,0.19193898940774412,0.2015647853620749,0.00195598170259359,estimated
absdev_stress_interaction__repo_090__stress_rows_diagnostic,absdev_stress_interaction,stress_rows_diagnostic,repo_090,abs_peg_dev_bps,26,6,RQI_DII_v1.0,frozen_confirmed_by_researcher,1,robustness_pilot_pending_multi_issuer_source_expansion,trend_years,255.4867813415093,89.96370930086933,2.839887142570727,0.010121811709299822,0.2015647853620749,0.00195598170259359,estimated
absdev_rqi_dii__repo_090__exclude_100bp_tail_days,absdev_rqi_dii,exclude_100bp_tail_days,repo_090,abs_peg_dev_bps,825,8,RQI_DII_v1.0,frozen_confirmed_by_researcher,1,robustness_pilot_pending_multi_issuer_source_expansion,Intercept,37.77147194616415,66.9485040539991,0.5641869445760664,0.5727817545048142,0.10527474495163291,0.09760880029393582,estimated
absdev_rqi_dii__repo_090__exclude_100bp_tail_days,absdev_rqi_dii,exclude_100bp_tail_days,repo_090,abs_peg_dev_bps,825,8,RQI_DII_v1.0,frozen_confirmed_by_researcher,1,robustness_pilot_pending_multi_issuer_source_expansion,rqi_repo_090_10pp,14.442541998470816,5.940621514088048,2.4311500007567655,0.015265085988909854,0.10527474495163291,0.09760880029393582,estimated
absdev_rqi_dii__repo_090__exclude_100bp_tail_days,absdev_rqi_dii,exclude_100bp_tail_days,repo_090,abs_peg_dev_bps,825,8,RQI_DII_v1.0,frozen_confirmed_by_researcher,1,robustness_pilot_pending_multi_issuer_source_expansion,dii_10pp,1.2730022902492462,1.1213491516183955,1.1352416759864454,0.256607002624067,0.10527474495163291,0.09760880029393582,estimated
absdev_rqi_dii__repo_090__exclude_100bp_tail_days,absdev_rqi_dii,exclude_100bp_tail_days,repo_090,abs_peg_dev_bps,825,8,RQI_DII_v1.0,frozen_confirmed_by_researcher,1,robustness_pilot_pending_multi_issuer_source_expansion,days_since_disclosure_30d,-0.527919826629794,0.4250494194424296,-1.2420198745884832,0.21458563944499587,0.10527474495163291,0.09760880029393582,estimated
absdev_rqi_dii__repo_090__exclude_100bp_tail_days,absdev_rqi_dii,exclude_100bp_tail_days,repo_090,abs_peg_dev_bps,825,8,RQI_DII_v1.0,frozen_confirmed_by_researcher,1,robustness_pilot_pending_multi_issuer_source_expansion,stale_disclosure_45d,-0.27761678349436597,1.450609339591401,-0.19137942650539078,0.8482758877913736,0.10527474495163291,0.09760880029393582,estimated
absdev_rqi_dii__repo_090__exclude_100bp_tail_days,absdev_rqi_dii,exclude_100bp_tail_days,repo_090,abs_peg_dev_bps,825,8,RQI_DII_v1.0,frozen_confirmed_by_researcher,1,robustness_pilot_pending_multi_issuer_source_expansion,market_stress_flag,11.690720752513439,6.593085288656397,1.7731790566440386,0.07657154360994745,0.10527474495163291,0.09760880029393582,estimated
absdev_rqi_dii__repo_090__exclude_100bp_tail_days,absdev_rqi_dii,exclude_100bp_tail_days,repo_090,abs_peg_dev_bps,825,8,RQI_DII_v1.0,frozen_confirmed_by_researcher,1,robustness_pilot_pending_multi_issuer_source_expansion,log_supply,-7.425665057755743,1.6631103676772698,-4.464926202177767,9.135346608069028e-06,0.10527474495163291,0.09760880029393582,estimated
absdev_rqi_dii__repo_090__exclude_100bp_tail_days,absdev_rqi_dii,exclude_100bp_tail_days,repo_090,abs_peg_dev_bps,825,8,RQI_DII_v1.0,frozen_confirmed_by_researcher,1,robustness_pilot_pending_multi_issuer_source_expansion,trend_years,2.9490035901539797,0.8128232750973109,3.6280993427518746,0.0003032499178134973,0.10527474495163291,0.09760880029393582,estimated
tail50_rqi_dii_lpm__repo_090__exclude_100bp_tail_days,tail50_rqi_dii_lpm,exclude_100bp_tail_days,repo_090,tail_depeg_50bp_pct,825,8,RQI_DII_v1.0,frozen_confirmed_by_researcher,1,robustness_pilot_pending_multi_issuer_source_expansion,Intercept,-30.858042320202475,50.773639183479794,-0.6077571514756175,0.5435174440473838,0.0054256402297718775,-0.0030958047131797173,estimated
tail50_rqi_dii_lpm__repo_090__exclude_100bp_tail_days,tail50_rqi_dii_lpm,exclude_100bp_tail_days,repo_090,tail_depeg_50bp_pct,825,8,RQI_DII_v1.0,frozen_confirmed_by_researcher,1,robustness_pilot_pending_multi_issuer_source_expansion,rqi_repo_090_10pp,3.3767375849737125,4.689274780615422,0.7200980413714524,0.4716705888876902,0.0054256402297718775,-0.0030958047131797173,estimated
tail50_rqi_dii_lpm__repo_090__exclude_100bp_tail_days,tail50_rqi_dii_lpm,exclude_100bp_tail_days,repo_090,tail_depeg_50bp_pct,825,8,RQI_DII_v1.0,frozen_confirmed_by_researcher,1,robustness_pilot_pending_multi_issuer_source_expansion,dii_10pp,0.6161192644197171,0.5967789902213065,1.032407766552302,0.30218664547926455,0.0054256402297718775,-0.0030958047131797173,estimated
tail50_rqi_dii_lpm__repo_090__exclude_100bp_tail_days,tail50_rqi_dii_lpm,exclude_100bp_tail_days,repo_090,tail_depeg_50bp_pct,825,8,RQI_DII_v1.0,frozen_confirmed_by_researcher,1,robustness_pilot_pending_multi_issuer_source_expansion,days_since_disclosure_30d,0.02900665080210421,0.26716770003473406,0.10857094925147427,0.9135694620625714,0.0054256402297718775,-0.0030958047131797173,estimated
tail50_rqi_dii_lpm__repo_090__exclude_100bp_tail_days,tail50_rqi_dii_lpm,exclude_100bp_tail_days,repo_090,tail_depeg_50bp_pct,825,8,RQI_DII_v1.0,frozen_confirmed_by_researcher,1,robustness_pilot_pending_multi_issuer_source_expansion,stale_disclosure_45d,-0.4932012302670471,0.891540771659045,-0.5532009818791145,0.5802771348373206,0.0054256402297718775,-0.0030958047131797173,estimated
tail50_rqi_dii_lpm__repo_090__exclude_100bp_tail_days,tail50_rqi_dii_lpm,exclude_100bp_tail_days,repo_090,tail_depeg_50bp_pct,825,8,RQI_DII_v1.0,frozen_confirmed_by_researcher,1,robustness_pilot_pending_multi_issuer_source_expansion,market_stress_flag,2.9054059301244797,3.663341046596312,0.7931027696217239,0.42794820610562945,0.0054256402297718775,-0.0030958047131797173,estimated
tail50_rqi_dii_lpm__repo_090__exclude_100bp_tail_days,tail50_rqi_dii_lpm,exclude_100bp_tail_days,repo_090,tail_depeg_50bp_pct,825,8,RQI_DII_v1.0,frozen_confirmed_by_researcher,1,robustness_pilot_pending_multi_issuer_source_expansion,log_supply,-0.17913344285481503,1.010231315782159,-0.1773192337797638,0.8593015942337294,0.0054256402297718775,-0.0030958047131797173,estimated
tail50_rqi_dii_lpm__repo_090__exclude_100bp_tail_days,tail50_rqi_dii_lpm,exclude_100bp_tail_days,repo_090,tail_depeg_50bp_pct,825,8,RQI_DII_v1.0,frozen_confirmed_by_researcher,1,robustness_pilot_pending_multi_issuer_source_expansion,trend_years,0.025346155771824197,0.6074033997727173,0.04172870250859381,0.9667251679777609,0.0054256402297718775,-0.0030958047131797173,estimated
absdev_stress_interaction__repo_090__exclude_100bp_tail_days,absdev_stress_interaction,exclude_100bp_tail_days,repo_090,abs_peg_dev_bps,825,10,RQI_DII_v1.0,frozen_confirmed_by_researcher,1,robustness_pilot_pending_multi_issuer_source_expansion,Intercept,46.95377729098126,67.26878698160432,0.6980024376509344,0.48537476184608774,0.16643144305369284,0.1572263915045925,estimated
absdev_stress_interaction__repo_090__exclude_100bp_tail_days,absdev_stress_interaction,exclude_100bp_tail_days,repo_090,abs_peg_dev_bps,825,10,RQI_DII_v1.0,frozen_confirmed_by_researcher,1,robustness_pilot_pending_multi_issuer_source_expansion,rqi_repo_090_10pp,12.934687985525885,5.778669264108721,2.238350629592725,0.025467491778728313,0.16643144305369284,0.1572263915045925,estimated
absdev_stress_interaction__repo_090__exclude_100bp_tail_days,absdev_stress_interaction,exclude_100bp_tail_days,repo_090,abs_peg_dev_bps,825,10,RQI_DII_v1.0,frozen_confirmed_by_researcher,1,robustness_pilot_pending_multi_issuer_source_expansion,dii_10pp,1.3283393600331959,1.0936527554949116,1.2145896888744008,0.22487441243280037,0.16643144305369284,0.1572263915045925,estimated
absdev_stress_interaction__repo_090__exclude_100bp_tail_days,absdev_stress_interaction,exclude_100bp_tail_days,repo_090,abs_peg_dev_bps,825,10,RQI_DII_v1.0,frozen_confirmed_by_researcher,1,robustness_pilot_pending_multi_issuer_source_expansion,market_stress_flag,-268.412367337686,36.471523162439304,-7.359505281482572,4.511946372076636e-13,0.16643144305369284,0.1572263915045925,estimated
absdev_stress_interaction__repo_090__exclude_100bp_tail_days,absdev_stress_interaction,exclude_100bp_tail_days,repo_090,abs_peg_dev_bps,825,10,RQI_DII_v1.0,frozen_confirmed_by_researcher,1,robustness_pilot_pending_multi_issuer_source_expansion,stress_x_repo_090_10pp,2085.830889301325,283.3592517275312,7.361082712439509,4.4630965589931293e-13,0.16643144305369284,0.1572263915045925,estimated
absdev_stress_interaction__repo_090__exclude_100bp_tail_days,absdev_stress_interaction,exclude_100bp_tail_days,repo_090,abs_peg_dev_bps,825,10,RQI_DII_v1.0,frozen_confirmed_by_researcher,1,robustness_pilot_pending_multi_issuer_source_expansion,stress_x_dii_10pp,-2254.6638831508976,306.36079442629716,-7.35950527668877,4.511946372076636e-13,0.16643144305369284,0.1572263915045925,estimated
absdev_stress_interaction__repo_090__exclude_100bp_tail_days,absdev_stress_interaction,exclude_100bp_tail_days,repo_090,abs_peg_dev_bps,825,10,RQI_DII_v1.0,frozen_confirmed_by_researcher,1,robustness_pilot_pending_multi_issuer_source_expansion,days_since_disclosure_30d,-0.4282594433086546,0.4212992827983385,-1.0165207034393355,0.3096831602107868,0.16643144305369284,0.1572263915045925,estimated
absdev_stress_interaction__repo_090__exclude_100bp_tail_days,absdev_stress_interaction,exclude_100bp_tail_days,repo_090,abs_peg_dev_bps,825,10,RQI_DII_v1.0,frozen_confirmed_by_researcher,1,robustness_pilot_pending_multi_issuer_source_expansion,stale_disclosure_45d,-0.3087393325577355,1.4445878385055944,-0.21372139812357965,0.8308177776015557,0.16643144305369284,0.1572263915045925,estimated
absdev_stress_interaction__repo_090__exclude_100bp_tail_days,absdev_stress_interaction,exclude_100bp_tail_days,repo_090,abs_peg_dev_bps,825,10,RQI_DII_v1.0,frozen_confirmed_by_researcher,1,robustness_pilot_pending_multi_issuer_source_expansion,log_supply,-7.236684970397362,1.638144214431518,-4.417611652652141,1.1326733416749946e-05,0.16643144305369284,0.1572263915045925,estimated
absdev_stress_interaction__repo_090__exclude_100bp_tail_days,absdev_stress_interaction,exclude_100bp_tail_days,repo_090,abs_peg_dev_bps,825,10,RQI_DII_v1.0,frozen_confirmed_by_researcher,1,robustness_pilot_pending_multi_issuer_source_expansion,trend_years,2.6534316394614823,0.7955737938431114,3.335242638704542,0.0008907818488372854,0.16643144305369284,0.1572263915045925,estimated
