event_id,event_date,date,relative_day,in_window_3d,in_window_7d,pre_3d,post_3d,pre_7d,post_7d,event_day,price_usd,peg_dev_bps,abs_peg_dev_bps,tail_depeg_50bp,tail_depeg_100bp,market_stress_flag,market_stress_types,circulating_face_usd,event_pilot_rqi,event_pilot_dii,event_has_rqi,event_has_dii,event_manual_review_required,event_stress_regime_disclosure,overlap_risk_7d_window,overlap_risk_14d_window,classification_status,rule_version,rule_status,provisional_flag,provisional_reason
USDC_ASSURANCE_2022_01,2022-02-25,2022-02-11,-14,0,0,0,0,0,0,0,1.0019474373,19.474373,19.474373,0.0,0.0,0,normal,46075497320.0,,0.6275,0,1,1,normal,0,0,rules_frozen_source_review_required,RQI_DII_v1.0,frozen_confirmed_by_researcher,1,event_classification_and_source_expansion_pending
USDC_ASSURANCE_2022_01,2022-02-25,2022-02-12,-13,0,0,0,0,0,0,0,1.0003195479,3.1954789999999997,3.1954789999999997,0.0,0.0,0,normal,46328988440.0,,0.6275,0,1,1,normal,0,0,rules_frozen_source_review_required,RQI_DII_v1.0,frozen_confirmed_by_researcher,1,event_classification_and_source_expansion_pending
USDC_ASSURANCE_2022_01,2022-02-25,2022-02-13,-12,0,0,0,0,0,0,0,1.0008991098,8.991098,8.991098,0.0,0.0,0,normal,46329711058.0,,0.6275,0,1,1,normal,0,0,rules_frozen_source_review_required,RQI_DII_v1.0,frozen_confirmed_by_researcher,1,event_classification_and_source_expansion_pending
USDC_ASSURANCE_2022_01,2022-02-25,2022-02-14,-11,0,0,0,0,0,0,0,1.0002074575,2.0745750000000003,2.0745750000000003,0.0,0.0,0,normal,46409299749.0,,0.6275,0,1,1,normal,0,0,rules_frozen_source_review_required,RQI_DII_v1.0,frozen_confirmed_by_researcher,1,event_classification_and_source_expansion_pending
USDC_ASSURANCE_2022_01,2022-02-25,2022-02-15,-10,0,0,0,0,0,0,0,0.9999529954,-0.470046,0.470046,0.0,0.0,0,normal,46490992459.0,,0.6275,0,1,1,normal,0,0,rules_frozen_source_review_required,RQI_DII_v1.0,frozen_confirmed_by_researcher,1,event_classification_and_source_expansion_pending
USDC_ASSURANCE_2022_01,2022-02-25,2022-02-16,-9,0,0,0,0,0,0,0,1.0000372537,0.372537,0.372537,0.0,0.0,0,normal,46571012140.0,,0.6275,0,1,1,normal,0,0,rules_frozen_source_review_required,RQI_DII_v1.0,frozen_confirmed_by_researcher,1,event_classification_and_source_expansion_pending
USDC_ASSURANCE_2022_01,2022-02-25,2022-02-17,-8,0,0,0,0,0,0,0,0.9989945015,-10.054985,10.054985,0.0,0.0,0,normal,46652480244.0,,0.6275,0,1,1,normal,0,0,rules_frozen_source_review_required,RQI_DII_v1.0,frozen_confirmed_by_researcher,1,event_classification_and_source_expansion_pending
USDC_ASSURANCE_2022_01,2022-02-25,2022-02-18,-7,0,1,0,0,1,0,0,0.9993043308,-6.956691999999999,6.956691999999999,0.0,0.0,0,normal,46408032810.0,,0.6275,0,1,1,normal,0,0,rules_frozen_source_review_required,RQI_DII_v1.0,frozen_confirmed_by_researcher,1,event_classification_and_source_expansion_pending
USDC_ASSURANCE_2022_01,2022-02-25,2022-02-19,-6,0,1,0,0,1,0,0,1.0007035124,7.035124000000001,7.035124000000001,0.0,0.0,0,normal,46478101159.0,,0.6275,0,1,1,normal,0,0,rules_frozen_source_review_required,RQI_DII_v1.0,frozen_confirmed_by_researcher,1,event_classification_and_source_expansion_pending
USDC_ASSURANCE_2022_01,2022-02-25,2022-02-20,-5,0,1,0,0,1,0,0,1.0024519527,24.519527,24.519527,0.0,0.0,0,normal,46508916076.0,,0.6275,0,1,1,normal,0,0,rules_frozen_source_review_required,RQI_DII_v1.0,frozen_confirmed_by_researcher,1,event_classification_and_source_expansion_pending
USDC_ASSURANCE_2022_01,2022-02-25,2022-02-21,-4,0,1,0,0,1,0,0,1.0016246907,16.246907,16.246907,0.0,0.0,0,normal,46547773207.0,,0.6275,0,1,1,normal,0,0,rules_frozen_source_review_required,RQI_DII_v1.0,frozen_confirmed_by_researcher,1,event_classification_and_source_expansion_pending
USDC_ASSURANCE_2022_01,2022-02-25,2022-02-22,-3,1,1,1,0,1,0,0,1.0016619796,16.619796,16.619796,0.0,0.0,0,normal,46588984173.0,,0.6275,0,1,1,normal,0,0,rules_frozen_source_review_required,RQI_DII_v1.0,frozen_confirmed_by_researcher,1,event_classification_and_source_expansion_pending
USDC_ASSURANCE_2022_01,2022-02-25,2022-02-23,-2,1,1,1,0,1,0,0,0.9997218294,-2.781706,2.781706,0.0,0.0,0,normal,46766228554.0,,0.6275,0,1,1,normal,0,0,rules_frozen_source_review_required,RQI_DII_v1.0,frozen_confirmed_by_researcher,1,event_classification_and_source_expansion_pending
USDC_ASSURANCE_2022_01,2022-02-25,2022-02-24,-1,1,1,1,0,1,0,0,1.0004966672,4.966672,4.966672,0.0,0.0,0,normal,46920192948.0,,0.6275,0,1,1,normal,0,0,rules_frozen_source_review_required,RQI_DII_v1.0,frozen_confirmed_by_researcher,1,event_classification_and_source_expansion_pending
USDC_ASSURANCE_2022_01,2022-02-25,2022-02-25,0,1,1,0,1,0,1,1,1.0008244235,8.244235,8.244235,0.0,0.0,0,normal,47192138526.0,,0.6275,0,1,1,normal,0,0,rules_frozen_source_review_required,RQI_DII_v1.0,frozen_confirmed_by_researcher,1,event_classification_and_source_expansion_pending
USDC_ASSURANCE_2022_01,2022-02-25,2022-02-26,1,1,1,0,1,0,1,0,1.0013726671,13.726671,13.726671,0.0,0.0,0,normal,47237970956.0,,0.6275,0,1,1,normal,0,0,rules_frozen_source_review_required,RQI_DII_v1.0,frozen_confirmed_by_researcher,1,event_classification_and_source_expansion_pending
USDC_ASSURANCE_2022_01,2022-02-25,2022-02-27,2,1,1,0,1,0,1,0,1.0025797639,25.797639,25.797639,0.0,0.0,0,normal,47319988124.0,,0.6275,0,1,1,normal,0,0,rules_frozen_source_review_required,RQI_DII_v1.0,frozen_confirmed_by_researcher,1,event_classification_and_source_expansion_pending
USDC_ASSURANCE_2022_01,2022-02-25,2022-02-28,3,1,1,0,1,0,1,0,1.0024356061,24.356061,24.356061,0.0,0.0,0,normal,47350370373.0,,0.6275,0,1,1,normal,0,0,rules_frozen_source_review_required,RQI_DII_v1.0,frozen_confirmed_by_researcher,1,event_classification_and_source_expansion_pending
USDC_ASSURANCE_2022_01,2022-02-25,2022-03-01,4,0,1,0,0,0,1,0,1.0005005775,5.005775000000001,5.005775000000001,0.0,0.0,0,normal,47454720712.0,,0.6275,0,1,1,normal,0,0,rules_frozen_source_review_required,RQI_DII_v1.0,frozen_confirmed_by_researcher,1,event_classification_and_source_expansion_pending
USDC_ASSURANCE_2022_01,2022-02-25,2022-03-02,5,0,1,0,0,0,1,0,1.0005139116,5.1391160000000005,5.1391160000000005,0.0,0.0,0,normal,47504755161.0,,0.6275,0,1,1,normal,0,0,rules_frozen_source_review_required,RQI_DII_v1.0,frozen_confirmed_by_researcher,1,event_classification_and_source_expansion_pending
USDC_ASSURANCE_2022_01,2022-02-25,2022-03-03,6,0,1,0,0,0,1,0,0.9996553709,-3.4462909999999995,3.4462909999999995,0.0,0.0,0,normal,47520491381.0,,0.6275,0,1,1,normal,0,0,rules_frozen_source_review_required,RQI_DII_v1.0,frozen_confirmed_by_researcher,1,event_classification_and_source_expansion_pending
USDC_ASSURANCE_2022_01,2022-02-25,2022-03-04,7,0,1,0,0,0,1,0,0.9993073172,-6.9268279999999995,6.9268279999999995,0.0,0.0,0,normal,47132514871.0,,0.6275,0,1,1,normal,0,0,rules_frozen_source_review_required,RQI_DII_v1.0,frozen_confirmed_by_researcher,1,event_classification_and_source_expansion_pending
USDC_ASSURANCE_2022_01,2022-02-25,2022-03-05,8,0,0,0,0,0,0,0,1.0001582515,1.582515,1.582515,0.0,0.0,0,normal,46869192817.0,,0.6275,0,1,1,normal,0,0,rules_frozen_source_review_required,RQI_DII_v1.0,frozen_confirmed_by_researcher,1,event_classification_and_source_expansion_pending
USDC_ASSURANCE_2022_01,2022-02-25,2022-03-06,9,0,0,0,0,0,0,0,1.0011706273,11.706273,11.706273,0.0,0.0,0,normal,46879802162.0,,0.6275,0,1,1,normal,0,0,rules_frozen_source_review_required,RQI_DII_v1.0,frozen_confirmed_by_researcher,1,event_classification_and_source_expansion_pending
USDC_ASSURANCE_2022_01,2022-02-25,2022-03-07,10,0,0,0,0,0,0,0,0.9999293399,-0.706601,0.706601,0.0,0.0,0,normal,46699223662.0,,0.6275,0,1,1,normal,0,0,rules_frozen_source_review_required,RQI_DII_v1.0,frozen_confirmed_by_researcher,1,event_classification_and_source_expansion_pending
USDC_ASSURANCE_2022_01,2022-02-25,2022-03-08,11,0,0,0,0,0,0,0,0.998568696,-14.313039999999999,14.313039999999999,0.0,0.0,0,normal,46761347092.0,,0.6275,0,1,1,normal,0,0,rules_frozen_source_review_required,RQI_DII_v1.0,frozen_confirmed_by_researcher,1,event_classification_and_source_expansion_pending
USDC_ASSURANCE_2022_01,2022-02-25,2022-03-09,12,0,0,0,0,0,0,0,1.0000849056,0.849056,0.849056,0.0,0.0,0,normal,46673089910.0,,0.6275,0,1,1,normal,0,0,rules_frozen_source_review_required,RQI_DII_v1.0,frozen_confirmed_by_researcher,1,event_classification_and_source_expansion_pending
USDC_ASSURANCE_2022_01,2022-02-25,2022-03-10,13,0,0,0,0,0,0,0,0.9999741333,-0.25866700000000004,0.25866700000000004,0.0,0.0,0,normal,46593516901.0,,0.6275,0,1,1,normal,0,0,rules_frozen_source_review_required,RQI_DII_v1.0,frozen_confirmed_by_researcher,1,event_classification_and_source_expansion_pending
USDC_ASSURANCE_2022_01,2022-02-25,2022-03-11,14,0,0,0,0,0,0,0,1.000323085,3.2308499999999998,3.2308499999999998,0.0,0.0,0,normal,46821257773.0,,0.6275,0,1,1,normal,0,0,rules_frozen_source_review_required,RQI_DII_v1.0,frozen_confirmed_by_researcher,1,event_classification_and_source_expansion_pending
USDC_ASSURANCE_2022_02,2022-03-31,2022-03-17,-14,0,0,0,0,0,0,0,0.9999267675,-0.732325,0.732325,0.0,0.0,0,normal,46758297907.0,,0.5675,0,1,1,normal,0,0,rules_frozen_source_review_required,RQI_DII_v1.0,frozen_confirmed_by_researcher,1,event_classification_and_source_expansion_pending
USDC_ASSURANCE_2022_02,2022-03-31,2022-03-18,-13,0,0,0,0,0,0,0,1.000661743,6.61743,6.61743,0.0,0.0,0,normal,46941136001.0,,0.5675,0,1,1,normal,0,0,rules_frozen_source_review_required,RQI_DII_v1.0,frozen_confirmed_by_researcher,1,event_classification_and_source_expansion_pending
USDC_ASSURANCE_2022_02,2022-03-31,2022-03-19,-12,0,0,0,0,0,0,0,1.0001809569,1.809569,1.809569,0.0,0.0,0,normal,47141172431.0,,0.5675,0,1,1,normal,0,0,rules_frozen_source_review_required,RQI_DII_v1.0,frozen_confirmed_by_researcher,1,event_classification_and_source_expansion_pending
USDC_ASSURANCE_2022_02,2022-03-31,2022-03-20,-11,0,0,0,0,0,0,0,0.9998901532,-1.098468,1.098468,0.0,0.0,0,normal,47162949224.0,,0.5675,0,1,1,normal,0,0,rules_frozen_source_review_required,RQI_DII_v1.0,frozen_confirmed_by_researcher,1,event_classification_and_source_expansion_pending
USDC_ASSURANCE_2022_02,2022-03-31,2022-03-21,-10,0,0,0,0,0,0,0,0.9995387481,-4.612519,4.612519,0.0,0.0,0,normal,47233882363.0,,0.5675,0,1,1,normal,0,0,rules_frozen_source_review_required,RQI_DII_v1.0,frozen_confirmed_by_researcher,1,event_classification_and_source_expansion_pending
USDC_ASSURANCE_2022_02,2022-03-31,2022-03-22,-9,0,0,0,0,0,0,0,0.9990389697,-9.610303,9.610303,0.0,0.0,0,normal,47306126558.0,,0.5675,0,1,1,normal,0,0,rules_frozen_source_review_required,RQI_DII_v1.0,frozen_confirmed_by_researcher,1,event_classification_and_source_expansion_pending
USDC_ASSURANCE_2022_02,2022-03-31,2022-03-23,-8,0,0,0,0,0,0,0,0.9995525569,-4.474431,4.474431,0.0,0.0,0,normal,46886198056.0,,0.5675,0,1,1,normal,0,0,rules_frozen_source_review_required,RQI_DII_v1.0,frozen_confirmed_by_researcher,1,event_classification_and_source_expansion_pending
USDC_ASSURANCE_2022_02,2022-03-31,2022-03-24,-7,0,1,0,0,1,0,0,0.9988846681,-11.153319000000002,11.153319000000002,0.0,0.0,0,normal,46740907186.0,,0.5675,0,1,1,normal,0,0,rules_frozen_source_review_required,RQI_DII_v1.0,frozen_confirmed_by_researcher,1,event_classification_and_source_expansion_pending
USDC_ASSURANCE_2022_02,2022-03-31,2022-03-25,-6,0,1,0,0,1,0,0,1.0002616764,2.616764,2.616764,0.0,0.0,0,normal,46813974752.0,,0.5675,0,1,1,normal,0,0,rules_frozen_source_review_required,RQI_DII_v1.0,frozen_confirmed_by_researcher,1,event_classification_and_source_expansion_pending
USDC_ASSURANCE_2022_02,2022-03-31,2022-03-26,-5,0,1,0,0,1,0,0,0.9991693697,-8.306303,8.306303,0.0,0.0,0,normal,46449330311.0,,0.5675,0,1,1,normal,0,0,rules_frozen_source_review_required,RQI_DII_v1.0,frozen_confirmed_by_researcher,1,event_classification_and_source_expansion_pending
USDC_ASSURANCE_2022_02,2022-03-31,2022-03-27,-4,0,1,0,0,1,0,0,0.9992760087,-7.239913,7.239913,0.0,0.0,0,normal,46497609181.0,,0.5675,0,1,1,normal,0,0,rules_frozen_source_review_required,RQI_DII_v1.0,frozen_confirmed_by_researcher,1,event_classification_and_source_expansion_pending
USDC_ASSURANCE_2022_02,2022-03-31,2022-03-28,-3,1,1,1,0,1,0,0,1.0006601159,6.601159000000001,6.601159000000001,0.0,0.0,0,normal,46592888956.0,,0.5675,0,1,1,normal,0,0,rules_frozen_source_review_required,RQI_DII_v1.0,frozen_confirmed_by_researcher,1,event_classification_and_source_expansion_pending
USDC_ASSURANCE_2022_02,2022-03-31,2022-03-29,-2,1,1,1,0,1,0,0,0.9993075321,-6.924678999999999,6.924678999999999,0.0,0.0,0,normal,46437092820.0,,0.5675,0,1,1,normal,0,0,rules_frozen_source_review_required,RQI_DII_v1.0,frozen_confirmed_by_researcher,1,event_classification_and_source_expansion_pending
USDC_ASSURANCE_2022_02,2022-03-31,2022-03-30,-1,1,1,1,0,1,0,0,1.001090889,10.908890000000001,10.908890000000001,0.0,0.0,0,normal,46431588190.0,,0.5675,0,1,1,normal,0,0,rules_frozen_source_review_required,RQI_DII_v1.0,frozen_confirmed_by_researcher,1,event_classification_and_source_expansion_pending
USDC_ASSURANCE_2022_02,2022-03-31,2022-03-31,0,1,1,0,1,0,1,1,1.0078603676,78.603676,78.603676,1.0,0.0,0,normal,46166774793.0,,0.5675,0,1,1,normal,0,0,rules_frozen_source_review_required,RQI_DII_v1.0,frozen_confirmed_by_researcher,1,event_classification_and_source_expansion_pending
USDC_ASSURANCE_2022_02,2022-03-31,2022-04-01,1,1,1,0,1,0,1,0,1.0075398704,75.398704,75.398704,1.0,0.0,0,normal,45987956449.0,,0.5675,0,1,1,normal,0,0,rules_frozen_source_review_required,RQI_DII_v1.0,frozen_confirmed_by_researcher,1,event_classification_and_source_expansion_pending
USDC_ASSURANCE_2022_02,2022-03-31,2022-04-02,2,1,1,0,1,0,1,0,1.0055911087,55.911086999999995,55.911086999999995,1.0,0.0,0,normal,46128563368.0,,0.5675,0,1,1,normal,0,0,rules_frozen_source_review_required,RQI_DII_v1.0,frozen_confirmed_by_researcher,1,event_classification_and_source_expansion_pending
USDC_ASSURANCE_2022_02,2022-03-31,2022-04-03,3,1,1,0,1,0,1,0,1.0032681375,32.681375,32.681375,0.0,0.0,0,normal,46057808267.0,,0.5675,0,1,1,normal,0,0,rules_frozen_source_review_required,RQI_DII_v1.0,frozen_confirmed_by_researcher,1,event_classification_and_source_expansion_pending
USDC_ASSURANCE_2022_02,2022-03-31,2022-04-04,4,0,1,0,0,0,1,0,1.0010914974,10.914974,10.914974,0.0,0.0,0,normal,45937237659.0,,0.5675,0,1,1,normal,0,0,rules_frozen_source_review_required,RQI_DII_v1.0,frozen_confirmed_by_researcher,1,event_classification_and_source_expansion_pending
USDC_ASSURANCE_2022_02,2022-03-31,2022-04-05,5,0,1,0,0,0,1,0,1.0004016879,4.016879,4.016879,0.0,0.0,0,normal,45848038602.0,,0.5675,0,1,1,normal,0,0,rules_frozen_source_review_required,RQI_DII_v1.0,frozen_confirmed_by_researcher,1,event_classification_and_source_expansion_pending
USDC_ASSURANCE_2022_02,2022-03-31,2022-04-06,6,0,1,0,0,0,1,0,0.997993631,-20.06369,20.06369,0.0,0.0,0,normal,45661374934.0,,0.5675,0,1,1,normal,0,0,rules_frozen_source_review_required,RQI_DII_v1.0,frozen_confirmed_by_researcher,1,event_classification_and_source_expansion_pending
USDC_ASSURANCE_2022_02,2022-03-31,2022-04-07,7,0,1,0,0,0,1,0,1.0014919605,14.919605,14.919605,0.0,0.0,0,normal,45456530851.0,,0.5675,0,1,1,normal,0,0,rules_frozen_source_review_required,RQI_DII_v1.0,frozen_confirmed_by_researcher,1,event_classification_and_source_expansion_pending
USDC_ASSURANCE_2022_02,2022-03-31,2022-04-08,8,0,0,0,0,0,0,0,0.9965315375,-34.684625,34.684625,0.0,0.0,0,normal,45343742654.0,,0.5675,0,1,1,normal,0,0,rules_frozen_source_review_required,RQI_DII_v1.0,frozen_confirmed_by_researcher,1,event_classification_and_source_expansion_pending
USDC_ASSURANCE_2022_02,2022-03-31,2022-04-09,9,0,0,0,0,0,0,0,0.9983373653,-16.626347000000003,16.626347000000003,0.0,0.0,0,normal,45342330870.0,,0.5675,0,1,1,normal,0,0,rules_frozen_source_review_required,RQI_DII_v1.0,frozen_confirmed_by_researcher,1,event_classification_and_source_expansion_pending
USDC_ASSURANCE_2022_02,2022-03-31,2022-04-10,10,0,0,0,0,0,0,0,1.0013035145,13.035145,13.035145,0.0,0.0,0,normal,45391418347.0,,0.5675,0,1,1,normal,0,0,rules_frozen_source_review_required,RQI_DII_v1.0,frozen_confirmed_by_researcher,1,event_classification_and_source_expansion_pending
USDC_ASSURANCE_2022_02,2022-03-31,2022-04-11,11,0,0,0,0,0,0,0,0.9977366828,-22.633172,22.633172,0.0,0.0,0,normal,45387306216.0,,0.5675,0,1,1,normal,0,0,rules_frozen_source_review_required,RQI_DII_v1.0,frozen_confirmed_by_researcher,1,event_classification_and_source_expansion_pending
USDC_ASSURANCE_2022_02,2022-03-31,2022-04-12,12,0,0,0,0,0,0,0,0.9978439586,-21.560414,21.560414,0.0,0.0,0,normal,45271230729.0,,0.5675,0,1,1,normal,0,0,rules_frozen_source_review_required,RQI_DII_v1.0,frozen_confirmed_by_researcher,1,event_classification_and_source_expansion_pending
USDC_ASSURANCE_2022_02,2022-03-31,2022-04-13,13,0,0,0,0,0,0,0,0.9975094854,-24.905146,24.905146,0.0,0.0,0,normal,45062575768.0,,0.5675,0,1,1,normal,0,0,rules_frozen_source_review_required,RQI_DII_v1.0,frozen_confirmed_by_researcher,1,event_classification_and_source_expansion_pending
USDC_ASSURANCE_2022_02,2022-03-31,2022-04-14,14,0,0,0,0,0,0,0,1.0000578524,0.578524,0.578524,0.0,0.0,0,normal,44774379975.0,,0.5675,0,1,1,normal,0,0,rules_frozen_source_review_required,RQI_DII_v1.0,frozen_confirmed_by_researcher,1,event_classification_and_source_expansion_pending
USDC_ASSURANCE_2022_03,2022-04-29,2022-04-15,-14,0,0,0,0,0,0,0,0.9994327863,-5.672137,5.672137,0.0,0.0,0,normal,44696278849.0,,0.6275,0,1,1,normal,0,1,rules_frozen_source_review_required,RQI_DII_v1.0,frozen_confirmed_by_researcher,1,event_classification_and_source_expansion_pending
USDC_ASSURANCE_2022_03,2022-04-29,2022-04-16,-13,0,0,0,0,0,0,0,0.9999587068,-0.412932,0.412932,0.0,0.0,0,normal,44615980686.0,,0.6275,0,1,1,normal,0,1,rules_frozen_source_review_required,RQI_DII_v1.0,frozen_confirmed_by_researcher,1,event_classification_and_source_expansion_pending
USDC_ASSURANCE_2022_03,2022-04-29,2022-04-17,-12,0,0,0,0,0,0,0,0.9978280022,-21.719978,21.719978,0.0,0.0,0,normal,44690559740.0,,0.6275,0,1,1,normal,0,1,rules_frozen_source_review_required,RQI_DII_v1.0,frozen_confirmed_by_researcher,1,event_classification_and_source_expansion_pending
USDC_ASSURANCE_2022_03,2022-04-29,2022-04-18,-11,0,0,0,0,0,0,0,0.9998454945,-1.5450549999999998,1.5450549999999998,0.0,0.0,0,normal,44576665345.0,,0.6275,0,1,1,normal,0,1,rules_frozen_source_review_required,RQI_DII_v1.0,frozen_confirmed_by_researcher,1,event_classification_and_source_expansion_pending
USDC_ASSURANCE_2022_03,2022-04-29,2022-04-19,-10,0,0,0,0,0,0,0,0.9991704091,-8.295909,8.295909,0.0,0.0,0,normal,44335198422.0,,0.6275,0,1,1,normal,0,1,rules_frozen_source_review_required,RQI_DII_v1.0,frozen_confirmed_by_researcher,1,event_classification_and_source_expansion_pending
USDC_ASSURANCE_2022_03,2022-04-29,2022-04-20,-9,0,0,0,0,0,0,0,0.9994108245,-5.891755,5.891755,0.0,0.0,0,normal,44398089857.0,,0.6275,0,1,1,normal,0,1,rules_frozen_source_review_required,RQI_DII_v1.0,frozen_confirmed_by_researcher,1,event_classification_and_source_expansion_pending
USDC_ASSURANCE_2022_03,2022-04-29,2022-04-21,-8,0,0,0,0,0,0,0,0.9988019644,-11.980356,11.980356,0.0,0.0,0,normal,44376323863.0,,0.6275,0,1,1,normal,0,1,rules_frozen_source_review_required,RQI_DII_v1.0,frozen_confirmed_by_researcher,1,event_classification_and_source_expansion_pending
USDC_ASSURANCE_2022_03,2022-04-29,2022-04-22,-7,0,1,0,0,1,0,0,0.9993429689,-6.570311,6.570311,0.0,0.0,0,normal,44320188909.0,,0.6275,0,1,1,normal,0,1,rules_frozen_source_review_required,RQI_DII_v1.0,frozen_confirmed_by_researcher,1,event_classification_and_source_expansion_pending
USDC_ASSURANCE_2022_03,2022-04-29,2022-04-23,-6,0,1,0,0,1,0,0,0.9994630212,-5.369788,5.369788,0.0,0.0,0,normal,44372176289.0,,0.6275,0,1,1,normal,0,1,rules_frozen_source_review_required,RQI_DII_v1.0,frozen_confirmed_by_researcher,1,event_classification_and_source_expansion_pending
USDC_ASSURANCE_2022_03,2022-04-29,2022-04-24,-5,0,1,0,0,1,0,0,1.001052106,10.521059999999999,10.521059999999999,0.0,0.0,0,normal,44318975895.0,,0.6275,0,1,1,normal,0,1,rules_frozen_source_review_required,RQI_DII_v1.0,frozen_confirmed_by_researcher,1,event_classification_and_source_expansion_pending
USDC_ASSURANCE_2022_03,2022-04-29,2022-04-25,-4,0,1,0,0,1,0,0,0.999203836,-7.96164,7.96164,0.0,0.0,0,normal,44201071284.0,,0.6275,0,1,1,normal,0,1,rules_frozen_source_review_required,RQI_DII_v1.0,frozen_confirmed_by_researcher,1,event_classification_and_source_expansion_pending
USDC_ASSURANCE_2022_03,2022-04-29,2022-04-26,-3,1,1,1,0,1,0,0,0.9994745287,-5.254713,5.254713,0.0,0.0,0,normal,44290485857.0,,0.6275,0,1,1,normal,0,1,rules_frozen_source_review_required,RQI_DII_v1.0,frozen_confirmed_by_researcher,1,event_classification_and_source_expansion_pending
USDC_ASSURANCE_2022_03,2022-04-29,2022-04-27,-2,1,1,1,0,1,0,0,0.9979337197,-20.662803,20.662803,0.0,0.0,0,normal,44083324373.0,,0.6275,0,1,1,normal,0,1,rules_frozen_source_review_required,RQI_DII_v1.0,frozen_confirmed_by_researcher,1,event_classification_and_source_expansion_pending
USDC_ASSURANCE_2022_03,2022-04-29,2022-04-28,-1,1,1,1,0,1,0,0,0.9975890704,-24.109295999999997,24.109295999999997,0.0,0.0,0,normal,44088115344.0,,0.6275,0,1,1,normal,0,1,rules_frozen_source_review_required,RQI_DII_v1.0,frozen_confirmed_by_researcher,1,event_classification_and_source_expansion_pending
USDC_ASSURANCE_2022_03,2022-04-29,2022-04-29,0,1,1,0,1,0,1,1,0.9985310296,-14.689703999999999,14.689703999999999,0.0,0.0,0,normal,43919043423.0,,0.6275,0,1,1,normal,0,1,rules_frozen_source_review_required,RQI_DII_v1.0,frozen_confirmed_by_researcher,1,event_classification_and_source_expansion_pending
USDC_ASSURANCE_2022_03,2022-04-29,2022-04-30,1,1,1,0,1,0,1,0,0.9973827292,-26.172708,26.172708,0.0,0.0,0,normal,43862120654.0,,0.6275,0,1,1,normal,0,1,rules_frozen_source_review_required,RQI_DII_v1.0,frozen_confirmed_by_researcher,1,event_classification_and_source_expansion_pending
USDC_ASSURANCE_2022_03,2022-04-29,2022-05-01,2,1,1,0,1,0,1,0,0.9979603621,-20.396379,20.396379,0.0,0.0,0,normal,43809890055.0,,0.6275,0,1,1,normal,0,1,rules_frozen_source_review_required,RQI_DII_v1.0,frozen_confirmed_by_researcher,1,event_classification_and_source_expansion_pending
USDC_ASSURANCE_2022_03,2022-04-29,2022-05-02,3,1,1,0,1,0,1,0,0.9982434801,-17.565199,17.565199,0.0,0.0,0,normal,43788216532.0,,0.6275,0,1,1,normal,0,1,rules_frozen_source_review_required,RQI_DII_v1.0,frozen_confirmed_by_researcher,1,event_classification_and_source_expansion_pending
USDC_ASSURANCE_2022_03,2022-04-29,2022-05-03,4,0,1,0,0,0,1,0,0.9983558256,-16.441744,16.441744,0.0,0.0,0,normal,43557751683.0,,0.6275,0,1,1,normal,0,1,rules_frozen_source_review_required,RQI_DII_v1.0,frozen_confirmed_by_researcher,1,event_classification_and_source_expansion_pending
USDC_ASSURANCE_2022_03,2022-04-29,2022-05-04,5,0,1,0,0,0,1,0,0.9984317941,-15.682058999999999,15.682058999999999,0.0,0.0,0,normal,43414954391.0,,0.6275,0,1,1,normal,0,1,rules_frozen_source_review_required,RQI_DII_v1.0,frozen_confirmed_by_researcher,1,event_classification_and_source_expansion_pending
USDC_ASSURANCE_2022_03,2022-04-29,2022-05-05,6,0,1,0,0,0,1,0,0.999947671,-0.52329,0.52329,0.0,0.0,0,normal,43346941726.0,,0.6275,0,1,1,normal,0,1,rules_frozen_source_review_required,RQI_DII_v1.0,frozen_confirmed_by_researcher,1,event_classification_and_source_expansion_pending
USDC_ASSURANCE_2022_03,2022-04-29,2022-05-06,7,0,1,0,0,0,1,0,0.9992701839,-7.298161,7.298161,0.0,0.0,0,normal,43151563877.0,,0.6275,0,1,1,normal,0,1,rules_frozen_source_review_required,RQI_DII_v1.0,frozen_confirmed_by_researcher,1,event_classification_and_source_expansion_pending
USDC_ASSURANCE_2022_03,2022-04-29,2022-05-07,8,0,0,0,0,0,0,0,0.9970394903,-29.605096999999997,29.605096999999997,0.0,0.0,1,crypto_native_stress,43140795861.0,,0.6275,0,1,1,normal,0,1,rules_frozen_source_review_required,RQI_DII_v1.0,frozen_confirmed_by_researcher,1,event_classification_and_source_expansion_pending
USDC_ASSURANCE_2022_03,2022-04-29,2022-05-08,9,0,0,0,0,0,0,0,0.9972543032,-27.456968,27.456968,0.0,0.0,1,crypto_native_stress,43178304490.0,,0.6275,0,1,1,normal,0,1,rules_frozen_source_review_required,RQI_DII_v1.0,frozen_confirmed_by_researcher,1,event_classification_and_source_expansion_pending
USDC_ASSURANCE_2022_03,2022-04-29,2022-05-09,10,0,0,0,0,0,0,0,0.9992029244,-7.970756000000001,7.970756000000001,0.0,0.0,1,crypto_native_stress,43055013549.0,,0.6275,0,1,1,normal,0,1,rules_frozen_source_review_required,RQI_DII_v1.0,frozen_confirmed_by_researcher,1,event_classification_and_source_expansion_pending
USDC_ASSURANCE_2022_03,2022-04-29,2022-05-10,11,0,0,0,0,0,0,0,0.9992029244,-7.970756000000001,7.970756000000001,0.0,0.0,1,crypto_native_stress,42974483042.0,,0.6275,0,1,1,normal,0,1,rules_frozen_source_review_required,RQI_DII_v1.0,frozen_confirmed_by_researcher,1,event_classification_and_source_expansion_pending
USDC_ASSURANCE_2022_03,2022-04-29,2022-05-11,12,0,0,0,0,0,0,0,1.0,0.0,0.0,0.0,0.0,1,crypto_native_stress,42974483042.0,,0.6275,0,1,1,normal,0,1,rules_frozen_source_review_required,RQI_DII_v1.0,frozen_confirmed_by_researcher,1,event_classification_and_source_expansion_pending
USDC_ASSURANCE_2022_03,2022-04-29,2022-05-12,13,0,0,0,0,0,0,0,1.0,0.0,0.0,0.0,0.0,1,crypto_native_stress,49698558751.0,,0.6275,0,1,1,normal,0,1,rules_frozen_source_review_required,RQI_DII_v1.0,frozen_confirmed_by_researcher,1,event_classification_and_source_expansion_pending
USDC_ASSURANCE_2022_03,2022-04-29,2022-05-13,14,0,0,0,0,0,0,0,1.0,0.0,0.0,0.0,0.0,1,crypto_native_stress,49698558751.0,,0.6275,0,1,1,normal,0,1,rules_frozen_source_review_required,RQI_DII_v1.0,frozen_confirmed_by_researcher,1,event_classification_and_source_expansion_pending
USDC_ASSURANCE_2022_04,2022-05-23,2022-05-09,-14,0,0,0,0,0,0,0,0.9992029244,-7.970756000000001,7.970756000000001,0.0,0.0,1,crypto_native_stress,43055013549.0,,0.6275,0,1,1,normal,0,1,rules_frozen_source_review_required,RQI_DII_v1.0,frozen_confirmed_by_researcher,1,event_classification_and_source_expansion_pending
USDC_ASSURANCE_2022_04,2022-05-23,2022-05-10,-13,0,0,0,0,0,0,0,0.9992029244,-7.970756000000001,7.970756000000001,0.0,0.0,1,crypto_native_stress,42974483042.0,,0.6275,0,1,1,normal,0,1,rules_frozen_source_review_required,RQI_DII_v1.0,frozen_confirmed_by_researcher,1,event_classification_and_source_expansion_pending
USDC_ASSURANCE_2022_04,2022-05-23,2022-05-11,-12,0,0,0,0,0,0,0,1.0,0.0,0.0,0.0,0.0,1,crypto_native_stress,42974483042.0,,0.6275,0,1,1,normal,0,1,rules_frozen_source_review_required,RQI_DII_v1.0,frozen_confirmed_by_researcher,1,event_classification_and_source_expansion_pending
USDC_ASSURANCE_2022_04,2022-05-23,2022-05-12,-11,0,0,0,0,0,0,0,1.0,0.0,0.0,0.0,0.0,1,crypto_native_stress,49698558751.0,,0.6275,0,1,1,normal,0,1,rules_frozen_source_review_required,RQI_DII_v1.0,frozen_confirmed_by_researcher,1,event_classification_and_source_expansion_pending
USDC_ASSURANCE_2022_04,2022-05-23,2022-05-13,-10,0,0,0,0,0,0,0,1.0,0.0,0.0,0.0,0.0,1,crypto_native_stress,49698558751.0,,0.6275,0,1,1,normal,0,1,rules_frozen_source_review_required,RQI_DII_v1.0,frozen_confirmed_by_researcher,1,event_classification_and_source_expansion_pending
USDC_ASSURANCE_2022_04,2022-05-23,2022-05-14,-9,0,0,0,0,0,0,0,1.0,0.0,0.0,0.0,0.0,1,crypto_native_stress,50783901028.0,,0.6275,0,1,1,normal,0,1,rules_frozen_source_review_required,RQI_DII_v1.0,frozen_confirmed_by_researcher,1,event_classification_and_source_expansion_pending
USDC_ASSURANCE_2022_04,2022-05-23,2022-05-15,-8,0,0,0,0,0,0,0,1.0002,2.0,2.0,0.0,0.0,1,crypto_native_stress,51099273331.0,,0.6275,0,1,1,normal,0,1,rules_frozen_source_review_required,RQI_DII_v1.0,frozen_confirmed_by_researcher,1,event_classification_and_source_expansion_pending
USDC_ASSURANCE_2022_04,2022-05-23,2022-05-16,-7,0,1,0,0,1,0,0,1.00027657,2.7657000000000003,2.7657000000000003,0.0,0.0,1,crypto_native_stress,51140592274.0,,0.6275,0,1,1,normal,0,1,rules_frozen_source_review_required,RQI_DII_v1.0,frozen_confirmed_by_researcher,1,event_classification_and_source_expansion_pending
USDC_ASSURANCE_2022_04,2022-05-23,2022-05-17,-6,0,1,0,0,1,0,0,1.00027657,2.7657000000000003,2.7657000000000003,0.0,0.0,1,crypto_native_stress,52049135966.0,,0.6275,0,1,1,normal,0,1,rules_frozen_source_review_required,RQI_DII_v1.0,frozen_confirmed_by_researcher,1,event_classification_and_source_expansion_pending
USDC_ASSURANCE_2022_04,2022-05-23,2022-05-18,-5,0,1,0,0,1,0,0,1.0001988,1.988,1.988,0.0,0.0,1,crypto_native_stress,52250837492.0,,0.6275,0,1,1,normal,0,1,rules_frozen_source_review_required,RQI_DII_v1.0,frozen_confirmed_by_researcher,1,event_classification_and_source_expansion_pending
USDC_ASSURANCE_2022_04,2022-05-23,2022-05-19,-4,0,1,0,0,1,0,0,1.00044593,4.4593,4.4593,0.0,0.0,1,crypto_native_stress,52355375095.0,,0.6275,0,1,1,normal,0,1,rules_frozen_source_review_required,RQI_DII_v1.0,frozen_confirmed_by_researcher,1,event_classification_and_source_expansion_pending
USDC_ASSURANCE_2022_04,2022-05-23,2022-05-20,-3,1,1,1,0,1,0,0,1.0005012,5.0120000000000005,5.0120000000000005,0.0,0.0,1,crypto_native_stress,52709987383.0,,0.6275,0,1,1,normal,0,1,rules_frozen_source_review_required,RQI_DII_v1.0,frozen_confirmed_by_researcher,1,event_classification_and_source_expansion_pending
USDC_ASSURANCE_2022_04,2022-05-23,2022-05-21,-2,1,1,1,0,1,0,0,1.0005012,5.0120000000000005,5.0120000000000005,0.0,0.0,0,normal,52939706370.0,,0.6275,0,1,1,normal,0,1,rules_frozen_source_review_required,RQI_DII_v1.0,frozen_confirmed_by_researcher,1,event_classification_and_source_expansion_pending
USDC_ASSURANCE_2022_04,2022-05-23,2022-05-22,-1,1,1,1,0,1,0,0,1.00009383,0.9383,0.9383,0.0,0.0,0,normal,53048951223.0,,0.6275,0,1,1,normal,0,1,rules_frozen_source_review_required,RQI_DII_v1.0,frozen_confirmed_by_researcher,1,event_classification_and_source_expansion_pending
USDC_ASSURANCE_2022_04,2022-05-23,2022-05-23,0,1,1,0,1,0,1,1,1.00043695,4.3695,4.3695,0.0,0.0,0,normal,53080540767.0,,0.6275,0,1,1,normal,0,1,rules_frozen_source_review_required,RQI_DII_v1.0,frozen_confirmed_by_researcher,1,event_classification_and_source_expansion_pending
USDC_ASSURANCE_2022_04,2022-05-23,2022-05-24,1,1,1,0,1,0,1,0,1.00015237,1.5237,1.5237,0.0,0.0,0,normal,53312170609.0,,0.6275,0,1,1,normal,0,1,rules_frozen_source_review_required,RQI_DII_v1.0,frozen_confirmed_by_researcher,1,event_classification_and_source_expansion_pending
USDC_ASSURANCE_2022_04,2022-05-23,2022-05-25,2,1,1,0,1,0,1,0,1.00015237,1.5237,1.5237,0.0,0.0,0,normal,53400729027.0,,0.6275,0,1,1,normal,0,1,rules_frozen_source_review_required,RQI_DII_v1.0,frozen_confirmed_by_researcher,1,event_classification_and_source_expansion_pending
USDC_ASSURANCE_2022_04,2022-05-23,2022-05-26,3,1,1,0,1,0,1,0,1.00012672,1.2672,1.2672,0.0,0.0,0,normal,53423170870.0,,0.6275,0,1,1,normal,0,1,rules_frozen_source_review_required,RQI_DII_v1.0,frozen_confirmed_by_researcher,1,event_classification_and_source_expansion_pending
USDC_ASSURANCE_2022_04,2022-05-23,2022-05-27,4,0,1,0,0,0,1,0,1.00007517,0.7517,0.7517,0.0,0.0,0,normal,53198439606.0,,0.6275,0,1,1,normal,0,1,rules_frozen_source_review_required,RQI_DII_v1.0,frozen_confirmed_by_researcher,1,event_classification_and_source_expansion_pending
USDC_ASSURANCE_2022_04,2022-05-23,2022-05-28,5,0,1,0,0,0,1,0,1.00031002,3.1002,3.1002,0.0,0.0,0,normal,53559536443.0,,0.6275,0,1,1,normal,0,1,rules_frozen_source_review_required,RQI_DII_v1.0,frozen_confirmed_by_researcher,1,event_classification_and_source_expansion_pending
USDC_ASSURANCE_2022_04,2022-05-23,2022-05-29,6,0,1,0,0,0,1,0,1.00013216,1.3216,1.3216,0.0,0.0,0,normal,53692764085.0,,0.6275,0,1,1,normal,0,1,rules_frozen_source_review_required,RQI_DII_v1.0,frozen_confirmed_by_researcher,1,event_classification_and_source_expansion_pending
USDC_ASSURANCE_2022_04,2022-05-23,2022-05-30,7,0,1,0,0,0,1,0,1.0003994,3.994,3.994,0.0,0.0,0,normal,53698623984.0,,0.6275,0,1,1,normal,0,1,rules_frozen_source_review_required,RQI_DII_v1.0,frozen_confirmed_by_researcher,1,event_classification_and_source_expansion_pending
USDC_ASSURANCE_2022_04,2022-05-23,2022-05-31,8,0,0,0,0,0,0,0,1.00035516,3.5515999999999996,3.5515999999999996,0.0,0.0,0,normal,53742762430.0,,0.6275,0,1,1,normal,0,1,rules_frozen_source_review_required,RQI_DII_v1.0,frozen_confirmed_by_researcher,1,event_classification_and_source_expansion_pending
USDC_ASSURANCE_2022_04,2022-05-23,2022-06-01,9,0,0,0,0,0,0,0,1.00035516,3.5515999999999996,3.5515999999999996,0.0,0.0,0,normal,53967843682.0,,0.6275,0,1,1,normal,0,1,rules_frozen_source_review_required,RQI_DII_v1.0,frozen_confirmed_by_researcher,1,event_classification_and_source_expansion_pending
USDC_ASSURANCE_2022_04,2022-05-23,2022-06-02,10,0,0,0,0,0,0,0,1.00023883,2.3883,2.3883,0.0,0.0,0,normal,53922770463.0,,0.6275,0,1,1,normal,0,1,rules_frozen_source_review_required,RQI_DII_v1.0,frozen_confirmed_by_researcher,1,event_classification_and_source_expansion_pending
USDC_ASSURANCE_2022_04,2022-05-23,2022-06-03,11,0,0,0,0,0,0,0,1.00068168,6.816800000000001,6.816800000000001,0.0,0.0,0,normal,54119107067.0,,0.6275,0,1,1,normal,0,1,rules_frozen_source_review_required,RQI_DII_v1.0,frozen_confirmed_by_researcher,1,event_classification_and_source_expansion_pending
USDC_ASSURANCE_2022_04,2022-05-23,2022-06-04,12,0,0,0,0,0,0,0,1.0002993,2.9930000000000003,2.9930000000000003,0.0,0.0,0,normal,54095128063.0,,0.6275,0,1,1,normal,0,1,rules_frozen_source_review_required,RQI_DII_v1.0,frozen_confirmed_by_researcher,1,event_classification_and_source_expansion_pending
USDC_ASSURANCE_2022_04,2022-05-23,2022-06-05,13,0,0,0,0,0,0,0,1.00021656,2.1656,2.1656,0.0,0.0,0,normal,54065388959.0,,0.6275,0,1,1,normal,0,1,rules_frozen_source_review_required,RQI_DII_v1.0,frozen_confirmed_by_researcher,1,event_classification_and_source_expansion_pending
USDC_ASSURANCE_2022_04,2022-05-23,2022-06-06,14,0,0,0,0,0,0,0,1.0003994,3.994,3.994,0.0,0.0,0,normal,54055865384.0,,0.6275,0,1,1,normal,0,1,rules_frozen_source_review_required,RQI_DII_v1.0,frozen_confirmed_by_researcher,1,event_classification_and_source_expansion_pending
USDC_ASSURANCE_2022_06,2022-07-28,2022-07-14,-14,0,0,0,0,0,0,0,0.99990002,-0.9998,0.9998,0.0,0.0,0,normal,54585468400.0,,0.6275,0,1,1,normal,0,1,rules_frozen_source_review_required,RQI_DII_v1.0,frozen_confirmed_by_researcher,1,event_classification_and_source_expansion_pending
USDC_ASSURANCE_2022_06,2022-07-28,2022-07-15,-13,0,0,0,0,0,0,0,1.00002079,0.2079,0.2079,0.0,0.0,0,normal,54533826843.0,,0.6275,0,1,1,normal,0,1,rules_frozen_source_review_required,RQI_DII_v1.0,frozen_confirmed_by_researcher,1,event_classification_and_source_expansion_pending
USDC_ASSURANCE_2022_06,2022-07-28,2022-07-16,-12,0,0,0,0,0,0,0,1.00002079,0.2079,0.2079,0.0,0.0,0,normal,54081737343.0,,0.6275,0,1,1,normal,0,1,rules_frozen_source_review_required,RQI_DII_v1.0,frozen_confirmed_by_researcher,1,event_classification_and_source_expansion_pending
USDC_ASSURANCE_2022_06,2022-07-28,2022-07-17,-11,0,0,0,0,0,0,0,1.00002781,0.2781,0.2781,0.0,0.0,0,normal,54071732189.0,,0.6275,0,1,1,normal,0,1,rules_frozen_source_review_required,RQI_DII_v1.0,frozen_confirmed_by_researcher,1,event_classification_and_source_expansion_pending
USDC_ASSURANCE_2022_06,2022-07-28,2022-07-18,-10,0,0,0,0,0,0,0,0.99984849,-1.5151,1.5151,0.0,0.0,0,normal,54046926354.0,,0.6275,0,1,1,normal,0,1,rules_frozen_source_review_required,RQI_DII_v1.0,frozen_confirmed_by_researcher,1,event_classification_and_source_expansion_pending
USDC_ASSURANCE_2022_06,2022-07-28,2022-07-19,-9,0,0,0,0,0,0,0,0.99977267,-2.2733,2.2733,0.0,0.0,0,normal,54068077290.0,,0.6275,0,1,1,normal,0,1,rules_frozen_source_review_required,RQI_DII_v1.0,frozen_confirmed_by_researcher,1,event_classification_and_source_expansion_pending
USDC_ASSURANCE_2022_06,2022-07-28,2022-07-20,-8,0,0,0,0,0,0,0,0.9999,-1.0,1.0,0.0,0.0,0,normal,53978364533.0,,0.6275,0,1,1,normal,0,1,rules_frozen_source_review_required,RQI_DII_v1.0,frozen_confirmed_by_researcher,1,event_classification_and_source_expansion_pending
USDC_ASSURANCE_2022_06,2022-07-28,2022-07-21,-7,0,1,0,0,1,0,0,1.00024509,2.4509,2.4509,0.0,0.0,0,normal,54159942863.0,,0.6275,0,1,1,normal,0,1,rules_frozen_source_review_required,RQI_DII_v1.0,frozen_confirmed_by_researcher,1,event_classification_and_source_expansion_pending
USDC_ASSURANCE_2022_06,2022-07-28,2022-07-22,-6,0,1,0,0,1,0,0,1.00024622,2.4622,2.4622,0.0,0.0,0,normal,54232540607.0,,0.6275,0,1,1,normal,0,1,rules_frozen_source_review_required,RQI_DII_v1.0,frozen_confirmed_by_researcher,1,event_classification_and_source_expansion_pending
USDC_ASSURANCE_2022_06,2022-07-28,2022-07-23,-5,0,1,0,0,1,0,0,1.00009393,0.9393,0.9393,0.0,0.0,0,normal,54261692387.0,,0.6275,0,1,1,normal,0,1,rules_frozen_source_review_required,RQI_DII_v1.0,frozen_confirmed_by_researcher,1,event_classification_and_source_expansion_pending
USDC_ASSURANCE_2022_06,2022-07-28,2022-07-24,-4,0,1,0,0,1,0,0,1.00008601,0.8601,0.8601,0.0,0.0,0,normal,54379972292.0,,0.6275,0,1,1,normal,0,1,rules_frozen_source_review_required,RQI_DII_v1.0,frozen_confirmed_by_researcher,1,event_classification_and_source_expansion_pending
USDC_ASSURANCE_2022_06,2022-07-28,2022-07-25,-3,1,1,1,0,1,0,0,1.00009137,0.9137,0.9137,0.0,0.0,0,normal,54369542979.0,,0.6275,0,1,1,normal,0,1,rules_frozen_source_review_required,RQI_DII_v1.0,frozen_confirmed_by_researcher,1,event_classification_and_source_expansion_pending
USDC_ASSURANCE_2022_06,2022-07-28,2022-07-26,-2,1,1,1,0,1,0,0,1.0,0.0,0.0,0.0,0.0,0,normal,54306232859.0,,0.6275,0,1,1,normal,0,1,rules_frozen_source_review_required,RQI_DII_v1.0,frozen_confirmed_by_researcher,1,event_classification_and_source_expansion_pending
USDC_ASSURANCE_2022_06,2022-07-28,2022-07-27,-1,1,1,1,0,1,0,0,1.00037178,3.7178,3.7178,0.0,0.0,0,normal,54361164115.0,,0.6275,0,1,1,normal,0,1,rules_frozen_source_review_required,RQI_DII_v1.0,frozen_confirmed_by_researcher,1,event_classification_and_source_expansion_pending
USDC_ASSURANCE_2022_06,2022-07-28,2022-07-28,0,1,1,0,1,0,1,1,1.00001973,0.1973,0.1973,0.0,0.0,0,normal,54343399973.0,,0.6275,0,1,1,normal,0,1,rules_frozen_source_review_required,RQI_DII_v1.0,frozen_confirmed_by_researcher,1,event_classification_and_source_expansion_pending
USDC_ASSURANCE_2022_06,2022-07-28,2022-07-29,1,1,1,0,1,0,1,0,1.0000481,0.481,0.481,0.0,0.0,0,normal,53893876415.0,,0.6275,0,1,1,normal,0,1,rules_frozen_source_review_required,RQI_DII_v1.0,frozen_confirmed_by_researcher,1,event_classification_and_source_expansion_pending
USDC_ASSURANCE_2022_06,2022-07-28,2022-07-30,2,1,1,0,1,0,1,0,1.00000638,0.0638,0.0638,0.0,0.0,0,normal,53849225567.0,,0.6275,0,1,1,normal,0,1,rules_frozen_source_review_required,RQI_DII_v1.0,frozen_confirmed_by_researcher,1,event_classification_and_source_expansion_pending
USDC_ASSURANCE_2022_06,2022-07-28,2022-07-31,3,1,1,0,1,0,1,0,1.0,0.0,0.0,0.0,0.0,0,normal,53683064902.0,,0.6275,0,1,1,normal,0,1,rules_frozen_source_review_required,RQI_DII_v1.0,frozen_confirmed_by_researcher,1,event_classification_and_source_expansion_pending
USDC_ASSURANCE_2022_06,2022-07-28,2022-08-01,4,0,1,0,0,0,1,0,1.00002092,0.2092,0.2092,0.0,0.0,0,normal,53726203763.0,,0.6275,0,1,1,normal,0,1,rules_frozen_source_review_required,RQI_DII_v1.0,frozen_confirmed_by_researcher,1,event_classification_and_source_expansion_pending
USDC_ASSURANCE_2022_06,2022-07-28,2022-08-02,5,0,1,0,0,0,1,0,0.99989049,-1.0951,1.0951,0.0,0.0,0,normal,53796587760.0,,0.6275,0,1,1,normal,0,1,rules_frozen_source_review_required,RQI_DII_v1.0,frozen_confirmed_by_researcher,1,event_classification_and_source_expansion_pending
USDC_ASSURANCE_2022_06,2022-07-28,2022-08-03,6,0,1,0,0,0,1,0,1.00008715,0.8715,0.8715,0.0,0.0,0,normal,53630543730.0,,0.6275,0,1,1,normal,0,1,rules_frozen_source_review_required,RQI_DII_v1.0,frozen_confirmed_by_researcher,1,event_classification_and_source_expansion_pending
USDC_ASSURANCE_2022_06,2022-07-28,2022-08-04,7,0,1,0,0,0,1,0,1.00061002,6.1002,6.1002,0.0,0.0,0,normal,53657548335.0,,0.6275,0,1,1,normal,0,1,rules_frozen_source_review_required,RQI_DII_v1.0,frozen_confirmed_by_researcher,1,event_classification_and_source_expansion_pending
USDC_ASSURANCE_2022_06,2022-07-28,2022-08-05,8,0,0,0,0,0,0,0,1.0000294,0.294,0.294,0.0,0.0,0,normal,53470947839.0,,0.6275,0,1,1,normal,0,1,rules_frozen_source_review_required,RQI_DII_v1.0,frozen_confirmed_by_researcher,1,event_classification_and_source_expansion_pending
USDC_ASSURANCE_2022_06,2022-07-28,2022-08-06,9,0,0,0,0,0,0,0,1.00001572,0.15719999999999998,0.15719999999999998,0.0,0.0,0,normal,53612347783.0,,0.6275,0,1,1,normal,0,1,rules_frozen_source_review_required,RQI_DII_v1.0,frozen_confirmed_by_researcher,1,event_classification_and_source_expansion_pending
USDC_ASSURANCE_2022_06,2022-07-28,2022-08-07,10,0,0,0,0,0,0,0,1.00001572,0.15719999999999998,0.15719999999999998,0.0,0.0,0,normal,53594283947.0,,0.6275,0,1,1,normal,0,1,rules_frozen_source_review_required,RQI_DII_v1.0,frozen_confirmed_by_researcher,1,event_classification_and_source_expansion_pending
USDC_ASSURANCE_2022_06,2022-07-28,2022-08-08,11,0,0,0,0,0,0,0,1.00004386,0.4386,0.4386,0.0,0.0,0,normal,53580519535.0,,0.6275,0,1,1,normal,0,1,rules_frozen_source_review_required,RQI_DII_v1.0,frozen_confirmed_by_researcher,1,event_classification_and_source_expansion_pending
USDC_ASSURANCE_2022_06,2022-07-28,2022-08-09,12,0,0,0,0,0,0,0,0.99994135,-0.5865,0.5865,0.0,0.0,0,normal,53423734422.0,,0.6275,0,1,1,normal,0,1,rules_frozen_source_review_required,RQI_DII_v1.0,frozen_confirmed_by_researcher,1,event_classification_and_source_expansion_pending
USDC_ASSURANCE_2022_06,2022-07-28,2022-08-10,13,0,0,0,0,0,0,0,0.99995,-0.5,0.5,0.0,0.0,0,normal,53334593618.0,,0.6275,0,1,1,normal,0,1,rules_frozen_source_review_required,RQI_DII_v1.0,frozen_confirmed_by_researcher,1,event_classification_and_source_expansion_pending
USDC_ASSURANCE_2022_06,2022-07-28,2022-08-11,14,0,0,0,0,0,0,0,0.9999,-1.0,1.0,0.0,0.0,0,normal,53193844589.0,,0.6275,0,1,1,normal,0,1,rules_frozen_source_review_required,RQI_DII_v1.0,frozen_confirmed_by_researcher,1,event_classification_and_source_expansion_pending
USDC_ASSURANCE_2022_07,2022-08-24,2022-08-10,-14,0,0,0,0,0,0,0,0.99995,-0.5,0.5,0.0,0.0,0,normal,53334593618.0,0.9164,0.84,1,1,0,normal,0,1,rules_frozen_high_confidence,RQI_DII_v1.0,frozen_confirmed_by_researcher,1,event_classification_and_source_expansion_pending
USDC_ASSURANCE_2022_07,2022-08-24,2022-08-11,-13,0,0,0,0,0,0,0,0.9999,-1.0,1.0,0.0,0.0,0,normal,53193844589.0,0.9164,0.84,1,1,0,normal,0,1,rules_frozen_high_confidence,RQI_DII_v1.0,frozen_confirmed_by_researcher,1,event_classification_and_source_expansion_pending
USDC_ASSURANCE_2022_07,2022-08-24,2022-08-12,-12,0,0,0,0,0,0,0,0.99996961,-0.3039,0.3039,0.0,0.0,0,normal,53056231396.0,0.9164,0.84,1,1,0,normal,0,1,rules_frozen_high_confidence,RQI_DII_v1.0,frozen_confirmed_by_researcher,1,event_classification_and_source_expansion_pending
USDC_ASSURANCE_2022_07,2022-08-24,2022-08-13,-11,0,0,0,0,0,0,0,1.00000017,0.0017,0.0017,0.0,0.0,0,normal,53081962792.0,0.9164,0.84,1,1,0,normal,0,1,rules_frozen_high_confidence,RQI_DII_v1.0,frozen_confirmed_by_researcher,1,event_classification_and_source_expansion_pending
USDC_ASSURANCE_2022_07,2022-08-24,2022-08-14,-10,0,0,0,0,0,0,0,1.0,0.0,0.0,0.0,0.0,0,normal,53075487832.0,0.9164,0.84,1,1,0,normal,0,1,rules_frozen_high_confidence,RQI_DII_v1.0,frozen_confirmed_by_researcher,1,event_classification_and_source_expansion_pending
USDC_ASSURANCE_2022_07,2022-08-24,2022-08-15,-9,0,0,0,0,0,0,0,0.99985387,-1.4613,1.4613,0.0,0.0,0,normal,52861237416.0,0.9164,0.84,1,1,0,normal,0,1,rules_frozen_high_confidence,RQI_DII_v1.0,frozen_confirmed_by_researcher,1,event_classification_and_source_expansion_pending
USDC_ASSURANCE_2022_07,2022-08-24,2022-08-16,-8,0,0,0,0,0,0,0,0.99989424,-1.0576,1.0576,0.0,0.0,0,normal,52793329990.0,0.9164,0.84,1,1,0,normal,0,1,rules_frozen_high_confidence,RQI_DII_v1.0,frozen_confirmed_by_researcher,1,event_classification_and_source_expansion_pending
USDC_ASSURANCE_2022_07,2022-08-24,2022-08-17,-7,0,1,0,0,1,0,0,1.00017933,1.7933000000000001,1.7933000000000001,0.0,0.0,0,normal,52743252421.0,0.9164,0.84,1,1,0,normal,0,1,rules_frozen_high_confidence,RQI_DII_v1.0,frozen_confirmed_by_researcher,1,event_classification_and_source_expansion_pending
USDC_ASSURANCE_2022_07,2022-08-24,2022-08-18,-6,0,1,0,0,1,0,0,1.00007204,0.7203999999999999,0.7203999999999999,0.0,0.0,0,normal,52487563655.0,0.9164,0.84,1,1,0,normal,0,1,rules_frozen_high_confidence,RQI_DII_v1.0,frozen_confirmed_by_researcher,1,event_classification_and_source_expansion_pending
USDC_ASSURANCE_2022_07,2022-08-24,2022-08-19,-5,0,1,0,0,1,0,0,1.0,0.0,0.0,0.0,0.0,0,normal,52098471350.0,0.9164,0.84,1,1,0,normal,0,1,rules_frozen_high_confidence,RQI_DII_v1.0,frozen_confirmed_by_researcher,1,event_classification_and_source_expansion_pending
USDC_ASSURANCE_2022_07,2022-08-24,2022-08-20,-4,0,1,0,0,1,0,0,1.00002388,0.23879999999999998,0.23879999999999998,0.0,0.0,0,normal,51721099886.0,0.9164,0.84,1,1,0,normal,0,1,rules_frozen_high_confidence,RQI_DII_v1.0,frozen_confirmed_by_researcher,1,event_classification_and_source_expansion_pending
USDC_ASSURANCE_2022_07,2022-08-24,2022-08-21,-3,1,1,1,0,1,0,0,1.00000554,0.055400000000000005,0.055400000000000005,0.0,0.0,0,normal,51684365670.0,0.9164,0.84,1,1,0,normal,0,1,rules_frozen_high_confidence,RQI_DII_v1.0,frozen_confirmed_by_researcher,1,event_classification_and_source_expansion_pending
USDC_ASSURANCE_2022_07,2022-08-24,2022-08-22,-2,1,1,1,0,1,0,0,0.99990785,-0.9215,0.9215,0.0,0.0,0,normal,51817968938.0,0.9164,0.84,1,1,0,normal,0,1,rules_frozen_high_confidence,RQI_DII_v1.0,frozen_confirmed_by_researcher,1,event_classification_and_source_expansion_pending
USDC_ASSURANCE_2022_07,2022-08-24,2022-08-23,-1,1,1,1,0,1,0,0,1.00005754,0.5754,0.5754,0.0,0.0,0,normal,51512580932.0,0.9164,0.84,1,1,0,normal,0,1,rules_frozen_high_confidence,RQI_DII_v1.0,frozen_confirmed_by_researcher,1,event_classification_and_source_expansion_pending
USDC_ASSURANCE_2022_07,2022-08-24,2022-08-24,0,1,1,0,1,0,1,1,1.0,0.0,0.0,0.0,0.0,0,normal,51614075738.0,0.9164,0.84,1,1,0,normal,0,1,rules_frozen_high_confidence,RQI_DII_v1.0,frozen_confirmed_by_researcher,1,event_classification_and_source_expansion_pending
USDC_ASSURANCE_2022_07,2022-08-24,2022-08-25,1,1,1,0,1,0,1,0,1.0001297,1.2970000000000002,1.2970000000000002,0.0,0.0,0,normal,51506864112.0,0.9164,0.84,1,1,0,normal,0,1,rules_frozen_high_confidence,RQI_DII_v1.0,frozen_confirmed_by_researcher,1,event_classification_and_source_expansion_pending
USDC_ASSURANCE_2022_07,2022-08-24,2022-08-26,2,1,1,0,1,0,1,0,0.99998353,-0.16469999999999999,0.16469999999999999,0.0,0.0,0,normal,51372944698.0,0.9164,0.84,1,1,0,normal,0,1,rules_frozen_high_confidence,RQI_DII_v1.0,frozen_confirmed_by_researcher,1,event_classification_and_source_expansion_pending
USDC_ASSURANCE_2022_07,2022-08-24,2022-08-27,3,1,1,0,1,0,1,0,0.99995875,-0.4125,0.4125,0.0,0.0,0,normal,51481855274.0,0.9164,0.84,1,1,0,normal,0,1,rules_frozen_high_confidence,RQI_DII_v1.0,frozen_confirmed_by_researcher,1,event_classification_and_source_expansion_pending
USDC_ASSURANCE_2022_07,2022-08-24,2022-08-28,4,0,1,0,0,0,1,0,1.00009199,0.9199,0.9199,0.0,0.0,0,normal,51528353075.0,0.9164,0.84,1,1,0,normal,0,1,rules_frozen_high_confidence,RQI_DII_v1.0,frozen_confirmed_by_researcher,1,event_classification_and_source_expansion_pending
USDC_ASSURANCE_2022_07,2022-08-24,2022-08-29,5,0,1,0,0,0,1,0,1.00002417,0.2417,0.2417,0.0,0.0,0,normal,51480614266.0,0.9164,0.84,1,1,0,normal,0,1,rules_frozen_high_confidence,RQI_DII_v1.0,frozen_confirmed_by_researcher,1,event_classification_and_source_expansion_pending
USDC_ASSURANCE_2022_07,2022-08-24,2022-08-30,6,0,1,0,0,0,1,0,0.99999196,-0.0804,0.0804,0.0,0.0,0,normal,51564529081.0,0.9164,0.84,1,1,0,normal,0,1,rules_frozen_high_confidence,RQI_DII_v1.0,frozen_confirmed_by_researcher,1,event_classification_and_source_expansion_pending
USDC_ASSURANCE_2022_07,2022-08-24,2022-08-31,7,0,1,0,0,0,1,0,1.00004778,0.4778,0.4778,0.0,0.0,0,normal,51672532094.0,0.9164,0.84,1,1,0,normal,0,1,rules_frozen_high_confidence,RQI_DII_v1.0,frozen_confirmed_by_researcher,1,event_classification_and_source_expansion_pending
USDC_ASSURANCE_2022_07,2022-08-24,2022-09-01,8,0,0,0,0,0,0,0,1.00000343,0.034300000000000004,0.034300000000000004,0.0,0.0,0,normal,51584353051.0,0.9164,0.84,1,1,0,normal,0,1,rules_frozen_high_confidence,RQI_DII_v1.0,frozen_confirmed_by_researcher,1,event_classification_and_source_expansion_pending
USDC_ASSURANCE_2022_07,2022-08-24,2022-09-02,9,0,0,0,0,0,0,0,1.0,0.0,0.0,0.0,0.0,0,normal,51342180296.0,0.9164,0.84,1,1,0,normal,0,1,rules_frozen_high_confidence,RQI_DII_v1.0,frozen_confirmed_by_researcher,1,event_classification_and_source_expansion_pending
USDC_ASSURANCE_2022_07,2022-08-24,2022-09-03,10,0,0,0,0,0,0,0,1.0,0.0,0.0,0.0,0.0,0,normal,51189283476.0,0.9164,0.84,1,1,0,normal,0,1,rules_frozen_high_confidence,RQI_DII_v1.0,frozen_confirmed_by_researcher,1,event_classification_and_source_expansion_pending
USDC_ASSURANCE_2022_07,2022-08-24,2022-09-04,11,0,0,0,0,0,0,0,1.0,0.0,0.0,0.0,0.0,0,normal,51210045002.0,0.9164,0.84,1,1,0,normal,0,1,rules_frozen_high_confidence,RQI_DII_v1.0,frozen_confirmed_by_researcher,1,event_classification_and_source_expansion_pending
USDC_ASSURANCE_2022_07,2022-08-24,2022-09-05,12,0,0,0,0,0,0,0,1.0003673,3.673,3.673,0.0,0.0,0,normal,51239014869.0,0.9164,0.84,1,1,0,normal,0,1,rules_frozen_high_confidence,RQI_DII_v1.0,frozen_confirmed_by_researcher,1,event_classification_and_source_expansion_pending
USDC_ASSURANCE_2022_07,2022-08-24,2022-09-06,13,0,0,0,0,0,0,0,0.99991202,-0.8797999999999999,0.8797999999999999,0.0,0.0,0,normal,51217879059.0,0.9164,0.84,1,1,0,normal,0,1,rules_frozen_high_confidence,RQI_DII_v1.0,frozen_confirmed_by_researcher,1,event_classification_and_source_expansion_pending
USDC_ASSURANCE_2022_07,2022-08-24,2022-09-07,14,0,0,0,0,0,0,0,0.99997297,-0.2703,0.2703,0.0,0.0,0,normal,50943439185.0,0.9164,0.84,1,1,0,normal,0,1,rules_frozen_high_confidence,RQI_DII_v1.0,frozen_confirmed_by_researcher,1,event_classification_and_source_expansion_pending
USDC_ASSURANCE_2022_08,2022-09-23,2022-09-09,-14,0,0,0,0,0,0,0,1.0,0.0,0.0,0.0,0.0,0,normal,51033530314.0,0.9245,0.84,1,1,0,normal,0,0,rules_frozen_high_confidence,RQI_DII_v1.0,frozen_confirmed_by_researcher,1,event_classification_and_source_expansion_pending
USDC_ASSURANCE_2022_08,2022-09-23,2022-09-10,-13,0,0,0,0,0,0,0,1.00004919,0.4919,0.4919,0.0,0.0,0,normal,51086417749.0,0.9245,0.84,1,1,0,normal,0,0,rules_frozen_high_confidence,RQI_DII_v1.0,frozen_confirmed_by_researcher,1,event_classification_and_source_expansion_pending
USDC_ASSURANCE_2022_08,2022-09-23,2022-09-11,-12,0,0,0,0,0,0,0,0.99998093,-0.19069999999999998,0.19069999999999998,0.0,0.0,0,normal,51055513171.0,0.9245,0.84,1,1,0,normal,0,0,rules_frozen_high_confidence,RQI_DII_v1.0,frozen_confirmed_by_researcher,1,event_classification_and_source_expansion_pending
USDC_ASSURANCE_2022_08,2022-09-23,2022-09-12,-11,0,0,0,0,0,0,0,1.00000713,0.0713,0.0713,0.0,0.0,0,normal,50971883741.0,0.9245,0.84,1,1,0,normal,0,0,rules_frozen_high_confidence,RQI_DII_v1.0,frozen_confirmed_by_researcher,1,event_classification_and_source_expansion_pending
USDC_ASSURANCE_2022_08,2022-09-23,2022-09-13,-10,0,0,0,0,0,0,0,0.999908,-0.92,0.92,0.0,0.0,0,normal,50844432290.0,0.9245,0.84,1,1,0,normal,0,0,rules_frozen_high_confidence,RQI_DII_v1.0,frozen_confirmed_by_researcher,1,event_classification_and_source_expansion_pending
USDC_ASSURANCE_2022_08,2022-09-23,2022-09-14,-9,0,0,0,0,0,0,0,0.99995318,-0.4682,0.4682,0.0,0.0,0,normal,50716195432.0,0.9245,0.84,1,1,0,normal,0,0,rules_frozen_high_confidence,RQI_DII_v1.0,frozen_confirmed_by_researcher,1,event_classification_and_source_expansion_pending
USDC_ASSURANCE_2022_08,2022-09-23,2022-09-15,-8,0,0,0,0,0,0,0,1.0,0.0,0.0,0.0,0.0,0,normal,50119467114.0,0.9245,0.84,1,1,0,normal,0,0,rules_frozen_high_confidence,RQI_DII_v1.0,frozen_confirmed_by_researcher,1,event_classification_and_source_expansion_pending
USDC_ASSURANCE_2022_08,2022-09-23,2022-09-16,-7,0,1,0,0,1,0,0,1.00001435,0.1435,0.1435,0.0,0.0,0,normal,49704486910.0,0.9245,0.84,1,1,0,normal,0,0,rules_frozen_high_confidence,RQI_DII_v1.0,frozen_confirmed_by_researcher,1,event_classification_and_source_expansion_pending
USDC_ASSURANCE_2022_08,2022-09-23,2022-09-17,-6,0,1,0,0,1,0,0,1.00003707,0.37070000000000003,0.37070000000000003,0.0,0.0,0,normal,49561913353.0,0.9245,0.84,1,1,0,normal,0,0,rules_frozen_high_confidence,RQI_DII_v1.0,frozen_confirmed_by_researcher,1,event_classification_and_source_expansion_pending
USDC_ASSURANCE_2022_08,2022-09-23,2022-09-18,-5,0,1,0,0,1,0,0,1.00008611,0.8611,0.8611,0.0,0.0,0,normal,49550927651.0,0.9245,0.84,1,1,0,normal,0,0,rules_frozen_high_confidence,RQI_DII_v1.0,frozen_confirmed_by_researcher,1,event_classification_and_source_expansion_pending
USDC_ASSURANCE_2022_08,2022-09-23,2022-09-19,-4,0,1,0,0,1,0,0,1.00003707,0.37070000000000003,0.37070000000000003,0.0,0.0,0,normal,49534763948.0,0.9245,0.84,1,1,0,normal,0,0,rules_frozen_high_confidence,RQI_DII_v1.0,frozen_confirmed_by_researcher,1,event_classification_and_source_expansion_pending
USDC_ASSURANCE_2022_08,2022-09-23,2022-09-20,-3,1,1,1,0,1,0,0,0.99998943,-0.1057,0.1057,0.0,0.0,0,normal,49376522237.0,0.9245,0.84,1,1,0,normal,0,0,rules_frozen_high_confidence,RQI_DII_v1.0,frozen_confirmed_by_researcher,1,event_classification_and_source_expansion_pending
USDC_ASSURANCE_2022_08,2022-09-23,2022-09-21,-2,1,1,1,0,1,0,0,0.99994922,-0.5078,0.5078,0.0,0.0,0,normal,49541752937.0,0.9245,0.84,1,1,0,normal,0,0,rules_frozen_high_confidence,RQI_DII_v1.0,frozen_confirmed_by_researcher,1,event_classification_and_source_expansion_pending
USDC_ASSURANCE_2022_08,2022-09-23,2022-09-22,-1,1,1,1,0,1,0,0,1.00009493,0.9493,0.9493,0.0,0.0,0,normal,49344614702.0,0.9245,0.84,1,1,0,normal,0,0,rules_frozen_high_confidence,RQI_DII_v1.0,frozen_confirmed_by_researcher,1,event_classification_and_source_expansion_pending
USDC_ASSURANCE_2022_08,2022-09-23,2022-09-23,0,1,1,0,1,0,1,1,1.00007509,0.7509,0.7509,0.0,0.0,0,normal,49266820426.0,0.9245,0.84,1,1,0,normal,0,0,rules_frozen_high_confidence,RQI_DII_v1.0,frozen_confirmed_by_researcher,1,event_classification_and_source_expansion_pending
USDC_ASSURANCE_2022_08,2022-09-23,2022-09-24,1,1,1,0,1,0,1,0,1.00003386,0.33859999999999996,0.33859999999999996,0.0,0.0,0,normal,49109241972.0,0.9245,0.84,1,1,0,normal,0,0,rules_frozen_high_confidence,RQI_DII_v1.0,frozen_confirmed_by_researcher,1,event_classification_and_source_expansion_pending
USDC_ASSURANCE_2022_08,2022-09-23,2022-09-25,2,1,1,0,1,0,1,0,0.99996398,-0.36019999999999996,0.36019999999999996,0.0,0.0,0,normal,49085687134.0,0.9245,0.84,1,1,0,normal,0,0,rules_frozen_high_confidence,RQI_DII_v1.0,frozen_confirmed_by_researcher,1,event_classification_and_source_expansion_pending
USDC_ASSURANCE_2022_08,2022-09-23,2022-09-26,3,1,1,0,1,0,1,0,0.99998541,-0.1459,0.1459,0.0,0.0,0,normal,48842795109.0,0.9245,0.84,1,1,0,normal,0,0,rules_frozen_high_confidence,RQI_DII_v1.0,frozen_confirmed_by_researcher,1,event_classification_and_source_expansion_pending
USDC_ASSURANCE_2022_08,2022-09-23,2022-09-27,4,0,1,0,0,0,1,0,1.00025963,2.5963000000000003,2.5963000000000003,0.0,0.0,0,normal,48660646745.0,0.9245,0.84,1,1,0,normal,0,0,rules_frozen_high_confidence,RQI_DII_v1.0,frozen_confirmed_by_researcher,1,event_classification_and_source_expansion_pending
USDC_ASSURANCE_2022_08,2022-09-23,2022-09-28,5,0,1,0,0,0,1,0,1.00003953,0.39530000000000004,0.39530000000000004,0.0,0.0,0,normal,48554336367.0,0.9245,0.84,1,1,0,normal,0,0,rules_frozen_high_confidence,RQI_DII_v1.0,frozen_confirmed_by_researcher,1,event_classification_and_source_expansion_pending
USDC_ASSURANCE_2022_08,2022-09-23,2022-09-29,6,0,1,0,0,0,1,0,1.00009021,0.9021,0.9021,0.0,0.0,0,normal,48241404250.0,0.9245,0.84,1,1,0,normal,0,0,rules_frozen_high_confidence,RQI_DII_v1.0,frozen_confirmed_by_researcher,1,event_classification_and_source_expansion_pending
USDC_ASSURANCE_2022_08,2022-09-23,2022-09-30,7,0,1,0,0,0,1,0,1.00009009,0.9009,0.9009,0.0,0.0,0,normal,47934839888.0,0.9245,0.84,1,1,0,normal,0,0,rules_frozen_high_confidence,RQI_DII_v1.0,frozen_confirmed_by_researcher,1,event_classification_and_source_expansion_pending
USDC_ASSURANCE_2022_08,2022-09-23,2022-10-01,8,0,0,0,0,0,0,0,0.99999405,-0.0595,0.0595,0.0,0.0,0,normal,46655043771.0,0.9245,0.84,1,1,0,normal,0,0,rules_frozen_high_confidence,RQI_DII_v1.0,frozen_confirmed_by_researcher,1,event_classification_and_source_expansion_pending
USDC_ASSURANCE_2022_08,2022-09-23,2022-10-02,9,0,0,0,0,0,0,0,1.0,0.0,0.0,0.0,0.0,0,normal,46649171223.0,0.9245,0.84,1,1,0,normal,0,0,rules_frozen_high_confidence,RQI_DII_v1.0,frozen_confirmed_by_researcher,1,event_classification_and_source_expansion_pending
USDC_ASSURANCE_2022_08,2022-09-23,2022-10-03,10,0,0,0,0,0,0,0,1.00004024,0.40240000000000004,0.40240000000000004,0.0,0.0,0,normal,46713868622.0,0.9245,0.84,1,1,0,normal,0,0,rules_frozen_high_confidence,RQI_DII_v1.0,frozen_confirmed_by_researcher,1,event_classification_and_source_expansion_pending
USDC_ASSURANCE_2022_08,2022-09-23,2022-10-04,11,0,0,0,0,0,0,0,1.00002173,0.2173,0.2173,0.0,0.0,0,normal,46545057042.0,0.9245,0.84,1,1,0,normal,0,0,rules_frozen_high_confidence,RQI_DII_v1.0,frozen_confirmed_by_researcher,1,event_classification_and_source_expansion_pending
USDC_ASSURANCE_2022_08,2022-09-23,2022-10-05,12,0,0,0,0,0,0,0,0.99991649,-0.8351000000000001,0.8351000000000001,0.0,0.0,0,normal,46042220579.0,0.9245,0.84,1,1,0,normal,0,0,rules_frozen_high_confidence,RQI_DII_v1.0,frozen_confirmed_by_researcher,1,event_classification_and_source_expansion_pending
USDC_ASSURANCE_2022_08,2022-09-23,2022-10-06,13,0,0,0,0,0,0,0,0.99996904,-0.30960000000000004,0.30960000000000004,0.0,0.0,0,normal,45772124700.0,0.9245,0.84,1,1,0,normal,0,0,rules_frozen_high_confidence,RQI_DII_v1.0,frozen_confirmed_by_researcher,1,event_classification_and_source_expansion_pending
USDC_ASSURANCE_2022_08,2022-09-23,2022-10-07,14,0,0,0,0,0,0,0,1.0,0.0,0.0,0.0,0.0,0,normal,45574752171.0,0.9245,0.84,1,1,0,normal,0,0,rules_frozen_high_confidence,RQI_DII_v1.0,frozen_confirmed_by_researcher,1,event_classification_and_source_expansion_pending
USDC_ASSURANCE_2022_09,2022-10-25,2022-10-11,-14,0,0,0,0,0,0,0,1.00003506,0.3506,0.3506,0.0,0.0,0,normal,45351914609.0,0.9209,0.84,1,1,0,normal,0,1,rules_frozen_high_confidence,RQI_DII_v1.0,frozen_confirmed_by_researcher,1,event_classification_and_source_expansion_pending
USDC_ASSURANCE_2022_09,2022-10-25,2022-10-12,-13,0,0,0,0,0,0,0,0.99995579,-0.4421,0.4421,0.0,0.0,0,normal,45290536253.0,0.9209,0.84,1,1,0,normal,0,1,rules_frozen_high_confidence,RQI_DII_v1.0,frozen_confirmed_by_researcher,1,event_classification_and_source_expansion_pending
USDC_ASSURANCE_2022_09,2022-10-25,2022-10-13,-12,0,0,0,0,0,0,0,1.0,0.0,0.0,0.0,0.0,0,normal,45126428771.0,0.9209,0.84,1,1,0,normal,0,1,rules_frozen_high_confidence,RQI_DII_v1.0,frozen_confirmed_by_researcher,1,event_classification_and_source_expansion_pending
USDC_ASSURANCE_2022_09,2022-10-25,2022-10-14,-11,0,0,0,0,0,0,0,1.0,0.0,0.0,0.0,0.0,0,normal,44745808946.0,0.9209,0.84,1,1,0,normal,0,1,rules_frozen_high_confidence,RQI_DII_v1.0,frozen_confirmed_by_researcher,1,event_classification_and_source_expansion_pending
USDC_ASSURANCE_2022_09,2022-10-25,2022-10-15,-10,0,0,0,0,0,0,0,0.99992851,-0.7149,0.7149,0.0,0.0,0,normal,44384981368.0,0.9209,0.84,1,1,0,normal,0,1,rules_frozen_high_confidence,RQI_DII_v1.0,frozen_confirmed_by_researcher,1,event_classification_and_source_expansion_pending
USDC_ASSURANCE_2022_09,2022-10-25,2022-10-16,-9,0,0,0,0,0,0,0,0.99997402,-0.2598,0.2598,0.0,0.0,0,normal,44373399038.0,0.9209,0.84,1,1,0,normal,0,1,rules_frozen_high_confidence,RQI_DII_v1.0,frozen_confirmed_by_researcher,1,event_classification_and_source_expansion_pending
USDC_ASSURANCE_2022_09,2022-10-25,2022-10-17,-8,0,0,0,0,0,0,0,0.9999962,-0.038,0.038,0.0,0.0,0,normal,44370405718.0,0.9209,0.84,1,1,0,normal,0,1,rules_frozen_high_confidence,RQI_DII_v1.0,frozen_confirmed_by_researcher,1,event_classification_and_source_expansion_pending
USDC_ASSURANCE_2022_09,2022-10-25,2022-10-18,-7,0,1,0,0,1,0,0,1.00003868,0.38680000000000003,0.38680000000000003,0.0,0.0,0,normal,44144525925.0,0.9209,0.84,1,1,0,normal,0,1,rules_frozen_high_confidence,RQI_DII_v1.0,frozen_confirmed_by_researcher,1,event_classification_and_source_expansion_pending
USDC_ASSURANCE_2022_09,2022-10-25,2022-10-19,-6,0,1,0,0,1,0,0,0.99999203,-0.0797,0.0797,0.0,0.0,0,normal,43921183769.0,0.9209,0.84,1,1,0,normal,0,1,rules_frozen_high_confidence,RQI_DII_v1.0,frozen_confirmed_by_researcher,1,event_classification_and_source_expansion_pending
USDC_ASSURANCE_2022_09,2022-10-25,2022-10-20,-5,0,1,0,0,1,0,0,1.00004422,0.4422,0.4422,0.0,0.0,0,normal,43719507163.0,0.9209,0.84,1,1,0,normal,0,1,rules_frozen_high_confidence,RQI_DII_v1.0,frozen_confirmed_by_researcher,1,event_classification_and_source_expansion_pending
USDC_ASSURANCE_2022_09,2022-10-25,2022-10-21,-4,0,1,0,0,1,0,0,1.0000042,0.041999999999999996,0.041999999999999996,0.0,0.0,0,normal,43288164649.0,0.9209,0.84,1,1,0,normal,0,1,rules_frozen_high_confidence,RQI_DII_v1.0,frozen_confirmed_by_researcher,1,event_classification_and_source_expansion_pending
USDC_ASSURANCE_2022_09,2022-10-25,2022-10-22,-3,1,1,1,0,1,0,0,1.00016963,1.6963,1.6963,0.0,0.0,0,normal,43227731957.0,0.9209,0.84,1,1,0,normal,0,1,rules_frozen_high_confidence,RQI_DII_v1.0,frozen_confirmed_by_researcher,1,event_classification_and_source_expansion_pending
USDC_ASSURANCE_2022_09,2022-10-25,2022-10-23,-2,1,1,1,0,1,0,0,1.0,0.0,0.0,0.0,0.0,0,normal,43290851666.0,0.9209,0.84,1,1,0,normal,0,1,rules_frozen_high_confidence,RQI_DII_v1.0,frozen_confirmed_by_researcher,1,event_classification_and_source_expansion_pending
USDC_ASSURANCE_2022_09,2022-10-25,2022-10-24,-1,1,1,1,0,1,0,0,0.9999061,-0.9390000000000001,0.9390000000000001,0.0,0.0,0,normal,43301228285.0,0.9209,0.84,1,1,0,normal,0,1,rules_frozen_high_confidence,RQI_DII_v1.0,frozen_confirmed_by_researcher,1,event_classification_and_source_expansion_pending
USDC_ASSURANCE_2022_09,2022-10-25,2022-10-25,0,1,1,0,1,0,1,1,1.00000753,0.0753,0.0753,0.0,0.0,0,normal,43159609763.0,0.9209,0.84,1,1,0,normal,0,1,rules_frozen_high_confidence,RQI_DII_v1.0,frozen_confirmed_by_researcher,1,event_classification_and_source_expansion_pending
USDC_ASSURANCE_2022_09,2022-10-25,2022-10-26,1,1,1,0,1,0,1,0,1.00001484,0.1484,0.1484,0.0,0.0,0,normal,43173301271.0,0.9209,0.84,1,1,0,normal,0,1,rules_frozen_high_confidence,RQI_DII_v1.0,frozen_confirmed_by_researcher,1,event_classification_and_source_expansion_pending
USDC_ASSURANCE_2022_09,2022-10-25,2022-10-27,2,1,1,0,1,0,1,0,1.0,0.0,0.0,0.0,0.0,0,normal,43214177934.0,0.9209,0.84,1,1,0,normal,0,1,rules_frozen_high_confidence,RQI_DII_v1.0,frozen_confirmed_by_researcher,1,event_classification_and_source_expansion_pending
USDC_ASSURANCE_2022_09,2022-10-25,2022-10-28,3,1,1,0,1,0,1,0,0.99991551,-0.8449,0.8449,0.0,0.0,0,normal,43230592447.0,0.9209,0.84,1,1,0,normal,0,1,rules_frozen_high_confidence,RQI_DII_v1.0,frozen_confirmed_by_researcher,1,event_classification_and_source_expansion_pending
USDC_ASSURANCE_2022_09,2022-10-25,2022-10-29,4,0,1,0,0,0,1,0,0.99994637,-0.5363,0.5363,0.0,0.0,0,normal,43113081831.0,0.9209,0.84,1,1,0,normal,0,1,rules_frozen_high_confidence,RQI_DII_v1.0,frozen_confirmed_by_researcher,1,event_classification_and_source_expansion_pending
USDC_ASSURANCE_2022_09,2022-10-25,2022-10-30,5,0,1,0,0,0,1,0,0.99996117,-0.3883,0.3883,0.0,0.0,0,normal,43064280295.0,0.9209,0.84,1,1,0,normal,0,1,rules_frozen_high_confidence,RQI_DII_v1.0,frozen_confirmed_by_researcher,1,event_classification_and_source_expansion_pending
USDC_ASSURANCE_2022_09,2022-10-25,2022-10-31,6,0,1,0,0,0,1,0,0.99996831,-0.3169,0.3169,0.0,0.0,0,normal,43053293918.0,0.9209,0.84,1,1,0,normal,0,1,rules_frozen_high_confidence,RQI_DII_v1.0,frozen_confirmed_by_researcher,1,event_classification_and_source_expansion_pending
USDC_ASSURANCE_2022_09,2022-10-25,2022-11-01,7,0,1,0,0,0,1,0,1.0,0.0,0.0,0.0,0.0,0,normal,42785088328.0,0.9209,0.84,1,1,0,normal,0,1,rules_frozen_high_confidence,RQI_DII_v1.0,frozen_confirmed_by_researcher,1,event_classification_and_source_expansion_pending
USDC_ASSURANCE_2022_09,2022-10-25,2022-11-02,8,0,0,0,0,0,0,0,0.99994588,-0.5412,0.5412,0.0,0.0,0,normal,42366510977.0,0.9209,0.84,1,1,0,normal,0,1,rules_frozen_high_confidence,RQI_DII_v1.0,frozen_confirmed_by_researcher,1,event_classification_and_source_expansion_pending
USDC_ASSURANCE_2022_09,2022-10-25,2022-11-03,9,0,0,0,0,0,0,0,1.00002311,0.2311,0.2311,0.0,0.0,0,normal,41880031891.0,0.9209,0.84,1,1,0,normal,0,1,rules_frozen_high_confidence,RQI_DII_v1.0,frozen_confirmed_by_researcher,1,event_classification_and_source_expansion_pending
USDC_ASSURANCE_2022_09,2022-10-25,2022-11-04,10,0,0,0,0,0,0,0,1.00000216,0.0216,0.0216,0.0,0.0,0,normal,41431548465.0,0.9209,0.84,1,1,0,normal,0,1,rules_frozen_high_confidence,RQI_DII_v1.0,frozen_confirmed_by_researcher,1,event_classification_and_source_expansion_pending
USDC_ASSURANCE_2022_09,2022-10-25,2022-11-05,11,0,0,0,0,0,0,0,1.00000073,0.0073,0.0073,0.0,0.0,0,normal,41453104098.0,0.9209,0.84,1,1,0,normal,0,1,rules_frozen_high_confidence,RQI_DII_v1.0,frozen_confirmed_by_researcher,1,event_classification_and_source_expansion_pending
USDC_ASSURANCE_2022_09,2022-10-25,2022-11-06,12,0,0,0,0,0,0,0,1.00009762,0.9762000000000001,0.9762000000000001,0.0,0.0,1,crypto_native_stress,41373410739.0,0.9209,0.84,1,1,0,normal,0,1,rules_frozen_high_confidence,RQI_DII_v1.0,frozen_confirmed_by_researcher,1,event_classification_and_source_expansion_pending
USDC_ASSURANCE_2022_09,2022-10-25,2022-11-07,13,0,0,0,0,0,0,0,0.99998667,-0.1333,0.1333,0.0,0.0,1,crypto_native_stress,41734994604.0,0.9209,0.84,1,1,0,normal,0,1,rules_frozen_high_confidence,RQI_DII_v1.0,frozen_confirmed_by_researcher,1,event_classification_and_source_expansion_pending
USDC_ASSURANCE_2022_09,2022-10-25,2022-11-08,14,0,0,0,0,0,0,0,1.00008081,0.8080999999999999,0.8080999999999999,0.0,0.0,1,crypto_native_stress,42525674392.0,0.9209,0.84,1,1,0,normal,0,1,rules_frozen_high_confidence,RQI_DII_v1.0,frozen_confirmed_by_researcher,1,event_classification_and_source_expansion_pending
USDC_ASSURANCE_2022_10,2022-11-22,2022-11-08,-14,0,0,0,0,0,0,0,1.00008081,0.8080999999999999,0.8080999999999999,0.0,0.0,1,crypto_native_stress,42525674392.0,0.9225,0.84,1,1,0,normal,0,1,rules_frozen_high_confidence,RQI_DII_v1.0,frozen_confirmed_by_researcher,1,event_classification_and_source_expansion_pending
USDC_ASSURANCE_2022_10,2022-11-22,2022-11-09,-13,0,0,0,0,0,0,0,1.00008611,0.8611,0.8611,0.0,0.0,1,crypto_native_stress,42165618055.0,0.9225,0.84,1,1,0,normal,0,1,rules_frozen_high_confidence,RQI_DII_v1.0,frozen_confirmed_by_researcher,1,event_classification_and_source_expansion_pending
USDC_ASSURANCE_2022_10,2022-11-22,2022-11-10,-12,0,0,0,0,0,0,0,1.00120456,12.045599999999999,12.045599999999999,0.0,0.0,1,crypto_native_stress,42258336817.0,0.9225,0.84,1,1,0,normal,0,1,rules_frozen_high_confidence,RQI_DII_v1.0,frozen_confirmed_by_researcher,1,event_classification_and_source_expansion_pending
USDC_ASSURANCE_2022_10,2022-11-22,2022-11-11,-11,0,0,0,0,0,0,0,0.99983254,-1.6746,1.6746,0.0,0.0,1,crypto_native_stress,42874422979.0,0.9225,0.84,1,1,0,normal,0,1,rules_frozen_high_confidence,RQI_DII_v1.0,frozen_confirmed_by_researcher,1,event_classification_and_source_expansion_pending
USDC_ASSURANCE_2022_10,2022-11-22,2022-11-12,-10,0,0,0,0,0,0,0,1.00102976,10.2976,10.2976,0.0,0.0,1,crypto_native_stress,43379839175.0,0.9225,0.84,1,1,0,normal,0,1,rules_frozen_high_confidence,RQI_DII_v1.0,frozen_confirmed_by_researcher,1,event_classification_and_source_expansion_pending
USDC_ASSURANCE_2022_10,2022-11-22,2022-11-13,-9,0,0,0,0,0,0,0,1.00030312,3.0311999999999997,3.0311999999999997,0.0,0.0,1,crypto_native_stress,43522223243.0,0.9225,0.84,1,1,0,normal,0,1,rules_frozen_high_confidence,RQI_DII_v1.0,frozen_confirmed_by_researcher,1,event_classification_and_source_expansion_pending
USDC_ASSURANCE_2022_10,2022-11-22,2022-11-14,-8,0,0,0,0,0,0,0,1.00041428,4.1428,4.1428,0.0,0.0,1,crypto_native_stress,43486346982.0,0.9225,0.84,1,1,0,normal,0,1,rules_frozen_high_confidence,RQI_DII_v1.0,frozen_confirmed_by_researcher,1,event_classification_and_source_expansion_pending
USDC_ASSURANCE_2022_10,2022-11-22,2022-11-15,-7,0,1,0,0,1,0,0,1.0002875,2.875,2.875,0.0,0.0,1,crypto_native_stress,43528844475.0,0.9225,0.84,1,1,0,normal,0,1,rules_frozen_high_confidence,RQI_DII_v1.0,frozen_confirmed_by_researcher,1,event_classification_and_source_expansion_pending
USDC_ASSURANCE_2022_10,2022-11-22,2022-11-16,-6,0,1,0,0,1,0,0,1.00029201,2.9200999999999997,2.9200999999999997,0.0,0.0,1,crypto_native_stress,43840153331.0,0.9225,0.84,1,1,0,normal,0,1,rules_frozen_high_confidence,RQI_DII_v1.0,frozen_confirmed_by_researcher,1,event_classification_and_source_expansion_pending
USDC_ASSURANCE_2022_10,2022-11-22,2022-11-17,-5,0,1,0,0,1,0,0,1.00008248,0.8248,0.8248,0.0,0.0,1,crypto_native_stress,43798058621.0,0.9225,0.84,1,1,0,normal,0,1,rules_frozen_high_confidence,RQI_DII_v1.0,frozen_confirmed_by_researcher,1,event_classification_and_source_expansion_pending
USDC_ASSURANCE_2022_10,2022-11-22,2022-11-18,-4,0,1,0,0,1,0,0,0.99999896,-0.0104,0.0104,0.0,0.0,1,crypto_native_stress,43547291118.0,0.9225,0.84,1,1,0,normal,0,1,rules_frozen_high_confidence,RQI_DII_v1.0,frozen_confirmed_by_researcher,1,event_classification_and_source_expansion_pending
USDC_ASSURANCE_2022_10,2022-11-22,2022-11-19,-3,1,1,1,0,1,0,0,1.0,0.0,0.0,0.0,0.0,1,crypto_native_stress,43831554253.0,0.9225,0.84,1,1,0,normal,0,1,rules_frozen_high_confidence,RQI_DII_v1.0,frozen_confirmed_by_researcher,1,event_classification_and_source_expansion_pending
USDC_ASSURANCE_2022_10,2022-11-22,2022-11-20,-2,1,1,1,0,1,0,0,1.00008682,0.8682,0.8682,0.0,0.0,1,crypto_native_stress,43883410857.0,0.9225,0.84,1,1,0,normal,0,1,rules_frozen_high_confidence,RQI_DII_v1.0,frozen_confirmed_by_researcher,1,event_classification_and_source_expansion_pending
USDC_ASSURANCE_2022_10,2022-11-22,2022-11-21,-1,1,1,1,0,1,0,0,1.00018009,1.8009,1.8009,0.0,0.0,0,normal,43954141549.0,0.9225,0.84,1,1,0,normal,0,1,rules_frozen_high_confidence,RQI_DII_v1.0,frozen_confirmed_by_researcher,1,event_classification_and_source_expansion_pending
USDC_ASSURANCE_2022_10,2022-11-22,2022-11-22,0,1,1,0,1,0,1,1,1.00026976,2.6976,2.6976,0.0,0.0,0,normal,43559070238.0,0.9225,0.84,1,1,0,normal,0,1,rules_frozen_high_confidence,RQI_DII_v1.0,frozen_confirmed_by_researcher,1,event_classification_and_source_expansion_pending
USDC_ASSURANCE_2022_10,2022-11-22,2022-11-23,1,1,1,0,1,0,1,0,0.99996018,-0.3982,0.3982,0.0,0.0,0,normal,43574201150.0,0.9225,0.84,1,1,0,normal,0,1,rules_frozen_high_confidence,RQI_DII_v1.0,frozen_confirmed_by_researcher,1,event_classification_and_source_expansion_pending
USDC_ASSURANCE_2022_10,2022-11-22,2022-11-24,2,1,1,0,1,0,1,0,0.99987218,-1.2782,1.2782,0.0,0.0,0,normal,43275832443.0,0.9225,0.84,1,1,0,normal,0,1,rules_frozen_high_confidence,RQI_DII_v1.0,frozen_confirmed_by_researcher,1,event_classification_and_source_expansion_pending
USDC_ASSURANCE_2022_10,2022-11-22,2022-11-25,3,1,1,0,1,0,1,0,1.00001927,0.1927,0.1927,0.0,0.0,0,normal,43469708298.0,0.9225,0.84,1,1,0,normal,0,1,rules_frozen_high_confidence,RQI_DII_v1.0,frozen_confirmed_by_researcher,1,event_classification_and_source_expansion_pending
USDC_ASSURANCE_2022_10,2022-11-22,2022-11-26,4,0,1,0,0,0,1,0,1.00016916,1.6916000000000002,1.6916000000000002,0.0,0.0,0,normal,43424192993.0,0.9225,0.84,1,1,0,normal,0,1,rules_frozen_high_confidence,RQI_DII_v1.0,frozen_confirmed_by_researcher,1,event_classification_and_source_expansion_pending
USDC_ASSURANCE_2022_10,2022-11-22,2022-11-27,5,0,1,0,0,0,1,0,0.99992583,-0.7417,0.7417,0.0,0.0,0,normal,43607738852.0,0.9225,0.84,1,1,0,normal,0,1,rules_frozen_high_confidence,RQI_DII_v1.0,frozen_confirmed_by_researcher,1,event_classification_and_source_expansion_pending
USDC_ASSURANCE_2022_10,2022-11-22,2022-11-28,6,0,1,0,0,0,1,0,1.00015294,1.5294,1.5294,0.0,0.0,0,normal,43747949613.0,0.9225,0.84,1,1,0,normal,0,1,rules_frozen_high_confidence,RQI_DII_v1.0,frozen_confirmed_by_researcher,1,event_classification_and_source_expansion_pending
USDC_ASSURANCE_2022_10,2022-11-22,2022-11-29,7,0,1,0,0,0,1,0,1.00008682,0.8682,0.8682,0.0,0.0,0,normal,43221410167.0,0.9225,0.84,1,1,0,normal,0,1,rules_frozen_high_confidence,RQI_DII_v1.0,frozen_confirmed_by_researcher,1,event_classification_and_source_expansion_pending
USDC_ASSURANCE_2022_10,2022-11-22,2022-11-30,8,0,0,0,0,0,0,0,1.00010096,1.0096,1.0096,0.0,0.0,0,normal,42847513806.0,0.9225,0.84,1,1,0,normal,0,1,rules_frozen_high_confidence,RQI_DII_v1.0,frozen_confirmed_by_researcher,1,event_classification_and_source_expansion_pending
USDC_ASSURANCE_2022_10,2022-11-22,2022-12-01,9,0,0,0,0,0,0,0,1.00000893,0.08929999999999999,0.08929999999999999,0.0,0.0,0,normal,42778797664.0,0.9225,0.84,1,1,0,normal,0,1,rules_frozen_high_confidence,RQI_DII_v1.0,frozen_confirmed_by_researcher,1,event_classification_and_source_expansion_pending
USDC_ASSURANCE_2022_10,2022-11-22,2022-12-02,10,0,0,0,0,0,0,0,0.99998305,-0.16949999999999998,0.16949999999999998,0.0,0.0,0,normal,42632240046.0,0.9225,0.84,1,1,0,normal,0,1,rules_frozen_high_confidence,RQI_DII_v1.0,frozen_confirmed_by_researcher,1,event_classification_and_source_expansion_pending
USDC_ASSURANCE_2022_10,2022-11-22,2022-12-03,11,0,0,0,0,0,0,0,1.0,0.0,0.0,0.0,0.0,0,normal,42773580768.0,0.9225,0.84,1,1,0,normal,0,1,rules_frozen_high_confidence,RQI_DII_v1.0,frozen_confirmed_by_researcher,1,event_classification_and_source_expansion_pending
USDC_ASSURANCE_2022_10,2022-11-22,2022-12-04,12,0,0,0,0,0,0,0,1.00007566,0.7566,0.7566,0.0,0.0,0,normal,42885392478.0,0.9225,0.84,1,1,0,normal,0,1,rules_frozen_high_confidence,RQI_DII_v1.0,frozen_confirmed_by_researcher,1,event_classification_and_source_expansion_pending
USDC_ASSURANCE_2022_10,2022-11-22,2022-12-05,13,0,0,0,0,0,0,0,1.00000078,0.0078000000000000005,0.0078000000000000005,0.0,0.0,0,normal,43014379935.0,0.9225,0.84,1,1,0,normal,0,1,rules_frozen_high_confidence,RQI_DII_v1.0,frozen_confirmed_by_researcher,1,event_classification_and_source_expansion_pending
USDC_ASSURANCE_2022_10,2022-11-22,2022-12-06,14,0,0,0,0,0,0,0,1.0,0.0,0.0,0.0,0.0,0,normal,42722709227.0,0.9225,0.84,1,1,0,normal,0,1,rules_frozen_high_confidence,RQI_DII_v1.0,frozen_confirmed_by_researcher,1,event_classification_and_source_expansion_pending
USDC_ASSURANCE_2022_11,2022-12-22,2022-12-08,-14,0,0,0,0,0,0,0,0.99998201,-0.17989999999999998,0.17989999999999998,0.0,0.0,0,normal,42371272064.0,0.9103,0.84,1,1,0,normal,0,0,rules_frozen_high_confidence,RQI_DII_v1.0,frozen_confirmed_by_researcher,1,event_classification_and_source_expansion_pending
USDC_ASSURANCE_2022_11,2022-12-22,2022-12-09,-13,0,0,0,0,0,0,0,1.00002626,0.2626,0.2626,0.0,0.0,0,normal,42332537244.0,0.9103,0.84,1,1,0,normal,0,0,rules_frozen_high_confidence,RQI_DII_v1.0,frozen_confirmed_by_researcher,1,event_classification_and_source_expansion_pending
USDC_ASSURANCE_2022_11,2022-12-22,2022-12-10,-12,0,0,0,0,0,0,0,0.99992538,-0.7462,0.7462,0.0,0.0,0,normal,42286679964.0,0.9103,0.84,1,1,0,normal,0,0,rules_frozen_high_confidence,RQI_DII_v1.0,frozen_confirmed_by_researcher,1,event_classification_and_source_expansion_pending
USDC_ASSURANCE_2022_11,2022-12-22,2022-12-11,-11,0,0,0,0,0,0,0,1.00000947,0.0947,0.0947,0.0,0.0,0,normal,42329723400.0,0.9103,0.84,1,1,0,normal,0,0,rules_frozen_high_confidence,RQI_DII_v1.0,frozen_confirmed_by_researcher,1,event_classification_and_source_expansion_pending
USDC_ASSURANCE_2022_11,2022-12-22,2022-12-12,-10,0,0,0,0,0,0,0,1.00005607,0.5607,0.5607,0.0,0.0,0,normal,42340982558.0,0.9103,0.84,1,1,0,normal,0,0,rules_frozen_high_confidence,RQI_DII_v1.0,frozen_confirmed_by_researcher,1,event_classification_and_source_expansion_pending
USDC_ASSURANCE_2022_11,2022-12-22,2022-12-13,-9,0,0,0,0,0,0,0,1.00000312,0.031200000000000002,0.031200000000000002,0.0,0.0,0,normal,42113786081.0,0.9103,0.84,1,1,0,normal,0,0,rules_frozen_high_confidence,RQI_DII_v1.0,frozen_confirmed_by_researcher,1,event_classification_and_source_expansion_pending
USDC_ASSURANCE_2022_11,2022-12-22,2022-12-14,-8,0,0,0,0,0,0,0,1.0,0.0,0.0,0.0,0.0,0,normal,44666185398.0,0.9103,0.84,1,1,0,normal,0,0,rules_frozen_high_confidence,RQI_DII_v1.0,frozen_confirmed_by_researcher,1,event_classification_and_source_expansion_pending
USDC_ASSURANCE_2022_11,2022-12-22,2022-12-15,-7,0,1,0,0,1,0,0,1.00003239,0.3239,0.3239,0.0,0.0,0,normal,44728188414.0,0.9103,0.84,1,1,0,normal,0,0,rules_frozen_high_confidence,RQI_DII_v1.0,frozen_confirmed_by_researcher,1,event_classification_and_source_expansion_pending
USDC_ASSURANCE_2022_11,2022-12-22,2022-12-16,-6,0,1,0,0,1,0,0,1.00003671,0.3671,0.3671,0.0,0.0,0,normal,44616272843.0,0.9103,0.84,1,1,0,normal,0,0,rules_frozen_high_confidence,RQI_DII_v1.0,frozen_confirmed_by_researcher,1,event_classification_and_source_expansion_pending
USDC_ASSURANCE_2022_11,2022-12-22,2022-12-17,-5,0,1,0,0,1,0,0,0.99994853,-0.5147,0.5147,0.0,0.0,0,normal,44385390705.0,0.9103,0.84,1,1,0,normal,0,0,rules_frozen_high_confidence,RQI_DII_v1.0,frozen_confirmed_by_researcher,1,event_classification_and_source_expansion_pending
USDC_ASSURANCE_2022_11,2022-12-22,2022-12-18,-4,0,1,0,0,1,0,0,1.00010524,1.0524,1.0524,0.0,0.0,0,normal,44430630730.0,0.9103,0.84,1,1,0,normal,0,0,rules_frozen_high_confidence,RQI_DII_v1.0,frozen_confirmed_by_researcher,1,event_classification_and_source_expansion_pending
USDC_ASSURANCE_2022_11,2022-12-22,2022-12-19,-3,1,1,1,0,1,0,0,1.00003606,0.3606,0.3606,0.0,0.0,0,normal,44462941308.0,0.9103,0.84,1,1,0,normal,0,0,rules_frozen_high_confidence,RQI_DII_v1.0,frozen_confirmed_by_researcher,1,event_classification_and_source_expansion_pending
USDC_ASSURANCE_2022_11,2022-12-22,2022-12-20,-2,1,1,1,0,1,0,0,0.9999429,-0.571,0.571,0.0,0.0,0,normal,44092546855.0,0.9103,0.84,1,1,0,normal,0,0,rules_frozen_high_confidence,RQI_DII_v1.0,frozen_confirmed_by_researcher,1,event_classification_and_source_expansion_pending
USDC_ASSURANCE_2022_11,2022-12-22,2022-12-21,-1,1,1,1,0,1,0,0,0.99999423,-0.0577,0.0577,0.0,0.0,0,normal,44029406448.0,0.9103,0.84,1,1,0,normal,0,0,rules_frozen_high_confidence,RQI_DII_v1.0,frozen_confirmed_by_researcher,1,event_classification_and_source_expansion_pending
USDC_ASSURANCE_2022_11,2022-12-22,2022-12-22,0,1,1,0,1,0,1,1,1.00000479,0.0479,0.0479,0.0,0.0,0,normal,43843909854.0,0.9103,0.84,1,1,0,normal,0,0,rules_frozen_high_confidence,RQI_DII_v1.0,frozen_confirmed_by_researcher,1,event_classification_and_source_expansion_pending
USDC_ASSURANCE_2022_11,2022-12-22,2022-12-23,1,1,1,0,1,0,1,0,1.00003301,0.33009999999999995,0.33009999999999995,0.0,0.0,0,normal,43778374824.0,0.9103,0.84,1,1,0,normal,0,0,rules_frozen_high_confidence,RQI_DII_v1.0,frozen_confirmed_by_researcher,1,event_classification_and_source_expansion_pending
USDC_ASSURANCE_2022_11,2022-12-22,2022-12-24,2,1,1,0,1,0,1,0,1.00021706,2.1706000000000003,2.1706000000000003,0.0,0.0,0,normal,43726971965.0,0.9103,0.84,1,1,0,normal,0,0,rules_frozen_high_confidence,RQI_DII_v1.0,frozen_confirmed_by_researcher,1,event_classification_and_source_expansion_pending
USDC_ASSURANCE_2022_11,2022-12-22,2022-12-25,3,1,1,0,1,0,1,0,1.00006642,0.6642,0.6642,0.0,0.0,0,normal,43863710134.0,0.9103,0.84,1,1,0,normal,0,0,rules_frozen_high_confidence,RQI_DII_v1.0,frozen_confirmed_by_researcher,1,event_classification_and_source_expansion_pending
USDC_ASSURANCE_2022_11,2022-12-22,2022-12-26,4,0,1,0,0,0,1,0,1.000383,3.83,3.83,0.0,0.0,0,normal,43971585155.0,0.9103,0.84,1,1,0,normal,0,0,rules_frozen_high_confidence,RQI_DII_v1.0,frozen_confirmed_by_researcher,1,event_classification_and_source_expansion_pending
USDC_ASSURANCE_2022_11,2022-12-22,2022-12-27,5,0,1,0,0,0,1,0,1.00010551,1.0551,1.0551,0.0,0.0,0,normal,44068901285.0,0.9103,0.84,1,1,0,normal,0,0,rules_frozen_high_confidence,RQI_DII_v1.0,frozen_confirmed_by_researcher,1,event_classification_and_source_expansion_pending
USDC_ASSURANCE_2022_11,2022-12-22,2022-12-28,6,0,1,0,0,0,1,0,1.00002289,0.2289,0.2289,0.0,0.0,0,normal,43773039780.0,0.9103,0.84,1,1,0,normal,0,0,rules_frozen_high_confidence,RQI_DII_v1.0,frozen_confirmed_by_researcher,1,event_classification_and_source_expansion_pending
USDC_ASSURANCE_2022_11,2022-12-22,2022-12-29,7,0,1,0,0,0,1,0,0.99993375,-0.6625,0.6625,0.0,0.0,0,normal,44013416307.0,0.9103,0.84,1,1,0,normal,0,0,rules_frozen_high_confidence,RQI_DII_v1.0,frozen_confirmed_by_researcher,1,event_classification_and_source_expansion_pending
USDC_ASSURANCE_2022_11,2022-12-22,2022-12-30,8,0,0,0,0,0,0,0,0.99993943,-0.6057,0.6057,0.0,0.0,0,normal,44068079193.0,0.9103,0.84,1,1,0,normal,0,0,rules_frozen_high_confidence,RQI_DII_v1.0,frozen_confirmed_by_researcher,1,event_classification_and_source_expansion_pending
USDC_ASSURANCE_2022_11,2022-12-22,2022-12-31,9,0,0,0,0,0,0,0,1.00004217,0.42169999999999996,0.42169999999999996,0.0,0.0,0,normal,44139192450.0,0.9103,0.84,1,1,0,normal,0,0,rules_frozen_high_confidence,RQI_DII_v1.0,frozen_confirmed_by_researcher,1,event_classification_and_source_expansion_pending
USDC_ASSURANCE_2022_11,2022-12-22,2023-01-01,10,0,0,0,0,0,0,0,1.00024048,2.4048,2.4048,0.0,0.0,0,normal,44167379267.0,0.9103,0.84,1,1,0,normal,0,0,rules_frozen_high_confidence,RQI_DII_v1.0,frozen_confirmed_by_researcher,1,event_classification_and_source_expansion_pending
USDC_ASSURANCE_2022_11,2022-12-22,2023-01-02,11,0,0,0,0,0,0,0,1.00041658,4.1658,4.1658,0.0,0.0,0,normal,44226700393.0,0.9103,0.84,1,1,0,normal,0,0,rules_frozen_high_confidence,RQI_DII_v1.0,frozen_confirmed_by_researcher,1,event_classification_and_source_expansion_pending
USDC_ASSURANCE_2022_11,2022-12-22,2023-01-03,12,0,0,0,0,0,0,0,1.00008502,0.8502,0.8502,0.0,0.0,0,normal,44331443353.0,0.9103,0.84,1,1,0,normal,0,0,rules_frozen_high_confidence,RQI_DII_v1.0,frozen_confirmed_by_researcher,1,event_classification_and_source_expansion_pending
USDC_ASSURANCE_2022_11,2022-12-22,2023-01-04,13,0,0,0,0,0,0,0,1.0,0.0,0.0,0.0,0.0,0,normal,43795226282.0,0.9103,0.84,1,1,0,normal,0,0,rules_frozen_high_confidence,RQI_DII_v1.0,frozen_confirmed_by_researcher,1,event_classification_and_source_expansion_pending
USDC_ASSURANCE_2022_11,2022-12-22,2023-01-05,14,0,0,0,0,0,0,0,1.00009265,0.9265,0.9265,0.0,0.0,0,normal,43746800993.0,0.9103,0.84,1,1,0,normal,0,0,rules_frozen_high_confidence,RQI_DII_v1.0,frozen_confirmed_by_researcher,1,event_classification_and_source_expansion_pending
USDC_ASSURANCE_2022_12,2023-01-25,2023-01-11,-14,0,0,0,0,0,0,0,1.0,0.0,0.0,0.0,0.0,0,normal,43288167984.0,0.9136,0.84,1,1,0,normal,0,0,rules_frozen_high_confidence,RQI_DII_v1.0,frozen_confirmed_by_researcher,1,event_classification_and_source_expansion_pending
USDC_ASSURANCE_2022_12,2023-01-25,2023-01-12,-13,0,0,0,0,0,0,0,1.0,0.0,0.0,0.0,0.0,0,normal,43415292126.0,0.9136,0.84,1,1,0,normal,0,0,rules_frozen_high_confidence,RQI_DII_v1.0,frozen_confirmed_by_researcher,1,event_classification_and_source_expansion_pending
USDC_ASSURANCE_2022_12,2023-01-25,2023-01-13,-12,0,0,0,0,0,0,0,1.0,0.0,0.0,0.0,0.0,0,normal,43536464564.0,0.9136,0.84,1,1,0,normal,0,0,rules_frozen_high_confidence,RQI_DII_v1.0,frozen_confirmed_by_researcher,1,event_classification_and_source_expansion_pending
USDC_ASSURANCE_2022_12,2023-01-25,2023-01-14,-11,0,0,0,0,0,0,0,0.99997,-0.3,0.3,0.0,0.0,0,normal,43058759626.0,0.9136,0.84,1,1,0,normal,0,0,rules_frozen_high_confidence,RQI_DII_v1.0,frozen_confirmed_by_researcher,1,event_classification_and_source_expansion_pending
USDC_ASSURANCE_2022_12,2023-01-25,2023-01-15,-10,0,0,0,0,0,0,0,0.99998,-0.2,0.2,0.0,0.0,0,normal,43295832398.0,0.9136,0.84,1,1,0,normal,0,0,rules_frozen_high_confidence,RQI_DII_v1.0,frozen_confirmed_by_researcher,1,event_classification_and_source_expansion_pending
USDC_ASSURANCE_2022_12,2023-01-25,2023-01-16,-9,0,0,0,0,0,0,0,1.0,0.0,0.0,0.0,0.0,0,normal,43511075855.0,0.9136,0.84,1,1,0,normal,0,0,rules_frozen_high_confidence,RQI_DII_v1.0,frozen_confirmed_by_researcher,1,event_classification_and_source_expansion_pending
USDC_ASSURANCE_2022_12,2023-01-25,2023-01-17,-8,0,0,0,0,0,0,0,0.99997,-0.3,0.3,0.0,0.0,0,normal,43451077423.0,0.9136,0.84,1,1,0,normal,0,0,rules_frozen_high_confidence,RQI_DII_v1.0,frozen_confirmed_by_researcher,1,event_classification_and_source_expansion_pending
USDC_ASSURANCE_2022_12,2023-01-25,2023-01-18,-7,0,1,0,0,1,0,0,1.00003017,0.3017,0.3017,0.0,0.0,0,normal,43176598921.0,0.9136,0.84,1,1,0,normal,0,0,rules_frozen_high_confidence,RQI_DII_v1.0,frozen_confirmed_by_researcher,1,event_classification_and_source_expansion_pending
USDC_ASSURANCE_2022_12,2023-01-25,2023-01-19,-6,0,1,0,0,1,0,0,0.99995,-0.5,0.5,0.0,0.0,0,normal,42707980562.0,0.9136,0.84,1,1,0,normal,0,0,rules_frozen_high_confidence,RQI_DII_v1.0,frozen_confirmed_by_researcher,1,event_classification_and_source_expansion_pending
USDC_ASSURANCE_2022_12,2023-01-25,2023-01-20,-5,0,1,0,0,1,0,0,1.00000848,0.0848,0.0848,0.0,0.0,0,normal,42597573265.0,0.9136,0.84,1,1,0,normal,0,0,rules_frozen_high_confidence,RQI_DII_v1.0,frozen_confirmed_by_researcher,1,event_classification_and_source_expansion_pending
USDC_ASSURANCE_2022_12,2023-01-25,2023-01-21,-4,0,1,0,0,1,0,0,1.000475,4.75,4.75,0.0,0.0,0,normal,42789166772.0,0.9136,0.84,1,1,0,normal,0,0,rules_frozen_high_confidence,RQI_DII_v1.0,frozen_confirmed_by_researcher,1,event_classification_and_source_expansion_pending
USDC_ASSURANCE_2022_12,2023-01-25,2023-01-22,-3,1,1,1,0,1,0,0,1.0,0.0,0.0,0.0,0.0,0,normal,42968052788.0,0.9136,0.84,1,1,0,normal,0,0,rules_frozen_high_confidence,RQI_DII_v1.0,frozen_confirmed_by_researcher,1,event_classification_and_source_expansion_pending
USDC_ASSURANCE_2022_12,2023-01-25,2023-01-23,-2,1,1,1,0,1,0,0,1.00003322,0.3322,0.3322,0.0,0.0,0,normal,43107032877.0,0.9136,0.84,1,1,0,normal,0,0,rules_frozen_high_confidence,RQI_DII_v1.0,frozen_confirmed_by_researcher,1,event_classification_and_source_expansion_pending
USDC_ASSURANCE_2022_12,2023-01-25,2023-01-24,-1,1,1,1,0,1,0,0,0.9999,-1.0,1.0,0.0,0.0,0,normal,43100382573.0,0.9136,0.84,1,1,0,normal,0,0,rules_frozen_high_confidence,RQI_DII_v1.0,frozen_confirmed_by_researcher,1,event_classification_and_source_expansion_pending
USDC_ASSURANCE_2022_12,2023-01-25,2023-01-25,0,1,1,0,1,0,1,1,1.00038,3.8000000000000003,3.8000000000000003,0.0,0.0,0,normal,43265067842.0,0.9136,0.84,1,1,0,normal,0,0,rules_frozen_high_confidence,RQI_DII_v1.0,frozen_confirmed_by_researcher,1,event_classification_and_source_expansion_pending
USDC_ASSURANCE_2022_12,2023-01-25,2023-01-26,1,1,1,0,1,0,1,0,1.0,0.0,0.0,0.0,0.0,0,normal,43169202068.0,0.9136,0.84,1,1,0,normal,0,0,rules_frozen_high_confidence,RQI_DII_v1.0,frozen_confirmed_by_researcher,1,event_classification_and_source_expansion_pending
USDC_ASSURANCE_2022_12,2023-01-25,2023-01-27,2,1,1,0,1,0,1,0,1.0,0.0,0.0,0.0,0.0,0,normal,42922290984.0,0.9136,0.84,1,1,0,normal,0,0,rules_frozen_high_confidence,RQI_DII_v1.0,frozen_confirmed_by_researcher,1,event_classification_and_source_expansion_pending
USDC_ASSURANCE_2022_12,2023-01-25,2023-01-28,3,1,1,0,1,0,1,0,0.99995424,-0.4576,0.4576,0.0,0.0,0,normal,42689878260.0,0.9136,0.84,1,1,0,normal,0,0,rules_frozen_high_confidence,RQI_DII_v1.0,frozen_confirmed_by_researcher,1,event_classification_and_source_expansion_pending
USDC_ASSURANCE_2022_12,2023-01-25,2023-01-29,4,0,1,0,0,0,1,0,1.00003,0.3,0.3,0.0,0.0,0,normal,42725465342.0,0.9136,0.84,1,1,0,normal,0,0,rules_frozen_high_confidence,RQI_DII_v1.0,frozen_confirmed_by_researcher,1,event_classification_and_source_expansion_pending
USDC_ASSURANCE_2022_12,2023-01-25,2023-01-30,5,0,1,0,0,0,1,0,1.00020182,2.0181999999999998,2.0181999999999998,0.0,0.0,0,normal,42605390447.0,0.9136,0.84,1,1,0,normal,0,0,rules_frozen_high_confidence,RQI_DII_v1.0,frozen_confirmed_by_researcher,1,event_classification_and_source_expansion_pending
USDC_ASSURANCE_2022_12,2023-01-25,2023-01-31,6,0,1,0,0,0,1,0,0.99994455,-0.5545,0.5545,0.0,0.0,0,normal,42194271215.0,0.9136,0.84,1,1,0,normal,0,0,rules_frozen_high_confidence,RQI_DII_v1.0,frozen_confirmed_by_researcher,1,event_classification_and_source_expansion_pending
USDC_ASSURANCE_2022_12,2023-01-25,2023-02-01,7,0,1,0,0,0,1,0,1.0002872,2.872,2.872,0.0,0.0,0,normal,41910413168.0,0.9136,0.84,1,1,0,normal,0,0,rules_frozen_high_confidence,RQI_DII_v1.0,frozen_confirmed_by_researcher,1,event_classification_and_source_expansion_pending
USDC_ASSURANCE_2022_12,2023-01-25,2023-02-02,8,0,0,0,0,0,0,0,1.0,0.0,0.0,0.0,0.0,0,normal,41902011000.0,0.9136,0.84,1,1,0,normal,0,0,rules_frozen_high_confidence,RQI_DII_v1.0,frozen_confirmed_by_researcher,1,event_classification_and_source_expansion_pending
USDC_ASSURANCE_2022_12,2023-01-25,2023-02-03,9,0,0,0,0,0,0,0,0.99999,-0.1,0.1,0.0,0.0,0,normal,41954913947.0,0.9136,0.84,1,1,0,normal,0,0,rules_frozen_high_confidence,RQI_DII_v1.0,frozen_confirmed_by_researcher,1,event_classification_and_source_expansion_pending
USDC_ASSURANCE_2022_12,2023-01-25,2023-02-04,10,0,0,0,0,0,0,0,1.0,0.0,0.0,0.0,0.0,0,normal,41501786323.0,0.9136,0.84,1,1,0,normal,0,0,rules_frozen_high_confidence,RQI_DII_v1.0,frozen_confirmed_by_researcher,1,event_classification_and_source_expansion_pending
USDC_ASSURANCE_2022_12,2023-01-25,2023-02-05,11,0,0,0,0,0,0,0,0.99998,-0.2,0.2,0.0,0.0,0,normal,41476873325.0,0.9136,0.84,1,1,0,normal,0,0,rules_frozen_high_confidence,RQI_DII_v1.0,frozen_confirmed_by_researcher,1,event_classification_and_source_expansion_pending
USDC_ASSURANCE_2022_12,2023-01-25,2023-02-06,12,0,0,0,0,0,0,0,1.00003298,0.3298,0.3298,0.0,0.0,0,normal,41535387249.0,0.9136,0.84,1,1,0,normal,0,0,rules_frozen_high_confidence,RQI_DII_v1.0,frozen_confirmed_by_researcher,1,event_classification_and_source_expansion_pending
USDC_ASSURANCE_2022_12,2023-01-25,2023-02-07,13,0,0,0,0,0,0,0,0.9999,-1.0,1.0,0.0,0.0,0,normal,41382173732.0,0.9136,0.84,1,1,0,normal,0,0,rules_frozen_high_confidence,RQI_DII_v1.0,frozen_confirmed_by_researcher,1,event_classification_and_source_expansion_pending
USDC_ASSURANCE_2022_12,2023-01-25,2023-02-08,14,0,0,0,0,0,0,0,1.0,0.0,0.0,0.0,0.0,0,normal,41209023621.0,0.9136,0.84,1,1,0,normal,0,0,rules_frozen_high_confidence,RQI_DII_v1.0,frozen_confirmed_by_researcher,1,event_classification_and_source_expansion_pending
USDC_ASSURANCE_2023_01,2023-03-02,2023-02-16,-14,0,0,0,0,0,0,0,0.99992048,-0.7952,0.7952,0.0,0.0,0,normal,41015851508.0,0.9222,0.84,1,1,1,normal,0,1,rules_frozen_source_review_required,RQI_DII_v1.0,frozen_confirmed_by_researcher,1,event_classification_and_source_expansion_pending
USDC_ASSURANCE_2023_01,2023-03-02,2023-02-17,-13,0,0,0,0,0,0,0,0.99998,-0.2,0.2,0.0,0.0,0,normal,41195881731.0,0.9222,0.84,1,1,1,normal,0,1,rules_frozen_source_review_required,RQI_DII_v1.0,frozen_confirmed_by_researcher,1,event_classification_and_source_expansion_pending
USDC_ASSURANCE_2023_01,2023-03-02,2023-02-18,-12,0,0,0,0,0,0,0,0.99998844,-0.1156,0.1156,0.0,0.0,0,normal,41441353009.0,0.9222,0.84,1,1,1,normal,0,1,rules_frozen_source_review_required,RQI_DII_v1.0,frozen_confirmed_by_researcher,1,event_classification_and_source_expansion_pending
USDC_ASSURANCE_2023_01,2023-03-02,2023-02-19,-11,0,0,0,0,0,0,0,0.99994231,-0.5769,0.5769,0.0,0.0,0,normal,41401448782.0,0.9222,0.84,1,1,1,normal,0,1,rules_frozen_source_review_required,RQI_DII_v1.0,frozen_confirmed_by_researcher,1,event_classification_and_source_expansion_pending
USDC_ASSURANCE_2023_01,2023-03-02,2023-02-20,-10,0,0,0,0,0,0,0,1.0,0.0,0.0,0.0,0.0,0,normal,41449241475.0,0.9222,0.84,1,1,1,normal,0,1,rules_frozen_source_review_required,RQI_DII_v1.0,frozen_confirmed_by_researcher,1,event_classification_and_source_expansion_pending
USDC_ASSURANCE_2023_01,2023-03-02,2023-02-21,-9,0,0,0,0,0,0,0,0.99994,-0.6,0.6,0.0,0.0,0,normal,41514928996.0,0.9222,0.84,1,1,1,normal,0,1,rules_frozen_source_review_required,RQI_DII_v1.0,frozen_confirmed_by_researcher,1,event_classification_and_source_expansion_pending
USDC_ASSURANCE_2023_01,2023-03-02,2023-02-22,-8,0,0,0,0,0,0,0,0.99997236,-0.2764,0.2764,0.0,0.0,0,normal,41668442814.0,0.9222,0.84,1,1,1,normal,0,1,rules_frozen_source_review_required,RQI_DII_v1.0,frozen_confirmed_by_researcher,1,event_classification_and_source_expansion_pending
USDC_ASSURANCE_2023_01,2023-03-02,2023-02-23,-7,0,1,0,0,1,0,0,0.999895,-1.05,1.05,0.0,0.0,0,normal,41696286319.0,0.9222,0.84,1,1,1,normal,0,1,rules_frozen_source_review_required,RQI_DII_v1.0,frozen_confirmed_by_researcher,1,event_classification_and_source_expansion_pending
USDC_ASSURANCE_2023_01,2023-03-02,2023-02-24,-6,0,1,0,0,1,0,0,0.99999508,-0.0492,0.0492,0.0,0.0,0,normal,41832156800.0,0.9222,0.84,1,1,1,normal,0,1,rules_frozen_source_review_required,RQI_DII_v1.0,frozen_confirmed_by_researcher,1,event_classification_and_source_expansion_pending
USDC_ASSURANCE_2023_01,2023-03-02,2023-02-25,-5,0,1,0,0,1,0,0,0.99991,-0.9,0.9,0.0,0.0,0,normal,42083044149.0,0.9222,0.84,1,1,1,normal,0,1,rules_frozen_source_review_required,RQI_DII_v1.0,frozen_confirmed_by_researcher,1,event_classification_and_source_expansion_pending
USDC_ASSURANCE_2023_01,2023-03-02,2023-02-26,-4,0,1,0,0,1,0,0,0.9999,-1.0,1.0,0.0,0.0,0,normal,42156526596.0,0.9222,0.84,1,1,1,normal,0,1,rules_frozen_source_review_required,RQI_DII_v1.0,frozen_confirmed_by_researcher,1,event_classification_and_source_expansion_pending
USDC_ASSURANCE_2023_01,2023-03-02,2023-02-27,-3,1,1,1,0,1,0,0,0.99995298,-0.4702,0.4702,0.0,0.0,0,normal,42201677610.0,0.9222,0.84,1,1,1,normal,0,1,rules_frozen_source_review_required,RQI_DII_v1.0,frozen_confirmed_by_researcher,1,event_classification_and_source_expansion_pending
USDC_ASSURANCE_2023_01,2023-03-02,2023-02-28,-2,1,1,1,0,1,0,0,0.99995322,-0.46780000000000005,0.46780000000000005,0.0,0.0,0,normal,42170010394.0,0.9222,0.84,1,1,1,normal,0,1,rules_frozen_source_review_required,RQI_DII_v1.0,frozen_confirmed_by_researcher,1,event_classification_and_source_expansion_pending
USDC_ASSURANCE_2023_01,2023-03-02,2023-03-01,-1,1,1,1,0,1,0,0,0.99986129,-1.3871,1.3871,0.0,0.0,0,normal,42037689855.0,0.9222,0.84,1,1,1,normal,0,1,rules_frozen_source_review_required,RQI_DII_v1.0,frozen_confirmed_by_researcher,1,event_classification_and_source_expansion_pending
USDC_ASSURANCE_2023_01,2023-03-02,2023-03-02,0,1,1,0,1,0,1,1,0.9999,-1.0,1.0,0.0,0.0,0,normal,42125742685.0,0.9222,0.84,1,1,1,normal,0,1,rules_frozen_source_review_required,RQI_DII_v1.0,frozen_confirmed_by_researcher,1,event_classification_and_source_expansion_pending
USDC_ASSURANCE_2023_01,2023-03-02,2023-03-03,1,1,1,0,1,0,1,0,0.99993187,-0.6813,0.6813,0.0,0.0,0,normal,42733569536.0,0.9222,0.84,1,1,1,normal,0,1,rules_frozen_source_review_required,RQI_DII_v1.0,frozen_confirmed_by_researcher,1,event_classification_and_source_expansion_pending
USDC_ASSURANCE_2023_01,2023-03-02,2023-03-04,2,1,1,0,1,0,1,0,0.99971826,-2.8174,2.8174,0.0,0.0,0,normal,43030344187.0,0.9222,0.84,1,1,1,normal,0,1,rules_frozen_source_review_required,RQI_DII_v1.0,frozen_confirmed_by_researcher,1,event_classification_and_source_expansion_pending
USDC_ASSURANCE_2023_01,2023-03-02,2023-03-05,3,1,1,0,1,0,1,0,0.99999779,-0.0221,0.0221,0.0,0.0,0,normal,43263764661.0,0.9222,0.84,1,1,1,normal,0,1,rules_frozen_source_review_required,RQI_DII_v1.0,frozen_confirmed_by_researcher,1,event_classification_and_source_expansion_pending
USDC_ASSURANCE_2023_01,2023-03-02,2023-03-06,4,0,1,0,0,0,1,0,1.0,0.0,0.0,0.0,0.0,0,normal,43528688984.0,0.9222,0.84,1,1,1,normal,0,1,rules_frozen_source_review_required,RQI_DII_v1.0,frozen_confirmed_by_researcher,1,event_classification_and_source_expansion_pending
USDC_ASSURANCE_2023_01,2023-03-02,2023-03-07,5,0,1,0,0,0,1,0,0.99998374,-0.1626,0.1626,0.0,0.0,0,normal,43328271994.0,0.9222,0.84,1,1,1,normal,0,1,rules_frozen_source_review_required,RQI_DII_v1.0,frozen_confirmed_by_researcher,1,event_classification_and_source_expansion_pending
USDC_ASSURANCE_2023_01,2023-03-02,2023-03-08,6,0,1,0,0,0,1,0,0.99999517,-0.0483,0.0483,0.0,0.0,0,normal,43267308581.0,0.9222,0.84,1,1,1,normal,0,1,rules_frozen_source_review_required,RQI_DII_v1.0,frozen_confirmed_by_researcher,1,event_classification_and_source_expansion_pending
USDC_ASSURANCE_2023_01,2023-03-02,2023-03-09,7,0,1,0,0,0,1,0,0.99996381,-0.3619,0.3619,0.0,0.0,0,normal,43236863608.0,0.9222,0.84,1,1,1,normal,0,1,rules_frozen_source_review_required,RQI_DII_v1.0,frozen_confirmed_by_researcher,1,event_classification_and_source_expansion_pending
USDC_ASSURANCE_2023_01,2023-03-02,2023-03-10,8,0,0,0,0,0,0,0,1.0,0.0,0.0,0.0,0.0,1,banking_stress,43215704750.0,0.9222,0.84,1,1,1,normal,0,1,rules_frozen_source_review_required,RQI_DII_v1.0,frozen_confirmed_by_researcher,1,event_classification_and_source_expansion_pending
USDC_ASSURANCE_2023_01,2023-03-02,2023-03-11,9,0,0,0,0,0,0,0,0.99755917,-24.4083,24.4083,0.0,0.0,1,banking_stress,42240022863.0,0.9222,0.84,1,1,1,normal,0,1,rules_frozen_source_review_required,RQI_DII_v1.0,frozen_confirmed_by_researcher,1,event_classification_and_source_expansion_pending
USDC_ASSURANCE_2023_01,2023-03-02,2023-03-12,10,0,0,0,0,0,0,0,0.961065,-389.34999999999997,389.34999999999997,1.0,1.0,1,banking_stress,40701238382.0,0.9222,0.84,1,1,1,normal,0,1,rules_frozen_source_review_required,RQI_DII_v1.0,frozen_confirmed_by_researcher,1,event_classification_and_source_expansion_pending
USDC_ASSURANCE_2023_01,2023-03-02,2023-03-13,11,0,0,0,0,0,0,0,0.991923,-80.77000000000001,80.77000000000001,1.0,0.0,1,banking_stress,40508959693.0,0.9222,0.84,1,1,1,normal,0,1,rules_frozen_source_review_required,RQI_DII_v1.0,frozen_confirmed_by_researcher,1,event_classification_and_source_expansion_pending
USDC_ASSURANCE_2023_01,2023-03-02,2023-03-14,12,0,0,0,0,0,0,0,0.999427,-5.73,5.73,0.0,0.0,1,banking_stress,39122649562.0,0.9222,0.84,1,1,1,normal,0,1,rules_frozen_source_review_required,RQI_DII_v1.0,frozen_confirmed_by_researcher,1,event_classification_and_source_expansion_pending
USDC_ASSURANCE_2023_01,2023-03-02,2023-03-15,13,0,0,0,0,0,0,0,0.997236,-27.64,27.64,0.0,0.0,1,banking_stress,38147370246.0,0.9222,0.84,1,1,1,normal,0,1,rules_frozen_source_review_required,RQI_DII_v1.0,frozen_confirmed_by_researcher,1,event_classification_and_source_expansion_pending
USDC_ASSURANCE_2023_01,2023-03-02,2023-03-16,14,0,0,0,0,0,0,0,1.002,20.0,20.0,0.0,0.0,1,banking_stress,37241993774.0,0.9222,0.84,1,1,1,normal,0,1,rules_frozen_source_review_required,RQI_DII_v1.0,frozen_confirmed_by_researcher,1,event_classification_and_source_expansion_pending
USDC_ASSURANCE_2023_02,2023-03-30,2023-03-16,-14,0,0,0,0,0,0,0,1.002,20.0,20.0,0.0,0.0,1,banking_stress,37241993774.0,0.9147,0.84,1,1,1,normal,0,1,rules_frozen_source_review_required,RQI_DII_v1.0,frozen_confirmed_by_researcher,1,event_classification_and_source_expansion_pending
USDC_ASSURANCE_2023_02,2023-03-30,2023-03-17,-13,0,0,0,0,0,0,0,1.004,40.0,40.0,0.0,0.0,1,banking_stress,36665449561.0,0.9147,0.84,1,1,1,normal,0,1,rules_frozen_source_review_required,RQI_DII_v1.0,frozen_confirmed_by_researcher,1,event_classification_and_source_expansion_pending
USDC_ASSURANCE_2023_02,2023-03-30,2023-03-18,-12,0,0,0,0,0,0,0,1.003,30.0,30.0,0.0,0.0,1,banking_stress,35941148944.0,0.9147,0.84,1,1,1,normal,0,1,rules_frozen_source_review_required,RQI_DII_v1.0,frozen_confirmed_by_researcher,1,event_classification_and_source_expansion_pending
USDC_ASSURANCE_2023_02,2023-03-30,2023-03-19,-11,0,0,0,0,0,0,0,1.005,50.0,50.0,0.0,0.0,1,banking_stress,35936428703.0,0.9147,0.84,1,1,1,normal,0,1,rules_frozen_source_review_required,RQI_DII_v1.0,frozen_confirmed_by_researcher,1,event_classification_and_source_expansion_pending
USDC_ASSURANCE_2023_02,2023-03-30,2023-03-20,-10,0,0,0,0,0,0,0,1.004,40.0,40.0,0.0,0.0,1,banking_stress,35904967993.0,0.9147,0.84,1,1,1,normal,0,1,rules_frozen_source_review_required,RQI_DII_v1.0,frozen_confirmed_by_researcher,1,event_classification_and_source_expansion_pending
USDC_ASSURANCE_2023_02,2023-03-30,2023-03-21,-9,0,0,0,0,0,0,0,1.006,60.0,60.0,1.0,0.0,0,normal,35167888324.0,0.9147,0.84,1,1,1,normal,0,1,rules_frozen_source_review_required,RQI_DII_v1.0,frozen_confirmed_by_researcher,1,event_classification_and_source_expansion_pending
USDC_ASSURANCE_2023_02,2023-03-30,2023-03-22,-8,0,0,0,0,0,0,0,1.002,20.0,20.0,0.0,0.0,0,normal,35058516676.0,0.9147,0.84,1,1,1,normal,0,1,rules_frozen_source_review_required,RQI_DII_v1.0,frozen_confirmed_by_researcher,1,event_classification_and_source_expansion_pending
USDC_ASSURANCE_2023_02,2023-03-30,2023-03-23,-7,0,1,0,0,1,0,0,1.004,40.0,40.0,0.0,0.0,0,normal,34604202521.0,0.9147,0.84,1,1,1,normal,0,1,rules_frozen_source_review_required,RQI_DII_v1.0,frozen_confirmed_by_researcher,1,event_classification_and_source_expansion_pending
USDC_ASSURANCE_2023_02,2023-03-30,2023-03-24,-6,0,1,0,0,1,0,0,1.002,20.0,20.0,0.0,0.0,0,normal,34266768501.0,0.9147,0.84,1,1,1,normal,0,1,rules_frozen_source_review_required,RQI_DII_v1.0,frozen_confirmed_by_researcher,1,event_classification_and_source_expansion_pending
USDC_ASSURANCE_2023_02,2023-03-30,2023-03-25,-5,0,1,0,0,1,0,0,1.006,60.0,60.0,1.0,0.0,0,normal,33739975032.0,0.9147,0.84,1,1,1,normal,0,1,rules_frozen_source_review_required,RQI_DII_v1.0,frozen_confirmed_by_researcher,1,event_classification_and_source_expansion_pending
USDC_ASSURANCE_2023_02,2023-03-30,2023-03-26,-4,0,1,0,0,1,0,0,1.006,60.0,60.0,1.0,0.0,0,normal,33727878370.0,0.9147,0.84,1,1,1,normal,0,1,rules_frozen_source_review_required,RQI_DII_v1.0,frozen_confirmed_by_researcher,1,event_classification_and_source_expansion_pending
USDC_ASSURANCE_2023_02,2023-03-30,2023-03-27,-3,1,1,1,0,1,0,0,1.001,10.0,10.0,0.0,0.0,0,normal,33694128156.0,0.9147,0.84,1,1,1,normal,0,1,rules_frozen_source_review_required,RQI_DII_v1.0,frozen_confirmed_by_researcher,1,event_classification_and_source_expansion_pending
USDC_ASSURANCE_2023_02,2023-03-30,2023-03-28,-2,1,1,1,0,1,0,0,0.999553,-4.470000000000001,4.470000000000001,0.0,0.0,0,normal,33270047399.0,0.9147,0.84,1,1,1,normal,0,1,rules_frozen_source_review_required,RQI_DII_v1.0,frozen_confirmed_by_researcher,1,event_classification_and_source_expansion_pending
USDC_ASSURANCE_2023_02,2023-03-30,2023-03-29,-1,1,1,1,0,1,0,0,1.0,0.0,0.0,0.0,0.0,0,normal,32974356407.0,0.9147,0.84,1,1,1,normal,0,1,rules_frozen_source_review_required,RQI_DII_v1.0,frozen_confirmed_by_researcher,1,event_classification_and_source_expansion_pending
USDC_ASSURANCE_2023_02,2023-03-30,2023-03-30,0,1,1,0,1,0,1,1,0.99998,-0.2,0.2,0.0,0.0,0,normal,32932518071.0,0.9147,0.84,1,1,1,normal,0,1,rules_frozen_source_review_required,RQI_DII_v1.0,frozen_confirmed_by_researcher,1,event_classification_and_source_expansion_pending
USDC_ASSURANCE_2023_02,2023-03-30,2023-03-31,1,1,1,0,1,0,1,0,1.001,10.0,10.0,0.0,0.0,0,normal,32636560866.0,0.9147,0.84,1,1,1,normal,0,1,rules_frozen_source_review_required,RQI_DII_v1.0,frozen_confirmed_by_researcher,1,event_classification_and_source_expansion_pending
USDC_ASSURANCE_2023_02,2023-03-30,2023-04-01,2,1,1,0,1,0,1,0,1.001,10.0,10.0,0.0,0.0,0,normal,32303667100.0,0.9147,0.84,1,1,1,normal,0,1,rules_frozen_source_review_required,RQI_DII_v1.0,frozen_confirmed_by_researcher,1,event_classification_and_source_expansion_pending
USDC_ASSURANCE_2023_02,2023-03-30,2023-04-02,3,1,1,0,1,0,1,0,1.0,0.0,0.0,0.0,0.0,0,normal,32257156995.0,0.9147,0.84,1,1,1,normal,0,1,rules_frozen_source_review_required,RQI_DII_v1.0,frozen_confirmed_by_researcher,1,event_classification_and_source_expansion_pending
USDC_ASSURANCE_2023_02,2023-03-30,2023-04-03,4,0,1,0,0,0,1,0,1.0,0.0,0.0,0.0,0.0,0,normal,32282703938.0,0.9147,0.84,1,1,1,normal,0,1,rules_frozen_source_review_required,RQI_DII_v1.0,frozen_confirmed_by_researcher,1,event_classification_and_source_expansion_pending
USDC_ASSURANCE_2023_02,2023-03-30,2023-04-04,5,0,1,0,0,0,1,0,0.999839,-1.61,1.61,0.0,0.0,0,normal,32449617881.0,0.9147,0.84,1,1,1,normal,0,1,rules_frozen_source_review_required,RQI_DII_v1.0,frozen_confirmed_by_researcher,1,event_classification_and_source_expansion_pending
USDC_ASSURANCE_2023_02,2023-03-30,2023-04-05,6,0,1,0,0,0,1,0,0.998922,-10.78,10.78,0.0,0.0,0,normal,32407039231.0,0.9147,0.84,1,1,1,normal,0,1,rules_frozen_source_review_required,RQI_DII_v1.0,frozen_confirmed_by_researcher,1,event_classification_and_source_expansion_pending
USDC_ASSURANCE_2023_02,2023-03-30,2023-04-06,7,0,1,0,0,0,1,0,1.0,0.0,0.0,0.0,0.0,0,normal,32333242461.0,0.9147,0.84,1,1,1,normal,0,1,rules_frozen_source_review_required,RQI_DII_v1.0,frozen_confirmed_by_researcher,1,event_classification_and_source_expansion_pending
USDC_ASSURANCE_2023_02,2023-03-30,2023-04-07,8,0,0,0,0,0,0,0,0.999435,-5.6499999999999995,5.6499999999999995,0.0,0.0,0,normal,32498903573.0,0.9147,0.84,1,1,1,normal,0,1,rules_frozen_source_review_required,RQI_DII_v1.0,frozen_confirmed_by_researcher,1,event_classification_and_source_expansion_pending
USDC_ASSURANCE_2023_02,2023-03-30,2023-04-08,9,0,0,0,0,0,0,0,1.001,10.0,10.0,0.0,0.0,0,normal,32409005519.0,0.9147,0.84,1,1,1,normal,0,1,rules_frozen_source_review_required,RQI_DII_v1.0,frozen_confirmed_by_researcher,1,event_classification_and_source_expansion_pending
USDC_ASSURANCE_2023_02,2023-03-30,2023-04-09,10,0,0,0,0,0,0,0,1.003,30.0,30.0,0.0,0.0,0,normal,32414633407.0,0.9147,0.84,1,1,1,normal,0,1,rules_frozen_source_review_required,RQI_DII_v1.0,frozen_confirmed_by_researcher,1,event_classification_and_source_expansion_pending
USDC_ASSURANCE_2023_02,2023-03-30,2023-04-10,11,0,0,0,0,0,0,0,1.0,0.0,0.0,0.0,0.0,0,normal,32388899420.0,0.9147,0.84,1,1,1,normal,0,1,rules_frozen_source_review_required,RQI_DII_v1.0,frozen_confirmed_by_researcher,1,event_classification_and_source_expansion_pending
USDC_ASSURANCE_2023_02,2023-03-30,2023-04-11,12,0,0,0,0,0,0,0,1.0,0.0,0.0,0.0,0.0,0,normal,32284733541.0,0.9147,0.84,1,1,1,normal,0,1,rules_frozen_source_review_required,RQI_DII_v1.0,frozen_confirmed_by_researcher,1,event_classification_and_source_expansion_pending
USDC_ASSURANCE_2023_02,2023-03-30,2023-04-12,13,0,0,0,0,0,0,0,0.999611,-3.89,3.89,0.0,0.0,0,normal,32230384840.0,0.9147,0.84,1,1,1,normal,0,1,rules_frozen_source_review_required,RQI_DII_v1.0,frozen_confirmed_by_researcher,1,event_classification_and_source_expansion_pending
USDC_ASSURANCE_2023_02,2023-03-30,2023-04-13,14,0,0,0,0,0,0,0,1.001,10.0,10.0,0.0,0.0,0,normal,31956305488.0,0.9147,0.84,1,1,1,normal,0,1,rules_frozen_source_review_required,RQI_DII_v1.0,frozen_confirmed_by_researcher,1,event_classification_and_source_expansion_pending
USDC_ASSURANCE_2023_03,2023-04-28,2023-04-14,-14,0,0,0,0,0,0,0,1.001,10.0,10.0,0.0,0.0,0,normal,31818784163.0,0.9349,0.84,1,1,1,banking_stress,0,0,rules_frozen_source_review_required,RQI_DII_v1.0,frozen_confirmed_by_researcher,1,event_classification_and_source_expansion_pending
USDC_ASSURANCE_2023_03,2023-04-28,2023-04-15,-13,0,0,0,0,0,0,0,1.0,0.0,0.0,0.0,0.0,0,normal,31730250194.0,0.9349,0.84,1,1,1,banking_stress,0,0,rules_frozen_source_review_required,RQI_DII_v1.0,frozen_confirmed_by_researcher,1,event_classification_and_source_expansion_pending
USDC_ASSURANCE_2023_03,2023-04-28,2023-04-16,-12,0,0,0,0,0,0,0,0.99915,-8.5,8.5,0.0,0.0,0,normal,31719893286.0,0.9349,0.84,1,1,1,banking_stress,0,0,rules_frozen_source_review_required,RQI_DII_v1.0,frozen_confirmed_by_researcher,1,event_classification_and_source_expansion_pending
USDC_ASSURANCE_2023_03,2023-04-28,2023-04-17,-11,0,0,0,0,0,0,0,1.001,10.0,10.0,0.0,0.0,0,normal,31712495329.0,0.9349,0.84,1,1,1,banking_stress,0,0,rules_frozen_source_review_required,RQI_DII_v1.0,frozen_confirmed_by_researcher,1,event_classification_and_source_expansion_pending
USDC_ASSURANCE_2023_03,2023-04-28,2023-04-18,-10,0,0,0,0,0,0,0,0.999951,-0.49,0.49,0.0,0.0,0,normal,31555277526.0,0.9349,0.84,1,1,1,banking_stress,0,0,rules_frozen_source_review_required,RQI_DII_v1.0,frozen_confirmed_by_researcher,1,event_classification_and_source_expansion_pending
USDC_ASSURANCE_2023_03,2023-04-28,2023-04-19,-9,0,0,0,0,0,0,0,0.999028,-9.72,9.72,0.0,0.0,0,normal,31299324778.0,0.9349,0.84,1,1,1,banking_stress,0,0,rules_frozen_source_review_required,RQI_DII_v1.0,frozen_confirmed_by_researcher,1,event_classification_and_source_expansion_pending
USDC_ASSURANCE_2023_03,2023-04-28,2023-04-20,-8,0,0,0,0,0,0,0,0.999479,-5.21,5.21,0.0,0.0,0,normal,31064197710.0,0.9349,0.84,1,1,1,banking_stress,0,0,rules_frozen_source_review_required,RQI_DII_v1.0,frozen_confirmed_by_researcher,1,event_classification_and_source_expansion_pending
USDC_ASSURANCE_2023_03,2023-04-28,2023-04-21,-7,0,1,0,0,1,0,0,1.0,0.0,0.0,0.0,0.0,0,normal,30884081501.0,0.9349,0.84,1,1,1,banking_stress,0,0,rules_frozen_source_review_required,RQI_DII_v1.0,frozen_confirmed_by_researcher,1,event_classification_and_source_expansion_pending
USDC_ASSURANCE_2023_03,2023-04-28,2023-04-22,-6,0,1,0,0,1,0,0,0.999958,-0.42,0.42,0.0,0.0,0,normal,30664888394.0,0.9349,0.84,1,1,1,banking_stress,0,0,rules_frozen_source_review_required,RQI_DII_v1.0,frozen_confirmed_by_researcher,1,event_classification_and_source_expansion_pending
USDC_ASSURANCE_2023_03,2023-04-28,2023-04-23,-5,0,1,0,0,1,0,0,1.0,0.0,0.0,0.0,0.0,0,normal,30667366228.0,0.9349,0.84,1,1,1,banking_stress,0,0,rules_frozen_source_review_required,RQI_DII_v1.0,frozen_confirmed_by_researcher,1,event_classification_and_source_expansion_pending
USDC_ASSURANCE_2023_03,2023-04-28,2023-04-24,-4,0,1,0,0,1,0,0,1.0,0.0,0.0,0.0,0.0,0,normal,30705390817.0,0.9349,0.84,1,1,1,banking_stress,0,0,rules_frozen_source_review_required,RQI_DII_v1.0,frozen_confirmed_by_researcher,1,event_classification_and_source_expansion_pending
USDC_ASSURANCE_2023_03,2023-04-28,2023-04-25,-3,1,1,1,0,1,0,0,0.998292,-17.080000000000002,17.080000000000002,0.0,0.0,0,normal,30617967502.0,0.9349,0.84,1,1,1,banking_stress,0,0,rules_frozen_source_review_required,RQI_DII_v1.0,frozen_confirmed_by_researcher,1,event_classification_and_source_expansion_pending
USDC_ASSURANCE_2023_03,2023-04-28,2023-04-26,-2,1,1,1,0,1,0,0,0.998804,-11.96,11.96,0.0,0.0,0,normal,30625258750.0,0.9349,0.84,1,1,1,banking_stress,0,0,rules_frozen_source_review_required,RQI_DII_v1.0,frozen_confirmed_by_researcher,1,event_classification_and_source_expansion_pending
USDC_ASSURANCE_2023_03,2023-04-28,2023-04-27,-1,1,1,1,0,1,0,0,0.994814,-51.86,51.86,1.0,0.0,0,normal,30662870800.0,0.9349,0.84,1,1,1,banking_stress,0,0,rules_frozen_source_review_required,RQI_DII_v1.0,frozen_confirmed_by_researcher,1,event_classification_and_source_expansion_pending
USDC_ASSURANCE_2023_03,2023-04-28,2023-04-28,0,1,1,0,1,0,1,1,1.002,20.0,20.0,0.0,0.0,0,normal,30386597197.0,0.9349,0.84,1,1,1,banking_stress,0,0,rules_frozen_source_review_required,RQI_DII_v1.0,frozen_confirmed_by_researcher,1,event_classification_and_source_expansion_pending
USDC_ASSURANCE_2023_03,2023-04-28,2023-04-29,1,1,1,0,1,0,1,0,1.0,0.0,0.0,0.0,0.0,0,normal,30412015930.0,0.9349,0.84,1,1,1,banking_stress,0,0,rules_frozen_source_review_required,RQI_DII_v1.0,frozen_confirmed_by_researcher,1,event_classification_and_source_expansion_pending
USDC_ASSURANCE_2023_03,2023-04-28,2023-04-30,2,1,1,0,1,0,1,0,1.0,0.0,0.0,0.0,0.0,0,normal,30424065351.0,0.9349,0.84,1,1,1,banking_stress,0,0,rules_frozen_source_review_required,RQI_DII_v1.0,frozen_confirmed_by_researcher,1,event_classification_and_source_expansion_pending
USDC_ASSURANCE_2023_03,2023-04-28,2023-05-01,3,1,1,0,1,0,1,0,0.999723,-2.77,2.77,0.0,0.0,0,normal,30419648018.0,0.9349,0.84,1,1,1,banking_stress,0,0,rules_frozen_source_review_required,RQI_DII_v1.0,frozen_confirmed_by_researcher,1,event_classification_and_source_expansion_pending
USDC_ASSURANCE_2023_03,2023-04-28,2023-05-02,4,0,1,0,0,0,1,0,0.998605,-13.95,13.95,0.0,0.0,0,normal,30291416902.0,0.9349,0.84,1,1,1,banking_stress,0,0,rules_frozen_source_review_required,RQI_DII_v1.0,frozen_confirmed_by_researcher,1,event_classification_and_source_expansion_pending
USDC_ASSURANCE_2023_03,2023-04-28,2023-05-03,5,0,1,0,0,0,1,0,1.001,10.0,10.0,0.0,0.0,0,normal,30132733507.0,0.9349,0.84,1,1,1,banking_stress,0,0,rules_frozen_source_review_required,RQI_DII_v1.0,frozen_confirmed_by_researcher,1,event_classification_and_source_expansion_pending
USDC_ASSURANCE_2023_03,2023-04-28,2023-05-04,6,0,1,0,0,0,1,0,0.999219,-7.8100000000000005,7.8100000000000005,0.0,0.0,0,normal,30096319366.0,0.9349,0.84,1,1,1,banking_stress,0,0,rules_frozen_source_review_required,RQI_DII_v1.0,frozen_confirmed_by_researcher,1,event_classification_and_source_expansion_pending
USDC_ASSURANCE_2023_03,2023-04-28,2023-05-05,7,0,1,0,0,0,1,0,0.99914,-8.6,8.6,0.0,0.0,0,normal,30017224466.0,0.9349,0.84,1,1,1,banking_stress,0,0,rules_frozen_source_review_required,RQI_DII_v1.0,frozen_confirmed_by_researcher,1,event_classification_and_source_expansion_pending
USDC_ASSURANCE_2023_03,2023-04-28,2023-05-06,8,0,0,0,0,0,0,0,1.001,10.0,10.0,0.0,0.0,0,normal,30289369213.0,0.9349,0.84,1,1,1,banking_stress,0,0,rules_frozen_source_review_required,RQI_DII_v1.0,frozen_confirmed_by_researcher,1,event_classification_and_source_expansion_pending
USDC_ASSURANCE_2023_03,2023-04-28,2023-05-07,9,0,0,0,0,0,0,0,0.998746,-12.54,12.54,0.0,0.0,0,normal,30291156896.0,0.9349,0.84,1,1,1,banking_stress,0,0,rules_frozen_source_review_required,RQI_DII_v1.0,frozen_confirmed_by_researcher,1,event_classification_and_source_expansion_pending
USDC_ASSURANCE_2023_03,2023-04-28,2023-05-08,10,0,0,0,0,0,0,0,0.998715,-12.85,12.85,0.0,0.0,0,normal,30286797412.0,0.9349,0.84,1,1,1,banking_stress,0,0,rules_frozen_source_review_required,RQI_DII_v1.0,frozen_confirmed_by_researcher,1,event_classification_and_source_expansion_pending
USDC_ASSURANCE_2023_03,2023-04-28,2023-05-09,11,0,0,0,0,0,0,0,0.999914,-0.86,0.86,0.0,0.0,0,normal,30111308894.0,0.9349,0.84,1,1,1,banking_stress,0,0,rules_frozen_source_review_required,RQI_DII_v1.0,frozen_confirmed_by_researcher,1,event_classification_and_source_expansion_pending
USDC_ASSURANCE_2023_03,2023-04-28,2023-05-10,12,0,0,0,0,0,0,0,1.003,30.0,30.0,0.0,0.0,0,normal,30010030173.0,0.9349,0.84,1,1,1,banking_stress,0,0,rules_frozen_source_review_required,RQI_DII_v1.0,frozen_confirmed_by_researcher,1,event_classification_and_source_expansion_pending
USDC_ASSURANCE_2023_03,2023-04-28,2023-05-11,13,0,0,0,0,0,0,0,0.998717,-12.83,12.83,0.0,0.0,0,normal,29994362906.0,0.9349,0.84,1,1,1,banking_stress,0,0,rules_frozen_source_review_required,RQI_DII_v1.0,frozen_confirmed_by_researcher,1,event_classification_and_source_expansion_pending
USDC_ASSURANCE_2023_03,2023-04-28,2023-05-12,14,0,0,0,0,0,0,0,1.001,10.0,10.0,0.0,0.0,0,normal,29818130401.0,0.9349,0.84,1,1,1,banking_stress,0,0,rules_frozen_source_review_required,RQI_DII_v1.0,frozen_confirmed_by_researcher,1,event_classification_and_source_expansion_pending
USDC_ASSURANCE_2023_04,2023-05-30,2023-05-16,-14,0,0,0,0,0,0,0,1.003,30.0,30.0,0.0,0.0,0,normal,29689440555.0,,0.78,0,1,1,banking_stress,0,0,rules_frozen_source_review_required,RQI_DII_v1.0,frozen_confirmed_by_researcher,1,event_classification_and_source_expansion_pending
USDC_ASSURANCE_2023_04,2023-05-30,2023-05-17,-13,0,0,0,0,0,0,0,0.999913,-0.87,0.87,0.0,0.0,0,normal,29588220775.0,,0.78,0,1,1,banking_stress,0,0,rules_frozen_source_review_required,RQI_DII_v1.0,frozen_confirmed_by_researcher,1,event_classification_and_source_expansion_pending
USDC_ASSURANCE_2023_04,2023-05-30,2023-05-18,-12,0,0,0,0,0,0,0,0.999407,-5.93,5.93,0.0,0.0,0,normal,29429986717.0,,0.78,0,1,1,banking_stress,0,0,rules_frozen_source_review_required,RQI_DII_v1.0,frozen_confirmed_by_researcher,1,event_classification_and_source_expansion_pending
USDC_ASSURANCE_2023_04,2023-05-30,2023-05-19,-11,0,0,0,0,0,0,0,0.999962,-0.38,0.38,0.0,0.0,0,normal,29551894825.0,,0.78,0,1,1,banking_stress,0,0,rules_frozen_source_review_required,RQI_DII_v1.0,frozen_confirmed_by_researcher,1,event_classification_and_source_expansion_pending
USDC_ASSURANCE_2023_04,2023-05-30,2023-05-20,-10,0,0,0,0,0,0,0,0.99978,-2.2,2.2,0.0,0.0,0,normal,29464247547.0,,0.78,0,1,1,banking_stress,0,0,rules_frozen_source_review_required,RQI_DII_v1.0,frozen_confirmed_by_researcher,1,event_classification_and_source_expansion_pending
USDC_ASSURANCE_2023_04,2023-05-30,2023-05-21,-9,0,0,0,0,0,0,0,1.001,10.0,10.0,0.0,0.0,0,normal,29463701405.0,,0.78,0,1,1,banking_stress,0,0,rules_frozen_source_review_required,RQI_DII_v1.0,frozen_confirmed_by_researcher,1,event_classification_and_source_expansion_pending
USDC_ASSURANCE_2023_04,2023-05-30,2023-05-22,-8,0,0,0,0,0,0,0,0.999828,-1.72,1.72,0.0,0.0,0,normal,29453865420.0,,0.78,0,1,1,banking_stress,0,0,rules_frozen_source_review_required,RQI_DII_v1.0,frozen_confirmed_by_researcher,1,event_classification_and_source_expansion_pending
USDC_ASSURANCE_2023_04,2023-05-30,2023-05-23,-7,0,1,0,0,1,0,0,1.0,0.0,0.0,0.0,0.0,0,normal,29338327244.0,,0.78,0,1,1,banking_stress,0,0,rules_frozen_source_review_required,RQI_DII_v1.0,frozen_confirmed_by_researcher,1,event_classification_and_source_expansion_pending
USDC_ASSURANCE_2023_04,2023-05-30,2023-05-24,-6,0,1,0,0,1,0,0,1.0,0.0,0.0,0.0,0.0,0,normal,29199962411.0,,0.78,0,1,1,banking_stress,0,0,rules_frozen_source_review_required,RQI_DII_v1.0,frozen_confirmed_by_researcher,1,event_classification_and_source_expansion_pending
USDC_ASSURANCE_2023_04,2023-05-30,2023-05-25,-5,0,1,0,0,1,0,0,0.999431,-5.6899999999999995,5.6899999999999995,0.0,0.0,0,normal,28980952538.0,,0.78,0,1,1,banking_stress,0,0,rules_frozen_source_review_required,RQI_DII_v1.0,frozen_confirmed_by_researcher,1,event_classification_and_source_expansion_pending
USDC_ASSURANCE_2023_04,2023-05-30,2023-05-26,-4,0,1,0,0,1,0,0,1.001,10.0,10.0,0.0,0.0,0,normal,28911958700.0,,0.78,0,1,1,banking_stress,0,0,rules_frozen_source_review_required,RQI_DII_v1.0,frozen_confirmed_by_researcher,1,event_classification_and_source_expansion_pending
USDC_ASSURANCE_2023_04,2023-05-30,2023-05-27,-3,1,1,1,0,1,0,0,0.999195,-8.05,8.05,0.0,0.0,0,normal,28934472209.0,,0.78,0,1,1,banking_stress,0,0,rules_frozen_source_review_required,RQI_DII_v1.0,frozen_confirmed_by_researcher,1,event_classification_and_source_expansion_pending
USDC_ASSURANCE_2023_04,2023-05-30,2023-05-28,-2,1,1,1,0,1,0,0,1.001,10.0,10.0,0.0,0.0,0,normal,28911830429.0,,0.78,0,1,1,banking_stress,0,0,rules_frozen_source_review_required,RQI_DII_v1.0,frozen_confirmed_by_researcher,1,event_classification_and_source_expansion_pending
USDC_ASSURANCE_2023_04,2023-05-30,2023-05-29,-1,1,1,1,0,1,0,0,0.999463,-5.37,5.37,0.0,0.0,0,normal,28890114363.0,,0.78,0,1,1,banking_stress,0,0,rules_frozen_source_review_required,RQI_DII_v1.0,frozen_confirmed_by_researcher,1,event_classification_and_source_expansion_pending
USDC_ASSURANCE_2023_04,2023-05-30,2023-05-30,0,1,1,0,1,0,1,1,0.999876,-1.24,1.24,0.0,0.0,0,normal,28934694880.0,,0.78,0,1,1,banking_stress,0,0,rules_frozen_source_review_required,RQI_DII_v1.0,frozen_confirmed_by_researcher,1,event_classification_and_source_expansion_pending
USDC_ASSURANCE_2023_04,2023-05-30,2023-05-31,1,1,1,0,1,0,1,0,0.999685,-3.15,3.15,0.0,0.0,0,normal,28862172572.0,,0.78,0,1,1,banking_stress,0,0,rules_frozen_source_review_required,RQI_DII_v1.0,frozen_confirmed_by_researcher,1,event_classification_and_source_expansion_pending
USDC_ASSURANCE_2023_04,2023-05-30,2023-06-01,2,1,1,0,1,0,1,0,0.999891,-1.09,1.09,0.0,0.0,0,normal,28704210739.0,,0.78,0,1,1,banking_stress,0,0,rules_frozen_source_review_required,RQI_DII_v1.0,frozen_confirmed_by_researcher,1,event_classification_and_source_expansion_pending
USDC_ASSURANCE_2023_04,2023-05-30,2023-06-02,3,1,1,0,1,0,1,0,0.998896,-11.04,11.04,0.0,0.0,0,normal,28779895324.0,,0.78,0,1,1,banking_stress,0,0,rules_frozen_source_review_required,RQI_DII_v1.0,frozen_confirmed_by_researcher,1,event_classification_and_source_expansion_pending
USDC_ASSURANCE_2023_04,2023-05-30,2023-06-03,4,0,1,0,0,0,1,0,0.999756,-2.44,2.44,0.0,0.0,0,normal,28815987796.0,,0.78,0,1,1,banking_stress,0,0,rules_frozen_source_review_required,RQI_DII_v1.0,frozen_confirmed_by_researcher,1,event_classification_and_source_expansion_pending
USDC_ASSURANCE_2023_04,2023-05-30,2023-06-04,5,0,1,0,0,0,1,0,1.0,0.0,0.0,0.0,0.0,0,normal,28806110890.0,,0.78,0,1,1,banking_stress,0,0,rules_frozen_source_review_required,RQI_DII_v1.0,frozen_confirmed_by_researcher,1,event_classification_and_source_expansion_pending
USDC_ASSURANCE_2023_04,2023-05-30,2023-06-05,6,0,1,0,0,0,1,0,1.001,10.0,10.0,0.0,0.0,0,normal,28809678103.0,,0.78,0,1,1,banking_stress,0,0,rules_frozen_source_review_required,RQI_DII_v1.0,frozen_confirmed_by_researcher,1,event_classification_and_source_expansion_pending
USDC_ASSURANCE_2023_04,2023-05-30,2023-06-06,7,0,1,0,0,0,1,0,1.0,0.0,0.0,0.0,0.0,0,normal,28730168699.0,,0.78,0,1,1,banking_stress,0,0,rules_frozen_source_review_required,RQI_DII_v1.0,frozen_confirmed_by_researcher,1,event_classification_and_source_expansion_pending
USDC_ASSURANCE_2023_04,2023-05-30,2023-06-07,8,0,0,0,0,0,0,0,1.001,10.0,10.0,0.0,0.0,0,normal,28576643749.0,,0.78,0,1,1,banking_stress,0,0,rules_frozen_source_review_required,RQI_DII_v1.0,frozen_confirmed_by_researcher,1,event_classification_and_source_expansion_pending
USDC_ASSURANCE_2023_04,2023-05-30,2023-06-08,9,0,0,0,0,0,0,0,1.001,10.0,10.0,0.0,0.0,0,normal,28427895540.0,,0.78,0,1,1,banking_stress,0,0,rules_frozen_source_review_required,RQI_DII_v1.0,frozen_confirmed_by_researcher,1,event_classification_and_source_expansion_pending
USDC_ASSURANCE_2023_04,2023-05-30,2023-06-09,10,0,0,0,0,0,0,0,0.999525,-4.75,4.75,0.0,0.0,0,normal,28327264659.0,,0.78,0,1,1,banking_stress,0,0,rules_frozen_source_review_required,RQI_DII_v1.0,frozen_confirmed_by_researcher,1,event_classification_and_source_expansion_pending
USDC_ASSURANCE_2023_04,2023-05-30,2023-06-10,11,0,0,0,0,0,0,0,1.0,0.0,0.0,0.0,0.0,0,normal,28159526373.0,,0.78,0,1,1,banking_stress,0,0,rules_frozen_source_review_required,RQI_DII_v1.0,frozen_confirmed_by_researcher,1,event_classification_and_source_expansion_pending
USDC_ASSURANCE_2023_04,2023-05-30,2023-06-11,12,0,0,0,0,0,0,0,0.999773,-2.27,2.27,0.0,0.0,0,normal,28220558018.0,,0.78,0,1,1,banking_stress,0,0,rules_frozen_source_review_required,RQI_DII_v1.0,frozen_confirmed_by_researcher,1,event_classification_and_source_expansion_pending
USDC_ASSURANCE_2023_04,2023-05-30,2023-06-12,13,0,0,0,0,0,0,0,1.001,10.0,10.0,0.0,0.0,0,normal,28242043908.0,,0.78,0,1,1,banking_stress,0,0,rules_frozen_source_review_required,RQI_DII_v1.0,frozen_confirmed_by_researcher,1,event_classification_and_source_expansion_pending
USDC_ASSURANCE_2023_04,2023-05-30,2023-06-13,14,0,0,0,0,0,0,0,0.999757,-2.43,2.43,0.0,0.0,0,normal,28157424516.0,,0.78,0,1,1,banking_stress,0,0,rules_frozen_source_review_required,RQI_DII_v1.0,frozen_confirmed_by_researcher,1,event_classification_and_source_expansion_pending
USDC_ASSURANCE_2023_05,2023-06-30,2023-06-16,-14,0,0,0,0,0,0,0,0.999716,-2.8400000000000003,2.8400000000000003,0.0,0.0,0,normal,28043286178.0,0.9359,0.69,1,1,1,normal,0,1,rules_frozen_source_review_required,RQI_DII_v1.0,frozen_confirmed_by_researcher,1,event_classification_and_source_expansion_pending
USDC_ASSURANCE_2023_05,2023-06-30,2023-06-17,-13,0,0,0,0,0,0,0,0.999677,-3.23,3.23,0.0,0.0,0,normal,28184210111.0,0.9359,0.69,1,1,1,normal,0,1,rules_frozen_source_review_required,RQI_DII_v1.0,frozen_confirmed_by_researcher,1,event_classification_and_source_expansion_pending
USDC_ASSURANCE_2023_05,2023-06-30,2023-06-18,-12,0,0,0,0,0,0,0,0.999781,-2.19,2.19,0.0,0.0,0,normal,28179885686.0,0.9359,0.69,1,1,1,normal,0,1,rules_frozen_source_review_required,RQI_DII_v1.0,frozen_confirmed_by_researcher,1,event_classification_and_source_expansion_pending
USDC_ASSURANCE_2023_05,2023-06-30,2023-06-19,-11,0,0,0,0,0,0,0,1.0,0.0,0.0,0.0,0.0,0,normal,28169623820.0,0.9359,0.69,1,1,1,normal,0,1,rules_frozen_source_review_required,RQI_DII_v1.0,frozen_confirmed_by_researcher,1,event_classification_and_source_expansion_pending
USDC_ASSURANCE_2023_05,2023-06-30,2023-06-20,-10,0,0,0,0,0,0,0,0.997649,-23.509999999999998,23.509999999999998,0.0,0.0,0,normal,28288385931.0,0.9359,0.69,1,1,1,normal,0,1,rules_frozen_source_review_required,RQI_DII_v1.0,frozen_confirmed_by_researcher,1,event_classification_and_source_expansion_pending
USDC_ASSURANCE_2023_05,2023-06-30,2023-06-21,-9,0,0,0,0,0,0,0,1.002,20.0,20.0,0.0,0.0,0,normal,28386070580.0,0.9359,0.69,1,1,1,normal,0,1,rules_frozen_source_review_required,RQI_DII_v1.0,frozen_confirmed_by_researcher,1,event_classification_and_source_expansion_pending
USDC_ASSURANCE_2023_05,2023-06-30,2023-06-22,-8,0,0,0,0,0,0,0,1.0,0.0,0.0,0.0,0.0,0,normal,28272090673.0,0.9359,0.69,1,1,1,normal,0,1,rules_frozen_source_review_required,RQI_DII_v1.0,frozen_confirmed_by_researcher,1,event_classification_and_source_expansion_pending
USDC_ASSURANCE_2023_05,2023-06-30,2023-06-23,-7,0,1,0,0,1,0,0,0.998508,-14.92,14.92,0.0,0.0,0,normal,28246044320.0,0.9359,0.69,1,1,1,normal,0,1,rules_frozen_source_review_required,RQI_DII_v1.0,frozen_confirmed_by_researcher,1,event_classification_and_source_expansion_pending
USDC_ASSURANCE_2023_05,2023-06-30,2023-06-24,-6,0,1,0,0,1,0,0,0.999729,-2.7099999999999995,2.7099999999999995,0.0,0.0,0,normal,28251005275.0,0.9359,0.69,1,1,1,normal,0,1,rules_frozen_source_review_required,RQI_DII_v1.0,frozen_confirmed_by_researcher,1,event_classification_and_source_expansion_pending
USDC_ASSURANCE_2023_05,2023-06-30,2023-06-25,-5,0,1,0,0,1,0,0,1.001,10.0,10.0,0.0,0.0,0,normal,28262272321.0,0.9359,0.69,1,1,1,normal,0,1,rules_frozen_source_review_required,RQI_DII_v1.0,frozen_confirmed_by_researcher,1,event_classification_and_source_expansion_pending
USDC_ASSURANCE_2023_05,2023-06-30,2023-06-26,-4,0,1,0,0,1,0,0,1.0,0.0,0.0,0.0,0.0,0,normal,28263130726.0,0.9359,0.69,1,1,1,normal,0,1,rules_frozen_source_review_required,RQI_DII_v1.0,frozen_confirmed_by_researcher,1,event_classification_and_source_expansion_pending
USDC_ASSURANCE_2023_05,2023-06-30,2023-06-27,-3,1,1,1,0,1,0,0,1.001,10.0,10.0,0.0,0.0,0,normal,28166451378.0,0.9359,0.69,1,1,1,normal,0,1,rules_frozen_source_review_required,RQI_DII_v1.0,frozen_confirmed_by_researcher,1,event_classification_and_source_expansion_pending
USDC_ASSURANCE_2023_05,2023-06-30,2023-06-28,-2,1,1,1,0,1,0,0,1.0,0.0,0.0,0.0,0.0,0,normal,28018501696.0,0.9359,0.69,1,1,1,normal,0,1,rules_frozen_source_review_required,RQI_DII_v1.0,frozen_confirmed_by_researcher,1,event_classification_and_source_expansion_pending
USDC_ASSURANCE_2023_05,2023-06-30,2023-06-29,-1,1,1,1,0,1,0,0,1.001,10.0,10.0,0.0,0.0,0,normal,27905459706.0,0.9359,0.69,1,1,1,normal,0,1,rules_frozen_source_review_required,RQI_DII_v1.0,frozen_confirmed_by_researcher,1,event_classification_and_source_expansion_pending
USDC_ASSURANCE_2023_05,2023-06-30,2023-06-30,0,1,1,0,1,0,1,1,0.999549,-4.51,4.51,0.0,0.0,0,normal,27763697228.0,0.9359,0.69,1,1,1,normal,0,1,rules_frozen_source_review_required,RQI_DII_v1.0,frozen_confirmed_by_researcher,1,event_classification_and_source_expansion_pending
USDC_ASSURANCE_2023_05,2023-06-30,2023-07-01,1,1,1,0,1,0,1,0,1.001,10.0,10.0,0.0,0.0,0,normal,27172001888.0,0.9359,0.69,1,1,1,normal,0,1,rules_frozen_source_review_required,RQI_DII_v1.0,frozen_confirmed_by_researcher,1,event_classification_and_source_expansion_pending
USDC_ASSURANCE_2023_05,2023-06-30,2023-07-02,2,1,1,0,1,0,1,0,0.999841,-1.5899999999999999,1.5899999999999999,0.0,0.0,0,normal,27191545238.0,0.9359,0.69,1,1,1,normal,0,1,rules_frozen_source_review_required,RQI_DII_v1.0,frozen_confirmed_by_researcher,1,event_classification_and_source_expansion_pending
USDC_ASSURANCE_2023_05,2023-06-30,2023-07-03,3,1,1,0,1,0,1,0,1.001,10.0,10.0,0.0,0.0,0,normal,27196181304.0,0.9359,0.69,1,1,1,normal,0,1,rules_frozen_source_review_required,RQI_DII_v1.0,frozen_confirmed_by_researcher,1,event_classification_and_source_expansion_pending
USDC_ASSURANCE_2023_05,2023-06-30,2023-07-04,4,0,1,0,0,0,1,0,0.999503,-4.970000000000001,4.970000000000001,0.0,0.0,0,normal,27477058846.0,0.9359,0.69,1,1,1,normal,0,1,rules_frozen_source_review_required,RQI_DII_v1.0,frozen_confirmed_by_researcher,1,event_classification_and_source_expansion_pending
USDC_ASSURANCE_2023_05,2023-06-30,2023-07-05,5,0,1,0,0,0,1,0,1.001,10.0,10.0,0.0,0.0,0,normal,27507765861.0,0.9359,0.69,1,1,1,normal,0,1,rules_frozen_source_review_required,RQI_DII_v1.0,frozen_confirmed_by_researcher,1,event_classification_and_source_expansion_pending
USDC_ASSURANCE_2023_05,2023-06-30,2023-07-06,6,0,1,0,0,0,1,0,1.0,0.0,0.0,0.0,0.0,0,normal,27454786106.0,0.9359,0.69,1,1,1,normal,0,1,rules_frozen_source_review_required,RQI_DII_v1.0,frozen_confirmed_by_researcher,1,event_classification_and_source_expansion_pending
USDC_ASSURANCE_2023_05,2023-06-30,2023-07-07,7,0,1,0,0,0,1,0,0.99908,-9.200000000000001,9.200000000000001,0.0,0.0,0,normal,27311518780.0,0.9359,0.69,1,1,1,normal,0,1,rules_frozen_source_review_required,RQI_DII_v1.0,frozen_confirmed_by_researcher,1,event_classification_and_source_expansion_pending
USDC_ASSURANCE_2023_05,2023-06-30,2023-07-08,8,0,0,0,0,0,0,0,0.99973,-2.7,2.7,0.0,0.0,0,normal,27252572704.0,0.9359,0.69,1,1,1,normal,0,1,rules_frozen_source_review_required,RQI_DII_v1.0,frozen_confirmed_by_researcher,1,event_classification_and_source_expansion_pending
USDC_ASSURANCE_2023_05,2023-06-30,2023-07-09,9,0,0,0,0,0,0,0,0.999724,-2.76,2.76,0.0,0.0,0,normal,27250830533.0,0.9359,0.69,1,1,1,normal,0,1,rules_frozen_source_review_required,RQI_DII_v1.0,frozen_confirmed_by_researcher,1,event_classification_and_source_expansion_pending
USDC_ASSURANCE_2023_05,2023-06-30,2023-07-10,10,0,0,0,0,0,0,0,0.999272,-7.28,7.28,0.0,0.0,0,normal,27255469177.0,0.9359,0.69,1,1,1,normal,0,1,rules_frozen_source_review_required,RQI_DII_v1.0,frozen_confirmed_by_researcher,1,event_classification_and_source_expansion_pending
USDC_ASSURANCE_2023_05,2023-06-30,2023-07-11,11,0,0,0,0,0,0,0,0.999886,-1.1400000000000001,1.1400000000000001,0.0,0.0,0,normal,27148292506.0,0.9359,0.69,1,1,1,normal,0,1,rules_frozen_source_review_required,RQI_DII_v1.0,frozen_confirmed_by_researcher,1,event_classification_and_source_expansion_pending
USDC_ASSURANCE_2023_05,2023-06-30,2023-07-12,12,0,0,0,0,0,0,0,0.999001,-9.99,9.99,0.0,0.0,0,normal,27099847012.0,0.9359,0.69,1,1,1,normal,0,1,rules_frozen_source_review_required,RQI_DII_v1.0,frozen_confirmed_by_researcher,1,event_classification_and_source_expansion_pending
USDC_ASSURANCE_2023_05,2023-06-30,2023-07-13,13,0,0,0,0,0,0,0,0.999804,-1.96,1.96,0.0,0.0,0,normal,27027947193.0,0.9359,0.69,1,1,1,normal,0,1,rules_frozen_source_review_required,RQI_DII_v1.0,frozen_confirmed_by_researcher,1,event_classification_and_source_expansion_pending
USDC_ASSURANCE_2023_05,2023-06-30,2023-07-14,14,0,0,0,0,0,0,0,1.0,0.0,0.0,0.0,0.0,0,normal,27194829490.0,0.9359,0.69,1,1,1,normal,0,1,rules_frozen_source_review_required,RQI_DII_v1.0,frozen_confirmed_by_researcher,1,event_classification_and_source_expansion_pending
USDC_ASSURANCE_2023_06,2023-07-28,2023-07-14,-14,0,0,0,0,0,0,0,1.0,0.0,0.0,0.0,0.0,0,normal,27194829490.0,0.9416,0.84,1,1,1,normal,0,1,rules_frozen_source_review_required,RQI_DII_v1.0,frozen_confirmed_by_researcher,1,event_classification_and_source_expansion_pending
USDC_ASSURANCE_2023_06,2023-07-28,2023-07-15,-13,0,0,0,0,0,0,0,0.999965,-0.35,0.35,0.0,0.0,0,normal,27055369862.0,0.9416,0.84,1,1,1,normal,0,1,rules_frozen_source_review_required,RQI_DII_v1.0,frozen_confirmed_by_researcher,1,event_classification_and_source_expansion_pending
USDC_ASSURANCE_2023_06,2023-07-28,2023-07-16,-12,0,0,0,0,0,0,0,0.99995,-0.5,0.5,0.0,0.0,0,normal,27064232983.0,0.9416,0.84,1,1,1,normal,0,1,rules_frozen_source_review_required,RQI_DII_v1.0,frozen_confirmed_by_researcher,1,event_classification_and_source_expansion_pending
USDC_ASSURANCE_2023_06,2023-07-28,2023-07-17,-11,0,0,0,0,0,0,0,0.99901,-9.9,9.9,0.0,0.0,0,normal,27084978762.0,0.9416,0.84,1,1,1,normal,0,1,rules_frozen_source_review_required,RQI_DII_v1.0,frozen_confirmed_by_researcher,1,event_classification_and_source_expansion_pending
USDC_ASSURANCE_2023_06,2023-07-28,2023-07-18,-10,0,0,0,0,0,0,0,1.0,0.0,0.0,0.0,0.0,0,normal,26855272500.0,0.9416,0.84,1,1,1,normal,0,1,rules_frozen_source_review_required,RQI_DII_v1.0,frozen_confirmed_by_researcher,1,event_classification_and_source_expansion_pending
USDC_ASSURANCE_2023_06,2023-07-28,2023-07-19,-9,0,0,0,0,0,0,0,1.001,10.0,10.0,0.0,0.0,0,normal,26785782595.0,0.9416,0.84,1,1,1,normal,0,1,rules_frozen_source_review_required,RQI_DII_v1.0,frozen_confirmed_by_researcher,1,event_classification_and_source_expansion_pending
USDC_ASSURANCE_2023_06,2023-07-28,2023-07-20,-8,0,0,0,0,0,0,0,0.999915,-0.8500000000000001,0.8500000000000001,0.0,0.0,0,normal,26673580203.0,0.9416,0.84,1,1,1,normal,0,1,rules_frozen_source_review_required,RQI_DII_v1.0,frozen_confirmed_by_researcher,1,event_classification_and_source_expansion_pending
USDC_ASSURANCE_2023_06,2023-07-28,2023-07-21,-7,0,1,0,0,1,0,0,1.0,0.0,0.0,0.0,0.0,0,normal,26624236569.0,0.9416,0.84,1,1,1,normal,0,1,rules_frozen_source_review_required,RQI_DII_v1.0,frozen_confirmed_by_researcher,1,event_classification_and_source_expansion_pending
USDC_ASSURANCE_2023_06,2023-07-28,2023-07-22,-6,0,1,0,0,1,0,0,0.999841,-1.5899999999999999,1.5899999999999999,0.0,0.0,0,normal,26576077410.0,0.9416,0.84,1,1,1,normal,0,1,rules_frozen_source_review_required,RQI_DII_v1.0,frozen_confirmed_by_researcher,1,event_classification_and_source_expansion_pending
USDC_ASSURANCE_2023_06,2023-07-28,2023-07-23,-5,0,1,0,0,1,0,0,1.0,0.0,0.0,0.0,0.0,0,normal,26568933205.0,0.9416,0.84,1,1,1,normal,0,1,rules_frozen_source_review_required,RQI_DII_v1.0,frozen_confirmed_by_researcher,1,event_classification_and_source_expansion_pending
USDC_ASSURANCE_2023_06,2023-07-28,2023-07-24,-4,0,1,0,0,1,0,0,0.999928,-0.72,0.72,0.0,0.0,0,normal,26561633547.0,0.9416,0.84,1,1,1,normal,0,1,rules_frozen_source_review_required,RQI_DII_v1.0,frozen_confirmed_by_researcher,1,event_classification_and_source_expansion_pending
USDC_ASSURANCE_2023_06,2023-07-28,2023-07-25,-3,1,1,1,0,1,0,0,1.0,0.0,0.0,0.0,0.0,0,normal,26439931641.0,0.9416,0.84,1,1,1,normal,0,1,rules_frozen_source_review_required,RQI_DII_v1.0,frozen_confirmed_by_researcher,1,event_classification_and_source_expansion_pending
USDC_ASSURANCE_2023_06,2023-07-28,2023-07-26,-2,1,1,1,0,1,0,0,1.0,0.0,0.0,0.0,0.0,0,normal,26363998279.0,0.9416,0.84,1,1,1,normal,0,1,rules_frozen_source_review_required,RQI_DII_v1.0,frozen_confirmed_by_researcher,1,event_classification_and_source_expansion_pending
USDC_ASSURANCE_2023_06,2023-07-28,2023-07-27,-1,1,1,1,0,1,0,0,1.0,0.0,0.0,0.0,0.0,0,normal,26275274778.0,0.9416,0.84,1,1,1,normal,0,1,rules_frozen_source_review_required,RQI_DII_v1.0,frozen_confirmed_by_researcher,1,event_classification_and_source_expansion_pending
USDC_ASSURANCE_2023_06,2023-07-28,2023-07-28,0,1,1,0,1,0,1,1,1.0,0.0,0.0,0.0,0.0,0,normal,26293939845.0,0.9416,0.84,1,1,1,normal,0,1,rules_frozen_source_review_required,RQI_DII_v1.0,frozen_confirmed_by_researcher,1,event_classification_and_source_expansion_pending
USDC_ASSURANCE_2023_06,2023-07-28,2023-07-29,1,1,1,0,1,0,1,0,1.0,0.0,0.0,0.0,0.0,0,normal,26266161188.0,0.9416,0.84,1,1,1,normal,0,1,rules_frozen_source_review_required,RQI_DII_v1.0,frozen_confirmed_by_researcher,1,event_classification_and_source_expansion_pending
USDC_ASSURANCE_2023_06,2023-07-28,2023-07-30,2,1,1,0,1,0,1,0,0.999579,-4.21,4.21,0.0,0.0,0,normal,26304907736.0,0.9416,0.84,1,1,1,normal,0,1,rules_frozen_source_review_required,RQI_DII_v1.0,frozen_confirmed_by_researcher,1,event_classification_and_source_expansion_pending
USDC_ASSURANCE_2023_06,2023-07-28,2023-07-31,3,1,1,0,1,0,1,0,1.0,0.0,0.0,0.0,0.0,0,normal,26303340407.0,0.9416,0.84,1,1,1,normal,0,1,rules_frozen_source_review_required,RQI_DII_v1.0,frozen_confirmed_by_researcher,1,event_classification_and_source_expansion_pending
USDC_ASSURANCE_2023_06,2023-07-28,2023-08-01,4,0,1,0,0,0,1,0,1.0,0.0,0.0,0.0,0.0,0,normal,26237397660.0,0.9416,0.84,1,1,1,normal,0,1,rules_frozen_source_review_required,RQI_DII_v1.0,frozen_confirmed_by_researcher,1,event_classification_and_source_expansion_pending
USDC_ASSURANCE_2023_06,2023-07-28,2023-08-02,5,0,1,0,0,0,1,0,1.001,10.0,10.0,0.0,0.0,0,normal,26030980831.0,0.9416,0.84,1,1,1,normal,0,1,rules_frozen_source_review_required,RQI_DII_v1.0,frozen_confirmed_by_researcher,1,event_classification_and_source_expansion_pending
USDC_ASSURANCE_2023_06,2023-07-28,2023-08-03,6,0,1,0,0,0,1,0,1.001,10.0,10.0,0.0,0.0,0,normal,25906720966.0,0.9416,0.84,1,1,1,normal,0,1,rules_frozen_source_review_required,RQI_DII_v1.0,frozen_confirmed_by_researcher,1,event_classification_and_source_expansion_pending
USDC_ASSURANCE_2023_06,2023-07-28,2023-08-04,7,0,1,0,0,0,1,0,1.0,0.0,0.0,0.0,0.0,0,normal,25807197827.0,0.9416,0.84,1,1,1,normal,0,1,rules_frozen_source_review_required,RQI_DII_v1.0,frozen_confirmed_by_researcher,1,event_classification_and_source_expansion_pending
USDC_ASSURANCE_2023_06,2023-07-28,2023-08-05,8,0,0,0,0,0,0,0,0.999918,-0.8200000000000001,0.8200000000000001,0.0,0.0,0,normal,25732443850.0,0.9416,0.84,1,1,1,normal,0,1,rules_frozen_source_review_required,RQI_DII_v1.0,frozen_confirmed_by_researcher,1,event_classification_and_source_expansion_pending
USDC_ASSURANCE_2023_06,2023-07-28,2023-08-06,9,0,0,0,0,0,0,0,0.999557,-4.43,4.43,0.0,0.0,0,normal,25730158772.0,0.9416,0.84,1,1,1,normal,0,1,rules_frozen_source_review_required,RQI_DII_v1.0,frozen_confirmed_by_researcher,1,event_classification_and_source_expansion_pending
USDC_ASSURANCE_2023_06,2023-07-28,2023-08-07,10,0,0,0,0,0,0,0,0.99952,-4.8,4.8,0.0,0.0,0,normal,25728776185.0,0.9416,0.84,1,1,1,normal,0,1,rules_frozen_source_review_required,RQI_DII_v1.0,frozen_confirmed_by_researcher,1,event_classification_and_source_expansion_pending
USDC_ASSURANCE_2023_06,2023-07-28,2023-08-08,11,0,0,0,0,0,0,0,0.99979,-2.1,2.1,0.0,0.0,0,normal,25853556572.0,0.9416,0.84,1,1,1,normal,0,1,rules_frozen_source_review_required,RQI_DII_v1.0,frozen_confirmed_by_researcher,1,event_classification_and_source_expansion_pending
USDC_ASSURANCE_2023_06,2023-07-28,2023-08-09,12,0,0,0,0,0,0,0,1.0,0.0,0.0,0.0,0.0,0,normal,25998386655.0,0.9416,0.84,1,1,1,normal,0,1,rules_frozen_source_review_required,RQI_DII_v1.0,frozen_confirmed_by_researcher,1,event_classification_and_source_expansion_pending
USDC_ASSURANCE_2023_06,2023-07-28,2023-08-10,13,0,0,0,0,0,0,0,1.0,0.0,0.0,0.0,0.0,0,normal,25987157270.0,0.9416,0.84,1,1,1,normal,0,1,rules_frozen_source_review_required,RQI_DII_v1.0,frozen_confirmed_by_researcher,1,event_classification_and_source_expansion_pending
USDC_ASSURANCE_2023_06,2023-07-28,2023-08-11,14,0,0,0,0,0,0,0,0.999681,-3.19,3.19,0.0,0.0,0,normal,25857443016.0,0.9416,0.84,1,1,1,normal,0,1,rules_frozen_source_review_required,RQI_DII_v1.0,frozen_confirmed_by_researcher,1,event_classification_and_source_expansion_pending
USDC_ASSURANCE_2023_07,2023-08-30,2023-08-16,-14,0,0,0,0,0,0,0,0.999614,-3.86,3.86,0.0,0.0,0,normal,25745551300.0,0.9439,0.84,1,1,1,normal,0,0,rules_frozen_source_review_required,RQI_DII_v1.0,frozen_confirmed_by_researcher,1,event_classification_and_source_expansion_pending
USDC_ASSURANCE_2023_07,2023-08-30,2023-08-17,-13,0,0,0,0,0,0,0,0.998534,-14.66,14.66,0.0,0.0,0,normal,25783742061.0,0.9439,0.84,1,1,1,normal,0,0,rules_frozen_source_review_required,RQI_DII_v1.0,frozen_confirmed_by_researcher,1,event_classification_and_source_expansion_pending
USDC_ASSURANCE_2023_07,2023-08-30,2023-08-18,-12,0,0,0,0,0,0,0,0.999755,-2.4499999999999997,2.4499999999999997,0.0,0.0,0,normal,25831907447.0,0.9439,0.84,1,1,1,normal,0,0,rules_frozen_source_review_required,RQI_DII_v1.0,frozen_confirmed_by_researcher,1,event_classification_and_source_expansion_pending
USDC_ASSURANCE_2023_07,2023-08-30,2023-08-19,-11,0,0,0,0,0,0,0,0.998968,-10.319999999999999,10.319999999999999,0.0,0.0,0,normal,25499137260.0,0.9439,0.84,1,1,1,normal,0,0,rules_frozen_source_review_required,RQI_DII_v1.0,frozen_confirmed_by_researcher,1,event_classification_and_source_expansion_pending
USDC_ASSURANCE_2023_07,2023-08-30,2023-08-20,-10,0,0,0,0,0,0,0,1.001,10.0,10.0,0.0,0.0,0,normal,25685962407.0,0.9439,0.84,1,1,1,normal,0,0,rules_frozen_source_review_required,RQI_DII_v1.0,frozen_confirmed_by_researcher,1,event_classification_and_source_expansion_pending
USDC_ASSURANCE_2023_07,2023-08-30,2023-08-21,-9,0,0,0,0,0,0,0,1.001,10.0,10.0,0.0,0.0,0,normal,25690604495.0,0.9439,0.84,1,1,1,normal,0,0,rules_frozen_source_review_required,RQI_DII_v1.0,frozen_confirmed_by_researcher,1,event_classification_and_source_expansion_pending
USDC_ASSURANCE_2023_07,2023-08-30,2023-08-22,-8,0,0,0,0,0,0,0,1.0,0.0,0.0,0.0,0.0,0,normal,25688031637.0,0.9439,0.84,1,1,1,normal,0,0,rules_frozen_source_review_required,RQI_DII_v1.0,frozen_confirmed_by_researcher,1,event_classification_and_source_expansion_pending
USDC_ASSURANCE_2023_07,2023-08-30,2023-08-23,-7,0,1,0,0,1,0,0,0.999394,-6.06,6.06,0.0,0.0,0,normal,25633745839.0,0.9439,0.84,1,1,1,normal,0,0,rules_frozen_source_review_required,RQI_DII_v1.0,frozen_confirmed_by_researcher,1,event_classification_and_source_expansion_pending
USDC_ASSURANCE_2023_07,2023-08-30,2023-08-24,-6,0,1,0,0,1,0,0,1.001,10.0,10.0,0.0,0.0,0,normal,25722298667.0,0.9439,0.84,1,1,1,normal,0,0,rules_frozen_source_review_required,RQI_DII_v1.0,frozen_confirmed_by_researcher,1,event_classification_and_source_expansion_pending
USDC_ASSURANCE_2023_07,2023-08-30,2023-08-25,-5,0,1,0,0,1,0,0,0.999498,-5.02,5.02,0.0,0.0,0,normal,25610899671.0,0.9439,0.84,1,1,1,normal,0,0,rules_frozen_source_review_required,RQI_DII_v1.0,frozen_confirmed_by_researcher,1,event_classification_and_source_expansion_pending
USDC_ASSURANCE_2023_07,2023-08-30,2023-08-26,-4,0,1,0,0,1,0,0,1.0,0.0,0.0,0.0,0.0,0,normal,25677510840.0,0.9439,0.84,1,1,1,normal,0,0,rules_frozen_source_review_required,RQI_DII_v1.0,frozen_confirmed_by_researcher,1,event_classification_and_source_expansion_pending
USDC_ASSURANCE_2023_07,2023-08-30,2023-08-27,-3,1,1,1,0,1,0,0,0.999602,-3.9800000000000004,3.9800000000000004,0.0,0.0,0,normal,25730263296.0,0.9439,0.84,1,1,1,normal,0,0,rules_frozen_source_review_required,RQI_DII_v1.0,frozen_confirmed_by_researcher,1,event_classification_and_source_expansion_pending
USDC_ASSURANCE_2023_07,2023-08-30,2023-08-28,-2,1,1,1,0,1,0,0,0.999759,-2.41,2.41,0.0,0.0,0,normal,25788347236.0,0.9439,0.84,1,1,1,normal,0,0,rules_frozen_source_review_required,RQI_DII_v1.0,frozen_confirmed_by_researcher,1,event_classification_and_source_expansion_pending
USDC_ASSURANCE_2023_07,2023-08-30,2023-08-29,-1,1,1,1,0,1,0,0,1.0,0.0,0.0,0.0,0.0,0,normal,25774768448.0,0.9439,0.84,1,1,1,normal,0,0,rules_frozen_source_review_required,RQI_DII_v1.0,frozen_confirmed_by_researcher,1,event_classification_and_source_expansion_pending
USDC_ASSURANCE_2023_07,2023-08-30,2023-08-30,0,1,1,0,1,0,1,1,0.998898,-11.02,11.02,0.0,0.0,0,normal,25910782964.0,0.9439,0.84,1,1,1,normal,0,0,rules_frozen_source_review_required,RQI_DII_v1.0,frozen_confirmed_by_researcher,1,event_classification_and_source_expansion_pending
USDC_ASSURANCE_2023_07,2023-08-30,2023-08-31,1,1,1,0,1,0,1,0,0.999851,-1.49,1.49,0.0,0.0,0,normal,25869060570.0,0.9439,0.84,1,1,1,normal,0,0,rules_frozen_source_review_required,RQI_DII_v1.0,frozen_confirmed_by_researcher,1,event_classification_and_source_expansion_pending
USDC_ASSURANCE_2023_07,2023-08-30,2023-09-01,2,1,1,0,1,0,1,0,0.999331,-6.69,6.69,0.0,0.0,0,normal,25956525330.0,0.9439,0.84,1,1,1,normal,0,0,rules_frozen_source_review_required,RQI_DII_v1.0,frozen_confirmed_by_researcher,1,event_classification_and_source_expansion_pending
USDC_ASSURANCE_2023_07,2023-08-30,2023-09-02,3,1,1,0,1,0,1,0,1.001,10.0,10.0,0.0,0.0,0,normal,25899212013.0,0.9439,0.84,1,1,1,normal,0,0,rules_frozen_source_review_required,RQI_DII_v1.0,frozen_confirmed_by_researcher,1,event_classification_and_source_expansion_pending
USDC_ASSURANCE_2023_07,2023-08-30,2023-09-03,4,0,1,0,0,0,1,0,1.0,0.0,0.0,0.0,0.0,0,normal,25912258851.0,0.9439,0.84,1,1,1,normal,0,0,rules_frozen_source_review_required,RQI_DII_v1.0,frozen_confirmed_by_researcher,1,event_classification_and_source_expansion_pending
USDC_ASSURANCE_2023_07,2023-08-30,2023-09-04,5,0,1,0,0,0,1,0,1.0,0.0,0.0,0.0,0.0,0,normal,25958177691.0,0.9439,0.84,1,1,1,normal,0,0,rules_frozen_source_review_required,RQI_DII_v1.0,frozen_confirmed_by_researcher,1,event_classification_and_source_expansion_pending
USDC_ASSURANCE_2023_07,2023-08-30,2023-09-05,6,0,1,0,0,0,1,0,0.999316,-6.840000000000001,6.840000000000001,0.0,0.0,0,normal,25802199213.0,0.9439,0.84,1,1,1,normal,0,0,rules_frozen_source_review_required,RQI_DII_v1.0,frozen_confirmed_by_researcher,1,event_classification_and_source_expansion_pending
USDC_ASSURANCE_2023_07,2023-08-30,2023-09-06,7,0,1,0,0,0,1,0,0.999805,-1.95,1.95,0.0,0.0,0,normal,25638311131.0,0.9439,0.84,1,1,1,normal,0,0,rules_frozen_source_review_required,RQI_DII_v1.0,frozen_confirmed_by_researcher,1,event_classification_and_source_expansion_pending
USDC_ASSURANCE_2023_07,2023-08-30,2023-09-07,8,0,0,0,0,0,0,0,1.0,0.0,0.0,0.0,0.0,0,normal,25621537164.0,0.9439,0.84,1,1,1,normal,0,0,rules_frozen_source_review_required,RQI_DII_v1.0,frozen_confirmed_by_researcher,1,event_classification_and_source_expansion_pending
USDC_ASSURANCE_2023_07,2023-08-30,2023-09-08,9,0,0,0,0,0,0,0,1.001,10.0,10.0,0.0,0.0,0,normal,25461514715.0,0.9439,0.84,1,1,1,normal,0,0,rules_frozen_source_review_required,RQI_DII_v1.0,frozen_confirmed_by_researcher,1,event_classification_and_source_expansion_pending
USDC_ASSURANCE_2023_07,2023-08-30,2023-09-09,10,0,0,0,0,0,0,0,0.999984,-0.16,0.16,0.0,0.0,0,normal,25591739061.0,0.9439,0.84,1,1,1,normal,0,0,rules_frozen_source_review_required,RQI_DII_v1.0,frozen_confirmed_by_researcher,1,event_classification_and_source_expansion_pending
USDC_ASSURANCE_2023_07,2023-08-30,2023-09-10,11,0,0,0,0,0,0,0,1.0,0.0,0.0,0.0,0.0,0,normal,25621937571.0,0.9439,0.84,1,1,1,normal,0,0,rules_frozen_source_review_required,RQI_DII_v1.0,frozen_confirmed_by_researcher,1,event_classification_and_source_expansion_pending
USDC_ASSURANCE_2023_07,2023-08-30,2023-09-11,12,0,0,0,0,0,0,0,1.0,0.0,0.0,0.0,0.0,0,normal,25681807093.0,0.9439,0.84,1,1,1,normal,0,0,rules_frozen_source_review_required,RQI_DII_v1.0,frozen_confirmed_by_researcher,1,event_classification_and_source_expansion_pending
USDC_ASSURANCE_2023_07,2023-08-30,2023-09-12,13,0,0,0,0,0,0,0,0.999689,-3.1100000000000003,3.1100000000000003,0.0,0.0,0,normal,25612842735.0,0.9439,0.84,1,1,1,normal,0,0,rules_frozen_source_review_required,RQI_DII_v1.0,frozen_confirmed_by_researcher,1,event_classification_and_source_expansion_pending
USDC_ASSURANCE_2023_07,2023-08-30,2023-09-13,14,0,0,0,0,0,0,0,1.001,10.0,10.0,0.0,0.0,0,normal,25716629279.0,0.9439,0.84,1,1,1,normal,0,0,rules_frozen_source_review_required,RQI_DII_v1.0,frozen_confirmed_by_researcher,1,event_classification_and_source_expansion_pending
USDC_ASSURANCE_2023_08,2023-09-29,2023-09-15,-14,0,0,0,0,0,0,0,0.999922,-0.78,0.78,0.0,0.0,0,normal,25712054960.0,0.9453,0.84,1,1,1,normal,0,0,rules_frozen_source_review_required,RQI_DII_v1.0,frozen_confirmed_by_researcher,1,event_classification_and_source_expansion_pending
USDC_ASSURANCE_2023_08,2023-09-29,2023-09-16,-13,0,0,0,0,0,0,0,0.999106,-8.940000000000001,8.940000000000001,0.0,0.0,0,normal,25653727787.0,0.9453,0.84,1,1,1,normal,0,0,rules_frozen_source_review_required,RQI_DII_v1.0,frozen_confirmed_by_researcher,1,event_classification_and_source_expansion_pending
USDC_ASSURANCE_2023_08,2023-09-29,2023-09-17,-12,0,0,0,0,0,0,0,0.999819,-1.81,1.81,0.0,0.0,0,normal,25708558751.0,0.9453,0.84,1,1,1,normal,0,0,rules_frozen_source_review_required,RQI_DII_v1.0,frozen_confirmed_by_researcher,1,event_classification_and_source_expansion_pending
USDC_ASSURANCE_2023_08,2023-09-29,2023-09-18,-11,0,0,0,0,0,0,0,0.9992,-8.0,8.0,0.0,0.0,0,normal,25712747585.0,0.9453,0.84,1,1,1,normal,0,0,rules_frozen_source_review_required,RQI_DII_v1.0,frozen_confirmed_by_researcher,1,event_classification_and_source_expansion_pending
USDC_ASSURANCE_2023_08,2023-09-29,2023-09-19,-10,0,0,0,0,0,0,0,0.999213,-7.87,7.87,0.0,0.0,0,normal,25676046462.0,0.9453,0.84,1,1,1,normal,0,0,rules_frozen_source_review_required,RQI_DII_v1.0,frozen_confirmed_by_researcher,1,event_classification_and_source_expansion_pending
USDC_ASSURANCE_2023_08,2023-09-29,2023-09-20,-9,0,0,0,0,0,0,0,1.0,0.0,0.0,0.0,0.0,0,normal,25602510291.0,0.9453,0.84,1,1,1,normal,0,0,rules_frozen_source_review_required,RQI_DII_v1.0,frozen_confirmed_by_researcher,1,event_classification_and_source_expansion_pending
USDC_ASSURANCE_2023_08,2023-09-29,2023-09-21,-8,0,0,0,0,0,0,0,0.999713,-2.8699999999999997,2.8699999999999997,0.0,0.0,0,normal,25521415444.0,0.9453,0.84,1,1,1,normal,0,0,rules_frozen_source_review_required,RQI_DII_v1.0,frozen_confirmed_by_researcher,1,event_classification_and_source_expansion_pending
USDC_ASSURANCE_2023_08,2023-09-29,2023-09-22,-7,0,1,0,0,1,0,0,0.999138,-8.620000000000001,8.620000000000001,0.0,0.0,0,normal,25346579516.0,0.9453,0.84,1,1,1,normal,0,0,rules_frozen_source_review_required,RQI_DII_v1.0,frozen_confirmed_by_researcher,1,event_classification_and_source_expansion_pending
USDC_ASSURANCE_2023_08,2023-09-29,2023-09-23,-6,0,1,0,0,1,0,0,1.0,0.0,0.0,0.0,0.0,0,normal,25300302424.0,0.9453,0.84,1,1,1,normal,0,0,rules_frozen_source_review_required,RQI_DII_v1.0,frozen_confirmed_by_researcher,1,event_classification_and_source_expansion_pending
USDC_ASSURANCE_2023_08,2023-09-29,2023-09-24,-5,0,1,0,0,1,0,0,0.999627,-3.73,3.73,0.0,0.0,0,normal,25314290517.0,0.9453,0.84,1,1,1,normal,0,0,rules_frozen_source_review_required,RQI_DII_v1.0,frozen_confirmed_by_researcher,1,event_classification_and_source_expansion_pending
USDC_ASSURANCE_2023_08,2023-09-29,2023-09-25,-4,0,1,0,0,1,0,0,1.001,10.0,10.0,0.0,0.0,0,normal,25320014073.0,0.9453,0.84,1,1,1,normal,0,0,rules_frozen_source_review_required,RQI_DII_v1.0,frozen_confirmed_by_researcher,1,event_classification_and_source_expansion_pending
USDC_ASSURANCE_2023_08,2023-09-29,2023-09-26,-3,1,1,1,0,1,0,0,1.001,10.0,10.0,0.0,0.0,0,normal,25139657418.0,0.9453,0.84,1,1,1,normal,0,0,rules_frozen_source_review_required,RQI_DII_v1.0,frozen_confirmed_by_researcher,1,event_classification_and_source_expansion_pending
USDC_ASSURANCE_2023_08,2023-09-29,2023-09-27,-2,1,1,1,0,1,0,0,1.0,0.0,0.0,0.0,0.0,0,normal,25119393428.0,0.9453,0.84,1,1,1,normal,0,0,rules_frozen_source_review_required,RQI_DII_v1.0,frozen_confirmed_by_researcher,1,event_classification_and_source_expansion_pending
USDC_ASSURANCE_2023_08,2023-09-29,2023-09-28,-1,1,1,1,0,1,0,0,1.001,10.0,10.0,0.0,0.0,0,normal,24988184597.0,0.9453,0.84,1,1,1,normal,0,0,rules_frozen_source_review_required,RQI_DII_v1.0,frozen_confirmed_by_researcher,1,event_classification_and_source_expansion_pending
USDC_ASSURANCE_2023_08,2023-09-29,2023-09-29,0,1,1,0,1,0,1,1,1.001,10.0,10.0,0.0,0.0,0,normal,25152015784.0,0.9453,0.84,1,1,1,normal,0,0,rules_frozen_source_review_required,RQI_DII_v1.0,frozen_confirmed_by_researcher,1,event_classification_and_source_expansion_pending
USDC_ASSURANCE_2023_08,2023-09-29,2023-09-30,1,1,1,0,1,0,1,0,0.999893,-1.07,1.07,0.0,0.0,0,normal,24767206738.0,0.9453,0.84,1,1,1,normal,0,0,rules_frozen_source_review_required,RQI_DII_v1.0,frozen_confirmed_by_researcher,1,event_classification_and_source_expansion_pending
USDC_ASSURANCE_2023_08,2023-09-29,2023-10-01,2,1,1,0,1,0,1,0,0.99988,-1.2,1.2,0.0,0.0,0,normal,24824312655.0,0.9453,0.84,1,1,1,normal,0,0,rules_frozen_source_review_required,RQI_DII_v1.0,frozen_confirmed_by_researcher,1,event_classification_and_source_expansion_pending
USDC_ASSURANCE_2023_08,2023-09-29,2023-10-02,3,1,1,0,1,0,1,0,1.0,0.0,0.0,0.0,0.0,0,normal,24848852273.0,0.9453,0.84,1,1,1,normal,0,0,rules_frozen_source_review_required,RQI_DII_v1.0,frozen_confirmed_by_researcher,1,event_classification_and_source_expansion_pending
USDC_ASSURANCE_2023_08,2023-09-29,2023-10-03,4,0,1,0,0,0,1,0,1.0,0.0,0.0,0.0,0.0,0,normal,24986265389.0,0.9453,0.84,1,1,1,normal,0,0,rules_frozen_source_review_required,RQI_DII_v1.0,frozen_confirmed_by_researcher,1,event_classification_and_source_expansion_pending
USDC_ASSURANCE_2023_08,2023-09-29,2023-10-04,5,0,1,0,0,0,1,0,0.999999,-0.01,0.01,0.0,0.0,0,normal,24844320355.0,0.9453,0.84,1,1,1,normal,0,0,rules_frozen_source_review_required,RQI_DII_v1.0,frozen_confirmed_by_researcher,1,event_classification_and_source_expansion_pending
USDC_ASSURANCE_2023_08,2023-09-29,2023-10-05,6,0,1,0,0,0,1,0,0.999183,-8.17,8.17,0.0,0.0,0,normal,24766183896.0,0.9453,0.84,1,1,1,normal,0,0,rules_frozen_source_review_required,RQI_DII_v1.0,frozen_confirmed_by_researcher,1,event_classification_and_source_expansion_pending
USDC_ASSURANCE_2023_08,2023-09-29,2023-10-06,7,0,1,0,0,0,1,0,1.001,10.0,10.0,0.0,0.0,0,normal,24755503610.0,0.9453,0.84,1,1,1,normal,0,0,rules_frozen_source_review_required,RQI_DII_v1.0,frozen_confirmed_by_researcher,1,event_classification_and_source_expansion_pending
USDC_ASSURANCE_2023_08,2023-09-29,2023-10-07,8,0,0,0,0,0,0,0,1.001,10.0,10.0,0.0,0.0,0,normal,25028797837.0,0.9453,0.84,1,1,1,normal,0,0,rules_frozen_source_review_required,RQI_DII_v1.0,frozen_confirmed_by_researcher,1,event_classification_and_source_expansion_pending
USDC_ASSURANCE_2023_08,2023-09-29,2023-10-08,9,0,0,0,0,0,0,0,1.0,0.0,0.0,0.0,0.0,0,normal,25057116775.0,0.9453,0.84,1,1,1,normal,0,0,rules_frozen_source_review_required,RQI_DII_v1.0,frozen_confirmed_by_researcher,1,event_classification_and_source_expansion_pending
USDC_ASSURANCE_2023_08,2023-09-29,2023-10-09,10,0,0,0,0,0,0,0,0.998983,-10.169999999999998,10.169999999999998,0.0,0.0,0,normal,25072343337.0,0.9453,0.84,1,1,1,normal,0,0,rules_frozen_source_review_required,RQI_DII_v1.0,frozen_confirmed_by_researcher,1,event_classification_and_source_expansion_pending
USDC_ASSURANCE_2023_08,2023-09-29,2023-10-10,11,0,0,0,0,0,0,0,1.001,10.0,10.0,0.0,0.0,0,normal,25040717373.0,0.9453,0.84,1,1,1,normal,0,0,rules_frozen_source_review_required,RQI_DII_v1.0,frozen_confirmed_by_researcher,1,event_classification_and_source_expansion_pending
USDC_ASSURANCE_2023_08,2023-09-29,2023-10-11,12,0,0,0,0,0,0,0,0.999934,-0.66,0.66,0.0,0.0,0,normal,24920968608.0,0.9453,0.84,1,1,1,normal,0,0,rules_frozen_source_review_required,RQI_DII_v1.0,frozen_confirmed_by_researcher,1,event_classification_and_source_expansion_pending
USDC_ASSURANCE_2023_08,2023-09-29,2023-10-12,13,0,0,0,0,0,0,0,0.999839,-1.61,1.61,0.0,0.0,0,normal,24755093252.0,0.9453,0.84,1,1,1,normal,0,0,rules_frozen_source_review_required,RQI_DII_v1.0,frozen_confirmed_by_researcher,1,event_classification_and_source_expansion_pending
USDC_ASSURANCE_2023_08,2023-09-29,2023-10-13,14,0,0,0,0,0,0,0,1.0,0.0,0.0,0.0,0.0,0,normal,24646012406.0,0.9453,0.84,1,1,1,normal,0,0,rules_frozen_source_review_required,RQI_DII_v1.0,frozen_confirmed_by_researcher,1,event_classification_and_source_expansion_pending
USDC_ASSURANCE_2023_09,2023-10-30,2023-10-16,-14,0,0,0,0,0,0,0,0.999965,-0.35,0.35,0.0,0.0,0,normal,24710678249.0,0.9488,0.78,1,1,1,normal,0,0,rules_frozen_source_review_required,RQI_DII_v1.0,frozen_confirmed_by_researcher,1,event_classification_and_source_expansion_pending
USDC_ASSURANCE_2023_09,2023-10-30,2023-10-17,-13,0,0,0,0,0,0,0,1.0,0.0,0.0,0.0,0.0,0,normal,24782468968.0,0.9488,0.78,1,1,1,normal,0,0,rules_frozen_source_review_required,RQI_DII_v1.0,frozen_confirmed_by_researcher,1,event_classification_and_source_expansion_pending
USDC_ASSURANCE_2023_09,2023-10-30,2023-10-18,-12,0,0,0,0,0,0,0,0.999521,-4.79,4.79,0.0,0.0,0,normal,24809951650.0,0.9488,0.78,1,1,1,normal,0,0,rules_frozen_source_review_required,RQI_DII_v1.0,frozen_confirmed_by_researcher,1,event_classification_and_source_expansion_pending
USDC_ASSURANCE_2023_09,2023-10-30,2023-10-19,-11,0,0,0,0,0,0,0,1.0,0.0,0.0,0.0,0.0,0,normal,24803289767.0,0.9488,0.78,1,1,1,normal,0,0,rules_frozen_source_review_required,RQI_DII_v1.0,frozen_confirmed_by_researcher,1,event_classification_and_source_expansion_pending
USDC_ASSURANCE_2023_09,2023-10-30,2023-10-20,-10,0,0,0,0,0,0,0,0.999896,-1.04,1.04,0.0,0.0,0,normal,24909222903.0,0.9488,0.78,1,1,1,normal,0,0,rules_frozen_source_review_required,RQI_DII_v1.0,frozen_confirmed_by_researcher,1,event_classification_and_source_expansion_pending
USDC_ASSURANCE_2023_09,2023-10-30,2023-10-21,-9,0,0,0,0,0,0,0,0.999821,-1.7899999999999998,1.7899999999999998,0.0,0.0,0,normal,24958038696.0,0.9488,0.78,1,1,1,normal,0,0,rules_frozen_source_review_required,RQI_DII_v1.0,frozen_confirmed_by_researcher,1,event_classification_and_source_expansion_pending
USDC_ASSURANCE_2023_09,2023-10-30,2023-10-22,-8,0,0,0,0,0,0,0,0.999887,-1.13,1.13,0.0,0.0,0,normal,24980752696.0,0.9488,0.78,1,1,1,normal,0,0,rules_frozen_source_review_required,RQI_DII_v1.0,frozen_confirmed_by_researcher,1,event_classification_and_source_expansion_pending
USDC_ASSURANCE_2023_09,2023-10-30,2023-10-23,-7,0,1,0,0,1,0,0,0.99884,-11.6,11.6,0.0,0.0,0,normal,24970529720.0,0.9488,0.78,1,1,1,normal,0,0,rules_frozen_source_review_required,RQI_DII_v1.0,frozen_confirmed_by_researcher,1,event_classification_and_source_expansion_pending
USDC_ASSURANCE_2023_09,2023-10-30,2023-10-24,-6,0,1,0,0,1,0,0,1.002,20.0,20.0,0.0,0.0,0,normal,24880006297.0,0.9488,0.78,1,1,1,normal,0,0,rules_frozen_source_review_required,RQI_DII_v1.0,frozen_confirmed_by_researcher,1,event_classification_and_source_expansion_pending
USDC_ASSURANCE_2023_09,2023-10-30,2023-10-25,-5,0,1,0,0,1,0,0,1.001,10.0,10.0,0.0,0.0,0,normal,24479411642.0,0.9488,0.78,1,1,1,normal,0,0,rules_frozen_source_review_required,RQI_DII_v1.0,frozen_confirmed_by_researcher,1,event_classification_and_source_expansion_pending
USDC_ASSURANCE_2023_09,2023-10-30,2023-10-26,-4,0,1,0,0,1,0,0,1.001,10.0,10.0,0.0,0.0,0,normal,24597238039.0,0.9488,0.78,1,1,1,normal,0,0,rules_frozen_source_review_required,RQI_DII_v1.0,frozen_confirmed_by_researcher,1,event_classification_and_source_expansion_pending
USDC_ASSURANCE_2023_09,2023-10-30,2023-10-27,-3,1,1,1,0,1,0,0,1.001,10.0,10.0,0.0,0.0,0,normal,24566363270.0,0.9488,0.78,1,1,1,normal,0,0,rules_frozen_source_review_required,RQI_DII_v1.0,frozen_confirmed_by_researcher,1,event_classification_and_source_expansion_pending
USDC_ASSURANCE_2023_09,2023-10-30,2023-10-28,-2,1,1,1,0,1,0,0,1.0,0.0,0.0,0.0,0.0,0,normal,24422325069.0,0.9488,0.78,1,1,1,normal,0,0,rules_frozen_source_review_required,RQI_DII_v1.0,frozen_confirmed_by_researcher,1,event_classification_and_source_expansion_pending
USDC_ASSURANCE_2023_09,2023-10-30,2023-10-29,-1,1,1,1,0,1,0,0,1.0,0.0,0.0,0.0,0.0,0,normal,24455521331.0,0.9488,0.78,1,1,1,normal,0,0,rules_frozen_source_review_required,RQI_DII_v1.0,frozen_confirmed_by_researcher,1,event_classification_and_source_expansion_pending
USDC_ASSURANCE_2023_09,2023-10-30,2023-10-30,0,1,1,0,1,0,1,1,0.999903,-0.97,0.97,0.0,0.0,0,normal,24500511014.0,0.9488,0.78,1,1,1,normal,0,0,rules_frozen_source_review_required,RQI_DII_v1.0,frozen_confirmed_by_researcher,1,event_classification_and_source_expansion_pending
USDC_ASSURANCE_2023_09,2023-10-30,2023-10-31,1,1,1,0,1,0,1,0,0.999342,-6.579999999999999,6.579999999999999,0.0,0.0,0,normal,24386271611.0,0.9488,0.78,1,1,1,normal,0,0,rules_frozen_source_review_required,RQI_DII_v1.0,frozen_confirmed_by_researcher,1,event_classification_and_source_expansion_pending
USDC_ASSURANCE_2023_09,2023-10-30,2023-11-01,2,1,1,0,1,0,1,0,0.999639,-3.61,3.61,0.0,0.0,0,normal,24218462658.0,0.9488,0.78,1,1,1,normal,0,0,rules_frozen_source_review_required,RQI_DII_v1.0,frozen_confirmed_by_researcher,1,event_classification_and_source_expansion_pending
USDC_ASSURANCE_2023_09,2023-10-30,2023-11-02,3,1,1,0,1,0,1,0,1.001,10.0,10.0,0.0,0.0,0,normal,24204010271.0,0.9488,0.78,1,1,1,normal,0,0,rules_frozen_source_review_required,RQI_DII_v1.0,frozen_confirmed_by_researcher,1,event_classification_and_source_expansion_pending
USDC_ASSURANCE_2023_09,2023-10-30,2023-11-03,4,0,1,0,0,0,1,0,0.998994,-10.059999999999999,10.059999999999999,0.0,0.0,0,normal,23910236491.0,0.9488,0.78,1,1,1,normal,0,0,rules_frozen_source_review_required,RQI_DII_v1.0,frozen_confirmed_by_researcher,1,event_classification_and_source_expansion_pending
USDC_ASSURANCE_2023_09,2023-10-30,2023-11-04,5,0,1,0,0,0,1,0,0.999827,-1.73,1.73,0.0,0.0,0,normal,23942239665.0,0.9488,0.78,1,1,1,normal,0,0,rules_frozen_source_review_required,RQI_DII_v1.0,frozen_confirmed_by_researcher,1,event_classification_and_source_expansion_pending
USDC_ASSURANCE_2023_09,2023-10-30,2023-11-05,6,0,1,0,0,0,1,0,1.0,0.0,0.0,0.0,0.0,0,normal,24025423480.0,0.9488,0.78,1,1,1,normal,0,0,rules_frozen_source_review_required,RQI_DII_v1.0,frozen_confirmed_by_researcher,1,event_classification_and_source_expansion_pending
USDC_ASSURANCE_2023_09,2023-10-30,2023-11-06,7,0,1,0,0,0,1,0,1.0,0.0,0.0,0.0,0.0,0,normal,24046051678.0,0.9488,0.78,1,1,1,normal,0,0,rules_frozen_source_review_required,RQI_DII_v1.0,frozen_confirmed_by_researcher,1,event_classification_and_source_expansion_pending
USDC_ASSURANCE_2023_09,2023-10-30,2023-11-07,8,0,0,0,0,0,0,0,0.999915,-0.8500000000000001,0.8500000000000001,0.0,0.0,0,normal,23860245935.0,0.9488,0.78,1,1,1,normal,0,0,rules_frozen_source_review_required,RQI_DII_v1.0,frozen_confirmed_by_researcher,1,event_classification_and_source_expansion_pending
USDC_ASSURANCE_2023_09,2023-10-30,2023-11-08,9,0,0,0,0,0,0,0,0.999494,-5.0600000000000005,5.0600000000000005,0.0,0.0,0,normal,23795112447.0,0.9488,0.78,1,1,1,normal,0,0,rules_frozen_source_review_required,RQI_DII_v1.0,frozen_confirmed_by_researcher,1,event_classification_and_source_expansion_pending
USDC_ASSURANCE_2023_09,2023-10-30,2023-11-09,10,0,0,0,0,0,0,0,1.0,0.0,0.0,0.0,0.0,0,normal,23656182879.0,0.9488,0.78,1,1,1,normal,0,0,rules_frozen_source_review_required,RQI_DII_v1.0,frozen_confirmed_by_researcher,1,event_classification_and_source_expansion_pending
USDC_ASSURANCE_2023_09,2023-10-30,2023-11-10,11,0,0,0,0,0,0,0,0.999435,-5.6499999999999995,5.6499999999999995,0.0,0.0,0,normal,23536709489.0,0.9488,0.78,1,1,1,normal,0,0,rules_frozen_source_review_required,RQI_DII_v1.0,frozen_confirmed_by_researcher,1,event_classification_and_source_expansion_pending
USDC_ASSURANCE_2023_09,2023-10-30,2023-11-11,12,0,0,0,0,0,0,0,1.0,0.0,0.0,0.0,0.0,0,normal,23566976292.0,0.9488,0.78,1,1,1,normal,0,0,rules_frozen_source_review_required,RQI_DII_v1.0,frozen_confirmed_by_researcher,1,event_classification_and_source_expansion_pending
USDC_ASSURANCE_2023_09,2023-10-30,2023-11-12,13,0,0,0,0,0,0,0,0.999624,-3.76,3.76,0.0,0.0,0,normal,23629501734.0,0.9488,0.78,1,1,1,normal,0,0,rules_frozen_source_review_required,RQI_DII_v1.0,frozen_confirmed_by_researcher,1,event_classification_and_source_expansion_pending
USDC_ASSURANCE_2023_09,2023-10-30,2023-11-13,14,0,0,0,0,0,0,0,0.997795,-22.05,22.05,0.0,0.0,0,normal,23670191735.0,0.9488,0.78,1,1,1,normal,0,0,rules_frozen_source_review_required,RQI_DII_v1.0,frozen_confirmed_by_researcher,1,event_classification_and_source_expansion_pending
USDC_ASSURANCE_2023_11,2023-12-22,2023-12-08,-14,0,0,0,0,0,0,0,1.001,10.0,10.0,0.0,0.0,0,normal,23640247211.0,0.9446,0.84,1,1,1,normal,0,0,rules_frozen_source_review_required,RQI_DII_v1.0,frozen_confirmed_by_researcher,1,event_classification_and_source_expansion_pending
USDC_ASSURANCE_2023_11,2023-12-22,2023-12-09,-13,0,0,0,0,0,0,0,0.999385,-6.1499999999999995,6.1499999999999995,0.0,0.0,0,normal,23803432293.0,0.9446,0.84,1,1,1,normal,0,0,rules_frozen_source_review_required,RQI_DII_v1.0,frozen_confirmed_by_researcher,1,event_classification_and_source_expansion_pending
USDC_ASSURANCE_2023_11,2023-12-22,2023-12-10,-12,0,0,0,0,0,0,0,1.0,0.0,0.0,0.0,0.0,0,normal,23846995113.0,0.9446,0.84,1,1,1,normal,0,0,rules_frozen_source_review_required,RQI_DII_v1.0,frozen_confirmed_by_researcher,1,event_classification_and_source_expansion_pending
USDC_ASSURANCE_2023_11,2023-12-22,2023-12-11,-11,0,0,0,0,0,0,0,0.999796,-2.04,2.04,0.0,0.0,0,normal,23845568064.0,0.9446,0.84,1,1,1,normal,0,0,rules_frozen_source_review_required,RQI_DII_v1.0,frozen_confirmed_by_researcher,1,event_classification_and_source_expansion_pending
USDC_ASSURANCE_2023_11,2023-12-22,2023-12-12,-10,0,0,0,0,0,0,0,1.002,20.0,20.0,0.0,0.0,0,normal,23445592820.0,0.9446,0.84,1,1,1,normal,0,0,rules_frozen_source_review_required,RQI_DII_v1.0,frozen_confirmed_by_researcher,1,event_classification_and_source_expansion_pending
USDC_ASSURANCE_2023_11,2023-12-22,2023-12-13,-9,0,0,0,0,0,0,0,0.998618,-13.82,13.82,0.0,0.0,0,normal,23337566374.0,0.9446,0.84,1,1,1,normal,0,0,rules_frozen_source_review_required,RQI_DII_v1.0,frozen_confirmed_by_researcher,1,event_classification_and_source_expansion_pending
USDC_ASSURANCE_2023_11,2023-12-22,2023-12-14,-8,0,0,0,0,0,0,0,1.001,10.0,10.0,0.0,0.0,0,normal,23581765305.0,0.9446,0.84,1,1,1,normal,0,0,rules_frozen_source_review_required,RQI_DII_v1.0,frozen_confirmed_by_researcher,1,event_classification_and_source_expansion_pending
USDC_ASSURANCE_2023_11,2023-12-22,2023-12-15,-7,0,1,0,0,1,0,0,1.001,10.0,10.0,0.0,0.0,0,normal,23689816599.0,0.9446,0.84,1,1,1,normal,0,0,rules_frozen_source_review_required,RQI_DII_v1.0,frozen_confirmed_by_researcher,1,event_classification_and_source_expansion_pending
USDC_ASSURANCE_2023_11,2023-12-22,2023-12-16,-6,0,1,0,0,1,0,0,0.998424,-15.76,15.76,0.0,0.0,0,normal,23797094564.0,0.9446,0.84,1,1,1,normal,0,0,rules_frozen_source_review_required,RQI_DII_v1.0,frozen_confirmed_by_researcher,1,event_classification_and_source_expansion_pending
USDC_ASSURANCE_2023_11,2023-12-22,2023-12-17,-5,0,1,0,0,1,0,0,0.999841,-1.5899999999999999,1.5899999999999999,0.0,0.0,0,normal,23806517591.0,0.9446,0.84,1,1,1,normal,0,0,rules_frozen_source_review_required,RQI_DII_v1.0,frozen_confirmed_by_researcher,1,event_classification_and_source_expansion_pending
USDC_ASSURANCE_2023_11,2023-12-22,2023-12-18,-4,0,1,0,0,1,0,0,1.002,20.0,20.0,0.0,0.0,0,normal,23758906656.0,0.9446,0.84,1,1,1,normal,0,0,rules_frozen_source_review_required,RQI_DII_v1.0,frozen_confirmed_by_researcher,1,event_classification_and_source_expansion_pending
USDC_ASSURANCE_2023_11,2023-12-22,2023-12-19,-3,1,1,1,0,1,0,0,0.999784,-2.1599999999999997,2.1599999999999997,0.0,0.0,0,normal,23909611712.0,0.9446,0.84,1,1,1,normal,0,0,rules_frozen_source_review_required,RQI_DII_v1.0,frozen_confirmed_by_researcher,1,event_classification_and_source_expansion_pending
USDC_ASSURANCE_2023_11,2023-12-22,2023-12-20,-2,1,1,1,0,1,0,0,1.001,10.0,10.0,0.0,0.0,0,normal,24145378564.0,0.9446,0.84,1,1,1,normal,0,0,rules_frozen_source_review_required,RQI_DII_v1.0,frozen_confirmed_by_researcher,1,event_classification_and_source_expansion_pending
USDC_ASSURANCE_2023_11,2023-12-22,2023-12-21,-1,1,1,1,0,1,0,0,1.0,0.0,0.0,0.0,0.0,0,normal,24283238869.0,0.9446,0.84,1,1,1,normal,0,0,rules_frozen_source_review_required,RQI_DII_v1.0,frozen_confirmed_by_researcher,1,event_classification_and_source_expansion_pending
USDC_ASSURANCE_2023_11,2023-12-22,2023-12-22,0,1,1,0,1,0,1,1,1.001,10.0,10.0,0.0,0.0,0,normal,24178804101.0,0.9446,0.84,1,1,1,normal,0,0,rules_frozen_source_review_required,RQI_DII_v1.0,frozen_confirmed_by_researcher,1,event_classification_and_source_expansion_pending
USDC_ASSURANCE_2023_11,2023-12-22,2023-12-23,1,1,1,0,1,0,1,0,1.0,0.0,0.0,0.0,0.0,0,normal,24449963544.0,0.9446,0.84,1,1,1,normal,0,0,rules_frozen_source_review_required,RQI_DII_v1.0,frozen_confirmed_by_researcher,1,event_classification_and_source_expansion_pending
USDC_ASSURANCE_2023_11,2023-12-22,2023-12-24,2,1,1,0,1,0,1,0,1.001,10.0,10.0,0.0,0.0,0,normal,24466753309.0,0.9446,0.84,1,1,1,normal,0,0,rules_frozen_source_review_required,RQI_DII_v1.0,frozen_confirmed_by_researcher,1,event_classification_and_source_expansion_pending
USDC_ASSURANCE_2023_11,2023-12-22,2023-12-25,3,1,1,0,1,0,1,0,0.998655,-13.450000000000001,13.450000000000001,0.0,0.0,0,normal,24492276241.0,0.9446,0.84,1,1,1,normal,0,0,rules_frozen_source_review_required,RQI_DII_v1.0,frozen_confirmed_by_researcher,1,event_classification_and_source_expansion_pending
USDC_ASSURANCE_2023_11,2023-12-22,2023-12-26,4,0,1,0,0,0,1,0,0.998891,-11.09,11.09,0.0,0.0,0,normal,24441155833.0,0.9446,0.84,1,1,1,normal,0,0,rules_frozen_source_review_required,RQI_DII_v1.0,frozen_confirmed_by_researcher,1,event_classification_and_source_expansion_pending
USDC_ASSURANCE_2023_11,2023-12-22,2023-12-27,5,0,1,0,0,0,1,0,1.0,0.0,0.0,0.0,0.0,0,normal,24103905780.0,0.9446,0.84,1,1,1,normal,0,0,rules_frozen_source_review_required,RQI_DII_v1.0,frozen_confirmed_by_researcher,1,event_classification_and_source_expansion_pending
USDC_ASSURANCE_2023_11,2023-12-22,2023-12-28,6,0,1,0,0,0,1,0,1.002,20.0,20.0,0.0,0.0,0,normal,24263640681.0,0.9446,0.84,1,1,1,normal,0,0,rules_frozen_source_review_required,RQI_DII_v1.0,frozen_confirmed_by_researcher,1,event_classification_and_source_expansion_pending
USDC_ASSURANCE_2023_11,2023-12-22,2023-12-29,7,0,1,0,0,0,1,0,1.001,10.0,10.0,0.0,0.0,0,normal,24213299091.0,0.9446,0.84,1,1,1,normal,0,0,rules_frozen_source_review_required,RQI_DII_v1.0,frozen_confirmed_by_researcher,1,event_classification_and_source_expansion_pending
USDC_ASSURANCE_2023_11,2023-12-22,2023-12-30,8,0,0,0,0,0,0,0,1.0,0.0,0.0,0.0,0.0,0,normal,24152768200.0,0.9446,0.84,1,1,1,normal,0,0,rules_frozen_source_review_required,RQI_DII_v1.0,frozen_confirmed_by_researcher,1,event_classification_and_source_expansion_pending
USDC_ASSURANCE_2023_11,2023-12-22,2023-12-31,9,0,0,0,0,0,0,0,0.999547,-4.53,4.53,0.0,0.0,0,normal,24066228282.0,0.9446,0.84,1,1,1,normal,0,0,rules_frozen_source_review_required,RQI_DII_v1.0,frozen_confirmed_by_researcher,1,event_classification_and_source_expansion_pending
USDC_ASSURANCE_2023_11,2023-12-22,2024-01-01,10,0,0,0,0,0,0,0,1.0,0.0,0.0,0.0,0.0,0,normal,23904189101.0,0.9446,0.84,1,1,1,normal,0,0,rules_frozen_source_review_required,RQI_DII_v1.0,frozen_confirmed_by_researcher,1,event_classification_and_source_expansion_pending
USDC_ASSURANCE_2023_11,2023-12-22,2024-01-02,11,0,0,0,0,0,0,0,1.003,30.0,30.0,0.0,0.0,0,normal,23991071588.0,0.9446,0.84,1,1,1,normal,0,0,rules_frozen_source_review_required,RQI_DII_v1.0,frozen_confirmed_by_researcher,1,event_classification_and_source_expansion_pending
USDC_ASSURANCE_2023_11,2023-12-22,2024-01-03,12,0,0,0,0,0,0,0,0.999487,-5.13,5.13,0.0,0.0,0,normal,24155447802.0,0.9446,0.84,1,1,1,normal,0,0,rules_frozen_source_review_required,RQI_DII_v1.0,frozen_confirmed_by_researcher,1,event_classification_and_source_expansion_pending
USDC_ASSURANCE_2023_11,2023-12-22,2024-01-04,13,0,0,0,0,0,0,0,0.997643,-23.57,23.57,0.0,0.0,0,normal,24307455920.0,0.9446,0.84,1,1,1,normal,0,0,rules_frozen_source_review_required,RQI_DII_v1.0,frozen_confirmed_by_researcher,1,event_classification_and_source_expansion_pending
USDC_ASSURANCE_2023_11,2023-12-22,2024-01-05,14,0,0,0,0,0,0,0,1.0,0.0,0.0,0.0,0.0,0,normal,24393275821.0,0.9446,0.84,1,1,1,normal,0,0,rules_frozen_source_review_required,RQI_DII_v1.0,frozen_confirmed_by_researcher,1,event_classification_and_source_expansion_pending
USDC_ASSURANCE_2024_01,2024-02-29,2024-02-15,-14,0,0,0,0,0,0,0,1.005,50.0,50.0,0.0,0.0,0,normal,26919800757.0,0.941,0.84,1,1,1,normal,0,0,rules_frozen_source_review_required,RQI_DII_v1.0,frozen_confirmed_by_researcher,1,event_classification_and_source_expansion_pending
USDC_ASSURANCE_2024_01,2024-02-29,2024-02-16,-13,0,0,0,0,0,0,0,0.998611,-13.89,13.89,0.0,0.0,0,normal,26997612331.0,0.941,0.84,1,1,1,normal,0,0,rules_frozen_source_review_required,RQI_DII_v1.0,frozen_confirmed_by_researcher,1,event_classification_and_source_expansion_pending
USDC_ASSURANCE_2024_01,2024-02-29,2024-02-17,-12,0,0,0,0,0,0,0,0.99945,-5.5,5.5,0.0,0.0,0,normal,26995448185.0,0.941,0.84,1,1,1,normal,0,0,rules_frozen_source_review_required,RQI_DII_v1.0,frozen_confirmed_by_researcher,1,event_classification_and_source_expansion_pending
USDC_ASSURANCE_2024_01,2024-02-29,2024-02-18,-11,0,0,0,0,0,0,0,1.001,10.0,10.0,0.0,0.0,0,normal,27000446716.0,0.941,0.84,1,1,1,normal,0,0,rules_frozen_source_review_required,RQI_DII_v1.0,frozen_confirmed_by_researcher,1,event_classification_and_source_expansion_pending
USDC_ASSURANCE_2024_01,2024-02-29,2024-02-19,-10,0,0,0,0,0,0,0,1.0,0.0,0.0,0.0,0.0,0,normal,26958111249.0,0.941,0.84,1,1,1,normal,0,0,rules_frozen_source_review_required,RQI_DII_v1.0,frozen_confirmed_by_researcher,1,event_classification_and_source_expansion_pending
USDC_ASSURANCE_2024_01,2024-02-29,2024-02-20,-9,0,0,0,0,0,0,0,0.998935,-10.65,10.65,0.0,0.0,0,normal,26919451917.0,0.941,0.84,1,1,1,normal,0,0,rules_frozen_source_review_required,RQI_DII_v1.0,frozen_confirmed_by_researcher,1,event_classification_and_source_expansion_pending
USDC_ASSURANCE_2024_01,2024-02-29,2024-02-21,-8,0,0,0,0,0,0,0,0.998879,-11.21,11.21,0.0,0.0,0,normal,26884069263.0,0.941,0.84,1,1,1,normal,0,0,rules_frozen_source_review_required,RQI_DII_v1.0,frozen_confirmed_by_researcher,1,event_classification_and_source_expansion_pending
USDC_ASSURANCE_2024_01,2024-02-29,2024-02-22,-7,0,1,0,0,1,0,0,0.997911,-20.89,20.89,0.0,0.0,0,normal,26940446667.0,0.941,0.84,1,1,1,normal,0,0,rules_frozen_source_review_required,RQI_DII_v1.0,frozen_confirmed_by_researcher,1,event_classification_and_source_expansion_pending
USDC_ASSURANCE_2024_01,2024-02-29,2024-02-23,-6,0,1,0,0,1,0,0,1.001,10.0,10.0,0.0,0.0,0,normal,26888204967.0,0.941,0.84,1,1,1,normal,0,0,rules_frozen_source_review_required,RQI_DII_v1.0,frozen_confirmed_by_researcher,1,event_classification_and_source_expansion_pending
USDC_ASSURANCE_2024_01,2024-02-29,2024-02-24,-5,0,1,0,0,1,0,0,1.001,10.0,10.0,0.0,0.0,0,normal,26976099495.0,0.941,0.84,1,1,1,normal,0,0,rules_frozen_source_review_required,RQI_DII_v1.0,frozen_confirmed_by_researcher,1,event_classification_and_source_expansion_pending
USDC_ASSURANCE_2024_01,2024-02-29,2024-02-25,-4,0,1,0,0,1,0,0,0.999291,-7.09,7.09,0.0,0.0,0,normal,27025735083.0,0.941,0.84,1,1,1,normal,0,0,rules_frozen_source_review_required,RQI_DII_v1.0,frozen_confirmed_by_researcher,1,event_classification_and_source_expansion_pending
USDC_ASSURANCE_2024_01,2024-02-29,2024-02-26,-3,1,1,1,0,1,0,0,0.999496,-5.04,5.04,0.0,0.0,0,normal,27051384993.0,0.941,0.84,1,1,1,normal,0,0,rules_frozen_source_review_required,RQI_DII_v1.0,frozen_confirmed_by_researcher,1,event_classification_and_source_expansion_pending
USDC_ASSURANCE_2024_01,2024-02-29,2024-02-27,-2,1,1,1,0,1,0,0,0.998512,-14.879999999999999,14.879999999999999,0.0,0.0,0,normal,27283677489.0,0.941,0.84,1,1,1,normal,0,0,rules_frozen_source_review_required,RQI_DII_v1.0,frozen_confirmed_by_researcher,1,event_classification_and_source_expansion_pending
USDC_ASSURANCE_2024_01,2024-02-29,2024-02-28,-1,1,1,1,0,1,0,0,1.001,10.0,10.0,0.0,0.0,0,normal,27230886842.0,0.941,0.84,1,1,1,normal,0,0,rules_frozen_source_review_required,RQI_DII_v1.0,frozen_confirmed_by_researcher,1,event_classification_and_source_expansion_pending
USDC_ASSURANCE_2024_01,2024-02-29,2024-02-29,0,1,1,0,1,0,1,1,0.997833,-21.67,21.67,0.0,0.0,0,normal,27382619880.0,0.941,0.84,1,1,1,normal,0,0,rules_frozen_source_review_required,RQI_DII_v1.0,frozen_confirmed_by_researcher,1,event_classification_and_source_expansion_pending
USDC_ASSURANCE_2024_01,2024-02-29,2024-03-01,1,1,1,0,1,0,1,0,1.003,30.0,30.0,0.0,0.0,0,normal,27519700895.0,0.941,0.84,1,1,1,normal,0,0,rules_frozen_source_review_required,RQI_DII_v1.0,frozen_confirmed_by_researcher,1,event_classification_and_source_expansion_pending
USDC_ASSURANCE_2024_01,2024-02-29,2024-03-02,2,1,1,0,1,0,1,0,1.001,10.0,10.0,0.0,0.0,0,normal,27708886969.0,0.941,0.84,1,1,1,normal,0,0,rules_frozen_source_review_required,RQI_DII_v1.0,frozen_confirmed_by_researcher,1,event_classification_and_source_expansion_pending
USDC_ASSURANCE_2024_01,2024-02-29,2024-03-03,3,1,1,0,1,0,1,0,0.998968,-10.319999999999999,10.319999999999999,0.0,0.0,0,normal,27697165348.0,0.941,0.84,1,1,1,normal,0,0,rules_frozen_source_review_required,RQI_DII_v1.0,frozen_confirmed_by_researcher,1,event_classification_and_source_expansion_pending
USDC_ASSURANCE_2024_01,2024-02-29,2024-03-04,4,0,1,0,0,0,1,0,1.002,20.0,20.0,0.0,0.0,0,normal,27639412454.0,0.941,0.84,1,1,1,normal,0,0,rules_frozen_source_review_required,RQI_DII_v1.0,frozen_confirmed_by_researcher,1,event_classification_and_source_expansion_pending
USDC_ASSURANCE_2024_01,2024-02-29,2024-03-05,5,0,1,0,0,0,1,0,0.996951,-30.490000000000002,30.490000000000002,0.0,0.0,0,normal,27574286941.0,0.941,0.84,1,1,1,normal,0,0,rules_frozen_source_review_required,RQI_DII_v1.0,frozen_confirmed_by_researcher,1,event_classification_and_source_expansion_pending
USDC_ASSURANCE_2024_01,2024-02-29,2024-03-06,6,0,1,0,0,0,1,0,0.999888,-1.1199999999999999,1.1199999999999999,0.0,0.0,0,normal,27500266781.0,0.941,0.84,1,1,1,normal,0,0,rules_frozen_source_review_required,RQI_DII_v1.0,frozen_confirmed_by_researcher,1,event_classification_and_source_expansion_pending
USDC_ASSURANCE_2024_01,2024-02-29,2024-03-07,7,0,1,0,0,0,1,0,0.996519,-34.81,34.81,0.0,0.0,0,normal,27776176197.0,0.941,0.84,1,1,1,normal,0,0,rules_frozen_source_review_required,RQI_DII_v1.0,frozen_confirmed_by_researcher,1,event_classification_and_source_expansion_pending
USDC_ASSURANCE_2024_01,2024-02-29,2024-03-08,8,0,0,0,0,0,0,0,1.0,0.0,0.0,0.0,0.0,0,normal,27920945553.0,0.941,0.84,1,1,1,normal,0,0,rules_frozen_source_review_required,RQI_DII_v1.0,frozen_confirmed_by_researcher,1,event_classification_and_source_expansion_pending
USDC_ASSURANCE_2024_01,2024-02-29,2024-03-09,9,0,0,0,0,0,0,0,0.999935,-0.6499999999999999,0.6499999999999999,0.0,0.0,0,normal,28476482173.0,0.941,0.84,1,1,1,normal,0,0,rules_frozen_source_review_required,RQI_DII_v1.0,frozen_confirmed_by_researcher,1,event_classification_and_source_expansion_pending
USDC_ASSURANCE_2024_01,2024-02-29,2024-03-10,10,0,0,0,0,0,0,0,0.999727,-2.7300000000000004,2.7300000000000004,0.0,0.0,0,normal,28517669609.0,0.941,0.84,1,1,1,normal,0,0,rules_frozen_source_review_required,RQI_DII_v1.0,frozen_confirmed_by_researcher,1,event_classification_and_source_expansion_pending
USDC_ASSURANCE_2024_01,2024-02-29,2024-03-11,11,0,0,0,0,0,0,0,0.998084,-19.16,19.16,0.0,0.0,0,normal,28640874979.0,0.941,0.84,1,1,1,normal,0,0,rules_frozen_source_review_required,RQI_DII_v1.0,frozen_confirmed_by_researcher,1,event_classification_and_source_expansion_pending
USDC_ASSURANCE_2024_01,2024-02-29,2024-03-12,12,0,0,0,0,0,0,0,0.998663,-13.370000000000001,13.370000000000001,0.0,0.0,0,normal,29008554605.0,0.941,0.84,1,1,1,normal,0,0,rules_frozen_source_review_required,RQI_DII_v1.0,frozen_confirmed_by_researcher,1,event_classification_and_source_expansion_pending
USDC_ASSURANCE_2024_01,2024-02-29,2024-03-13,13,0,0,0,0,0,0,0,0.99995,-0.5,0.5,0.0,0.0,0,normal,28970723649.0,0.941,0.84,1,1,1,normal,0,0,rules_frozen_source_review_required,RQI_DII_v1.0,frozen_confirmed_by_researcher,1,event_classification_and_source_expansion_pending
USDC_ASSURANCE_2024_01,2024-02-29,2024-03-14,14,0,0,0,0,0,0,0,1.001,10.0,10.0,0.0,0.0,0,normal,29263949312.0,0.941,0.84,1,1,1,normal,0,0,rules_frozen_source_review_required,RQI_DII_v1.0,frozen_confirmed_by_researcher,1,event_classification_and_source_expansion_pending
USDC_ASSURANCE_2024_07,2024-08-27,2024-08-13,-14,0,0,0,0,0,0,0,1.0,0.0,0.0,0.0,0.0,0,normal,34148340008.0,0.9404,0.84,1,1,1,normal,0,0,rules_frozen_source_review_required,RQI_DII_v1.0,frozen_confirmed_by_researcher,1,event_classification_and_source_expansion_pending
USDC_ASSURANCE_2024_07,2024-08-27,2024-08-14,-13,0,0,0,0,0,0,0,1.0,0.0,0.0,0.0,0.0,0,normal,34118680769.0,0.9404,0.84,1,1,1,normal,0,0,rules_frozen_source_review_required,RQI_DII_v1.0,frozen_confirmed_by_researcher,1,event_classification_and_source_expansion_pending
USDC_ASSURANCE_2024_07,2024-08-27,2024-08-15,-12,0,0,0,0,0,0,0,1.0,0.0,0.0,0.0,0.0,0,normal,34121951871.0,0.9404,0.84,1,1,1,normal,0,0,rules_frozen_source_review_required,RQI_DII_v1.0,frozen_confirmed_by_researcher,1,event_classification_and_source_expansion_pending
USDC_ASSURANCE_2024_07,2024-08-27,2024-08-16,-11,0,0,0,0,0,0,0,0.999441,-5.590000000000001,5.590000000000001,0.0,0.0,0,normal,34190365754.0,0.9404,0.84,1,1,1,normal,0,0,rules_frozen_source_review_required,RQI_DII_v1.0,frozen_confirmed_by_researcher,1,event_classification_and_source_expansion_pending
USDC_ASSURANCE_2024_07,2024-08-27,2024-08-17,-10,0,0,0,0,0,0,0,1.0,0.0,0.0,0.0,0.0,0,normal,34444239205.0,0.9404,0.84,1,1,1,normal,0,0,rules_frozen_source_review_required,RQI_DII_v1.0,frozen_confirmed_by_researcher,1,event_classification_and_source_expansion_pending
USDC_ASSURANCE_2024_07,2024-08-27,2024-08-18,-9,0,0,0,0,0,0,0,1.0,0.0,0.0,0.0,0.0,0,normal,34467820997.0,0.9404,0.84,1,1,1,normal,0,0,rules_frozen_source_review_required,RQI_DII_v1.0,frozen_confirmed_by_researcher,1,event_classification_and_source_expansion_pending
USDC_ASSURANCE_2024_07,2024-08-27,2024-08-19,-8,0,0,0,0,0,0,0,0.999898,-1.02,1.02,0.0,0.0,0,normal,34437580256.0,0.9404,0.84,1,1,1,normal,0,0,rules_frozen_source_review_required,RQI_DII_v1.0,frozen_confirmed_by_researcher,1,event_classification_and_source_expansion_pending
USDC_ASSURANCE_2024_07,2024-08-27,2024-08-20,-7,0,1,0,0,1,0,0,0.999893,-1.07,1.07,0.0,0.0,0,normal,34531378958.0,0.9404,0.84,1,1,1,normal,0,0,rules_frozen_source_review_required,RQI_DII_v1.0,frozen_confirmed_by_researcher,1,event_classification_and_source_expansion_pending
USDC_ASSURANCE_2024_07,2024-08-27,2024-08-21,-6,0,1,0,0,1,0,0,0.999112,-8.88,8.88,0.0,0.0,0,normal,34429610360.0,0.9404,0.84,1,1,1,normal,0,0,rules_frozen_source_review_required,RQI_DII_v1.0,frozen_confirmed_by_researcher,1,event_classification_and_source_expansion_pending
USDC_ASSURANCE_2024_07,2024-08-27,2024-08-22,-5,0,1,0,0,1,0,0,0.999607,-3.93,3.93,0.0,0.0,0,normal,34532300004.0,0.9404,0.84,1,1,1,normal,0,0,rules_frozen_source_review_required,RQI_DII_v1.0,frozen_confirmed_by_researcher,1,event_classification_and_source_expansion_pending
USDC_ASSURANCE_2024_07,2024-08-27,2024-08-23,-4,0,1,0,0,1,0,0,0.999653,-3.4699999999999998,3.4699999999999998,0.0,0.0,0,normal,34315544515.0,0.9404,0.84,1,1,1,normal,0,0,rules_frozen_source_review_required,RQI_DII_v1.0,frozen_confirmed_by_researcher,1,event_classification_and_source_expansion_pending
USDC_ASSURANCE_2024_07,2024-08-27,2024-08-24,-3,1,1,1,0,1,0,0,0.998772,-12.28,12.28,0.0,0.0,0,normal,34556230572.0,0.9404,0.84,1,1,1,normal,0,0,rules_frozen_source_review_required,RQI_DII_v1.0,frozen_confirmed_by_researcher,1,event_classification_and_source_expansion_pending
USDC_ASSURANCE_2024_07,2024-08-27,2024-08-25,-2,1,1,1,0,1,0,0,1.001,10.0,10.0,0.0,0.0,0,normal,34484472199.0,0.9404,0.84,1,1,1,normal,0,0,rules_frozen_source_review_required,RQI_DII_v1.0,frozen_confirmed_by_researcher,1,event_classification_and_source_expansion_pending
USDC_ASSURANCE_2024_07,2024-08-27,2024-08-26,-1,1,1,1,0,1,0,0,0.999884,-1.16,1.16,0.0,0.0,0,normal,34433170750.0,0.9404,0.84,1,1,1,normal,0,0,rules_frozen_source_review_required,RQI_DII_v1.0,frozen_confirmed_by_researcher,1,event_classification_and_source_expansion_pending
USDC_ASSURANCE_2024_07,2024-08-27,2024-08-27,0,1,1,0,1,0,1,1,0.998951,-10.49,10.49,0.0,0.0,0,normal,34177837212.0,0.9404,0.84,1,1,1,normal,0,0,rules_frozen_source_review_required,RQI_DII_v1.0,frozen_confirmed_by_researcher,1,event_classification_and_source_expansion_pending
USDC_ASSURANCE_2024_07,2024-08-27,2024-08-28,1,1,1,0,1,0,1,0,1.0,0.0,0.0,0.0,0.0,0,normal,33910790540.0,0.9404,0.84,1,1,1,normal,0,0,rules_frozen_source_review_required,RQI_DII_v1.0,frozen_confirmed_by_researcher,1,event_classification_and_source_expansion_pending
USDC_ASSURANCE_2024_07,2024-08-27,2024-08-29,2,1,1,0,1,0,1,0,0.999617,-3.83,3.83,0.0,0.0,0,normal,34034384970.0,0.9404,0.84,1,1,1,normal,0,0,rules_frozen_source_review_required,RQI_DII_v1.0,frozen_confirmed_by_researcher,1,event_classification_and_source_expansion_pending
USDC_ASSURANCE_2024_07,2024-08-27,2024-08-30,3,1,1,0,1,0,1,0,1.0,0.0,0.0,0.0,0.0,0,normal,34509015726.0,0.9404,0.84,1,1,1,normal,0,0,rules_frozen_source_review_required,RQI_DII_v1.0,frozen_confirmed_by_researcher,1,event_classification_and_source_expansion_pending
USDC_ASSURANCE_2024_07,2024-08-27,2024-08-31,4,0,1,0,0,0,1,0,1.0,0.0,0.0,0.0,0.0,0,normal,34599205583.0,0.9404,0.84,1,1,1,normal,0,0,rules_frozen_source_review_required,RQI_DII_v1.0,frozen_confirmed_by_researcher,1,event_classification_and_source_expansion_pending
USDC_ASSURANCE_2024_07,2024-08-27,2024-09-01,5,0,1,0,0,0,1,0,0.998277,-17.23,17.23,0.0,0.0,0,normal,34583590643.0,0.9404,0.84,1,1,1,normal,0,0,rules_frozen_source_review_required,RQI_DII_v1.0,frozen_confirmed_by_researcher,1,event_classification_and_source_expansion_pending
USDC_ASSURANCE_2024_07,2024-08-27,2024-09-02,6,0,1,0,0,0,1,0,1.001,10.0,10.0,0.0,0.0,0,normal,34613215286.0,0.9404,0.84,1,1,1,normal,0,0,rules_frozen_source_review_required,RQI_DII_v1.0,frozen_confirmed_by_researcher,1,event_classification_and_source_expansion_pending
USDC_ASSURANCE_2024_07,2024-08-27,2024-09-03,7,0,1,0,0,0,1,0,1.0,0.0,0.0,0.0,0.0,0,normal,34657370928.0,0.9404,0.84,1,1,1,normal,0,0,rules_frozen_source_review_required,RQI_DII_v1.0,frozen_confirmed_by_researcher,1,event_classification_and_source_expansion_pending
USDC_ASSURANCE_2024_07,2024-08-27,2024-09-04,8,0,0,0,0,0,0,0,0.999889,-1.11,1.11,0.0,0.0,0,normal,34522575873.0,0.9404,0.84,1,1,1,normal,0,0,rules_frozen_source_review_required,RQI_DII_v1.0,frozen_confirmed_by_researcher,1,event_classification_and_source_expansion_pending
USDC_ASSURANCE_2024_07,2024-08-27,2024-09-05,9,0,0,0,0,0,0,0,1.0,0.0,0.0,0.0,0.0,0,normal,34784372978.0,0.9404,0.84,1,1,1,normal,0,0,rules_frozen_source_review_required,RQI_DII_v1.0,frozen_confirmed_by_researcher,1,event_classification_and_source_expansion_pending
USDC_ASSURANCE_2024_07,2024-08-27,2024-09-06,10,0,0,0,0,0,0,0,1.0,0.0,0.0,0.0,0.0,0,normal,34794139446.0,0.9404,0.84,1,1,1,normal,0,0,rules_frozen_source_review_required,RQI_DII_v1.0,frozen_confirmed_by_researcher,1,event_classification_and_source_expansion_pending
USDC_ASSURANCE_2024_07,2024-08-27,2024-09-07,11,0,0,0,0,0,0,0,0.999774,-2.26,2.26,0.0,0.0,0,normal,34708313467.0,0.9404,0.84,1,1,1,normal,0,0,rules_frozen_source_review_required,RQI_DII_v1.0,frozen_confirmed_by_researcher,1,event_classification_and_source_expansion_pending
USDC_ASSURANCE_2024_07,2024-08-27,2024-09-08,12,0,0,0,0,0,0,0,0.999381,-6.1899999999999995,6.1899999999999995,0.0,0.0,0,normal,34814134193.0,0.9404,0.84,1,1,1,normal,0,0,rules_frozen_source_review_required,RQI_DII_v1.0,frozen_confirmed_by_researcher,1,event_classification_and_source_expansion_pending
USDC_ASSURANCE_2024_07,2024-08-27,2024-09-09,13,0,0,0,0,0,0,0,0.999645,-3.5500000000000003,3.5500000000000003,0.0,0.0,0,normal,34859598816.0,0.9404,0.84,1,1,1,normal,0,0,rules_frozen_source_review_required,RQI_DII_v1.0,frozen_confirmed_by_researcher,1,event_classification_and_source_expansion_pending
USDC_ASSURANCE_2024_07,2024-08-27,2024-09-10,14,0,0,0,0,0,0,0,1.001,10.0,10.0,0.0,0.0,0,normal,34978518356.0,0.9404,0.84,1,1,1,normal,0,0,rules_frozen_source_review_required,RQI_DII_v1.0,frozen_confirmed_by_researcher,1,event_classification_and_source_expansion_pending
USDC_ASSURANCE_2024_11,2024-12-20,2024-12-06,-14,0,0,0,0,0,0,0,0.999493,-5.069999999999999,5.069999999999999,0.0,0.0,0,normal,40272013232.0,0.9313,0.84,1,1,1,normal,0,0,rules_frozen_source_review_required,RQI_DII_v1.0,frozen_confirmed_by_researcher,1,event_classification_and_source_expansion_pending
USDC_ASSURANCE_2024_11,2024-12-20,2024-12-07,-13,0,0,0,0,0,0,0,0.999806,-1.94,1.94,0.0,0.0,0,normal,42706491106.0,0.9313,0.84,1,1,1,normal,0,0,rules_frozen_source_review_required,RQI_DII_v1.0,frozen_confirmed_by_researcher,1,event_classification_and_source_expansion_pending
USDC_ASSURANCE_2024_11,2024-12-20,2024-12-08,-12,0,0,0,0,0,0,0,1.0,0.0,0.0,0.0,0.0,0,normal,42702121865.0,0.9313,0.84,1,1,1,normal,0,0,rules_frozen_source_review_required,RQI_DII_v1.0,frozen_confirmed_by_researcher,1,event_classification_and_source_expansion_pending
USDC_ASSURANCE_2024_11,2024-12-20,2024-12-09,-11,0,0,0,0,0,0,0,0.999244,-7.5600000000000005,7.5600000000000005,0.0,0.0,0,normal,41009128764.0,0.9313,0.84,1,1,1,normal,0,0,rules_frozen_source_review_required,RQI_DII_v1.0,frozen_confirmed_by_researcher,1,event_classification_and_source_expansion_pending
USDC_ASSURANCE_2024_11,2024-12-20,2024-12-10,-10,0,0,0,0,0,0,0,1.001,10.0,10.0,0.0,0.0,0,normal,40610519739.0,0.9313,0.84,1,1,1,normal,0,0,rules_frozen_source_review_required,RQI_DII_v1.0,frozen_confirmed_by_researcher,1,event_classification_and_source_expansion_pending
USDC_ASSURANCE_2024_11,2024-12-20,2024-12-11,-9,0,0,0,0,0,0,0,0.998887,-11.13,11.13,0.0,0.0,0,normal,40787885276.0,0.9313,0.84,1,1,1,normal,0,0,rules_frozen_source_review_required,RQI_DII_v1.0,frozen_confirmed_by_researcher,1,event_classification_and_source_expansion_pending
USDC_ASSURANCE_2024_11,2024-12-20,2024-12-12,-8,0,0,0,0,0,0,0,1.0,0.0,0.0,0.0,0.0,0,normal,41638005435.0,0.9313,0.84,1,1,1,normal,0,0,rules_frozen_source_review_required,RQI_DII_v1.0,frozen_confirmed_by_researcher,1,event_classification_and_source_expansion_pending
USDC_ASSURANCE_2024_11,2024-12-20,2024-12-13,-7,0,1,0,0,1,0,0,0.999922,-0.78,0.78,0.0,0.0,0,normal,41575706171.0,0.9313,0.84,1,1,1,normal,0,0,rules_frozen_source_review_required,RQI_DII_v1.0,frozen_confirmed_by_researcher,1,event_classification_and_source_expansion_pending
USDC_ASSURANCE_2024_11,2024-12-20,2024-12-14,-6,0,1,0,0,1,0,0,1.0,0.0,0.0,0.0,0.0,0,normal,42023579153.0,0.9313,0.84,1,1,1,normal,0,0,rules_frozen_source_review_required,RQI_DII_v1.0,frozen_confirmed_by_researcher,1,event_classification_and_source_expansion_pending
USDC_ASSURANCE_2024_11,2024-12-20,2024-12-15,-5,0,1,0,0,1,0,0,1.001,10.0,10.0,0.0,0.0,0,normal,42035458176.0,0.9313,0.84,1,1,1,normal,0,0,rules_frozen_source_review_required,RQI_DII_v1.0,frozen_confirmed_by_researcher,1,event_classification_and_source_expansion_pending
USDC_ASSURANCE_2024_11,2024-12-20,2024-12-16,-4,0,1,0,0,1,0,0,0.999371,-6.29,6.29,0.0,0.0,0,normal,42164595607.0,0.9313,0.84,1,1,1,normal,0,0,rules_frozen_source_review_required,RQI_DII_v1.0,frozen_confirmed_by_researcher,1,event_classification_and_source_expansion_pending
USDC_ASSURANCE_2024_11,2024-12-20,2024-12-17,-3,1,1,1,0,1,0,0,1.0,0.0,0.0,0.0,0.0,0,normal,42435324498.0,0.9313,0.84,1,1,1,normal,0,0,rules_frozen_source_review_required,RQI_DII_v1.0,frozen_confirmed_by_researcher,1,event_classification_and_source_expansion_pending
USDC_ASSURANCE_2024_11,2024-12-20,2024-12-18,-2,1,1,1,0,1,0,0,0.999831,-1.69,1.69,0.0,0.0,0,normal,42579293458.0,0.9313,0.84,1,1,1,normal,0,0,rules_frozen_source_review_required,RQI_DII_v1.0,frozen_confirmed_by_researcher,1,event_classification_and_source_expansion_pending
USDC_ASSURANCE_2024_11,2024-12-20,2024-12-19,-1,1,1,1,0,1,0,0,0.999902,-0.98,0.98,0.0,0.0,0,normal,42382237199.0,0.9313,0.84,1,1,1,normal,0,0,rules_frozen_source_review_required,RQI_DII_v1.0,frozen_confirmed_by_researcher,1,event_classification_and_source_expansion_pending
USDC_ASSURANCE_2024_11,2024-12-20,2024-12-20,0,1,1,0,1,0,1,1,1.001,10.0,10.0,0.0,0.0,0,normal,42528975398.0,0.9313,0.84,1,1,1,normal,0,0,rules_frozen_source_review_required,RQI_DII_v1.0,frozen_confirmed_by_researcher,1,event_classification_and_source_expansion_pending
USDC_ASSURANCE_2024_11,2024-12-20,2024-12-21,1,1,1,0,1,0,1,0,0.999859,-1.4100000000000001,1.4100000000000001,0.0,0.0,0,normal,42802708665.0,0.9313,0.84,1,1,1,normal,0,0,rules_frozen_source_review_required,RQI_DII_v1.0,frozen_confirmed_by_researcher,1,event_classification_and_source_expansion_pending
USDC_ASSURANCE_2024_11,2024-12-20,2024-12-22,2,1,1,0,1,0,1,0,1.001,10.0,10.0,0.0,0.0,0,normal,42983041582.0,0.9313,0.84,1,1,1,normal,0,0,rules_frozen_source_review_required,RQI_DII_v1.0,frozen_confirmed_by_researcher,1,event_classification_and_source_expansion_pending
USDC_ASSURANCE_2024_11,2024-12-20,2024-12-23,3,1,1,0,1,0,1,0,1.002,20.0,20.0,0.0,0.0,0,normal,43055972957.0,0.9313,0.84,1,1,1,normal,0,0,rules_frozen_source_review_required,RQI_DII_v1.0,frozen_confirmed_by_researcher,1,event_classification_and_source_expansion_pending
USDC_ASSURANCE_2024_11,2024-12-20,2024-12-24,4,0,1,0,0,0,1,0,0.999722,-2.78,2.78,0.0,0.0,0,normal,43072799555.0,0.9313,0.84,1,1,1,normal,0,0,rules_frozen_source_review_required,RQI_DII_v1.0,frozen_confirmed_by_researcher,1,event_classification_and_source_expansion_pending
USDC_ASSURANCE_2024_11,2024-12-20,2024-12-25,5,0,1,0,0,0,1,0,1.0,0.0,0.0,0.0,0.0,0,normal,43092271797.0,0.9313,0.84,1,1,1,normal,0,0,rules_frozen_source_review_required,RQI_DII_v1.0,frozen_confirmed_by_researcher,1,event_classification_and_source_expansion_pending
USDC_ASSURANCE_2024_11,2024-12-20,2024-12-26,6,0,1,0,0,0,1,0,1.001,10.0,10.0,0.0,0.0,0,normal,43142463542.0,0.9313,0.84,1,1,1,normal,0,0,rules_frozen_source_review_required,RQI_DII_v1.0,frozen_confirmed_by_researcher,1,event_classification_and_source_expansion_pending
USDC_ASSURANCE_2024_11,2024-12-20,2024-12-27,7,0,1,0,0,0,1,0,0.999762,-2.3800000000000003,2.3800000000000003,0.0,0.0,0,normal,43516242445.0,0.9313,0.84,1,1,1,normal,0,0,rules_frozen_source_review_required,RQI_DII_v1.0,frozen_confirmed_by_researcher,1,event_classification_and_source_expansion_pending
USDC_ASSURANCE_2024_11,2024-12-20,2024-12-28,8,0,0,0,0,0,0,0,0.999991,-0.09,0.09,0.0,0.0,0,normal,43570536636.0,0.9313,0.84,1,1,1,normal,0,0,rules_frozen_source_review_required,RQI_DII_v1.0,frozen_confirmed_by_researcher,1,event_classification_and_source_expansion_pending
USDC_ASSURANCE_2024_11,2024-12-20,2024-12-29,9,0,0,0,0,0,0,0,0.999549,-4.51,4.51,0.0,0.0,0,normal,43678328631.0,0.9313,0.84,1,1,1,normal,0,0,rules_frozen_source_review_required,RQI_DII_v1.0,frozen_confirmed_by_researcher,1,event_classification_and_source_expansion_pending
USDC_ASSURANCE_2024_11,2024-12-20,2024-12-30,10,0,0,0,0,0,0,0,0.998877,-11.23,11.23,0.0,0.0,0,normal,43675880045.0,0.9313,0.84,1,1,1,normal,0,0,rules_frozen_source_review_required,RQI_DII_v1.0,frozen_confirmed_by_researcher,1,event_classification_and_source_expansion_pending
USDC_ASSURANCE_2024_11,2024-12-20,2024-12-31,11,0,0,0,0,0,0,0,0.99951,-4.8999999999999995,4.8999999999999995,0.0,0.0,0,normal,43866282229.0,0.9313,0.84,1,1,1,normal,0,0,rules_frozen_source_review_required,RQI_DII_v1.0,frozen_confirmed_by_researcher,1,event_classification_and_source_expansion_pending
